[
    {
        "url": "https://api.github.com/repos/100devs/github-demo/issues/9",
        "repository_url": "https://api.github.com/repos/100devs/github-demo",
        "labels_url": "https://api.github.com/repos/100devs/github-demo/issues/9/labels{/name}",
        "comments_url": "https://api.github.com/repos/100devs/github-demo/issues/9/comments",
        "events_url": "https://api.github.com/repos/100devs/github-demo/issues/9/events",
        "html_url": "https://github.com/100devs/github-demo/issues/9",
        "id": 1512244318,
        "node_id": "I_kwDOIqcPNM5aIwRe",
        "number": 9,
        "title": "Add text to body",
        "user": {
            "login": "donnamware",
            "id": 120144035,
            "node_id": "U_kgDOBylAow",
            "avatar_url": "https://avatars.githubusercontent.com/u/120144035?v=4",
            "gravatar_id": "",
            "url": "https://api.github.com/users/donnamware",
            "html_url": "https://github.com/donnamware",
            "followers_url": "https://api.github.com/users/donnamware/followers",
            "following_url": "https://api.github.com/users/donnamware/following{/other_user}",
            "gists_url": "https://api.github.com/users/donnamware/gists{/gist_id}",
            "starred_url": "https://api.github.com/users/donnamware/starred{/owner}{/repo}",
            "subscriptions_url": "https://api.github.com/users/donnamware/subscriptions",
            "organizations_url": "https://api.github.com/users/donnamware/orgs",
            "repos_url": "https://api.github.com/users/donnamware/repos",
            "events_url": "https://api.github.com/users/donnamware/events{/privacy}",
            "received_events_url": "https://api.github.com/users/donnamware/received_events",
            "type": "User",
            "user_view_type": "public",
            "site_admin": false
        },
        "labels": [],
        "state": "open",
        "locked": false,
        "assignee": null,
        "assignees": [],
        "milestone": null,
        "comments": 0,
        "created_at": "2022-12-27T23:05:33Z",
        "updated_at": "2022-12-27T23:05:33Z",
        "closed_at": null,
        "author_association": "NONE",
        "sub_issues_summary": {
            "total": 0,
            "completed": 0,
            "percent_completed": 0
        },
        "active_lock_reason": null,
        "body": "add this text to body:\r\n\r\nThe Microsoft project was very helpful. I appreciate Leon for teaching the class and Microsoft for sponsoring the project.",
        "closed_by": null,
        "reactions": {
            "url": "https://api.github.com/repos/100devs/github-demo/issues/9/reactions",
            "total_count": 0,
            "+1": 0,
            "-1": 0,
            "laugh": 0,
            "hooray": 0,
            "confused": 0,
            "heart": 0,
            "rocket": 0,
            "eyes": 0
        },
        "timeline_url": "https://api.github.com/repos/100devs/github-demo/issues/9/timeline",
        "performed_via_github_app": null,
        "state_reason": null
    },
    {
        "url": "https://api.github.com/repos/100devs/github-demo/issues/8",
        "repository_url": "https://api.github.com/repos/100devs/github-demo",
        "labels_url": "https://api.github.com/repos/100devs/github-demo/issues/8/labels{/name}",
        "comments_url": "https://api.github.com/repos/100devs/github-demo/issues/8/comments",
        "events_url": "https://api.github.com/repos/100devs/github-demo/issues/8/events",
        "html_url": "https://github.com/100devs/github-demo/pull/8",
        "id": 1510291827,
        "node_id": "PR_kwDOIqcPNM5GKwv1",
        "number": 8,
        "title": "created readme.md file - Fixes #6",
        "user": {
            "login": "wo1vin",
            "id": 97388745,
            "node_id": "U_kgDOBc4IyQ",
            "avatar_url": "https://avatars.githubusercontent.com/u/97388745?v=4",
            "gravatar_id": "",
            "url": "https://api.github.com/users/wo1vin",
            "html_url": "https://github.com/wo1vin",
            "followers_url": "https://api.github.com/users/wo1vin/followers",
            "following_url": "https://api.github.com/users/wo1vin/following{/other_user}",
            "gists_url": "https://api.github.com/users/wo1vin/gists{/gist_id}",
            "starred_url": "https://api.github.com/users/wo1vin/starred{/owner}{/repo}",
            "subscriptions_url": "https://api.github.com/users/wo1vin/subscriptions",
            "organizations_url": "https://api.github.com/users/wo1vin/orgs",
            "repos_url": "https://api.github.com/users/wo1vin/repos",
            "events_url": "https://api.github.com/users/wo1vin/events{/privacy}",
            "received_events_url": "https://api.github.com/users/wo1vin/received_events",
            "type": "User",
            "user_view_type": "public",
            "site_admin": false
        },
        "labels": [],
        "state": "open",
        "locked": false,
        "assignee": null,
        "assignees": [],
        "milestone": null,
        "comments": 0,
        "created_at": "2022-12-25T10:05:27Z",
        "updated_at": "2022-12-25T10:05:27Z",
        "closed_at": null,
        "author_association": "NONE",
        "sub_issues_summary": {
            "total": 0,
            "completed": 0,
            "percent_completed": 0
        },
        "active_lock_reason": null,
        "draft": false,
        "pull_request": {
            "url": "https://api.github.com/repos/100devs/github-demo/pulls/8",
            "html_url": "https://github.com/100devs/github-demo/pull/8",
            "diff_url": "https://github.com/100devs/github-demo/pull/8.diff",
            "patch_url": "https://github.com/100devs/github-demo/pull/8.patch",
            "merged_at": null
        },
        "body": null,
        "closed_by": null,
        "reactions": {
            "url": "https://api.github.com/repos/100devs/github-demo/issues/8/reactions",
            "total_count": 0,
            "+1": 0,
            "-1": 0,
            "laugh": 0,
            "hooray": 0,
            "confused": 0,
            "heart": 0,
            "rocket": 0,
            "eyes": 0
        },
        "timeline_url": "https://api.github.com/repos/100devs/github-demo/issues/8/timeline",
        "performed_via_github_app": null,
        "state_reason": null
    },
    {
        "url": "https://api.github.com/repos/100devs/github-demo/issues/7",
        "repository_url": "https://api.github.com/repos/100devs/github-demo",
        "labels_url": "https://api.github.com/repos/100devs/github-demo/issues/7/labels{/name}",
        "comments_url": "https://api.github.com/repos/100devs/github-demo/issues/7/comments",
        "events_url": "https://api.github.com/repos/100devs/github-demo/issues/7/events",
        "html_url": "https://github.com/100devs/github-demo/pull/7",
        "id": 1508800973,
        "node_id": "PR_kwDOIqcPNM5GF2jl",
        "number": 7,
        "title": "add thank you to leon fixes #4",
        "user": {
            "login": "Katherine-KM",
            "id": 96846178,
            "node_id": "U_kgDOBcXBYg",
            "avatar_url": "https://avatars.githubusercontent.com/u/96846178?v=4",
            "gravatar_id": "",
            "url": "https://api.github.com/users/Katherine-KM",
            "html_url": "https://github.com/Katherine-KM",
            "followers_url": "https://api.github.com/users/Katherine-KM/followers",
            "following_url": "https://api.github.com/users/Katherine-KM/following{/other_user}",
            "gists_url": "https://api.github.com/users/Katherine-KM/gists{/gist_id}",
            "starred_url": "https://api.github.com/users/Katherine-KM/starred{/owner}{/repo}",
            "subscriptions_url": "https://api.github.com/users/Katherine-KM/subscriptions",
            "organizations_url": "https://api.github.com/users/Katherine-KM/orgs",
            "repos_url": "https://api.github.com/users/Katherine-KM/repos",
            "events_url": "https://api.github.com/users/Katherine-KM/events{/privacy}",
            "received_events_url": "https://api.github.com/users/Katherine-KM/received_events",
            "type": "User",
            "user_view_type": "public",
            "site_admin": false
        },
        "labels": [],
        "state": "open",
        "locked": false,
        "assignee": null,
        "assignees": [],
        "milestone": null,
        "comments": 1,
        "created_at": "2022-12-23T02:38:12Z",
        "updated_at": "2022-12-23T02:38:38Z",
        "closed_at": null,
        "author_association": "NONE",
        "sub_issues_summary": {
            "total": 0,
            "completed": 0,
            "percent_completed": 0
        },
        "active_lock_reason": null,
        "draft": false,
        "pull_request": {
            "url": "https://api.github.com/repos/100devs/github-demo/pulls/7",
            "html_url": "https://github.com/100devs/github-demo/pull/7",
            "diff_url": "https://github.com/100devs/github-demo/pull/7.diff",
            "patch_url": "https://github.com/100devs/github-demo/pull/7.patch",
            "merged_at": null
        },
        "body": null,
        "closed_by": null,
        "reactions": {
            "url": "https://api.github.com/repos/100devs/github-demo/issues/7/reactions",
            "total_count": 0,
            "+1": 0,
            "-1": 0,
            "laugh": 0,
            "hooray": 0,
            "confused": 0,
            "heart": 0,
            "rocket": 0,
            "eyes": 0
        },
        "timeline_url": "https://api.github.com/repos/100devs/github-demo/issues/7/timeline",
        "performed_via_github_app": null,
        "state_reason": null
    },
    {
        "url": "https://api.github.com/repos/100devs/github-demo/issues/6",
        "repository_url": "https://api.github.com/repos/100devs/github-demo",
        "labels_url": "https://api.github.com/repos/100devs/github-demo/issues/6/labels{/name}",
        "comments_url": "https://api.github.com/repos/100devs/github-demo/issues/6/comments",
        "events_url": "https://api.github.com/repos/100devs/github-demo/issues/6/events",
        "html_url": "https://github.com/100devs/github-demo/issues/6",
        "id": 1508796814,
        "node_id": "I_kwDOIqcPNM5Z7mmO",
        "number": 6,
        "title": "add: README",
        "user": {
            "login": "synesdeija",
            "id": 82781142,
            "node_id": "MDQ6VXNlcjgyNzgxMTQy",
            "avatar_url": "https://avatars.githubusercontent.com/u/82781142?v=4",
            "gravatar_id": "",
            "url": "https://api.github.com/users/synesdeija",
            "html_url": "https://github.com/synesdeija",
            "followers_url": "https://api.github.com/users/synesdeija/followers",
            "following_url": "https://api.github.com/users/synesdeija/following{/other_user}",
            "gists_url": "https://api.github.com/users/synesdeija/gists{/gist_id}",
            "starred_url": "https://api.github.com/users/synesdeija/starred{/owner}{/repo}",
            "subscriptions_url": "https://api.github.com/users/synesdeija/subscriptions",
            "organizations_url": "https://api.github.com/users/synesdeija/orgs",
            "repos_url": "https://api.github.com/users/synesdeija/repos",
            "events_url": "https://api.github.com/users/synesdeija/events{/privacy}",
            "received_events_url": "https://api.github.com/users/synesdeija/received_events",
            "type": "User",
            "user_view_type": "public",
            "site_admin": false
        },
        "labels": [],
        "state": "open",
        "locked": false,
        "assignee": null,
        "assignees": [],
        "milestone": null,
        "comments": 0,
        "created_at": "2022-12-23T02:30:52Z",
        "updated_at": "2022-12-23T02:30:52Z",
        "closed_at": null,
        "author_association": "NONE",
        "sub_issues_summary": {
            "total": 0,
            "completed": 0,
            "percent_completed": 0
        },
        "active_lock_reason": null,
        "body": null,
        "closed_by": null,
        "reactions": {
            "url": "https://api.github.com/repos/100devs/github-demo/issues/6/reactions",
            "total_count": 0,
            "+1": 0,
            "-1": 0,
            "laugh": 0,
            "hooray": 0,
            "confused": 0,
            "heart": 0,
            "rocket": 0,
            "eyes": 0
        },
        "timeline_url": "https://api.github.com/repos/100devs/github-demo/issues/6/timeline",
        "performed_via_github_app": null,
        "state_reason": null
    },
    {
        "url": "https://api.github.com/repos/100devs/github-demo/issues/5",
        "repository_url": "https://api.github.com/repos/100devs/github-demo",
        "labels_url": "https://api.github.com/repos/100devs/github-demo/issues/5/labels{/name}",
        "comments_url": "https://api.github.com/repos/100devs/github-demo/issues/5/comments",
        "events_url": "https://api.github.com/repos/100devs/github-demo/issues/5/events",
        "html_url": "https://github.com/100devs/github-demo/issues/5",
        "id": 1508795875,
        "node_id": "I_kwDOIqcPNM5Z7mXj",
        "number": 5,
        "title": "Add CS:Go Server",
        "user": {
            "login": "CitrineDragon",
            "id": 49923155,
            "node_id": "MDQ6VXNlcjQ5OTIzMTU1",
            "avatar_url": "https://avatars.githubusercontent.com/u/49923155?v=4",
            "gravatar_id": "",
            "url": "https://api.github.com/users/CitrineDragon",
            "html_url": "https://github.com/CitrineDragon",
            "followers_url": "https://api.github.com/users/CitrineDragon/followers",
            "following_url": "https://api.github.com/users/CitrineDragon/following{/other_user}",
            "gists_url": "https://api.github.com/users/CitrineDragon/gists{/gist_id}",
            "starred_url": "https://api.github.com/users/CitrineDragon/starred{/owner}{/repo}",
            "subscriptions_url": "https://api.github.com/users/CitrineDragon/subscriptions",
            "organizations_url": "https://api.github.com/users/CitrineDragon/orgs",
            "repos_url": "https://api.github.com/users/CitrineDragon/repos",
            "events_url": "https://api.github.com/users/CitrineDragon/events{/privacy}",
            "received_events_url": "https://api.github.com/users/CitrineDragon/received_events",
            "type": "User",
            "user_view_type": "public",
            "site_admin": false
        },
        "labels": [],
        "state": "open",
        "locked": false,
        "assignee": null,
        "assignees": [],
        "milestone": null,
        "comments": 0,
        "created_at": "2022-12-23T02:29:11Z",
        "updated_at": "2022-12-23T02:29:11Z",
        "closed_at": null,
        "author_association": "NONE",
        "sub_issues_summary": {
            "total": 0,
            "completed": 0,
            "percent_completed": 0
        },
        "active_lock_reason": null,
        "body": null,
        "closed_by": null,
        "reactions": {
            "url": "https://api.github.com/repos/100devs/github-demo/issues/5/reactions",
            "total_count": 0,
            "+1": 0,
            "-1": 0,
            "laugh": 0,
            "hooray": 0,
            "confused": 0,
            "heart": 0,
            "rocket": 0,
            "eyes": 0
        },
        "timeline_url": "https://api.github.com/repos/100devs/github-demo/issues/5/timeline",
        "performed_via_github_app": null,
        "state_reason": null
    },
    {
        "url": "https://api.github.com/repos/100devs/github-demo/issues/4",
        "repository_url": "https://api.github.com/repos/100devs/github-demo",
        "labels_url": "https://api.github.com/repos/100devs/github-demo/issues/4/labels{/name}",
        "comments_url": "https://api.github.com/repos/100devs/github-demo/issues/4/comments",
        "events_url": "https://api.github.com/repos/100devs/github-demo/issues/4/events",
        "html_url": "https://github.com/100devs/github-demo/issues/4",
        "id": 1508795387,
        "node_id": "I_kwDOIqcPNM5Z7mP7",
        "number": 4,
        "title": "Add Thank You message to Leon",
        "user": {
            "login": "Katherine-KM",
            "id": 96846178,
            "node_id": "U_kgDOBcXBYg",
            "avatar_url": "https://avatars.githubusercontent.com/u/96846178?v=4",
            "gravatar_id": "",
            "url": "https://api.github.com/users/Katherine-KM",
            "html_url": "https://github.com/Katherine-KM",
            "followers_url": "https://api.github.com/users/Katherine-KM/followers",
            "following_url": "https://api.github.com/users/Katherine-KM/following{/other_user}",
            "gists_url": "https://api.github.com/users/Katherine-KM/gists{/gist_id}",
            "starred_url": "https://api.github.com/users/Katherine-KM/starred{/owner}{/repo}",
            "subscriptions_url": "https://api.github.com/users/Katherine-KM/subscriptions",
            "organizations_url": "https://api.github.com/users/Katherine-KM/orgs",
            "repos_url": "https://api.github.com/users/Katherine-KM/repos",
            "events_url": "https://api.github.com/users/Katherine-KM/events{/privacy}",
            "received_events_url": "https://api.github.com/users/Katherine-KM/received_events",
            "type": "User",
            "user_view_type": "public",
            "site_admin": false
        },
        "labels": [],
        "state": "open",
        "locked": false,
        "assignee": null,
        "assignees": [],
        "milestone": null,
        "comments": 0,
        "created_at": "2022-12-23T02:28:07Z",
        "updated_at": "2022-12-23T02:28:07Z",
        "closed_at": null,
        "author_association": "NONE",
        "sub_issues_summary": {
            "total": 0,
            "completed": 0,
            "percent_completed": 0
        },
        "active_lock_reason": null,
        "body": "There is no thank you to Leon!",
        "closed_by": null,
        "reactions": {
            "url": "https://api.github.com/repos/100devs/github-demo/issues/4/reactions",
            "total_count": 0,
            "+1": 0,
            "-1": 0,
            "laugh": 0,
            "hooray": 0,
            "confused": 0,
            "heart": 0,
            "rocket": 0,
            "eyes": 0
        },
        "timeline_url": "https://api.github.com/repos/100devs/github-demo/issues/4/timeline",
        "performed_via_github_app": null,
        "state_reason": null
    }
]