[
    {
        "url": "https://api.github.com/repos/100devs/spot-the-brand/issues/1",
        "repository_url": "https://api.github.com/repos/100devs/spot-the-brand",
        "labels_url": "https://api.github.com/repos/100devs/spot-the-brand/issues/1/labels{/name}",
        "comments_url": "https://api.github.com/repos/100devs/spot-the-brand/issues/1/comments",
        "events_url": "https://api.github.com/repos/100devs/spot-the-brand/issues/1/events",
        "html_url": "https://github.com/100devs/spot-the-brand/pull/1",
        "id": 933194018,
        "node_id": "MDExOlB1bGxSZXF1ZXN0NjgwNDM5Mzc5",
        "number": 1,
        "title": "Update package.json",
        "user": {
            "login": "lghiggino",
            "id": 5356306,
            "node_id": "MDQ6VXNlcjUzNTYzMDY=",
            "avatar_url": "https://avatars.githubusercontent.com/u/5356306?v=4",
            "gravatar_id": "",
            "url": "https://api.github.com/users/lghiggino",
            "html_url": "https://github.com/lghiggino",
            "followers_url": "https://api.github.com/users/lghiggino/followers",
            "following_url": "https://api.github.com/users/lghiggino/following{/other_user}",
            "gists_url": "https://api.github.com/users/lghiggino/gists{/gist_id}",
            "starred_url": "https://api.github.com/users/lghiggino/starred{/owner}{/repo}",
            "subscriptions_url": "https://api.github.com/users/lghiggino/subscriptions",
            "organizations_url": "https://api.github.com/users/lghiggino/orgs",
            "repos_url": "https://api.github.com/users/lghiggino/repos",
            "events_url": "https://api.github.com/users/lghiggino/events{/privacy}",
            "received_events_url": "https://api.github.com/users/lghiggino/received_events",
            "type": "User",
            "user_view_type": "public",
            "site_admin": false
        },
        "labels": [],
        "state": "open",
        "locked": false,
        "assignee": null,
        "assignees": [],
        "milestone": null,
        "comments": 0,
        "created_at": "2021-06-30T00:11:21Z",
        "updated_at": "2021-06-30T00:11:21Z",
        "closed_at": null,
        "author_association": "NONE",
        "sub_issues_summary": {
            "total": 0,
            "completed": 0,
            "percent_completed": 0
        },
        "active_lock_reason": null,
        "draft": false,
        "pull_request": {
            "url": "https://api.github.com/repos/100devs/spot-the-brand/pulls/1",
            "html_url": "https://github.com/100devs/spot-the-brand/pull/1",
            "diff_url": "https://github.com/100devs/spot-the-brand/pull/1.diff",
            "patch_url": "https://github.com/100devs/spot-the-brand/pull/1.patch",
            "merged_at": null
        },
        "body": "fixed NPM naming convention for the project",
        "closed_by": null,
        "reactions": {
            "url": "https://api.github.com/repos/100devs/spot-the-brand/issues/1/reactions",
            "total_count": 0,
            "+1": 0,
            "-1": 0,
            "laugh": 0,
            "hooray": 0,
            "confused": 0,
            "heart": 0,
            "rocket": 0,
            "eyes": 0
        },
        "timeline_url": "https://api.github.com/repos/100devs/spot-the-brand/issues/1/timeline",
        "performed_via_github_app": null,
        "state_reason": null
    }
]