[
    {
        "url": "https://api.github.com/repos/100devs/youtube-timecodes/issues/51",
        "repository_url": "https://api.github.com/repos/100devs/youtube-timecodes",
        "labels_url": "https://api.github.com/repos/100devs/youtube-timecodes/issues/51/labels{/name}",
        "comments_url": "https://api.github.com/repos/100devs/youtube-timecodes/issues/51/comments",
        "events_url": "https://api.github.com/repos/100devs/youtube-timecodes/issues/51/events",
        "html_url": "https://github.com/100devs/youtube-timecodes/pull/51",
        "id": 1352874068,
        "node_id": "PR_kwDOFS3kVc495jiQ",
        "number": 51,
        "title": "added a test to the main readme",
        "user": {
            "login": "kriston-burnstein",
            "id": 65462564,
            "node_id": "MDQ6VXNlcjY1NDYyNTY0",
            "avatar_url": "https://avatars.githubusercontent.com/u/65462564?v=4",
            "gravatar_id": "",
            "url": "https://api.github.com/users/kriston-burnstein",
            "html_url": "https://github.com/kriston-burnstein",
            "followers_url": "https://api.github.com/users/kriston-burnstein/followers",
            "following_url": "https://api.github.com/users/kriston-burnstein/following{/other_user}",
            "gists_url": "https://api.github.com/users/kriston-burnstein/gists{/gist_id}",
            "starred_url": "https://api.github.com/users/kriston-burnstein/starred{/owner}{/repo}",
            "subscriptions_url": "https://api.github.com/users/kriston-burnstein/subscriptions",
            "organizations_url": "https://api.github.com/users/kriston-burnstein/orgs",
            "repos_url": "https://api.github.com/users/kriston-burnstein/repos",
            "events_url": "https://api.github.com/users/kriston-burnstein/events{/privacy}",
            "received_events_url": "https://api.github.com/users/kriston-burnstein/received_events",
            "type": "User",
            "user_view_type": "public",
            "site_admin": false
        },
        "labels": [],
        "state": "open",
        "locked": false,
        "assignee": null,
        "assignees": [],
        "milestone": null,
        "comments": 0,
        "created_at": "2022-08-27T00:46:56Z",
        "updated_at": "2022-08-27T00:46:56Z",
        "closed_at": null,
        "author_association": "NONE",
        "sub_issues_summary": {
            "total": 0,
            "completed": 0,
            "percent_completed": 0
        },
        "active_lock_reason": null,
        "draft": false,
        "pull_request": {
            "url": "https://api.github.com/repos/100devs/youtube-timecodes/pulls/51",
            "html_url": "https://github.com/100devs/youtube-timecodes/pull/51",
            "diff_url": "https://github.com/100devs/youtube-timecodes/pull/51.diff",
            "patch_url": "https://github.com/100devs/youtube-timecodes/pull/51.patch",
            "merged_at": null
        },
        "body": "I completed the challenge: 5\r\nI feel good about my code: 5\r\nFeeling good about this test\r\n",
        "closed_by": null,
        "reactions": {
            "url": "https://api.github.com/repos/100devs/youtube-timecodes/issues/51/reactions",
            "total_count": 0,
            "+1": 0,
            "-1": 0,
            "laugh": 0,
            "hooray": 0,
            "confused": 0,
            "heart": 0,
            "rocket": 0,
            "eyes": 0
        },
        "timeline_url": "https://api.github.com/repos/100devs/youtube-timecodes/issues/51/timeline",
        "performed_via_github_app": null,
        "state_reason": null
    },
    {
        "url": "https://api.github.com/repos/100devs/youtube-timecodes/issues/50",
        "repository_url": "https://api.github.com/repos/100devs/youtube-timecodes",
        "labels_url": "https://api.github.com/repos/100devs/youtube-timecodes/issues/50/labels{/name}",
        "comments_url": "https://api.github.com/repos/100devs/youtube-timecodes/issues/50/comments",
        "events_url": "https://api.github.com/repos/100devs/youtube-timecodes/issues/50/events",
        "html_url": "https://github.com/100devs/youtube-timecodes/pull/50",
        "id": 1299233136,
        "node_id": "PR_kwDOFS3kVc47HnxN",
        "number": 50,
        "title": "added test to readme (3)",
        "user": {
            "login": "Illuztrado",
            "id": 68641417,
            "node_id": "MDQ6VXNlcjY4NjQxNDE3",
            "avatar_url": "https://avatars.githubusercontent.com/u/68641417?v=4",
            "gravatar_id": "",
            "url": "https://api.github.com/users/Illuztrado",
            "html_url": "https://github.com/Illuztrado",
            "followers_url": "https://api.github.com/users/Illuztrado/followers",
            "following_url": "https://api.github.com/users/Illuztrado/following{/other_user}",
            "gists_url": "https://api.github.com/users/Illuztrado/gists{/gist_id}",
            "starred_url": "https://api.github.com/users/Illuztrado/starred{/owner}{/repo}",
            "subscriptions_url": "https://api.github.com/users/Illuztrado/subscriptions",
            "organizations_url": "https://api.github.com/users/Illuztrado/orgs",
            "repos_url": "https://api.github.com/users/Illuztrado/repos",
            "events_url": "https://api.github.com/users/Illuztrado/events{/privacy}",
            "received_events_url": "https://api.github.com/users/Illuztrado/received_events",
            "type": "User",
            "user_view_type": "public",
            "site_admin": false
        },
        "labels": [],
        "state": "open",
        "locked": false,
        "assignee": null,
        "assignees": [],
        "milestone": null,
        "comments": 0,
        "created_at": "2022-07-08T16:33:34Z",
        "updated_at": "2022-07-08T16:33:34Z",
        "closed_at": null,
        "author_association": "NONE",
        "sub_issues_summary": {
            "total": 0,
            "completed": 0,
            "percent_completed": 0
        },
        "active_lock_reason": null,
        "draft": false,
        "pull_request": {
            "url": "https://api.github.com/repos/100devs/youtube-timecodes/pulls/50",
            "html_url": "https://github.com/100devs/youtube-timecodes/pull/50",
            "diff_url": "https://github.com/100devs/youtube-timecodes/pull/50.diff",
            "patch_url": "https://github.com/100devs/youtube-timecodes/pull/50.patch",
            "merged_at": null
        },
        "body": "I completed the challenge: 5\r\nI feel good about my code: 4\r\nI'm not sure if my constructors are setup cleanly...",
        "closed_by": null,
        "reactions": {
            "url": "https://api.github.com/repos/100devs/youtube-timecodes/issues/50/reactions",
            "total_count": 0,
            "+1": 0,
            "-1": 0,
            "laugh": 0,
            "hooray": 0,
            "confused": 0,
            "heart": 0,
            "rocket": 0,
            "eyes": 0
        },
        "timeline_url": "https://api.github.com/repos/100devs/youtube-timecodes/issues/50/timeline",
        "performed_via_github_app": null,
        "state_reason": null
    },
    {
        "url": "https://api.github.com/repos/100devs/youtube-timecodes/issues/48",
        "repository_url": "https://api.github.com/repos/100devs/youtube-timecodes",
        "labels_url": "https://api.github.com/repos/100devs/youtube-timecodes/issues/48/labels{/name}",
        "comments_url": "https://api.github.com/repos/100devs/youtube-timecodes/issues/48/comments",
        "events_url": "https://api.github.com/repos/100devs/youtube-timecodes/issues/48/events",
        "html_url": "https://github.com/100devs/youtube-timecodes/issues/48",
        "id": 1269297800,
        "node_id": "I_kwDOFS3kVc5Lp_KI",
        "number": 48,
        "title": "Suggestion: Create separate folder for each class",
        "user": {
            "login": "rahulkarda",
            "id": 76204863,
            "node_id": "MDQ6VXNlcjc2MjA0ODYz",
            "avatar_url": "https://avatars.githubusercontent.com/u/76204863?v=4",
            "gravatar_id": "",
            "url": "https://api.github.com/users/rahulkarda",
            "html_url": "https://github.com/rahulkarda",
            "followers_url": "https://api.github.com/users/rahulkarda/followers",
            "following_url": "https://api.github.com/users/rahulkarda/following{/other_user}",
            "gists_url": "https://api.github.com/users/rahulkarda/gists{/gist_id}",
            "starred_url": "https://api.github.com/users/rahulkarda/starred{/owner}{/repo}",
            "subscriptions_url": "https://api.github.com/users/rahulkarda/subscriptions",
            "organizations_url": "https://api.github.com/users/rahulkarda/orgs",
            "repos_url": "https://api.github.com/users/rahulkarda/repos",
            "events_url": "https://api.github.com/users/rahulkarda/events{/privacy}",
            "received_events_url": "https://api.github.com/users/rahulkarda/received_events",
            "type": "User",
            "user_view_type": "public",
            "site_admin": false
        },
        "labels": [],
        "state": "open",
        "locked": false,
        "assignee": null,
        "assignees": [],
        "milestone": null,
        "comments": 0,
        "created_at": "2022-06-13T11:27:38Z",
        "updated_at": "2024-03-05T17:58:12Z",
        "closed_at": null,
        "author_association": "NONE",
        "sub_issues_summary": {
            "total": 0,
            "completed": 0,
            "percent_completed": 0
        },
        "active_lock_reason": null,
        "body": "I would suggest creating a separate folder for each class, I think accessing the timecodes will be easier that way. All the timecodes and links in the README.md are looking messy and hard to read. ",
        "closed_by": null,
        "reactions": {
            "url": "https://api.github.com/repos/100devs/youtube-timecodes/issues/48/reactions",
            "total_count": 0,
            "+1": 0,
            "-1": 0,
            "laugh": 0,
            "hooray": 0,
            "confused": 0,
            "heart": 0,
            "rocket": 0,
            "eyes": 0
        },
        "timeline_url": "https://api.github.com/repos/100devs/youtube-timecodes/issues/48/timeline",
        "performed_via_github_app": null,
        "state_reason": null
    },
    {
        "url": "https://api.github.com/repos/100devs/youtube-timecodes/issues/47",
        "repository_url": "https://api.github.com/repos/100devs/youtube-timecodes",
        "labels_url": "https://api.github.com/repos/100devs/youtube-timecodes/issues/47/labels{/name}",
        "comments_url": "https://api.github.com/repos/100devs/youtube-timecodes/issues/47/comments",
        "events_url": "https://api.github.com/repos/100devs/youtube-timecodes/issues/47/events",
        "html_url": "https://github.com/100devs/youtube-timecodes/pull/47",
        "id": 1268699499,
        "node_id": "PR_kwDOFS3kVc45hhf0",
        "number": 47,
        "title": "added a done to the read me",
        "user": {
            "login": "PEvansik",
            "id": 13303617,
            "node_id": "MDQ6VXNlcjEzMzAzNjE3",
            "avatar_url": "https://avatars.githubusercontent.com/u/13303617?v=4",
            "gravatar_id": "",
            "url": "https://api.github.com/users/PEvansik",
            "html_url": "https://github.com/PEvansik",
            "followers_url": "https://api.github.com/users/PEvansik/followers",
            "following_url": "https://api.github.com/users/PEvansik/following{/other_user}",
            "gists_url": "https://api.github.com/users/PEvansik/gists{/gist_id}",
            "starred_url": "https://api.github.com/users/PEvansik/starred{/owner}{/repo}",
            "subscriptions_url": "https://api.github.com/users/PEvansik/subscriptions",
            "organizations_url": "https://api.github.com/users/PEvansik/orgs",
            "repos_url": "https://api.github.com/users/PEvansik/repos",
            "events_url": "https://api.github.com/users/PEvansik/events{/privacy}",
            "received_events_url": "https://api.github.com/users/PEvansik/received_events",
            "type": "User",
            "user_view_type": "public",
            "site_admin": false
        },
        "labels": [],
        "state": "open",
        "locked": false,
        "assignee": null,
        "assignees": [],
        "milestone": null,
        "comments": 0,
        "created_at": "2022-06-12T20:57:36Z",
        "updated_at": "2022-06-12T20:57:36Z",
        "closed_at": null,
        "author_association": "NONE",
        "sub_issues_summary": {
            "total": 0,
            "completed": 0,
            "percent_completed": 0
        },
        "active_lock_reason": null,
        "draft": false,
        "pull_request": {
            "url": "https://api.github.com/repos/100devs/youtube-timecodes/pulls/47",
            "html_url": "https://github.com/100devs/youtube-timecodes/pull/47",
            "diff_url": "https://github.com/100devs/youtube-timecodes/pull/47.diff",
            "patch_url": "https://github.com/100devs/youtube-timecodes/pull/47.patch",
            "merged_at": null
        },
        "body": "Done Added\r\nFeeling good about this test",
        "closed_by": null,
        "reactions": {
            "url": "https://api.github.com/repos/100devs/youtube-timecodes/issues/47/reactions",
            "total_count": 0,
            "+1": 0,
            "-1": 0,
            "laugh": 0,
            "hooray": 0,
            "confused": 0,
            "heart": 0,
            "rocket": 0,
            "eyes": 0
        },
        "timeline_url": "https://api.github.com/repos/100devs/youtube-timecodes/issues/47/timeline",
        "performed_via_github_app": null,
        "state_reason": null
    },
    {
        "url": "https://api.github.com/repos/100devs/youtube-timecodes/issues/45",
        "repository_url": "https://api.github.com/repos/100devs/youtube-timecodes",
        "labels_url": "https://api.github.com/repos/100devs/youtube-timecodes/issues/45/labels{/name}",
        "comments_url": "https://api.github.com/repos/100devs/youtube-timecodes/issues/45/comments",
        "events_url": "https://api.github.com/repos/100devs/youtube-timecodes/issues/45/events",
        "html_url": "https://github.com/100devs/youtube-timecodes/pull/45",
        "id": 1267774001,
        "node_id": "PR_kwDOFS3kVc45epUL",
        "number": 45,
        "title": "Added a test to the main readme",
        "user": {
            "login": "toni8515",
            "id": 101903026,
            "node_id": "U_kgDOBhLqsg",
            "avatar_url": "https://avatars.githubusercontent.com/u/101903026?v=4",
            "gravatar_id": "",
            "url": "https://api.github.com/users/toni8515",
            "html_url": "https://github.com/toni8515",
            "followers_url": "https://api.github.com/users/toni8515/followers",
            "following_url": "https://api.github.com/users/toni8515/following{/other_user}",
            "gists_url": "https://api.github.com/users/toni8515/gists{/gist_id}",
            "starred_url": "https://api.github.com/users/toni8515/starred{/owner}{/repo}",
            "subscriptions_url": "https://api.github.com/users/toni8515/subscriptions",
            "organizations_url": "https://api.github.com/users/toni8515/orgs",
            "repos_url": "https://api.github.com/users/toni8515/repos",
            "events_url": "https://api.github.com/users/toni8515/events{/privacy}",
            "received_events_url": "https://api.github.com/users/toni8515/received_events",
            "type": "User",
            "user_view_type": "public",
            "site_admin": false
        },
        "labels": [],
        "state": "open",
        "locked": false,
        "assignee": null,
        "assignees": [],
        "milestone": null,
        "comments": 0,
        "created_at": "2022-06-10T16:32:58Z",
        "updated_at": "2022-06-10T16:32:58Z",
        "closed_at": null,
        "author_association": "NONE",
        "sub_issues_summary": {
            "total": 0,
            "completed": 0,
            "percent_completed": 0
        },
        "active_lock_reason": null,
        "draft": false,
        "pull_request": {
            "url": "https://api.github.com/repos/100devs/youtube-timecodes/pulls/45",
            "html_url": "https://github.com/100devs/youtube-timecodes/pull/45",
            "diff_url": "https://github.com/100devs/youtube-timecodes/pull/45.diff",
            "patch_url": "https://github.com/100devs/youtube-timecodes/pull/45.patch",
            "merged_at": null
        },
        "body": "I completed the challenge: 5\r\nI feel good about my code: 5\r\nFeeling good about this text",
        "closed_by": null,
        "reactions": {
            "url": "https://api.github.com/repos/100devs/youtube-timecodes/issues/45/reactions",
            "total_count": 0,
            "+1": 0,
            "-1": 0,
            "laugh": 0,
            "hooray": 0,
            "confused": 0,
            "heart": 0,
            "rocket": 0,
            "eyes": 0
        },
        "timeline_url": "https://api.github.com/repos/100devs/youtube-timecodes/issues/45/timeline",
        "performed_via_github_app": null,
        "state_reason": null
    },
    {
        "url": "https://api.github.com/repos/100devs/youtube-timecodes/issues/44",
        "repository_url": "https://api.github.com/repos/100devs/youtube-timecodes",
        "labels_url": "https://api.github.com/repos/100devs/youtube-timecodes/issues/44/labels{/name}",
        "comments_url": "https://api.github.com/repos/100devs/youtube-timecodes/issues/44/comments",
        "events_url": "https://api.github.com/repos/100devs/youtube-timecodes/issues/44/events",
        "html_url": "https://github.com/100devs/youtube-timecodes/pull/44",
        "id": 1248683137,
        "node_id": "PR_kwDOFS3kVc44ebQU",
        "number": 44,
        "title": "second test added",
        "user": {
            "login": "arakanic",
            "id": 4141216,
            "node_id": "MDQ6VXNlcjQxNDEyMTY=",
            "avatar_url": "https://avatars.githubusercontent.com/u/4141216?v=4",
            "gravatar_id": "",
            "url": "https://api.github.com/users/arakanic",
            "html_url": "https://github.com/arakanic",
            "followers_url": "https://api.github.com/users/arakanic/followers",
            "following_url": "https://api.github.com/users/arakanic/following{/other_user}",
            "gists_url": "https://api.github.com/users/arakanic/gists{/gist_id}",
            "starred_url": "https://api.github.com/users/arakanic/starred{/owner}{/repo}",
            "subscriptions_url": "https://api.github.com/users/arakanic/subscriptions",
            "organizations_url": "https://api.github.com/users/arakanic/orgs",
            "repos_url": "https://api.github.com/users/arakanic/repos",
            "events_url": "https://api.github.com/users/arakanic/events{/privacy}",
            "received_events_url": "https://api.github.com/users/arakanic/received_events",
            "type": "User",
            "user_view_type": "public",
            "site_admin": false
        },
        "labels": [],
        "state": "open",
        "locked": false,
        "assignee": null,
        "assignees": [],
        "milestone": null,
        "comments": 0,
        "created_at": "2022-05-25T20:28:18Z",
        "updated_at": "2022-05-25T20:28:18Z",
        "closed_at": null,
        "author_association": "NONE",
        "sub_issues_summary": {
            "total": 0,
            "completed": 0,
            "percent_completed": 0
        },
        "active_lock_reason": null,
        "draft": false,
        "pull_request": {
            "url": "https://api.github.com/repos/100devs/youtube-timecodes/pulls/44",
            "html_url": "https://github.com/100devs/youtube-timecodes/pull/44",
            "diff_url": "https://github.com/100devs/youtube-timecodes/pull/44.diff",
            "patch_url": "https://github.com/100devs/youtube-timecodes/pull/44.patch",
            "merged_at": null
        },
        "body": "I completed the challenge: 5\r\nI feel good about my code: 4\r\nFollowing along Git Review class...",
        "closed_by": null,
        "reactions": {
            "url": "https://api.github.com/repos/100devs/youtube-timecodes/issues/44/reactions",
            "total_count": 0,
            "+1": 0,
            "-1": 0,
            "laugh": 0,
            "hooray": 0,
            "confused": 0,
            "heart": 0,
            "rocket": 0,
            "eyes": 0
        },
        "timeline_url": "https://api.github.com/repos/100devs/youtube-timecodes/issues/44/timeline",
        "performed_via_github_app": null,
        "state_reason": null
    },
    {
        "url": "https://api.github.com/repos/100devs/youtube-timecodes/issues/43",
        "repository_url": "https://api.github.com/repos/100devs/youtube-timecodes",
        "labels_url": "https://api.github.com/repos/100devs/youtube-timecodes/issues/43/labels{/name}",
        "comments_url": "https://api.github.com/repos/100devs/youtube-timecodes/issues/43/comments",
        "events_url": "https://api.github.com/repos/100devs/youtube-timecodes/issues/43/events",
        "html_url": "https://github.com/100devs/youtube-timecodes/pull/43",
        "id": 1248636172,
        "node_id": "PR_kwDOFS3kVc44eRN9",
        "number": 43,
        "title": "added class 37 timecodes",
        "user": {
            "login": "DataMist",
            "id": 86136005,
            "node_id": "MDQ6VXNlcjg2MTM2MDA1",
            "avatar_url": "https://avatars.githubusercontent.com/u/86136005?v=4",
            "gravatar_id": "",
            "url": "https://api.github.com/users/DataMist",
            "html_url": "https://github.com/DataMist",
            "followers_url": "https://api.github.com/users/DataMist/followers",
            "following_url": "https://api.github.com/users/DataMist/following{/other_user}",
            "gists_url": "https://api.github.com/users/DataMist/gists{/gist_id}",
            "starred_url": "https://api.github.com/users/DataMist/starred{/owner}{/repo}",
            "subscriptions_url": "https://api.github.com/users/DataMist/subscriptions",
            "organizations_url": "https://api.github.com/users/DataMist/orgs",
            "repos_url": "https://api.github.com/users/DataMist/repos",
            "events_url": "https://api.github.com/users/DataMist/events{/privacy}",
            "received_events_url": "https://api.github.com/users/DataMist/received_events",
            "type": "User",
            "user_view_type": "public",
            "site_admin": false
        },
        "labels": [],
        "state": "open",
        "locked": false,
        "assignee": null,
        "assignees": [],
        "milestone": null,
        "comments": 0,
        "created_at": "2022-05-25T19:50:05Z",
        "updated_at": "2022-05-25T19:50:05Z",
        "closed_at": null,
        "author_association": "NONE",
        "sub_issues_summary": {
            "total": 0,
            "completed": 0,
            "percent_completed": 0
        },
        "active_lock_reason": null,
        "draft": false,
        "pull_request": {
            "url": "https://api.github.com/repos/100devs/youtube-timecodes/pulls/43",
            "html_url": "https://github.com/100devs/youtube-timecodes/pull/43",
            "diff_url": "https://github.com/100devs/youtube-timecodes/pull/43.diff",
            "patch_url": "https://github.com/100devs/youtube-timecodes/pull/43.patch",
            "merged_at": null
        },
        "body": "Added class 37 timecodes",
        "closed_by": null,
        "reactions": {
            "url": "https://api.github.com/repos/100devs/youtube-timecodes/issues/43/reactions",
            "total_count": 0,
            "+1": 0,
            "-1": 0,
            "laugh": 0,
            "hooray": 0,
            "confused": 0,
            "heart": 0,
            "rocket": 0,
            "eyes": 0
        },
        "timeline_url": "https://api.github.com/repos/100devs/youtube-timecodes/issues/43/timeline",
        "performed_via_github_app": null,
        "state_reason": null
    },
    {
        "url": "https://api.github.com/repos/100devs/youtube-timecodes/issues/41",
        "repository_url": "https://api.github.com/repos/100devs/youtube-timecodes",
        "labels_url": "https://api.github.com/repos/100devs/youtube-timecodes/issues/41/labels{/name}",
        "comments_url": "https://api.github.com/repos/100devs/youtube-timecodes/issues/41/comments",
        "events_url": "https://api.github.com/repos/100devs/youtube-timecodes/issues/41/events",
        "html_url": "https://github.com/100devs/youtube-timecodes/pull/41",
        "id": 1247197696,
        "node_id": "PR_kwDOFS3kVc44Zc4-",
        "number": 41,
        "title": "Test 02",
        "user": {
            "login": "priscillayouziqian",
            "id": 79026729,
            "node_id": "MDQ6VXNlcjc5MDI2NzI5",
            "avatar_url": "https://avatars.githubusercontent.com/u/79026729?v=4",
            "gravatar_id": "",
            "url": "https://api.github.com/users/priscillayouziqian",
            "html_url": "https://github.com/priscillayouziqian",
            "followers_url": "https://api.github.com/users/priscillayouziqian/followers",
            "following_url": "https://api.github.com/users/priscillayouziqian/following{/other_user}",
            "gists_url": "https://api.github.com/users/priscillayouziqian/gists{/gist_id}",
            "starred_url": "https://api.github.com/users/priscillayouziqian/starred{/owner}{/repo}",
            "subscriptions_url": "https://api.github.com/users/priscillayouziqian/subscriptions",
            "organizations_url": "https://api.github.com/users/priscillayouziqian/orgs",
            "repos_url": "https://api.github.com/users/priscillayouziqian/repos",
            "events_url": "https://api.github.com/users/priscillayouziqian/events{/privacy}",
            "received_events_url": "https://api.github.com/users/priscillayouziqian/received_events",
            "type": "User",
            "user_view_type": "public",
            "site_admin": false
        },
        "labels": [],
        "state": "open",
        "locked": false,
        "assignee": null,
        "assignees": [],
        "milestone": null,
        "comments": 0,
        "created_at": "2022-05-24T22:39:14Z",
        "updated_at": "2022-05-24T22:39:14Z",
        "closed_at": null,
        "author_association": "NONE",
        "sub_issues_summary": {
            "total": 0,
            "completed": 0,
            "percent_completed": 0
        },
        "active_lock_reason": null,
        "draft": false,
        "pull_request": {
            "url": "https://api.github.com/repos/100devs/youtube-timecodes/pulls/41",
            "html_url": "https://github.com/100devs/youtube-timecodes/pull/41",
            "diff_url": "https://github.com/100devs/youtube-timecodes/pull/41.diff",
            "patch_url": "https://github.com/100devs/youtube-timecodes/pull/41.patch",
            "merged_at": null
        },
        "body": "I completed the challenge: 5\r\nI feel good about my code:4\r\nI'm not sure it my constructors are setup cleanly...",
        "closed_by": null,
        "reactions": {
            "url": "https://api.github.com/repos/100devs/youtube-timecodes/issues/41/reactions",
            "total_count": 0,
            "+1": 0,
            "-1": 0,
            "laugh": 0,
            "hooray": 0,
            "confused": 0,
            "heart": 0,
            "rocket": 0,
            "eyes": 0
        },
        "timeline_url": "https://api.github.com/repos/100devs/youtube-timecodes/issues/41/timeline",
        "performed_via_github_app": null,
        "state_reason": null
    },
    {
        "url": "https://api.github.com/repos/100devs/youtube-timecodes/issues/40",
        "repository_url": "https://api.github.com/repos/100devs/youtube-timecodes",
        "labels_url": "https://api.github.com/repos/100devs/youtube-timecodes/issues/40/labels{/name}",
        "comments_url": "https://api.github.com/repos/100devs/youtube-timecodes/issues/40/comments",
        "events_url": "https://api.github.com/repos/100devs/youtube-timecodes/issues/40/events",
        "html_url": "https://github.com/100devs/youtube-timecodes/pull/40",
        "id": 1244305258,
        "node_id": "PR_kwDOFS3kVc44P6BN",
        "number": 40,
        "title": "get change test a yo",
        "user": {
            "login": "ryanpilar",
            "id": 102194829,
            "node_id": "U_kgDOBhdejQ",
            "avatar_url": "https://avatars.githubusercontent.com/u/102194829?v=4",
            "gravatar_id": "",
            "url": "https://api.github.com/users/ryanpilar",
            "html_url": "https://github.com/ryanpilar",
            "followers_url": "https://api.github.com/users/ryanpilar/followers",
            "following_url": "https://api.github.com/users/ryanpilar/following{/other_user}",
            "gists_url": "https://api.github.com/users/ryanpilar/gists{/gist_id}",
            "starred_url": "https://api.github.com/users/ryanpilar/starred{/owner}{/repo}",
            "subscriptions_url": "https://api.github.com/users/ryanpilar/subscriptions",
            "organizations_url": "https://api.github.com/users/ryanpilar/orgs",
            "repos_url": "https://api.github.com/users/ryanpilar/repos",
            "events_url": "https://api.github.com/users/ryanpilar/events{/privacy}",
            "received_events_url": "https://api.github.com/users/ryanpilar/received_events",
            "type": "User",
            "user_view_type": "public",
            "site_admin": false
        },
        "labels": [],
        "state": "open",
        "locked": false,
        "assignee": null,
        "assignees": [],
        "milestone": null,
        "comments": 0,
        "created_at": "2022-05-22T16:33:38Z",
        "updated_at": "2022-05-22T16:33:38Z",
        "closed_at": null,
        "author_association": "NONE",
        "sub_issues_summary": {
            "total": 0,
            "completed": 0,
            "percent_completed": 0
        },
        "active_lock_reason": null,
        "draft": false,
        "pull_request": {
            "url": "https://api.github.com/repos/100devs/youtube-timecodes/pulls/40",
            "html_url": "https://github.com/100devs/youtube-timecodes/pull/40",
            "diff_url": "https://github.com/100devs/youtube-timecodes/pull/40.diff",
            "patch_url": "https://github.com/100devs/youtube-timecodes/pull/40.patch",
            "merged_at": null
        },
        "body": "a what? that is awesome!",
        "closed_by": null,
        "reactions": {
            "url": "https://api.github.com/repos/100devs/youtube-timecodes/issues/40/reactions",
            "total_count": 0,
            "+1": 0,
            "-1": 0,
            "laugh": 0,
            "hooray": 0,
            "confused": 0,
            "heart": 0,
            "rocket": 0,
            "eyes": 0
        },
        "timeline_url": "https://api.github.com/repos/100devs/youtube-timecodes/issues/40/timeline",
        "performed_via_github_app": null,
        "state_reason": null
    },
    {
        "url": "https://api.github.com/repos/100devs/youtube-timecodes/issues/38",
        "repository_url": "https://api.github.com/repos/100devs/youtube-timecodes",
        "labels_url": "https://api.github.com/repos/100devs/youtube-timecodes/issues/38/labels{/name}",
        "comments_url": "https://api.github.com/repos/100devs/youtube-timecodes/issues/38/comments",
        "events_url": "https://api.github.com/repos/100devs/youtube-timecodes/issues/38/events",
        "html_url": "https://github.com/100devs/youtube-timecodes/pull/38",
        "id": 1239347041,
        "node_id": "PR_kwDOFS3kVc43_qai",
        "number": 38,
        "title": "test1",
        "user": {
            "login": "toannguyen822",
            "id": 58013132,
            "node_id": "MDQ6VXNlcjU4MDEzMTMy",
            "avatar_url": "https://avatars.githubusercontent.com/u/58013132?v=4",
            "gravatar_id": "",
            "url": "https://api.github.com/users/toannguyen822",
            "html_url": "https://github.com/toannguyen822",
            "followers_url": "https://api.github.com/users/toannguyen822/followers",
            "following_url": "https://api.github.com/users/toannguyen822/following{/other_user}",
            "gists_url": "https://api.github.com/users/toannguyen822/gists{/gist_id}",
            "starred_url": "https://api.github.com/users/toannguyen822/starred{/owner}{/repo}",
            "subscriptions_url": "https://api.github.com/users/toannguyen822/subscriptions",
            "organizations_url": "https://api.github.com/users/toannguyen822/orgs",
            "repos_url": "https://api.github.com/users/toannguyen822/repos",
            "events_url": "https://api.github.com/users/toannguyen822/events{/privacy}",
            "received_events_url": "https://api.github.com/users/toannguyen822/received_events",
            "type": "User",
            "user_view_type": "public",
            "site_admin": false
        },
        "labels": [],
        "state": "open",
        "locked": false,
        "assignee": null,
        "assignees": [],
        "milestone": null,
        "comments": 0,
        "created_at": "2022-05-18T02:20:11Z",
        "updated_at": "2022-05-18T02:20:11Z",
        "closed_at": null,
        "author_association": "NONE",
        "sub_issues_summary": {
            "total": 0,
            "completed": 0,
            "percent_completed": 0
        },
        "active_lock_reason": null,
        "draft": false,
        "pull_request": {
            "url": "https://api.github.com/repos/100devs/youtube-timecodes/pulls/38",
            "html_url": "https://github.com/100devs/youtube-timecodes/pull/38",
            "diff_url": "https://github.com/100devs/youtube-timecodes/pull/38.diff",
            "patch_url": "https://github.com/100devs/youtube-timecodes/pull/38.patch",
            "merged_at": null
        },
        "body": null,
        "closed_by": null,
        "reactions": {
            "url": "https://api.github.com/repos/100devs/youtube-timecodes/issues/38/reactions",
            "total_count": 0,
            "+1": 0,
            "-1": 0,
            "laugh": 0,
            "hooray": 0,
            "confused": 0,
            "heart": 0,
            "rocket": 0,
            "eyes": 0
        },
        "timeline_url": "https://api.github.com/repos/100devs/youtube-timecodes/issues/38/timeline",
        "performed_via_github_app": null,
        "state_reason": null
    },
    {
        "url": "https://api.github.com/repos/100devs/youtube-timecodes/issues/35",
        "repository_url": "https://api.github.com/repos/100devs/youtube-timecodes",
        "labels_url": "https://api.github.com/repos/100devs/youtube-timecodes/issues/35/labels{/name}",
        "comments_url": "https://api.github.com/repos/100devs/youtube-timecodes/issues/35/comments",
        "events_url": "https://api.github.com/repos/100devs/youtube-timecodes/issues/35/events",
        "html_url": "https://github.com/100devs/youtube-timecodes/pull/35",
        "id": 1233305215,
        "node_id": "PR_kwDOFS3kVc43r5Jh",
        "number": 35,
        "title": "Test 03 robot",
        "user": {
            "login": "kurtislearned",
            "id": 79283146,
            "node_id": "MDQ6VXNlcjc5MjgzMTQ2",
            "avatar_url": "https://avatars.githubusercontent.com/u/79283146?v=4",
            "gravatar_id": "",
            "url": "https://api.github.com/users/kurtislearned",
            "html_url": "https://github.com/kurtislearned",
            "followers_url": "https://api.github.com/users/kurtislearned/followers",
            "following_url": "https://api.github.com/users/kurtislearned/following{/other_user}",
            "gists_url": "https://api.github.com/users/kurtislearned/gists{/gist_id}",
            "starred_url": "https://api.github.com/users/kurtislearned/starred{/owner}{/repo}",
            "subscriptions_url": "https://api.github.com/users/kurtislearned/subscriptions",
            "organizations_url": "https://api.github.com/users/kurtislearned/orgs",
            "repos_url": "https://api.github.com/users/kurtislearned/repos",
            "events_url": "https://api.github.com/users/kurtislearned/events{/privacy}",
            "received_events_url": "https://api.github.com/users/kurtislearned/received_events",
            "type": "User",
            "user_view_type": "public",
            "site_admin": false
        },
        "labels": [],
        "state": "open",
        "locked": false,
        "assignee": null,
        "assignees": [],
        "milestone": null,
        "comments": 0,
        "created_at": "2022-05-12T00:32:52Z",
        "updated_at": "2022-05-12T00:32:52Z",
        "closed_at": null,
        "author_association": "NONE",
        "sub_issues_summary": {
            "total": 0,
            "completed": 0,
            "percent_completed": 0
        },
        "active_lock_reason": null,
        "draft": false,
        "pull_request": {
            "url": "https://api.github.com/repos/100devs/youtube-timecodes/pulls/35",
            "html_url": "https://github.com/100devs/youtube-timecodes/pull/35",
            "diff_url": "https://github.com/100devs/youtube-timecodes/pull/35.diff",
            "patch_url": "https://github.com/100devs/youtube-timecodes/pull/35.patch",
            "merged_at": null
        },
        "body": "I completed the challenge: 5\r\nI feel good about my code: 4\r\nI'm not sure if my constructors are setup cleanly...",
        "closed_by": null,
        "reactions": {
            "url": "https://api.github.com/repos/100devs/youtube-timecodes/issues/35/reactions",
            "total_count": 0,
            "+1": 0,
            "-1": 0,
            "laugh": 0,
            "hooray": 0,
            "confused": 0,
            "heart": 0,
            "rocket": 0,
            "eyes": 0
        },
        "timeline_url": "https://api.github.com/repos/100devs/youtube-timecodes/issues/35/timeline",
        "performed_via_github_app": null,
        "state_reason": null
    },
    {
        "url": "https://api.github.com/repos/100devs/youtube-timecodes/issues/31",
        "repository_url": "https://api.github.com/repos/100devs/youtube-timecodes",
        "labels_url": "https://api.github.com/repos/100devs/youtube-timecodes/issues/31/labels{/name}",
        "comments_url": "https://api.github.com/repos/100devs/youtube-timecodes/issues/31/comments",
        "events_url": "https://api.github.com/repos/100devs/youtube-timecodes/issues/31/events",
        "html_url": "https://github.com/100devs/youtube-timecodes/pull/31",
        "id": 1231230750,
        "node_id": "PR_kwDOFS3kVc43lKML",
        "number": 31,
        "title": "added a test to the main readme",
        "user": {
            "login": "Lana-pixel",
            "id": 72021960,
            "node_id": "MDQ6VXNlcjcyMDIxOTYw",
            "avatar_url": "https://avatars.githubusercontent.com/u/72021960?v=4",
            "gravatar_id": "",
            "url": "https://api.github.com/users/Lana-pixel",
            "html_url": "https://github.com/Lana-pixel",
            "followers_url": "https://api.github.com/users/Lana-pixel/followers",
            "following_url": "https://api.github.com/users/Lana-pixel/following{/other_user}",
            "gists_url": "https://api.github.com/users/Lana-pixel/gists{/gist_id}",
            "starred_url": "https://api.github.com/users/Lana-pixel/starred{/owner}{/repo}",
            "subscriptions_url": "https://api.github.com/users/Lana-pixel/subscriptions",
            "organizations_url": "https://api.github.com/users/Lana-pixel/orgs",
            "repos_url": "https://api.github.com/users/Lana-pixel/repos",
            "events_url": "https://api.github.com/users/Lana-pixel/events{/privacy}",
            "received_events_url": "https://api.github.com/users/Lana-pixel/received_events",
            "type": "User",
            "user_view_type": "public",
            "site_admin": false
        },
        "labels": [],
        "state": "open",
        "locked": false,
        "assignee": null,
        "assignees": [],
        "milestone": null,
        "comments": 0,
        "created_at": "2022-05-10T14:11:13Z",
        "updated_at": "2022-05-10T18:36:51Z",
        "closed_at": null,
        "author_association": "NONE",
        "sub_issues_summary": {
            "total": 0,
            "completed": 0,
            "percent_completed": 0
        },
        "active_lock_reason": null,
        "draft": false,
        "pull_request": {
            "url": "https://api.github.com/repos/100devs/youtube-timecodes/pulls/31",
            "html_url": "https://github.com/100devs/youtube-timecodes/pull/31",
            "diff_url": "https://github.com/100devs/youtube-timecodes/pull/31.diff",
            "patch_url": "https://github.com/100devs/youtube-timecodes/pull/31.patch",
            "merged_at": null
        },
        "body": "I completed the challenge: 5\r\nI feel good about my code: 5\r\nFeeling good about the test",
        "closed_by": {
            "login": "Lana-pixel",
            "id": 72021960,
            "node_id": "MDQ6VXNlcjcyMDIxOTYw",
            "avatar_url": "https://avatars.githubusercontent.com/u/72021960?v=4",
            "gravatar_id": "",
            "url": "https://api.github.com/users/Lana-pixel",
            "html_url": "https://github.com/Lana-pixel",
            "followers_url": "https://api.github.com/users/Lana-pixel/followers",
            "following_url": "https://api.github.com/users/Lana-pixel/following{/other_user}",
            "gists_url": "https://api.github.com/users/Lana-pixel/gists{/gist_id}",
            "starred_url": "https://api.github.com/users/Lana-pixel/starred{/owner}{/repo}",
            "subscriptions_url": "https://api.github.com/users/Lana-pixel/subscriptions",
            "organizations_url": "https://api.github.com/users/Lana-pixel/orgs",
            "repos_url": "https://api.github.com/users/Lana-pixel/repos",
            "events_url": "https://api.github.com/users/Lana-pixel/events{/privacy}",
            "received_events_url": "https://api.github.com/users/Lana-pixel/received_events",
            "type": "User",
            "user_view_type": "public",
            "site_admin": false
        },
        "reactions": {
            "url": "https://api.github.com/repos/100devs/youtube-timecodes/issues/31/reactions",
            "total_count": 0,
            "+1": 0,
            "-1": 0,
            "laugh": 0,
            "hooray": 0,
            "confused": 0,
            "heart": 0,
            "rocket": 0,
            "eyes": 0
        },
        "timeline_url": "https://api.github.com/repos/100devs/youtube-timecodes/issues/31/timeline",
        "performed_via_github_app": null,
        "state_reason": null
    },
    {
        "url": "https://api.github.com/repos/100devs/youtube-timecodes/issues/28",
        "repository_url": "https://api.github.com/repos/100devs/youtube-timecodes",
        "labels_url": "https://api.github.com/repos/100devs/youtube-timecodes/issues/28/labels{/name}",
        "comments_url": "https://api.github.com/repos/100devs/youtube-timecodes/issues/28/comments",
        "events_url": "https://api.github.com/repos/100devs/youtube-timecodes/issues/28/events",
        "html_url": "https://github.com/100devs/youtube-timecodes/pull/28",
        "id": 1230468498,
        "node_id": "PR_kwDOFS3kVc43isCF",
        "number": 28,
        "title": "added an easter egg",
        "user": {
            "login": "ryfurness",
            "id": 66380697,
            "node_id": "MDQ6VXNlcjY2MzgwNjk3",
            "avatar_url": "https://avatars.githubusercontent.com/u/66380697?v=4",
            "gravatar_id": "",
            "url": "https://api.github.com/users/ryfurness",
            "html_url": "https://github.com/ryfurness",
            "followers_url": "https://api.github.com/users/ryfurness/followers",
            "following_url": "https://api.github.com/users/ryfurness/following{/other_user}",
            "gists_url": "https://api.github.com/users/ryfurness/gists{/gist_id}",
            "starred_url": "https://api.github.com/users/ryfurness/starred{/owner}{/repo}",
            "subscriptions_url": "https://api.github.com/users/ryfurness/subscriptions",
            "organizations_url": "https://api.github.com/users/ryfurness/orgs",
            "repos_url": "https://api.github.com/users/ryfurness/repos",
            "events_url": "https://api.github.com/users/ryfurness/events{/privacy}",
            "received_events_url": "https://api.github.com/users/ryfurness/received_events",
            "type": "User",
            "user_view_type": "public",
            "site_admin": false
        },
        "labels": [],
        "state": "open",
        "locked": false,
        "assignee": null,
        "assignees": [],
        "milestone": null,
        "comments": 0,
        "created_at": "2022-05-10T01:25:45Z",
        "updated_at": "2022-05-10T01:25:45Z",
        "closed_at": null,
        "author_association": "NONE",
        "sub_issues_summary": {
            "total": 0,
            "completed": 0,
            "percent_completed": 0
        },
        "active_lock_reason": null,
        "draft": false,
        "pull_request": {
            "url": "https://api.github.com/repos/100devs/youtube-timecodes/pulls/28",
            "html_url": "https://github.com/100devs/youtube-timecodes/pull/28",
            "diff_url": "https://github.com/100devs/youtube-timecodes/pull/28.diff",
            "patch_url": "https://github.com/100devs/youtube-timecodes/pull/28.patch",
            "merged_at": null
        },
        "body": "4 I completed the challenge\r\n5 I feel good about my code\r\nAnything specific: took a while to figure it out, but the logic is getting clearer.",
        "closed_by": null,
        "reactions": {
            "url": "https://api.github.com/repos/100devs/youtube-timecodes/issues/28/reactions",
            "total_count": 0,
            "+1": 0,
            "-1": 0,
            "laugh": 0,
            "hooray": 0,
            "confused": 0,
            "heart": 0,
            "rocket": 0,
            "eyes": 0
        },
        "timeline_url": "https://api.github.com/repos/100devs/youtube-timecodes/issues/28/timeline",
        "performed_via_github_app": null,
        "state_reason": null
    },
    {
        "url": "https://api.github.com/repos/100devs/youtube-timecodes/issues/27",
        "repository_url": "https://api.github.com/repos/100devs/youtube-timecodes",
        "labels_url": "https://api.github.com/repos/100devs/youtube-timecodes/issues/27/labels{/name}",
        "comments_url": "https://api.github.com/repos/100devs/youtube-timecodes/issues/27/comments",
        "events_url": "https://api.github.com/repos/100devs/youtube-timecodes/issues/27/events",
        "html_url": "https://github.com/100devs/youtube-timecodes/pull/27",
        "id": 1230456518,
        "node_id": "PR_kwDOFS3kVc43iplV",
        "number": 27,
        "title": "added second test",
        "user": {
            "login": "developingAdan",
            "id": 98216223,
            "node_id": "U_kgDOBdqpHw",
            "avatar_url": "https://avatars.githubusercontent.com/u/98216223?v=4",
            "gravatar_id": "",
            "url": "https://api.github.com/users/developingAdan",
            "html_url": "https://github.com/developingAdan",
            "followers_url": "https://api.github.com/users/developingAdan/followers",
            "following_url": "https://api.github.com/users/developingAdan/following{/other_user}",
            "gists_url": "https://api.github.com/users/developingAdan/gists{/gist_id}",
            "starred_url": "https://api.github.com/users/developingAdan/starred{/owner}{/repo}",
            "subscriptions_url": "https://api.github.com/users/developingAdan/subscriptions",
            "organizations_url": "https://api.github.com/users/developingAdan/orgs",
            "repos_url": "https://api.github.com/users/developingAdan/repos",
            "events_url": "https://api.github.com/users/developingAdan/events{/privacy}",
            "received_events_url": "https://api.github.com/users/developingAdan/received_events",
            "type": "User",
            "user_view_type": "public",
            "site_admin": false
        },
        "labels": [],
        "state": "open",
        "locked": false,
        "assignee": null,
        "assignees": [],
        "milestone": null,
        "comments": 0,
        "created_at": "2022-05-10T01:02:01Z",
        "updated_at": "2022-05-10T01:02:01Z",
        "closed_at": null,
        "author_association": "NONE",
        "sub_issues_summary": {
            "total": 0,
            "completed": 0,
            "percent_completed": 0
        },
        "active_lock_reason": null,
        "draft": false,
        "pull_request": {
            "url": "https://api.github.com/repos/100devs/youtube-timecodes/pulls/27",
            "html_url": "https://github.com/100devs/youtube-timecodes/pull/27",
            "diff_url": "https://github.com/100devs/youtube-timecodes/pull/27.diff",
            "patch_url": "https://github.com/100devs/youtube-timecodes/pull/27.patch",
            "merged_at": null
        },
        "body": "I completed the challenge: 5\r\nI feel good about my code: 4\r\nI'm not sure if my constructors are setup cleanly...",
        "closed_by": null,
        "reactions": {
            "url": "https://api.github.com/repos/100devs/youtube-timecodes/issues/27/reactions",
            "total_count": 0,
            "+1": 0,
            "-1": 0,
            "laugh": 0,
            "hooray": 0,
            "confused": 0,
            "heart": 0,
            "rocket": 0,
            "eyes": 0
        },
        "timeline_url": "https://api.github.com/repos/100devs/youtube-timecodes/issues/27/timeline",
        "performed_via_github_app": null,
        "state_reason": null
    },
    {
        "url": "https://api.github.com/repos/100devs/youtube-timecodes/issues/26",
        "repository_url": "https://api.github.com/repos/100devs/youtube-timecodes",
        "labels_url": "https://api.github.com/repos/100devs/youtube-timecodes/issues/26/labels{/name}",
        "comments_url": "https://api.github.com/repos/100devs/youtube-timecodes/issues/26/comments",
        "events_url": "https://api.github.com/repos/100devs/youtube-timecodes/issues/26/events",
        "html_url": "https://github.com/100devs/youtube-timecodes/pull/26",
        "id": 1230456417,
        "node_id": "PR_kwDOFS3kVc43ipkK",
        "number": 26,
        "title": "Test 03",
        "user": {
            "login": "leonnoel",
            "id": 366790,
            "node_id": "MDQ6VXNlcjM2Njc5MA==",
            "avatar_url": "https://avatars.githubusercontent.com/u/366790?v=4",
            "gravatar_id": "",
            "url": "https://api.github.com/users/leonnoel",
            "html_url": "https://github.com/leonnoel",
            "followers_url": "https://api.github.com/users/leonnoel/followers",
            "following_url": "https://api.github.com/users/leonnoel/following{/other_user}",
            "gists_url": "https://api.github.com/users/leonnoel/gists{/gist_id}",
            "starred_url": "https://api.github.com/users/leonnoel/starred{/owner}{/repo}",
            "subscriptions_url": "https://api.github.com/users/leonnoel/subscriptions",
            "organizations_url": "https://api.github.com/users/leonnoel/orgs",
            "repos_url": "https://api.github.com/users/leonnoel/repos",
            "events_url": "https://api.github.com/users/leonnoel/events{/privacy}",
            "received_events_url": "https://api.github.com/users/leonnoel/received_events",
            "type": "User",
            "user_view_type": "public",
            "site_admin": false
        },
        "labels": [],
        "state": "open",
        "locked": false,
        "assignee": null,
        "assignees": [],
        "milestone": null,
        "comments": 0,
        "created_at": "2022-05-10T01:01:50Z",
        "updated_at": "2022-05-10T01:01:50Z",
        "closed_at": null,
        "author_association": "CONTRIBUTOR",
        "sub_issues_summary": {
            "total": 0,
            "completed": 0,
            "percent_completed": 0
        },
        "active_lock_reason": null,
        "draft": false,
        "pull_request": {
            "url": "https://api.github.com/repos/100devs/youtube-timecodes/pulls/26",
            "html_url": "https://github.com/100devs/youtube-timecodes/pull/26",
            "diff_url": "https://github.com/100devs/youtube-timecodes/pull/26.diff",
            "patch_url": "https://github.com/100devs/youtube-timecodes/pull/26.patch",
            "merged_at": null
        },
        "body": "I completed the challenge: 5\r\nI feel good about my code: 4\r\nI'm not sure if my constructors are setup cleanly...",
        "closed_by": null,
        "reactions": {
            "url": "https://api.github.com/repos/100devs/youtube-timecodes/issues/26/reactions",
            "total_count": 0,
            "+1": 0,
            "-1": 0,
            "laugh": 0,
            "hooray": 0,
            "confused": 0,
            "heart": 0,
            "rocket": 0,
            "eyes": 0
        },
        "timeline_url": "https://api.github.com/repos/100devs/youtube-timecodes/issues/26/timeline",
        "performed_via_github_app": null,
        "state_reason": null
    },
    {
        "url": "https://api.github.com/repos/100devs/youtube-timecodes/issues/16",
        "repository_url": "https://api.github.com/repos/100devs/youtube-timecodes",
        "labels_url": "https://api.github.com/repos/100devs/youtube-timecodes/issues/16/labels{/name}",
        "comments_url": "https://api.github.com/repos/100devs/youtube-timecodes/issues/16/comments",
        "events_url": "https://api.github.com/repos/100devs/youtube-timecodes/issues/16/events",
        "html_url": "https://github.com/100devs/youtube-timecodes/pull/16",
        "id": 958667791,
        "node_id": "MDExOlB1bGxSZXF1ZXN0NzAxOTExMzA5",
        "number": 16,
        "title": "Adds Class 37 timestamp",
        "user": {
            "login": "krittiyaclark",
            "id": 3038228,
            "node_id": "MDQ6VXNlcjMwMzgyMjg=",
            "avatar_url": "https://avatars.githubusercontent.com/u/3038228?v=4",
            "gravatar_id": "",
            "url": "https://api.github.com/users/krittiyaclark",
            "html_url": "https://github.com/krittiyaclark",
            "followers_url": "https://api.github.com/users/krittiyaclark/followers",
            "following_url": "https://api.github.com/users/krittiyaclark/following{/other_user}",
            "gists_url": "https://api.github.com/users/krittiyaclark/gists{/gist_id}",
            "starred_url": "https://api.github.com/users/krittiyaclark/starred{/owner}{/repo}",
            "subscriptions_url": "https://api.github.com/users/krittiyaclark/subscriptions",
            "organizations_url": "https://api.github.com/users/krittiyaclark/orgs",
            "repos_url": "https://api.github.com/users/krittiyaclark/repos",
            "events_url": "https://api.github.com/users/krittiyaclark/events{/privacy}",
            "received_events_url": "https://api.github.com/users/krittiyaclark/received_events",
            "type": "User",
            "user_view_type": "public",
            "site_admin": false
        },
        "labels": [],
        "state": "open",
        "locked": false,
        "assignee": null,
        "assignees": [],
        "milestone": null,
        "comments": 0,
        "created_at": "2021-08-03T02:53:08Z",
        "updated_at": "2021-08-03T02:53:08Z",
        "closed_at": null,
        "author_association": "NONE",
        "sub_issues_summary": {
            "total": 0,
            "completed": 0,
            "percent_completed": 0
        },
        "active_lock_reason": null,
        "draft": false,
        "pull_request": {
            "url": "https://api.github.com/repos/100devs/youtube-timecodes/pulls/16",
            "html_url": "https://github.com/100devs/youtube-timecodes/pull/16",
            "diff_url": "https://github.com/100devs/youtube-timecodes/pull/16.diff",
            "patch_url": "https://github.com/100devs/youtube-timecodes/pull/16.patch",
            "merged_at": null
        },
        "body": "",
        "closed_by": null,
        "reactions": {
            "url": "https://api.github.com/repos/100devs/youtube-timecodes/issues/16/reactions",
            "total_count": 0,
            "+1": 0,
            "-1": 0,
            "laugh": 0,
            "hooray": 0,
            "confused": 0,
            "heart": 0,
            "rocket": 0,
            "eyes": 0
        },
        "timeline_url": "https://api.github.com/repos/100devs/youtube-timecodes/issues/16/timeline",
        "performed_via_github_app": null,
        "state_reason": null
    },
    {
        "url": "https://api.github.com/repos/100devs/youtube-timecodes/issues/15",
        "repository_url": "https://api.github.com/repos/100devs/youtube-timecodes",
        "labels_url": "https://api.github.com/repos/100devs/youtube-timecodes/issues/15/labels{/name}",
        "comments_url": "https://api.github.com/repos/100devs/youtube-timecodes/issues/15/comments",
        "events_url": "https://api.github.com/repos/100devs/youtube-timecodes/issues/15/events",
        "html_url": "https://github.com/100devs/youtube-timecodes/pull/15",
        "id": 868246597,
        "node_id": "MDExOlB1bGxSZXF1ZXN0NjIzODAxMzg5",
        "number": 15,
        "title": "Class 09 Timecodes added with links to section timestamps.",
        "user": {
            "login": "jessicalhansen",
            "id": 72903769,
            "node_id": "MDQ6VXNlcjcyOTAzNzY5",
            "avatar_url": "https://avatars.githubusercontent.com/u/72903769?v=4",
            "gravatar_id": "",
            "url": "https://api.github.com/users/jessicalhansen",
            "html_url": "https://github.com/jessicalhansen",
            "followers_url": "https://api.github.com/users/jessicalhansen/followers",
            "following_url": "https://api.github.com/users/jessicalhansen/following{/other_user}",
            "gists_url": "https://api.github.com/users/jessicalhansen/gists{/gist_id}",
            "starred_url": "https://api.github.com/users/jessicalhansen/starred{/owner}{/repo}",
            "subscriptions_url": "https://api.github.com/users/jessicalhansen/subscriptions",
            "organizations_url": "https://api.github.com/users/jessicalhansen/orgs",
            "repos_url": "https://api.github.com/users/jessicalhansen/repos",
            "events_url": "https://api.github.com/users/jessicalhansen/events{/privacy}",
            "received_events_url": "https://api.github.com/users/jessicalhansen/received_events",
            "type": "User",
            "user_view_type": "public",
            "site_admin": false
        },
        "labels": [],
        "state": "open",
        "locked": false,
        "assignee": null,
        "assignees": [],
        "milestone": null,
        "comments": 0,
        "created_at": "2021-04-26T22:20:39Z",
        "updated_at": "2021-05-12T06:49:19Z",
        "closed_at": null,
        "author_association": "NONE",
        "sub_issues_summary": {
            "total": 0,
            "completed": 0,
            "percent_completed": 0
        },
        "active_lock_reason": null,
        "draft": false,
        "pull_request": {
            "url": "https://api.github.com/repos/100devs/youtube-timecodes/pulls/15",
            "html_url": "https://github.com/100devs/youtube-timecodes/pull/15",
            "diff_url": "https://github.com/100devs/youtube-timecodes/pull/15.diff",
            "patch_url": "https://github.com/100devs/youtube-timecodes/pull/15.patch",
            "merged_at": null
        },
        "body": "Added markdown language for Class 09 and Class 02 Timecodes and included links to individual section timestamps. Corrected spacing on timecodes and added individual section timestamp links to Class 01, Class 03, Class 19, Class 20, Class 28, Class 29, Class 33, and Class 34. ",
        "closed_by": null,
        "reactions": {
            "url": "https://api.github.com/repos/100devs/youtube-timecodes/issues/15/reactions",
            "total_count": 0,
            "+1": 0,
            "-1": 0,
            "laugh": 0,
            "hooray": 0,
            "confused": 0,
            "heart": 0,
            "rocket": 0,
            "eyes": 0
        },
        "timeline_url": "https://api.github.com/repos/100devs/youtube-timecodes/issues/15/timeline",
        "performed_via_github_app": null,
        "state_reason": null
    },
    {
        "url": "https://api.github.com/repos/100devs/youtube-timecodes/issues/14",
        "repository_url": "https://api.github.com/repos/100devs/youtube-timecodes",
        "labels_url": "https://api.github.com/repos/100devs/youtube-timecodes/issues/14/labels{/name}",
        "comments_url": "https://api.github.com/repos/100devs/youtube-timecodes/issues/14/comments",
        "events_url": "https://api.github.com/repos/100devs/youtube-timecodes/issues/14/events",
        "html_url": "https://github.com/100devs/youtube-timecodes/pull/14",
        "id": 867191113,
        "node_id": "MDExOlB1bGxSZXF1ZXN0NjIyOTAwOTIy",
        "number": 14,
        "title": "added timecode and links for 4-25 Office Hours",
        "user": {
            "login": "bomboloni",
            "id": 78048552,
            "node_id": "MDQ6VXNlcjc4MDQ4NTUy",
            "avatar_url": "https://avatars.githubusercontent.com/u/78048552?v=4",
            "gravatar_id": "",
            "url": "https://api.github.com/users/bomboloni",
            "html_url": "https://github.com/bomboloni",
            "followers_url": "https://api.github.com/users/bomboloni/followers",
            "following_url": "https://api.github.com/users/bomboloni/following{/other_user}",
            "gists_url": "https://api.github.com/users/bomboloni/gists{/gist_id}",
            "starred_url": "https://api.github.com/users/bomboloni/starred{/owner}{/repo}",
            "subscriptions_url": "https://api.github.com/users/bomboloni/subscriptions",
            "organizations_url": "https://api.github.com/users/bomboloni/orgs",
            "repos_url": "https://api.github.com/users/bomboloni/repos",
            "events_url": "https://api.github.com/users/bomboloni/events{/privacy}",
            "received_events_url": "https://api.github.com/users/bomboloni/received_events",
            "type": "User",
            "user_view_type": "public",
            "site_admin": false
        },
        "labels": [],
        "state": "open",
        "locked": false,
        "assignee": null,
        "assignees": [],
        "milestone": null,
        "comments": 0,
        "created_at": "2021-04-26T02:07:03Z",
        "updated_at": "2021-04-26T02:07:03Z",
        "closed_at": null,
        "author_association": "NONE",
        "sub_issues_summary": {
            "total": 0,
            "completed": 0,
            "percent_completed": 0
        },
        "active_lock_reason": null,
        "draft": false,
        "pull_request": {
            "url": "https://api.github.com/repos/100devs/youtube-timecodes/pulls/14",
            "html_url": "https://github.com/100devs/youtube-timecodes/pull/14",
            "diff_url": "https://github.com/100devs/youtube-timecodes/pull/14.diff",
            "patch_url": "https://github.com/100devs/youtube-timecodes/pull/14.patch",
            "merged_at": null
        },
        "body": "Since I was watching the VOD on Twitch anyway I went ahead and noted time stamps and links. If Leon trims the beginning before posting on YouTube I'll go back and adjust the times.",
        "closed_by": null,
        "reactions": {
            "url": "https://api.github.com/repos/100devs/youtube-timecodes/issues/14/reactions",
            "total_count": 0,
            "+1": 0,
            "-1": 0,
            "laugh": 0,
            "hooray": 0,
            "confused": 0,
            "heart": 0,
            "rocket": 0,
            "eyes": 0
        },
        "timeline_url": "https://api.github.com/repos/100devs/youtube-timecodes/issues/14/timeline",
        "performed_via_github_app": null,
        "state_reason": null
    },
    {
        "url": "https://api.github.com/repos/100devs/youtube-timecodes/issues/12",
        "repository_url": "https://api.github.com/repos/100devs/youtube-timecodes",
        "labels_url": "https://api.github.com/repos/100devs/youtube-timecodes/issues/12/labels{/name}",
        "comments_url": "https://api.github.com/repos/100devs/youtube-timecodes/issues/12/comments",
        "events_url": "https://api.github.com/repos/100devs/youtube-timecodes/issues/12/events",
        "html_url": "https://github.com/100devs/youtube-timecodes/pull/12",
        "id": 866912535,
        "node_id": "MDExOlB1bGxSZXF1ZXN0NjIyNjk0OTA5",
        "number": 12,
        "title": "Add class 35 timecode and align formats for other classes",
        "user": {
            "login": "mengirena",
            "id": 51871665,
            "node_id": "MDQ6VXNlcjUxODcxNjY1",
            "avatar_url": "https://avatars.githubusercontent.com/u/51871665?v=4",
            "gravatar_id": "",
            "url": "https://api.github.com/users/mengirena",
            "html_url": "https://github.com/mengirena",
            "followers_url": "https://api.github.com/users/mengirena/followers",
            "following_url": "https://api.github.com/users/mengirena/following{/other_user}",
            "gists_url": "https://api.github.com/users/mengirena/gists{/gist_id}",
            "starred_url": "https://api.github.com/users/mengirena/starred{/owner}{/repo}",
            "subscriptions_url": "https://api.github.com/users/mengirena/subscriptions",
            "organizations_url": "https://api.github.com/users/mengirena/orgs",
            "repos_url": "https://api.github.com/users/mengirena/repos",
            "events_url": "https://api.github.com/users/mengirena/events{/privacy}",
            "received_events_url": "https://api.github.com/users/mengirena/received_events",
            "type": "User",
            "user_view_type": "public",
            "site_admin": false
        },
        "labels": [],
        "state": "open",
        "locked": false,
        "assignee": null,
        "assignees": [],
        "milestone": null,
        "comments": 4,
        "created_at": "2021-04-25T04:55:10Z",
        "updated_at": "2021-04-26T00:17:48Z",
        "closed_at": null,
        "author_association": "CONTRIBUTOR",
        "sub_issues_summary": {
            "total": 0,
            "completed": 0,
            "percent_completed": 0
        },
        "active_lock_reason": null,
        "draft": false,
        "pull_request": {
            "url": "https://api.github.com/repos/100devs/youtube-timecodes/pulls/12",
            "html_url": "https://github.com/100devs/youtube-timecodes/pull/12",
            "diff_url": "https://github.com/100devs/youtube-timecodes/pull/12.diff",
            "patch_url": "https://github.com/100devs/youtube-timecodes/pull/12.patch",
            "merged_at": null
        },
        "body": "",
        "closed_by": null,
        "reactions": {
            "url": "https://api.github.com/repos/100devs/youtube-timecodes/issues/12/reactions",
            "total_count": 0,
            "+1": 0,
            "-1": 0,
            "laugh": 0,
            "hooray": 0,
            "confused": 0,
            "heart": 0,
            "rocket": 0,
            "eyes": 0
        },
        "timeline_url": "https://api.github.com/repos/100devs/youtube-timecodes/issues/12/timeline",
        "performed_via_github_app": null,
        "state_reason": null
    },
    {
        "url": "https://api.github.com/repos/100devs/youtube-timecodes/issues/6",
        "repository_url": "https://api.github.com/repos/100devs/youtube-timecodes",
        "labels_url": "https://api.github.com/repos/100devs/youtube-timecodes/issues/6/labels{/name}",
        "comments_url": "https://api.github.com/repos/100devs/youtube-timecodes/issues/6/comments",
        "events_url": "https://api.github.com/repos/100devs/youtube-timecodes/issues/6/events",
        "html_url": "https://github.com/100devs/youtube-timecodes/pull/6",
        "id": 853885321,
        "node_id": "MDExOlB1bGxSZXF1ZXN0NjExOTEyNDQw",
        "number": 6,
        "title": "Add classes 22 and 23",
        "user": {
            "login": "DakOneil",
            "id": 67327976,
            "node_id": "MDQ6VXNlcjY3MzI3OTc2",
            "avatar_url": "https://avatars.githubusercontent.com/u/67327976?v=4",
            "gravatar_id": "",
            "url": "https://api.github.com/users/DakOneil",
            "html_url": "https://github.com/DakOneil",
            "followers_url": "https://api.github.com/users/DakOneil/followers",
            "following_url": "https://api.github.com/users/DakOneil/following{/other_user}",
            "gists_url": "https://api.github.com/users/DakOneil/gists{/gist_id}",
            "starred_url": "https://api.github.com/users/DakOneil/starred{/owner}{/repo}",
            "subscriptions_url": "https://api.github.com/users/DakOneil/subscriptions",
            "organizations_url": "https://api.github.com/users/DakOneil/orgs",
            "repos_url": "https://api.github.com/users/DakOneil/repos",
            "events_url": "https://api.github.com/users/DakOneil/events{/privacy}",
            "received_events_url": "https://api.github.com/users/DakOneil/received_events",
            "type": "User",
            "user_view_type": "public",
            "site_admin": false
        },
        "labels": [],
        "state": "open",
        "locked": false,
        "assignee": null,
        "assignees": [],
        "milestone": null,
        "comments": 2,
        "created_at": "2021-04-08T20:45:26Z",
        "updated_at": "2021-08-25T13:05:23Z",
        "closed_at": null,
        "author_association": "NONE",
        "sub_issues_summary": {
            "total": 0,
            "completed": 0,
            "percent_completed": 0
        },
        "active_lock_reason": null,
        "draft": false,
        "pull_request": {
            "url": "https://api.github.com/repos/100devs/youtube-timecodes/pulls/6",
            "html_url": "https://github.com/100devs/youtube-timecodes/pull/6",
            "diff_url": "https://github.com/100devs/youtube-timecodes/pull/6.diff",
            "patch_url": "https://github.com/100devs/youtube-timecodes/pull/6.patch",
            "merged_at": null
        },
        "body": "Added the time codes for Class 22, and fingers crossed I've done the pull request and everything correctly!",
        "closed_by": null,
        "reactions": {
            "url": "https://api.github.com/repos/100devs/youtube-timecodes/issues/6/reactions",
            "total_count": 0,
            "+1": 0,
            "-1": 0,
            "laugh": 0,
            "hooray": 0,
            "confused": 0,
            "heart": 0,
            "rocket": 0,
            "eyes": 0
        },
        "timeline_url": "https://api.github.com/repos/100devs/youtube-timecodes/issues/6/timeline",
        "performed_via_github_app": null,
        "state_reason": null
    }
]