[
    {
        "url": "https://api.github.com/repos/100devs/todo-mvc/issues/36",
        "repository_url": "https://api.github.com/repos/100devs/todo-mvc",
        "labels_url": "https://api.github.com/repos/100devs/todo-mvc/issues/36/labels{/name}",
        "comments_url": "https://api.github.com/repos/100devs/todo-mvc/issues/36/comments",
        "events_url": "https://api.github.com/repos/100devs/todo-mvc/issues/36/events",
        "html_url": "https://github.com/100devs/todo-mvc/pull/36",
        "id": 2046280345,
        "node_id": "PR_kwDOFTjx_M5iPkHm",
        "number": 36,
        "title": "made public feature",
        "user": {
            "login": "AJAY0993",
            "id": 128742355,
            "node_id": "U_kgDOB6xz0w",
            "avatar_url": "https://avatars.githubusercontent.com/u/128742355?v=4",
            "gravatar_id": "",
            "url": "https://api.github.com/users/AJAY0993",
            "html_url": "https://github.com/AJAY0993",
            "followers_url": "https://api.github.com/users/AJAY0993/followers",
            "following_url": "https://api.github.com/users/AJAY0993/following{/other_user}",
            "gists_url": "https://api.github.com/users/AJAY0993/gists{/gist_id}",
            "starred_url": "https://api.github.com/users/AJAY0993/starred{/owner}{/repo}",
            "subscriptions_url": "https://api.github.com/users/AJAY0993/subscriptions",
            "organizations_url": "https://api.github.com/users/AJAY0993/orgs",
            "repos_url": "https://api.github.com/users/AJAY0993/repos",
            "events_url": "https://api.github.com/users/AJAY0993/events{/privacy}",
            "received_events_url": "https://api.github.com/users/AJAY0993/received_events",
            "type": "User",
            "user_view_type": "public",
            "site_admin": false
        },
        "labels": [],
        "state": "open",
        "locked": false,
        "assignee": null,
        "assignees": [],
        "milestone": null,
        "comments": 1,
        "created_at": "2023-12-18T10:20:43Z",
        "updated_at": "2023-12-18T10:21:12Z",
        "closed_at": null,
        "author_association": "NONE",
        "sub_issues_summary": {
            "total": 0,
            "completed": 0,
            "percent_completed": 0
        },
        "active_lock_reason": null,
        "draft": false,
        "pull_request": {
            "url": "https://api.github.com/repos/100devs/todo-mvc/pulls/36",
            "html_url": "https://github.com/100devs/todo-mvc/pull/36",
            "diff_url": "https://github.com/100devs/todo-mvc/pull/36.diff",
            "patch_url": "https://github.com/100devs/todo-mvc/pull/36.patch",
            "merged_at": null
        },
        "body": "user can submit a put request to make todo public\r\nto view all public todo user can send a get request to /todos/public\r\nto view all public todos",
        "closed_by": null,
        "reactions": {
            "url": "https://api.github.com/repos/100devs/todo-mvc/issues/36/reactions",
            "total_count": 0,
            "+1": 0,
            "-1": 0,
            "laugh": 0,
            "hooray": 0,
            "confused": 0,
            "heart": 0,
            "rocket": 0,
            "eyes": 0
        },
        "timeline_url": "https://api.github.com/repos/100devs/todo-mvc/issues/36/timeline",
        "performed_via_github_app": null,
        "state_reason": null
    },
    {
        "url": "https://api.github.com/repos/100devs/todo-mvc/issues/34",
        "repository_url": "https://api.github.com/repos/100devs/todo-mvc",
        "labels_url": "https://api.github.com/repos/100devs/todo-mvc/issues/34/labels{/name}",
        "comments_url": "https://api.github.com/repos/100devs/todo-mvc/issues/34/comments",
        "events_url": "https://api.github.com/repos/100devs/todo-mvc/issues/34/events",
        "html_url": "https://github.com/100devs/todo-mvc/pull/34",
        "id": 1606070239,
        "node_id": "PR_kwDOFTjx_M5LFwyq",
        "number": 34,
        "title": "add like feature",
        "user": {
            "login": "DannWade",
            "id": 112453094,
            "node_id": "U_kgDOBrPl5g",
            "avatar_url": "https://avatars.githubusercontent.com/u/112453094?v=4",
            "gravatar_id": "",
            "url": "https://api.github.com/users/DannWade",
            "html_url": "https://github.com/DannWade",
            "followers_url": "https://api.github.com/users/DannWade/followers",
            "following_url": "https://api.github.com/users/DannWade/following{/other_user}",
            "gists_url": "https://api.github.com/users/DannWade/gists{/gist_id}",
            "starred_url": "https://api.github.com/users/DannWade/starred{/owner}{/repo}",
            "subscriptions_url": "https://api.github.com/users/DannWade/subscriptions",
            "organizations_url": "https://api.github.com/users/DannWade/orgs",
            "repos_url": "https://api.github.com/users/DannWade/repos",
            "events_url": "https://api.github.com/users/DannWade/events{/privacy}",
            "received_events_url": "https://api.github.com/users/DannWade/received_events",
            "type": "User",
            "user_view_type": "public",
            "site_admin": false
        },
        "labels": [],
        "state": "open",
        "locked": false,
        "assignee": null,
        "assignees": [],
        "milestone": null,
        "comments": 0,
        "created_at": "2023-03-02T04:02:55Z",
        "updated_at": "2023-03-02T04:02:55Z",
        "closed_at": null,
        "author_association": "NONE",
        "sub_issues_summary": {
            "total": 0,
            "completed": 0,
            "percent_completed": 0
        },
        "active_lock_reason": null,
        "draft": false,
        "pull_request": {
            "url": "https://api.github.com/repos/100devs/todo-mvc/pulls/34",
            "html_url": "https://github.com/100devs/todo-mvc/pull/34",
            "diff_url": "https://github.com/100devs/todo-mvc/pull/34.diff",
            "patch_url": "https://github.com/100devs/todo-mvc/pull/34.patch",
            "merged_at": null
        },
        "body": null,
        "closed_by": null,
        "reactions": {
            "url": "https://api.github.com/repos/100devs/todo-mvc/issues/34/reactions",
            "total_count": 0,
            "+1": 0,
            "-1": 0,
            "laugh": 0,
            "hooray": 0,
            "confused": 0,
            "heart": 0,
            "rocket": 0,
            "eyes": 0
        },
        "timeline_url": "https://api.github.com/repos/100devs/todo-mvc/issues/34/timeline",
        "performed_via_github_app": null,
        "state_reason": null
    },
    {
        "url": "https://api.github.com/repos/100devs/todo-mvc/issues/31",
        "repository_url": "https://api.github.com/repos/100devs/todo-mvc",
        "labels_url": "https://api.github.com/repos/100devs/todo-mvc/issues/31/labels{/name}",
        "comments_url": "https://api.github.com/repos/100devs/todo-mvc/issues/31/comments",
        "events_url": "https://api.github.com/repos/100devs/todo-mvc/issues/31/events",
        "html_url": "https://github.com/100devs/todo-mvc/pull/31",
        "id": 1383241852,
        "node_id": "PR_kwDOFTjx_M4_eDbU",
        "number": 31,
        "title": "todo mvc",
        "user": {
            "login": "jameskarr",
            "id": 101756347,
            "node_id": "U_kgDOBhCtuw",
            "avatar_url": "https://avatars.githubusercontent.com/u/101756347?v=4",
            "gravatar_id": "",
            "url": "https://api.github.com/users/jameskarr",
            "html_url": "https://github.com/jameskarr",
            "followers_url": "https://api.github.com/users/jameskarr/followers",
            "following_url": "https://api.github.com/users/jameskarr/following{/other_user}",
            "gists_url": "https://api.github.com/users/jameskarr/gists{/gist_id}",
            "starred_url": "https://api.github.com/users/jameskarr/starred{/owner}{/repo}",
            "subscriptions_url": "https://api.github.com/users/jameskarr/subscriptions",
            "organizations_url": "https://api.github.com/users/jameskarr/orgs",
            "repos_url": "https://api.github.com/users/jameskarr/repos",
            "events_url": "https://api.github.com/users/jameskarr/events{/privacy}",
            "received_events_url": "https://api.github.com/users/jameskarr/received_events",
            "type": "User",
            "user_view_type": "public",
            "site_admin": false
        },
        "labels": [],
        "state": "open",
        "locked": false,
        "assignee": null,
        "assignees": [],
        "milestone": null,
        "comments": 0,
        "created_at": "2022-09-23T03:12:28Z",
        "updated_at": "2022-09-23T03:12:28Z",
        "closed_at": null,
        "author_association": "NONE",
        "sub_issues_summary": {
            "total": 0,
            "completed": 0,
            "percent_completed": 0
        },
        "active_lock_reason": null,
        "draft": false,
        "pull_request": {
            "url": "https://api.github.com/repos/100devs/todo-mvc/pulls/31",
            "html_url": "https://github.com/100devs/todo-mvc/pull/31",
            "diff_url": "https://github.com/100devs/todo-mvc/pull/31.diff",
            "patch_url": "https://github.com/100devs/todo-mvc/pull/31.patch",
            "merged_at": null
        },
        "body": null,
        "closed_by": null,
        "reactions": {
            "url": "https://api.github.com/repos/100devs/todo-mvc/issues/31/reactions",
            "total_count": 0,
            "+1": 0,
            "-1": 0,
            "laugh": 0,
            "hooray": 0,
            "confused": 0,
            "heart": 0,
            "rocket": 0,
            "eyes": 0
        },
        "timeline_url": "https://api.github.com/repos/100devs/todo-mvc/issues/31/timeline",
        "performed_via_github_app": null,
        "state_reason": null
    },
    {
        "url": "https://api.github.com/repos/100devs/todo-mvc/issues/27",
        "repository_url": "https://api.github.com/repos/100devs/todo-mvc",
        "labels_url": "https://api.github.com/repos/100devs/todo-mvc/issues/27/labels{/name}",
        "comments_url": "https://api.github.com/repos/100devs/todo-mvc/issues/27/comments",
        "events_url": "https://api.github.com/repos/100devs/todo-mvc/issues/27/events",
        "html_url": "https://github.com/100devs/todo-mvc/pull/27",
        "id": 859215789,
        "node_id": "MDExOlB1bGxSZXF1ZXN0NjE2MzMzNTU5",
        "number": 27,
        "title": "Create README.md",
        "user": {
            "login": "rudy35hernandez",
            "id": 67667227,
            "node_id": "MDQ6VXNlcjY3NjY3MjI3",
            "avatar_url": "https://avatars.githubusercontent.com/u/67667227?v=4",
            "gravatar_id": "",
            "url": "https://api.github.com/users/rudy35hernandez",
            "html_url": "https://github.com/rudy35hernandez",
            "followers_url": "https://api.github.com/users/rudy35hernandez/followers",
            "following_url": "https://api.github.com/users/rudy35hernandez/following{/other_user}",
            "gists_url": "https://api.github.com/users/rudy35hernandez/gists{/gist_id}",
            "starred_url": "https://api.github.com/users/rudy35hernandez/starred{/owner}{/repo}",
            "subscriptions_url": "https://api.github.com/users/rudy35hernandez/subscriptions",
            "organizations_url": "https://api.github.com/users/rudy35hernandez/orgs",
            "repos_url": "https://api.github.com/users/rudy35hernandez/repos",
            "events_url": "https://api.github.com/users/rudy35hernandez/events{/privacy}",
            "received_events_url": "https://api.github.com/users/rudy35hernandez/received_events",
            "type": "User",
            "user_view_type": "public",
            "site_admin": false
        },
        "labels": [],
        "state": "open",
        "locked": false,
        "assignee": null,
        "assignees": [],
        "milestone": null,
        "comments": 0,
        "created_at": "2021-04-15T20:15:13Z",
        "updated_at": "2021-04-15T20:15:13Z",
        "closed_at": null,
        "author_association": "NONE",
        "sub_issues_summary": {
            "total": 0,
            "completed": 0,
            "percent_completed": 0
        },
        "active_lock_reason": null,
        "draft": false,
        "pull_request": {
            "url": "https://api.github.com/repos/100devs/todo-mvc/pulls/27",
            "html_url": "https://github.com/100devs/todo-mvc/pull/27",
            "diff_url": "https://github.com/100devs/todo-mvc/pull/27.diff",
            "patch_url": "https://github.com/100devs/todo-mvc/pull/27.patch",
            "merged_at": null
        },
        "body": "Added a presentation file\r\n\r\nadded slides. Sorry im so late. I had it done 2 days ago but had trouble using the slide presentation on readme file so i just screen shotted them and uploaded to get link.",
        "closed_by": null,
        "reactions": {
            "url": "https://api.github.com/repos/100devs/todo-mvc/issues/27/reactions",
            "total_count": 0,
            "+1": 0,
            "-1": 0,
            "laugh": 0,
            "hooray": 0,
            "confused": 0,
            "heart": 0,
            "rocket": 0,
            "eyes": 0
        },
        "timeline_url": "https://api.github.com/repos/100devs/todo-mvc/issues/27/timeline",
        "performed_via_github_app": null,
        "state_reason": null
    },
    {
        "url": "https://api.github.com/repos/100devs/todo-mvc/issues/26",
        "repository_url": "https://api.github.com/repos/100devs/todo-mvc",
        "labels_url": "https://api.github.com/repos/100devs/todo-mvc/issues/26/labels{/name}",
        "comments_url": "https://api.github.com/repos/100devs/todo-mvc/issues/26/comments",
        "events_url": "https://api.github.com/repos/100devs/todo-mvc/issues/26/events",
        "html_url": "https://github.com/100devs/todo-mvc/pull/26",
        "id": 858008503,
        "node_id": "MDExOlB1bGxSZXF1ZXN0NjE1MzM0NDE5",
        "number": 26,
        "title": "MVC Slides.md",
        "user": {
            "login": "lgbrock",
            "id": 36110596,
            "node_id": "MDQ6VXNlcjM2MTEwNTk2",
            "avatar_url": "https://avatars.githubusercontent.com/u/36110596?v=4",
            "gravatar_id": "",
            "url": "https://api.github.com/users/lgbrock",
            "html_url": "https://github.com/lgbrock",
            "followers_url": "https://api.github.com/users/lgbrock/followers",
            "following_url": "https://api.github.com/users/lgbrock/following{/other_user}",
            "gists_url": "https://api.github.com/users/lgbrock/gists{/gist_id}",
            "starred_url": "https://api.github.com/users/lgbrock/starred{/owner}{/repo}",
            "subscriptions_url": "https://api.github.com/users/lgbrock/subscriptions",
            "organizations_url": "https://api.github.com/users/lgbrock/orgs",
            "repos_url": "https://api.github.com/users/lgbrock/repos",
            "events_url": "https://api.github.com/users/lgbrock/events{/privacy}",
            "received_events_url": "https://api.github.com/users/lgbrock/received_events",
            "type": "User",
            "user_view_type": "public",
            "site_admin": false
        },
        "labels": [],
        "state": "open",
        "locked": false,
        "assignee": null,
        "assignees": [],
        "milestone": null,
        "comments": 0,
        "created_at": "2021-04-14T15:24:00Z",
        "updated_at": "2021-04-14T15:33:32Z",
        "closed_at": null,
        "author_association": "NONE",
        "sub_issues_summary": {
            "total": 0,
            "completed": 0,
            "percent_completed": 0
        },
        "active_lock_reason": null,
        "draft": false,
        "pull_request": {
            "url": "https://api.github.com/repos/100devs/todo-mvc/pulls/26",
            "html_url": "https://github.com/100devs/todo-mvc/pull/26",
            "diff_url": "https://github.com/100devs/todo-mvc/pull/26.diff",
            "patch_url": "https://github.com/100devs/todo-mvc/pull/26.patch",
            "merged_at": null
        },
        "body": "",
        "closed_by": null,
        "reactions": {
            "url": "https://api.github.com/repos/100devs/todo-mvc/issues/26/reactions",
            "total_count": 0,
            "+1": 0,
            "-1": 0,
            "laugh": 0,
            "hooray": 0,
            "confused": 0,
            "heart": 0,
            "rocket": 0,
            "eyes": 0
        },
        "timeline_url": "https://api.github.com/repos/100devs/todo-mvc/issues/26/timeline",
        "performed_via_github_app": null,
        "state_reason": null
    },
    {
        "url": "https://api.github.com/repos/100devs/todo-mvc/issues/25",
        "repository_url": "https://api.github.com/repos/100devs/todo-mvc",
        "labels_url": "https://api.github.com/repos/100devs/todo-mvc/issues/25/labels{/name}",
        "comments_url": "https://api.github.com/repos/100devs/todo-mvc/issues/25/comments",
        "events_url": "https://api.github.com/repos/100devs/todo-mvc/issues/25/events",
        "html_url": "https://github.com/100devs/todo-mvc/pull/25",
        "id": 857364636,
        "node_id": "MDExOlB1bGxSZXF1ZXN0NjE0Nzk3OTE5",
        "number": 25,
        "title": "A commented todo list along with link to slides",
        "user": {
            "login": "MagicMarcos",
            "id": 76229820,
            "node_id": "MDQ6VXNlcjc2MjI5ODIw",
            "avatar_url": "https://avatars.githubusercontent.com/u/76229820?v=4",
            "gravatar_id": "",
            "url": "https://api.github.com/users/MagicMarcos",
            "html_url": "https://github.com/MagicMarcos",
            "followers_url": "https://api.github.com/users/MagicMarcos/followers",
            "following_url": "https://api.github.com/users/MagicMarcos/following{/other_user}",
            "gists_url": "https://api.github.com/users/MagicMarcos/gists{/gist_id}",
            "starred_url": "https://api.github.com/users/MagicMarcos/starred{/owner}{/repo}",
            "subscriptions_url": "https://api.github.com/users/MagicMarcos/subscriptions",
            "organizations_url": "https://api.github.com/users/MagicMarcos/orgs",
            "repos_url": "https://api.github.com/users/MagicMarcos/repos",
            "events_url": "https://api.github.com/users/MagicMarcos/events{/privacy}",
            "received_events_url": "https://api.github.com/users/MagicMarcos/received_events",
            "type": "User",
            "user_view_type": "public",
            "site_admin": false
        },
        "labels": [],
        "state": "open",
        "locked": false,
        "assignee": null,
        "assignees": [],
        "milestone": null,
        "comments": 0,
        "created_at": "2021-04-13T22:22:11Z",
        "updated_at": "2021-04-13T22:22:11Z",
        "closed_at": null,
        "author_association": "NONE",
        "sub_issues_summary": {
            "total": 0,
            "completed": 0,
            "percent_completed": 0
        },
        "active_lock_reason": null,
        "draft": false,
        "pull_request": {
            "url": "https://api.github.com/repos/100devs/todo-mvc/pulls/25",
            "html_url": "https://github.com/100devs/todo-mvc/pull/25",
            "diff_url": "https://github.com/100devs/todo-mvc/pull/25.diff",
            "patch_url": "https://github.com/100devs/todo-mvc/pull/25.patch",
            "merged_at": null
        },
        "body": "",
        "closed_by": null,
        "reactions": {
            "url": "https://api.github.com/repos/100devs/todo-mvc/issues/25/reactions",
            "total_count": 0,
            "+1": 0,
            "-1": 0,
            "laugh": 0,
            "hooray": 0,
            "confused": 0,
            "heart": 0,
            "rocket": 0,
            "eyes": 0
        },
        "timeline_url": "https://api.github.com/repos/100devs/todo-mvc/issues/25/timeline",
        "performed_via_github_app": null,
        "state_reason": null
    },
    {
        "url": "https://api.github.com/repos/100devs/todo-mvc/issues/24",
        "repository_url": "https://api.github.com/repos/100devs/todo-mvc",
        "labels_url": "https://api.github.com/repos/100devs/todo-mvc/issues/24/labels{/name}",
        "comments_url": "https://api.github.com/repos/100devs/todo-mvc/issues/24/comments",
        "events_url": "https://api.github.com/repos/100devs/todo-mvc/issues/24/events",
        "html_url": "https://github.com/100devs/todo-mvc/pull/24",
        "id": 857349258,
        "node_id": "MDExOlB1bGxSZXF1ZXN0NjE0Nzg1MDY0",
        "number": 24,
        "title": "adding readme file with link to MVC todo list slides",
        "user": {
            "login": "crumbhustler",
            "id": 55256149,
            "node_id": "MDQ6VXNlcjU1MjU2MTQ5",
            "avatar_url": "https://avatars.githubusercontent.com/u/55256149?v=4",
            "gravatar_id": "",
            "url": "https://api.github.com/users/crumbhustler",
            "html_url": "https://github.com/crumbhustler",
            "followers_url": "https://api.github.com/users/crumbhustler/followers",
            "following_url": "https://api.github.com/users/crumbhustler/following{/other_user}",
            "gists_url": "https://api.github.com/users/crumbhustler/gists{/gist_id}",
            "starred_url": "https://api.github.com/users/crumbhustler/starred{/owner}{/repo}",
            "subscriptions_url": "https://api.github.com/users/crumbhustler/subscriptions",
            "organizations_url": "https://api.github.com/users/crumbhustler/orgs",
            "repos_url": "https://api.github.com/users/crumbhustler/repos",
            "events_url": "https://api.github.com/users/crumbhustler/events{/privacy}",
            "received_events_url": "https://api.github.com/users/crumbhustler/received_events",
            "type": "User",
            "user_view_type": "public",
            "site_admin": false
        },
        "labels": [],
        "state": "open",
        "locked": false,
        "assignee": null,
        "assignees": [],
        "milestone": null,
        "comments": 0,
        "created_at": "2021-04-13T21:51:15Z",
        "updated_at": "2021-04-13T21:51:15Z",
        "closed_at": null,
        "author_association": "NONE",
        "sub_issues_summary": {
            "total": 0,
            "completed": 0,
            "percent_completed": 0
        },
        "active_lock_reason": null,
        "draft": false,
        "pull_request": {
            "url": "https://api.github.com/repos/100devs/todo-mvc/pulls/24",
            "html_url": "https://github.com/100devs/todo-mvc/pull/24",
            "diff_url": "https://github.com/100devs/todo-mvc/pull/24.diff",
            "patch_url": "https://github.com/100devs/todo-mvc/pull/24.patch",
            "merged_at": null
        },
        "body": "",
        "closed_by": null,
        "reactions": {
            "url": "https://api.github.com/repos/100devs/todo-mvc/issues/24/reactions",
            "total_count": 0,
            "+1": 0,
            "-1": 0,
            "laugh": 0,
            "hooray": 0,
            "confused": 0,
            "heart": 0,
            "rocket": 0,
            "eyes": 0
        },
        "timeline_url": "https://api.github.com/repos/100devs/todo-mvc/issues/24/timeline",
        "performed_via_github_app": null,
        "state_reason": null
    },
    {
        "url": "https://api.github.com/repos/100devs/todo-mvc/issues/23",
        "repository_url": "https://api.github.com/repos/100devs/todo-mvc",
        "labels_url": "https://api.github.com/repos/100devs/todo-mvc/issues/23/labels{/name}",
        "comments_url": "https://api.github.com/repos/100devs/todo-mvc/issues/23/comments",
        "events_url": "https://api.github.com/repos/100devs/todo-mvc/issues/23/events",
        "html_url": "https://github.com/100devs/todo-mvc/pull/23",
        "id": 857336556,
        "node_id": "MDExOlB1bGxSZXF1ZXN0NjE0Nzc0NDQw",
        "number": 23,
        "title": "link to slides in read me",
        "user": {
            "login": "nicoolel",
            "id": 56747239,
            "node_id": "MDQ6VXNlcjU2NzQ3MjM5",
            "avatar_url": "https://avatars.githubusercontent.com/u/56747239?v=4",
            "gravatar_id": "",
            "url": "https://api.github.com/users/nicoolel",
            "html_url": "https://github.com/nicoolel",
            "followers_url": "https://api.github.com/users/nicoolel/followers",
            "following_url": "https://api.github.com/users/nicoolel/following{/other_user}",
            "gists_url": "https://api.github.com/users/nicoolel/gists{/gist_id}",
            "starred_url": "https://api.github.com/users/nicoolel/starred{/owner}{/repo}",
            "subscriptions_url": "https://api.github.com/users/nicoolel/subscriptions",
            "organizations_url": "https://api.github.com/users/nicoolel/orgs",
            "repos_url": "https://api.github.com/users/nicoolel/repos",
            "events_url": "https://api.github.com/users/nicoolel/events{/privacy}",
            "received_events_url": "https://api.github.com/users/nicoolel/received_events",
            "type": "User",
            "user_view_type": "public",
            "site_admin": false
        },
        "labels": [],
        "state": "open",
        "locked": false,
        "assignee": null,
        "assignees": [],
        "milestone": null,
        "comments": 0,
        "created_at": "2021-04-13T21:27:53Z",
        "updated_at": "2021-04-13T21:27:53Z",
        "closed_at": null,
        "author_association": "NONE",
        "sub_issues_summary": {
            "total": 0,
            "completed": 0,
            "percent_completed": 0
        },
        "active_lock_reason": null,
        "draft": false,
        "pull_request": {
            "url": "https://api.github.com/repos/100devs/todo-mvc/pulls/23",
            "html_url": "https://github.com/100devs/todo-mvc/pull/23",
            "diff_url": "https://github.com/100devs/todo-mvc/pull/23.diff",
            "patch_url": "https://github.com/100devs/todo-mvc/pull/23.patch",
            "merged_at": null
        },
        "body": "",
        "closed_by": null,
        "reactions": {
            "url": "https://api.github.com/repos/100devs/todo-mvc/issues/23/reactions",
            "total_count": 0,
            "+1": 0,
            "-1": 0,
            "laugh": 0,
            "hooray": 0,
            "confused": 0,
            "heart": 0,
            "rocket": 0,
            "eyes": 0
        },
        "timeline_url": "https://api.github.com/repos/100devs/todo-mvc/issues/23/timeline",
        "performed_via_github_app": null,
        "state_reason": null
    },
    {
        "url": "https://api.github.com/repos/100devs/todo-mvc/issues/21",
        "repository_url": "https://api.github.com/repos/100devs/todo-mvc",
        "labels_url": "https://api.github.com/repos/100devs/todo-mvc/issues/21/labels{/name}",
        "comments_url": "https://api.github.com/repos/100devs/todo-mvc/issues/21/comments",
        "events_url": "https://api.github.com/repos/100devs/todo-mvc/issues/21/events",
        "html_url": "https://github.com/100devs/todo-mvc/pull/21",
        "id": 857325705,
        "node_id": "MDExOlB1bGxSZXF1ZXN0NjE0NzY1MzE3",
        "number": 21,
        "title": "MVC presentation",
        "user": {
            "login": "YolandaHaynes",
            "id": 12980710,
            "node_id": "MDQ6VXNlcjEyOTgwNzEw",
            "avatar_url": "https://avatars.githubusercontent.com/u/12980710?v=4",
            "gravatar_id": "",
            "url": "https://api.github.com/users/YolandaHaynes",
            "html_url": "https://github.com/YolandaHaynes",
            "followers_url": "https://api.github.com/users/YolandaHaynes/followers",
            "following_url": "https://api.github.com/users/YolandaHaynes/following{/other_user}",
            "gists_url": "https://api.github.com/users/YolandaHaynes/gists{/gist_id}",
            "starred_url": "https://api.github.com/users/YolandaHaynes/starred{/owner}{/repo}",
            "subscriptions_url": "https://api.github.com/users/YolandaHaynes/subscriptions",
            "organizations_url": "https://api.github.com/users/YolandaHaynes/orgs",
            "repos_url": "https://api.github.com/users/YolandaHaynes/repos",
            "events_url": "https://api.github.com/users/YolandaHaynes/events{/privacy}",
            "received_events_url": "https://api.github.com/users/YolandaHaynes/received_events",
            "type": "User",
            "user_view_type": "public",
            "site_admin": false
        },
        "labels": [],
        "state": "open",
        "locked": false,
        "assignee": null,
        "assignees": [],
        "milestone": null,
        "comments": 0,
        "created_at": "2021-04-13T21:10:00Z",
        "updated_at": "2021-04-13T21:10:00Z",
        "closed_at": null,
        "author_association": "NONE",
        "sub_issues_summary": {
            "total": 0,
            "completed": 0,
            "percent_completed": 0
        },
        "active_lock_reason": null,
        "draft": false,
        "pull_request": {
            "url": "https://api.github.com/repos/100devs/todo-mvc/pulls/21",
            "html_url": "https://github.com/100devs/todo-mvc/pull/21",
            "diff_url": "https://github.com/100devs/todo-mvc/pull/21.diff",
            "patch_url": "https://github.com/100devs/todo-mvc/pull/21.patch",
            "merged_at": null
        },
        "body": "",
        "closed_by": null,
        "reactions": {
            "url": "https://api.github.com/repos/100devs/todo-mvc/issues/21/reactions",
            "total_count": 0,
            "+1": 0,
            "-1": 0,
            "laugh": 0,
            "hooray": 0,
            "confused": 0,
            "heart": 0,
            "rocket": 0,
            "eyes": 0
        },
        "timeline_url": "https://api.github.com/repos/100devs/todo-mvc/issues/21/timeline",
        "performed_via_github_app": null,
        "state_reason": null
    },
    {
        "url": "https://api.github.com/repos/100devs/todo-mvc/issues/20",
        "repository_url": "https://api.github.com/repos/100devs/todo-mvc",
        "labels_url": "https://api.github.com/repos/100devs/todo-mvc/issues/20/labels{/name}",
        "comments_url": "https://api.github.com/repos/100devs/todo-mvc/issues/20/comments",
        "events_url": "https://api.github.com/repos/100devs/todo-mvc/issues/20/events",
        "html_url": "https://github.com/100devs/todo-mvc/pull/20",
        "id": 857311538,
        "node_id": "MDExOlB1bGxSZXF1ZXN0NjE0NzUzMTMz",
        "number": 20,
        "title": "Create Readme With Presenation Link",
        "user": {
            "login": "JamisonMccarty",
            "id": 46974001,
            "node_id": "MDQ6VXNlcjQ2OTc0MDAx",
            "avatar_url": "https://avatars.githubusercontent.com/u/46974001?v=4",
            "gravatar_id": "",
            "url": "https://api.github.com/users/JamisonMccarty",
            "html_url": "https://github.com/JamisonMccarty",
            "followers_url": "https://api.github.com/users/JamisonMccarty/followers",
            "following_url": "https://api.github.com/users/JamisonMccarty/following{/other_user}",
            "gists_url": "https://api.github.com/users/JamisonMccarty/gists{/gist_id}",
            "starred_url": "https://api.github.com/users/JamisonMccarty/starred{/owner}{/repo}",
            "subscriptions_url": "https://api.github.com/users/JamisonMccarty/subscriptions",
            "organizations_url": "https://api.github.com/users/JamisonMccarty/orgs",
            "repos_url": "https://api.github.com/users/JamisonMccarty/repos",
            "events_url": "https://api.github.com/users/JamisonMccarty/events{/privacy}",
            "received_events_url": "https://api.github.com/users/JamisonMccarty/received_events",
            "type": "User",
            "user_view_type": "public",
            "site_admin": false
        },
        "labels": [],
        "state": "open",
        "locked": false,
        "assignee": null,
        "assignees": [],
        "milestone": null,
        "comments": 0,
        "created_at": "2021-04-13T20:50:33Z",
        "updated_at": "2021-04-13T20:50:33Z",
        "closed_at": null,
        "author_association": "NONE",
        "sub_issues_summary": {
            "total": 0,
            "completed": 0,
            "percent_completed": 0
        },
        "active_lock_reason": null,
        "draft": false,
        "pull_request": {
            "url": "https://api.github.com/repos/100devs/todo-mvc/pulls/20",
            "html_url": "https://github.com/100devs/todo-mvc/pull/20",
            "diff_url": "https://github.com/100devs/todo-mvc/pull/20.diff",
            "patch_url": "https://github.com/100devs/todo-mvc/pull/20.patch",
            "merged_at": null
        },
        "body": "Created PR with link to Presenation",
        "closed_by": null,
        "reactions": {
            "url": "https://api.github.com/repos/100devs/todo-mvc/issues/20/reactions",
            "total_count": 0,
            "+1": 0,
            "-1": 0,
            "laugh": 0,
            "hooray": 0,
            "confused": 0,
            "heart": 0,
            "rocket": 0,
            "eyes": 0
        },
        "timeline_url": "https://api.github.com/repos/100devs/todo-mvc/issues/20/timeline",
        "performed_via_github_app": null,
        "state_reason": null
    },
    {
        "url": "https://api.github.com/repos/100devs/todo-mvc/issues/19",
        "repository_url": "https://api.github.com/repos/100devs/todo-mvc",
        "labels_url": "https://api.github.com/repos/100devs/todo-mvc/issues/19/labels{/name}",
        "comments_url": "https://api.github.com/repos/100devs/todo-mvc/issues/19/comments",
        "events_url": "https://api.github.com/repos/100devs/todo-mvc/issues/19/events",
        "html_url": "https://github.com/100devs/todo-mvc/pull/19",
        "id": 857279279,
        "node_id": "MDExOlB1bGxSZXF1ZXN0NjE0NzI1OTI5",
        "number": 19,
        "title": "Added slides url to readme",
        "user": {
            "login": "kentauyeung",
            "id": 27271767,
            "node_id": "MDQ6VXNlcjI3MjcxNzY3",
            "avatar_url": "https://avatars.githubusercontent.com/u/27271767?v=4",
            "gravatar_id": "",
            "url": "https://api.github.com/users/kentauyeung",
            "html_url": "https://github.com/kentauyeung",
            "followers_url": "https://api.github.com/users/kentauyeung/followers",
            "following_url": "https://api.github.com/users/kentauyeung/following{/other_user}",
            "gists_url": "https://api.github.com/users/kentauyeung/gists{/gist_id}",
            "starred_url": "https://api.github.com/users/kentauyeung/starred{/owner}{/repo}",
            "subscriptions_url": "https://api.github.com/users/kentauyeung/subscriptions",
            "organizations_url": "https://api.github.com/users/kentauyeung/orgs",
            "repos_url": "https://api.github.com/users/kentauyeung/repos",
            "events_url": "https://api.github.com/users/kentauyeung/events{/privacy}",
            "received_events_url": "https://api.github.com/users/kentauyeung/received_events",
            "type": "User",
            "user_view_type": "public",
            "site_admin": false
        },
        "labels": [],
        "state": "open",
        "locked": false,
        "assignee": null,
        "assignees": [],
        "milestone": null,
        "comments": 0,
        "created_at": "2021-04-13T20:01:17Z",
        "updated_at": "2021-04-13T20:01:17Z",
        "closed_at": null,
        "author_association": "NONE",
        "sub_issues_summary": {
            "total": 0,
            "completed": 0,
            "percent_completed": 0
        },
        "active_lock_reason": null,
        "draft": false,
        "pull_request": {
            "url": "https://api.github.com/repos/100devs/todo-mvc/pulls/19",
            "html_url": "https://github.com/100devs/todo-mvc/pull/19",
            "diff_url": "https://github.com/100devs/todo-mvc/pull/19.diff",
            "patch_url": "https://github.com/100devs/todo-mvc/pull/19.patch",
            "merged_at": null
        },
        "body": "",
        "closed_by": null,
        "reactions": {
            "url": "https://api.github.com/repos/100devs/todo-mvc/issues/19/reactions",
            "total_count": 0,
            "+1": 0,
            "-1": 0,
            "laugh": 0,
            "hooray": 0,
            "confused": 0,
            "heart": 0,
            "rocket": 0,
            "eyes": 0
        },
        "timeline_url": "https://api.github.com/repos/100devs/todo-mvc/issues/19/timeline",
        "performed_via_github_app": null,
        "state_reason": null
    },
    {
        "url": "https://api.github.com/repos/100devs/todo-mvc/issues/18",
        "repository_url": "https://api.github.com/repos/100devs/todo-mvc",
        "labels_url": "https://api.github.com/repos/100devs/todo-mvc/issues/18/labels{/name}",
        "comments_url": "https://api.github.com/repos/100devs/todo-mvc/issues/18/comments",
        "events_url": "https://api.github.com/repos/100devs/todo-mvc/issues/18/events",
        "html_url": "https://github.com/100devs/todo-mvc/pull/18",
        "id": 856565999,
        "node_id": "MDExOlB1bGxSZXF1ZXN0NjE0MTIyMjAy",
        "number": 18,
        "title": "MVC Presentation",
        "user": {
            "login": "JJ-Hall",
            "id": 60909765,
            "node_id": "MDQ6VXNlcjYwOTA5NzY1",
            "avatar_url": "https://avatars.githubusercontent.com/u/60909765?v=4",
            "gravatar_id": "",
            "url": "https://api.github.com/users/JJ-Hall",
            "html_url": "https://github.com/JJ-Hall",
            "followers_url": "https://api.github.com/users/JJ-Hall/followers",
            "following_url": "https://api.github.com/users/JJ-Hall/following{/other_user}",
            "gists_url": "https://api.github.com/users/JJ-Hall/gists{/gist_id}",
            "starred_url": "https://api.github.com/users/JJ-Hall/starred{/owner}{/repo}",
            "subscriptions_url": "https://api.github.com/users/JJ-Hall/subscriptions",
            "organizations_url": "https://api.github.com/users/JJ-Hall/orgs",
            "repos_url": "https://api.github.com/users/JJ-Hall/repos",
            "events_url": "https://api.github.com/users/JJ-Hall/events{/privacy}",
            "received_events_url": "https://api.github.com/users/JJ-Hall/received_events",
            "type": "User",
            "user_view_type": "public",
            "site_admin": false
        },
        "labels": [],
        "state": "open",
        "locked": false,
        "assignee": null,
        "assignees": [],
        "milestone": null,
        "comments": 0,
        "created_at": "2021-04-13T04:50:20Z",
        "updated_at": "2021-04-13T04:50:20Z",
        "closed_at": null,
        "author_association": "NONE",
        "sub_issues_summary": {
            "total": 0,
            "completed": 0,
            "percent_completed": 0
        },
        "active_lock_reason": null,
        "draft": false,
        "pull_request": {
            "url": "https://api.github.com/repos/100devs/todo-mvc/pulls/18",
            "html_url": "https://github.com/100devs/todo-mvc/pull/18",
            "diff_url": "https://github.com/100devs/todo-mvc/pull/18.diff",
            "patch_url": "https://github.com/100devs/todo-mvc/pull/18.patch",
            "merged_at": null
        },
        "body": "",
        "closed_by": null,
        "reactions": {
            "url": "https://api.github.com/repos/100devs/todo-mvc/issues/18/reactions",
            "total_count": 0,
            "+1": 0,
            "-1": 0,
            "laugh": 0,
            "hooray": 0,
            "confused": 0,
            "heart": 0,
            "rocket": 0,
            "eyes": 0
        },
        "timeline_url": "https://api.github.com/repos/100devs/todo-mvc/issues/18/timeline",
        "performed_via_github_app": null,
        "state_reason": null
    },
    {
        "url": "https://api.github.com/repos/100devs/todo-mvc/issues/17",
        "repository_url": "https://api.github.com/repos/100devs/todo-mvc",
        "labels_url": "https://api.github.com/repos/100devs/todo-mvc/issues/17/labels{/name}",
        "comments_url": "https://api.github.com/repos/100devs/todo-mvc/issues/17/comments",
        "events_url": "https://api.github.com/repos/100devs/todo-mvc/issues/17/events",
        "html_url": "https://github.com/100devs/todo-mvc/pull/17",
        "id": 855799440,
        "node_id": "MDExOlB1bGxSZXF1ZXN0NjEzNDc4MDg3",
        "number": 17,
        "title": "Add link to slides",
        "user": {
            "login": "mViolet",
            "id": 44656740,
            "node_id": "MDQ6VXNlcjQ0NjU2NzQw",
            "avatar_url": "https://avatars.githubusercontent.com/u/44656740?v=4",
            "gravatar_id": "",
            "url": "https://api.github.com/users/mViolet",
            "html_url": "https://github.com/mViolet",
            "followers_url": "https://api.github.com/users/mViolet/followers",
            "following_url": "https://api.github.com/users/mViolet/following{/other_user}",
            "gists_url": "https://api.github.com/users/mViolet/gists{/gist_id}",
            "starred_url": "https://api.github.com/users/mViolet/starred{/owner}{/repo}",
            "subscriptions_url": "https://api.github.com/users/mViolet/subscriptions",
            "organizations_url": "https://api.github.com/users/mViolet/orgs",
            "repos_url": "https://api.github.com/users/mViolet/repos",
            "events_url": "https://api.github.com/users/mViolet/events{/privacy}",
            "received_events_url": "https://api.github.com/users/mViolet/received_events",
            "type": "User",
            "user_view_type": "public",
            "site_admin": false
        },
        "labels": [],
        "state": "open",
        "locked": false,
        "assignee": null,
        "assignees": [],
        "milestone": null,
        "comments": 1,
        "created_at": "2021-04-12T10:03:19Z",
        "updated_at": "2021-04-12T10:04:25Z",
        "closed_at": null,
        "author_association": "NONE",
        "sub_issues_summary": {
            "total": 0,
            "completed": 0,
            "percent_completed": 0
        },
        "active_lock_reason": null,
        "draft": false,
        "pull_request": {
            "url": "https://api.github.com/repos/100devs/todo-mvc/pulls/17",
            "html_url": "https://github.com/100devs/todo-mvc/pull/17",
            "diff_url": "https://github.com/100devs/todo-mvc/pull/17.diff",
            "patch_url": "https://github.com/100devs/todo-mvc/pull/17.patch",
            "merged_at": null
        },
        "body": "",
        "closed_by": null,
        "reactions": {
            "url": "https://api.github.com/repos/100devs/todo-mvc/issues/17/reactions",
            "total_count": 0,
            "+1": 0,
            "-1": 0,
            "laugh": 0,
            "hooray": 0,
            "confused": 0,
            "heart": 0,
            "rocket": 0,
            "eyes": 0
        },
        "timeline_url": "https://api.github.com/repos/100devs/todo-mvc/issues/17/timeline",
        "performed_via_github_app": null,
        "state_reason": null
    },
    {
        "url": "https://api.github.com/repos/100devs/todo-mvc/issues/16",
        "repository_url": "https://api.github.com/repos/100devs/todo-mvc",
        "labels_url": "https://api.github.com/repos/100devs/todo-mvc/issues/16/labels{/name}",
        "comments_url": "https://api.github.com/repos/100devs/todo-mvc/issues/16/comments",
        "events_url": "https://api.github.com/repos/100devs/todo-mvc/issues/16/events",
        "html_url": "https://github.com/100devs/todo-mvc/pull/16",
        "id": 855355866,
        "node_id": "MDExOlB1bGxSZXF1ZXN0NjEzMTEwMjU0",
        "number": 16,
        "title": "mvc slides",
        "user": {
            "login": "cassiecapewell",
            "id": 78440790,
            "node_id": "MDQ6VXNlcjc4NDQwNzkw",
            "avatar_url": "https://avatars.githubusercontent.com/u/78440790?v=4",
            "gravatar_id": "",
            "url": "https://api.github.com/users/cassiecapewell",
            "html_url": "https://github.com/cassiecapewell",
            "followers_url": "https://api.github.com/users/cassiecapewell/followers",
            "following_url": "https://api.github.com/users/cassiecapewell/following{/other_user}",
            "gists_url": "https://api.github.com/users/cassiecapewell/gists{/gist_id}",
            "starred_url": "https://api.github.com/users/cassiecapewell/starred{/owner}{/repo}",
            "subscriptions_url": "https://api.github.com/users/cassiecapewell/subscriptions",
            "organizations_url": "https://api.github.com/users/cassiecapewell/orgs",
            "repos_url": "https://api.github.com/users/cassiecapewell/repos",
            "events_url": "https://api.github.com/users/cassiecapewell/events{/privacy}",
            "received_events_url": "https://api.github.com/users/cassiecapewell/received_events",
            "type": "User",
            "user_view_type": "public",
            "site_admin": false
        },
        "labels": [],
        "state": "open",
        "locked": false,
        "assignee": null,
        "assignees": [],
        "milestone": null,
        "comments": 0,
        "created_at": "2021-04-11T17:02:19Z",
        "updated_at": "2021-04-11T17:02:19Z",
        "closed_at": null,
        "author_association": "NONE",
        "sub_issues_summary": {
            "total": 0,
            "completed": 0,
            "percent_completed": 0
        },
        "active_lock_reason": null,
        "draft": false,
        "pull_request": {
            "url": "https://api.github.com/repos/100devs/todo-mvc/pulls/16",
            "html_url": "https://github.com/100devs/todo-mvc/pull/16",
            "diff_url": "https://github.com/100devs/todo-mvc/pull/16.diff",
            "patch_url": "https://github.com/100devs/todo-mvc/pull/16.patch",
            "merged_at": null
        },
        "body": "",
        "closed_by": null,
        "reactions": {
            "url": "https://api.github.com/repos/100devs/todo-mvc/issues/16/reactions",
            "total_count": 0,
            "+1": 0,
            "-1": 0,
            "laugh": 0,
            "hooray": 0,
            "confused": 0,
            "heart": 0,
            "rocket": 0,
            "eyes": 0
        },
        "timeline_url": "https://api.github.com/repos/100devs/todo-mvc/issues/16/timeline",
        "performed_via_github_app": null,
        "state_reason": null
    },
    {
        "url": "https://api.github.com/repos/100devs/todo-mvc/issues/15",
        "repository_url": "https://api.github.com/repos/100devs/todo-mvc",
        "labels_url": "https://api.github.com/repos/100devs/todo-mvc/issues/15/labels{/name}",
        "comments_url": "https://api.github.com/repos/100devs/todo-mvc/issues/15/comments",
        "events_url": "https://api.github.com/repos/100devs/todo-mvc/issues/15/events",
        "html_url": "https://github.com/100devs/todo-mvc/pull/15",
        "id": 855355100,
        "node_id": "MDExOlB1bGxSZXF1ZXN0NjEzMTA5NzUx",
        "number": 15,
        "title": "Create README.md",
        "user": {
            "login": "meera-ramesh19",
            "id": 46873861,
            "node_id": "MDQ6VXNlcjQ2ODczODYx",
            "avatar_url": "https://avatars.githubusercontent.com/u/46873861?v=4",
            "gravatar_id": "",
            "url": "https://api.github.com/users/meera-ramesh19",
            "html_url": "https://github.com/meera-ramesh19",
            "followers_url": "https://api.github.com/users/meera-ramesh19/followers",
            "following_url": "https://api.github.com/users/meera-ramesh19/following{/other_user}",
            "gists_url": "https://api.github.com/users/meera-ramesh19/gists{/gist_id}",
            "starred_url": "https://api.github.com/users/meera-ramesh19/starred{/owner}{/repo}",
            "subscriptions_url": "https://api.github.com/users/meera-ramesh19/subscriptions",
            "organizations_url": "https://api.github.com/users/meera-ramesh19/orgs",
            "repos_url": "https://api.github.com/users/meera-ramesh19/repos",
            "events_url": "https://api.github.com/users/meera-ramesh19/events{/privacy}",
            "received_events_url": "https://api.github.com/users/meera-ramesh19/received_events",
            "type": "User",
            "user_view_type": "public",
            "site_admin": false
        },
        "labels": [],
        "state": "open",
        "locked": false,
        "assignee": null,
        "assignees": [],
        "milestone": null,
        "comments": 0,
        "created_at": "2021-04-11T16:59:11Z",
        "updated_at": "2021-04-11T21:37:22Z",
        "closed_at": null,
        "author_association": "NONE",
        "sub_issues_summary": {
            "total": 0,
            "completed": 0,
            "percent_completed": 0
        },
        "active_lock_reason": null,
        "draft": false,
        "pull_request": {
            "url": "https://api.github.com/repos/100devs/todo-mvc/pulls/15",
            "html_url": "https://github.com/100devs/todo-mvc/pull/15",
            "diff_url": "https://github.com/100devs/todo-mvc/pull/15.diff",
            "patch_url": "https://github.com/100devs/todo-mvc/pull/15.patch",
            "merged_at": null
        },
        "body": "MVC Slide presentation",
        "closed_by": null,
        "reactions": {
            "url": "https://api.github.com/repos/100devs/todo-mvc/issues/15/reactions",
            "total_count": 0,
            "+1": 0,
            "-1": 0,
            "laugh": 0,
            "hooray": 0,
            "confused": 0,
            "heart": 0,
            "rocket": 0,
            "eyes": 0
        },
        "timeline_url": "https://api.github.com/repos/100devs/todo-mvc/issues/15/timeline",
        "performed_via_github_app": null,
        "state_reason": null
    },
    {
        "url": "https://api.github.com/repos/100devs/todo-mvc/issues/14",
        "repository_url": "https://api.github.com/repos/100devs/todo-mvc",
        "labels_url": "https://api.github.com/repos/100devs/todo-mvc/issues/14/labels{/name}",
        "comments_url": "https://api.github.com/repos/100devs/todo-mvc/issues/14/comments",
        "events_url": "https://api.github.com/repos/100devs/todo-mvc/issues/14/events",
        "html_url": "https://github.com/100devs/todo-mvc/pull/14",
        "id": 855353057,
        "node_id": "MDExOlB1bGxSZXF1ZXN0NjEzMTA4MzI4",
        "number": 14,
        "title": "Create README.md",
        "user": {
            "login": "ryanboothforever",
            "id": 68827179,
            "node_id": "MDQ6VXNlcjY4ODI3MTc5",
            "avatar_url": "https://avatars.githubusercontent.com/u/68827179?v=4",
            "gravatar_id": "",
            "url": "https://api.github.com/users/ryanboothforever",
            "html_url": "https://github.com/ryanboothforever",
            "followers_url": "https://api.github.com/users/ryanboothforever/followers",
            "following_url": "https://api.github.com/users/ryanboothforever/following{/other_user}",
            "gists_url": "https://api.github.com/users/ryanboothforever/gists{/gist_id}",
            "starred_url": "https://api.github.com/users/ryanboothforever/starred{/owner}{/repo}",
            "subscriptions_url": "https://api.github.com/users/ryanboothforever/subscriptions",
            "organizations_url": "https://api.github.com/users/ryanboothforever/orgs",
            "repos_url": "https://api.github.com/users/ryanboothforever/repos",
            "events_url": "https://api.github.com/users/ryanboothforever/events{/privacy}",
            "received_events_url": "https://api.github.com/users/ryanboothforever/received_events",
            "type": "User",
            "user_view_type": "public",
            "site_admin": false
        },
        "labels": [],
        "state": "open",
        "locked": false,
        "assignee": null,
        "assignees": [],
        "milestone": null,
        "comments": 0,
        "created_at": "2021-04-11T16:50:25Z",
        "updated_at": "2021-04-11T16:50:38Z",
        "closed_at": null,
        "author_association": "NONE",
        "sub_issues_summary": {
            "total": 0,
            "completed": 0,
            "percent_completed": 0
        },
        "active_lock_reason": null,
        "draft": false,
        "pull_request": {
            "url": "https://api.github.com/repos/100devs/todo-mvc/pulls/14",
            "html_url": "https://github.com/100devs/todo-mvc/pull/14",
            "diff_url": "https://github.com/100devs/todo-mvc/pull/14.diff",
            "patch_url": "https://github.com/100devs/todo-mvc/pull/14.patch",
            "merged_at": null
        },
        "body": "@briantoothe\r\nhttps://slides.com/ryanbooth/deck",
        "closed_by": null,
        "reactions": {
            "url": "https://api.github.com/repos/100devs/todo-mvc/issues/14/reactions",
            "total_count": 0,
            "+1": 0,
            "-1": 0,
            "laugh": 0,
            "hooray": 0,
            "confused": 0,
            "heart": 0,
            "rocket": 0,
            "eyes": 0
        },
        "timeline_url": "https://api.github.com/repos/100devs/todo-mvc/issues/14/timeline",
        "performed_via_github_app": null,
        "state_reason": null
    },
    {
        "url": "https://api.github.com/repos/100devs/todo-mvc/issues/13",
        "repository_url": "https://api.github.com/repos/100devs/todo-mvc",
        "labels_url": "https://api.github.com/repos/100devs/todo-mvc/issues/13/labels{/name}",
        "comments_url": "https://api.github.com/repos/100devs/todo-mvc/issues/13/comments",
        "events_url": "https://api.github.com/repos/100devs/todo-mvc/issues/13/events",
        "html_url": "https://github.com/100devs/todo-mvc/pull/13",
        "id": 855352658,
        "node_id": "MDExOlB1bGxSZXF1ZXN0NjEzMTA4MDMw",
        "number": 13,
        "title": "MVC SLIDESHOW!",
        "user": {
            "login": "JenniferToops",
            "id": 50176611,
            "node_id": "MDQ6VXNlcjUwMTc2NjEx",
            "avatar_url": "https://avatars.githubusercontent.com/u/50176611?v=4",
            "gravatar_id": "",
            "url": "https://api.github.com/users/JenniferToops",
            "html_url": "https://github.com/JenniferToops",
            "followers_url": "https://api.github.com/users/JenniferToops/followers",
            "following_url": "https://api.github.com/users/JenniferToops/following{/other_user}",
            "gists_url": "https://api.github.com/users/JenniferToops/gists{/gist_id}",
            "starred_url": "https://api.github.com/users/JenniferToops/starred{/owner}{/repo}",
            "subscriptions_url": "https://api.github.com/users/JenniferToops/subscriptions",
            "organizations_url": "https://api.github.com/users/JenniferToops/orgs",
            "repos_url": "https://api.github.com/users/JenniferToops/repos",
            "events_url": "https://api.github.com/users/JenniferToops/events{/privacy}",
            "received_events_url": "https://api.github.com/users/JenniferToops/received_events",
            "type": "User",
            "user_view_type": "public",
            "site_admin": false
        },
        "labels": [],
        "state": "open",
        "locked": false,
        "assignee": null,
        "assignees": [],
        "milestone": null,
        "comments": 0,
        "created_at": "2021-04-11T16:48:34Z",
        "updated_at": "2021-04-11T16:48:34Z",
        "closed_at": null,
        "author_association": "NONE",
        "sub_issues_summary": {
            "total": 0,
            "completed": 0,
            "percent_completed": 0
        },
        "active_lock_reason": null,
        "draft": false,
        "pull_request": {
            "url": "https://api.github.com/repos/100devs/todo-mvc/pulls/13",
            "html_url": "https://github.com/100devs/todo-mvc/pull/13",
            "diff_url": "https://github.com/100devs/todo-mvc/pull/13.diff",
            "patch_url": "https://github.com/100devs/todo-mvc/pull/13.patch",
            "merged_at": null
        },
        "body": "SPECTACULAR MVC SLIDESHOW! SPENT MY WHOLE WEEKEND ON THIS! MACHI-CAM!!!!!",
        "closed_by": null,
        "reactions": {
            "url": "https://api.github.com/repos/100devs/todo-mvc/issues/13/reactions",
            "total_count": 0,
            "+1": 0,
            "-1": 0,
            "laugh": 0,
            "hooray": 0,
            "confused": 0,
            "heart": 0,
            "rocket": 0,
            "eyes": 0
        },
        "timeline_url": "https://api.github.com/repos/100devs/todo-mvc/issues/13/timeline",
        "performed_via_github_app": null,
        "state_reason": null
    },
    {
        "url": "https://api.github.com/repos/100devs/todo-mvc/issues/12",
        "repository_url": "https://api.github.com/repos/100devs/todo-mvc",
        "labels_url": "https://api.github.com/repos/100devs/todo-mvc/issues/12/labels{/name}",
        "comments_url": "https://api.github.com/repos/100devs/todo-mvc/issues/12/comments",
        "events_url": "https://api.github.com/repos/100devs/todo-mvc/issues/12/events",
        "html_url": "https://github.com/100devs/todo-mvc/pull/12",
        "id": 855351635,
        "node_id": "MDExOlB1bGxSZXF1ZXN0NjEzMTA3MjYx",
        "number": 12,
        "title": "Create README.md",
        "user": {
            "login": "Salgado3",
            "id": 59144373,
            "node_id": "MDQ6VXNlcjU5MTQ0Mzcz",
            "avatar_url": "https://avatars.githubusercontent.com/u/59144373?v=4",
            "gravatar_id": "",
            "url": "https://api.github.com/users/Salgado3",
            "html_url": "https://github.com/Salgado3",
            "followers_url": "https://api.github.com/users/Salgado3/followers",
            "following_url": "https://api.github.com/users/Salgado3/following{/other_user}",
            "gists_url": "https://api.github.com/users/Salgado3/gists{/gist_id}",
            "starred_url": "https://api.github.com/users/Salgado3/starred{/owner}{/repo}",
            "subscriptions_url": "https://api.github.com/users/Salgado3/subscriptions",
            "organizations_url": "https://api.github.com/users/Salgado3/orgs",
            "repos_url": "https://api.github.com/users/Salgado3/repos",
            "events_url": "https://api.github.com/users/Salgado3/events{/privacy}",
            "received_events_url": "https://api.github.com/users/Salgado3/received_events",
            "type": "User",
            "user_view_type": "public",
            "site_admin": false
        },
        "labels": [],
        "state": "open",
        "locked": false,
        "assignee": null,
        "assignees": [],
        "milestone": null,
        "comments": 1,
        "created_at": "2021-04-11T16:43:39Z",
        "updated_at": "2021-04-13T16:25:05Z",
        "closed_at": null,
        "author_association": "NONE",
        "sub_issues_summary": {
            "total": 0,
            "completed": 0,
            "percent_completed": 0
        },
        "active_lock_reason": null,
        "draft": false,
        "pull_request": {
            "url": "https://api.github.com/repos/100devs/todo-mvc/pulls/12",
            "html_url": "https://github.com/100devs/todo-mvc/pull/12",
            "diff_url": "https://github.com/100devs/todo-mvc/pull/12.diff",
            "patch_url": "https://github.com/100devs/todo-mvc/pull/12.patch",
            "merged_at": null
        },
        "body": "Created slides. Put link in Readme - not fully completed. Will finalize today/tomorrow. Sent message in discord with reason why. ",
        "closed_by": null,
        "reactions": {
            "url": "https://api.github.com/repos/100devs/todo-mvc/issues/12/reactions",
            "total_count": 0,
            "+1": 0,
            "-1": 0,
            "laugh": 0,
            "hooray": 0,
            "confused": 0,
            "heart": 0,
            "rocket": 0,
            "eyes": 0
        },
        "timeline_url": "https://api.github.com/repos/100devs/todo-mvc/issues/12/timeline",
        "performed_via_github_app": null,
        "state_reason": null
    },
    {
        "url": "https://api.github.com/repos/100devs/todo-mvc/issues/11",
        "repository_url": "https://api.github.com/repos/100devs/todo-mvc",
        "labels_url": "https://api.github.com/repos/100devs/todo-mvc/issues/11/labels{/name}",
        "comments_url": "https://api.github.com/repos/100devs/todo-mvc/issues/11/comments",
        "events_url": "https://api.github.com/repos/100devs/todo-mvc/issues/11/events",
        "html_url": "https://github.com/100devs/todo-mvc/pull/11",
        "id": 855344283,
        "node_id": "MDExOlB1bGxSZXF1ZXN0NjEzMTAxNjgw",
        "number": 11,
        "title": "slide submission",
        "user": {
            "login": "missycoop",
            "id": 73042309,
            "node_id": "MDQ6VXNlcjczMDQyMzA5",
            "avatar_url": "https://avatars.githubusercontent.com/u/73042309?v=4",
            "gravatar_id": "",
            "url": "https://api.github.com/users/missycoop",
            "html_url": "https://github.com/missycoop",
            "followers_url": "https://api.github.com/users/missycoop/followers",
            "following_url": "https://api.github.com/users/missycoop/following{/other_user}",
            "gists_url": "https://api.github.com/users/missycoop/gists{/gist_id}",
            "starred_url": "https://api.github.com/users/missycoop/starred{/owner}{/repo}",
            "subscriptions_url": "https://api.github.com/users/missycoop/subscriptions",
            "organizations_url": "https://api.github.com/users/missycoop/orgs",
            "repos_url": "https://api.github.com/users/missycoop/repos",
            "events_url": "https://api.github.com/users/missycoop/events{/privacy}",
            "received_events_url": "https://api.github.com/users/missycoop/received_events",
            "type": "User",
            "user_view_type": "public",
            "site_admin": false
        },
        "labels": [],
        "state": "open",
        "locked": false,
        "assignee": null,
        "assignees": [],
        "milestone": null,
        "comments": 0,
        "created_at": "2021-04-11T16:09:58Z",
        "updated_at": "2021-04-11T16:09:58Z",
        "closed_at": null,
        "author_association": "NONE",
        "sub_issues_summary": {
            "total": 0,
            "completed": 0,
            "percent_completed": 0
        },
        "active_lock_reason": null,
        "draft": false,
        "pull_request": {
            "url": "https://api.github.com/repos/100devs/todo-mvc/pulls/11",
            "html_url": "https://github.com/100devs/todo-mvc/pull/11",
            "diff_url": "https://github.com/100devs/todo-mvc/pull/11.diff",
            "patch_url": "https://github.com/100devs/todo-mvc/pull/11.patch",
            "merged_at": null
        },
        "body": "slide submission",
        "closed_by": null,
        "reactions": {
            "url": "https://api.github.com/repos/100devs/todo-mvc/issues/11/reactions",
            "total_count": 0,
            "+1": 0,
            "-1": 0,
            "laugh": 0,
            "hooray": 0,
            "confused": 0,
            "heart": 0,
            "rocket": 0,
            "eyes": 0
        },
        "timeline_url": "https://api.github.com/repos/100devs/todo-mvc/issues/11/timeline",
        "performed_via_github_app": null,
        "state_reason": null
    },
    {
        "url": "https://api.github.com/repos/100devs/todo-mvc/issues/10",
        "repository_url": "https://api.github.com/repos/100devs/todo-mvc",
        "labels_url": "https://api.github.com/repos/100devs/todo-mvc/issues/10/labels{/name}",
        "comments_url": "https://api.github.com/repos/100devs/todo-mvc/issues/10/comments",
        "events_url": "https://api.github.com/repos/100devs/todo-mvc/issues/10/events",
        "html_url": "https://github.com/100devs/todo-mvc/pull/10",
        "id": 855331587,
        "node_id": "MDExOlB1bGxSZXF1ZXN0NjEzMDkyMzM3",
        "number": 10,
        "title": "added link to slides",
        "user": {
            "login": "katkava",
            "id": 68730265,
            "node_id": "MDQ6VXNlcjY4NzMwMjY1",
            "avatar_url": "https://avatars.githubusercontent.com/u/68730265?v=4",
            "gravatar_id": "",
            "url": "https://api.github.com/users/katkava",
            "html_url": "https://github.com/katkava",
            "followers_url": "https://api.github.com/users/katkava/followers",
            "following_url": "https://api.github.com/users/katkava/following{/other_user}",
            "gists_url": "https://api.github.com/users/katkava/gists{/gist_id}",
            "starred_url": "https://api.github.com/users/katkava/starred{/owner}{/repo}",
            "subscriptions_url": "https://api.github.com/users/katkava/subscriptions",
            "organizations_url": "https://api.github.com/users/katkava/orgs",
            "repos_url": "https://api.github.com/users/katkava/repos",
            "events_url": "https://api.github.com/users/katkava/events{/privacy}",
            "received_events_url": "https://api.github.com/users/katkava/received_events",
            "type": "User",
            "user_view_type": "public",
            "site_admin": false
        },
        "labels": [],
        "state": "open",
        "locked": false,
        "assignee": null,
        "assignees": [],
        "milestone": null,
        "comments": 1,
        "created_at": "2021-04-11T15:14:22Z",
        "updated_at": "2021-04-11T15:17:42Z",
        "closed_at": null,
        "author_association": "NONE",
        "sub_issues_summary": {
            "total": 0,
            "completed": 0,
            "percent_completed": 0
        },
        "active_lock_reason": null,
        "draft": false,
        "pull_request": {
            "url": "https://api.github.com/repos/100devs/todo-mvc/pulls/10",
            "html_url": "https://github.com/100devs/todo-mvc/pull/10",
            "diff_url": "https://github.com/100devs/todo-mvc/pull/10.diff",
            "patch_url": "https://github.com/100devs/todo-mvc/pull/10.patch",
            "merged_at": null
        },
        "body": "I didn't sleep all night to create this dramatic masterpiece for your pleasure Leon. I may not be as smart as Dab, but I tried to do my best with creativity\r\nhttps://docs.google.com/presentation/d/1dbqph0Zj_4dxbZ-IvJSw0dg0GrC_fPMa5C22TdKcB5g/edit?usp=sharing",
        "closed_by": null,
        "reactions": {
            "url": "https://api.github.com/repos/100devs/todo-mvc/issues/10/reactions",
            "total_count": 0,
            "+1": 0,
            "-1": 0,
            "laugh": 0,
            "hooray": 0,
            "confused": 0,
            "heart": 0,
            "rocket": 0,
            "eyes": 0
        },
        "timeline_url": "https://api.github.com/repos/100devs/todo-mvc/issues/10/timeline",
        "performed_via_github_app": null,
        "state_reason": null
    },
    {
        "url": "https://api.github.com/repos/100devs/todo-mvc/issues/9",
        "repository_url": "https://api.github.com/repos/100devs/todo-mvc",
        "labels_url": "https://api.github.com/repos/100devs/todo-mvc/issues/9/labels{/name}",
        "comments_url": "https://api.github.com/repos/100devs/todo-mvc/issues/9/comments",
        "events_url": "https://api.github.com/repos/100devs/todo-mvc/issues/9/events",
        "html_url": "https://github.com/100devs/todo-mvc/pull/9",
        "id": 855330973,
        "node_id": "MDExOlB1bGxSZXF1ZXN0NjEzMDkxODYw",
        "number": 9,
        "title": "mvc slides",
        "user": {
            "login": "robregan",
            "id": 78449078,
            "node_id": "MDQ6VXNlcjc4NDQ5MDc4",
            "avatar_url": "https://avatars.githubusercontent.com/u/78449078?v=4",
            "gravatar_id": "",
            "url": "https://api.github.com/users/robregan",
            "html_url": "https://github.com/robregan",
            "followers_url": "https://api.github.com/users/robregan/followers",
            "following_url": "https://api.github.com/users/robregan/following{/other_user}",
            "gists_url": "https://api.github.com/users/robregan/gists{/gist_id}",
            "starred_url": "https://api.github.com/users/robregan/starred{/owner}{/repo}",
            "subscriptions_url": "https://api.github.com/users/robregan/subscriptions",
            "organizations_url": "https://api.github.com/users/robregan/orgs",
            "repos_url": "https://api.github.com/users/robregan/repos",
            "events_url": "https://api.github.com/users/robregan/events{/privacy}",
            "received_events_url": "https://api.github.com/users/robregan/received_events",
            "type": "User",
            "user_view_type": "public",
            "site_admin": false
        },
        "labels": [],
        "state": "open",
        "locked": false,
        "assignee": null,
        "assignees": [],
        "milestone": null,
        "comments": 0,
        "created_at": "2021-04-11T15:11:52Z",
        "updated_at": "2021-04-11T15:11:52Z",
        "closed_at": null,
        "author_association": "NONE",
        "sub_issues_summary": {
            "total": 0,
            "completed": 0,
            "percent_completed": 0
        },
        "active_lock_reason": null,
        "draft": false,
        "pull_request": {
            "url": "https://api.github.com/repos/100devs/todo-mvc/pulls/9",
            "html_url": "https://github.com/100devs/todo-mvc/pull/9",
            "diff_url": "https://github.com/100devs/todo-mvc/pull/9.diff",
            "patch_url": "https://github.com/100devs/todo-mvc/pull/9.patch",
            "merged_at": null
        },
        "body": "added readme with link to slides",
        "closed_by": null,
        "reactions": {
            "url": "https://api.github.com/repos/100devs/todo-mvc/issues/9/reactions",
            "total_count": 0,
            "+1": 0,
            "-1": 0,
            "laugh": 0,
            "hooray": 0,
            "confused": 0,
            "heart": 0,
            "rocket": 0,
            "eyes": 0
        },
        "timeline_url": "https://api.github.com/repos/100devs/todo-mvc/issues/9/timeline",
        "performed_via_github_app": null,
        "state_reason": null
    },
    {
        "url": "https://api.github.com/repos/100devs/todo-mvc/issues/7",
        "repository_url": "https://api.github.com/repos/100devs/todo-mvc",
        "labels_url": "https://api.github.com/repos/100devs/todo-mvc/issues/7/labels{/name}",
        "comments_url": "https://api.github.com/repos/100devs/todo-mvc/issues/7/comments",
        "events_url": "https://api.github.com/repos/100devs/todo-mvc/issues/7/events",
        "html_url": "https://github.com/100devs/todo-mvc/pull/7",
        "id": 855208510,
        "node_id": "MDExOlB1bGxSZXF1ZXN0NjEzMDAwOTk0",
        "number": 7,
        "title": "Create Readme with link to slides",
        "user": {
            "login": "citizen-snipz",
            "id": 69649840,
            "node_id": "MDQ6VXNlcjY5NjQ5ODQw",
            "avatar_url": "https://avatars.githubusercontent.com/u/69649840?v=4",
            "gravatar_id": "",
            "url": "https://api.github.com/users/citizen-snipz",
            "html_url": "https://github.com/citizen-snipz",
            "followers_url": "https://api.github.com/users/citizen-snipz/followers",
            "following_url": "https://api.github.com/users/citizen-snipz/following{/other_user}",
            "gists_url": "https://api.github.com/users/citizen-snipz/gists{/gist_id}",
            "starred_url": "https://api.github.com/users/citizen-snipz/starred{/owner}{/repo}",
            "subscriptions_url": "https://api.github.com/users/citizen-snipz/subscriptions",
            "organizations_url": "https://api.github.com/users/citizen-snipz/orgs",
            "repos_url": "https://api.github.com/users/citizen-snipz/repos",
            "events_url": "https://api.github.com/users/citizen-snipz/events{/privacy}",
            "received_events_url": "https://api.github.com/users/citizen-snipz/received_events",
            "type": "User",
            "user_view_type": "public",
            "site_admin": false
        },
        "labels": [],
        "state": "open",
        "locked": false,
        "assignee": null,
        "assignees": [],
        "milestone": null,
        "comments": 0,
        "created_at": "2021-04-11T03:25:55Z",
        "updated_at": "2021-04-11T03:55:03Z",
        "closed_at": null,
        "author_association": "NONE",
        "sub_issues_summary": {
            "total": 0,
            "completed": 0,
            "percent_completed": 0
        },
        "active_lock_reason": null,
        "draft": false,
        "pull_request": {
            "url": "https://api.github.com/repos/100devs/todo-mvc/pulls/7",
            "html_url": "https://github.com/100devs/todo-mvc/pull/7",
            "diff_url": "https://github.com/100devs/todo-mvc/pull/7.diff",
            "patch_url": "https://github.com/100devs/todo-mvc/pull/7.patch",
            "merged_at": null
        },
        "body": "No changes to files, just linked my slides in the Readme",
        "closed_by": null,
        "reactions": {
            "url": "https://api.github.com/repos/100devs/todo-mvc/issues/7/reactions",
            "total_count": 0,
            "+1": 0,
            "-1": 0,
            "laugh": 0,
            "hooray": 0,
            "confused": 0,
            "heart": 0,
            "rocket": 0,
            "eyes": 0
        },
        "timeline_url": "https://api.github.com/repos/100devs/todo-mvc/issues/7/timeline",
        "performed_via_github_app": null,
        "state_reason": null
    },
    {
        "url": "https://api.github.com/repos/100devs/todo-mvc/issues/6",
        "repository_url": "https://api.github.com/repos/100devs/todo-mvc",
        "labels_url": "https://api.github.com/repos/100devs/todo-mvc/issues/6/labels{/name}",
        "comments_url": "https://api.github.com/repos/100devs/todo-mvc/issues/6/comments",
        "events_url": "https://api.github.com/repos/100devs/todo-mvc/issues/6/events",
        "html_url": "https://github.com/100devs/todo-mvc/pull/6",
        "id": 855203471,
        "node_id": "MDExOlB1bGxSZXF1ZXN0NjEyOTk3Mjgy",
        "number": 6,
        "title": "added readme",
        "user": {
            "login": "bobbi-henderson",
            "id": 53631608,
            "node_id": "MDQ6VXNlcjUzNjMxNjA4",
            "avatar_url": "https://avatars.githubusercontent.com/u/53631608?v=4",
            "gravatar_id": "",
            "url": "https://api.github.com/users/bobbi-henderson",
            "html_url": "https://github.com/bobbi-henderson",
            "followers_url": "https://api.github.com/users/bobbi-henderson/followers",
            "following_url": "https://api.github.com/users/bobbi-henderson/following{/other_user}",
            "gists_url": "https://api.github.com/users/bobbi-henderson/gists{/gist_id}",
            "starred_url": "https://api.github.com/users/bobbi-henderson/starred{/owner}{/repo}",
            "subscriptions_url": "https://api.github.com/users/bobbi-henderson/subscriptions",
            "organizations_url": "https://api.github.com/users/bobbi-henderson/orgs",
            "repos_url": "https://api.github.com/users/bobbi-henderson/repos",
            "events_url": "https://api.github.com/users/bobbi-henderson/events{/privacy}",
            "received_events_url": "https://api.github.com/users/bobbi-henderson/received_events",
            "type": "User",
            "user_view_type": "public",
            "site_admin": false
        },
        "labels": [],
        "state": "open",
        "locked": false,
        "assignee": null,
        "assignees": [],
        "milestone": null,
        "comments": 0,
        "created_at": "2021-04-11T02:43:07Z",
        "updated_at": "2021-04-11T02:43:07Z",
        "closed_at": null,
        "author_association": "NONE",
        "sub_issues_summary": {
            "total": 0,
            "completed": 0,
            "percent_completed": 0
        },
        "active_lock_reason": null,
        "draft": false,
        "pull_request": {
            "url": "https://api.github.com/repos/100devs/todo-mvc/pulls/6",
            "html_url": "https://github.com/100devs/todo-mvc/pull/6",
            "diff_url": "https://github.com/100devs/todo-mvc/pull/6.diff",
            "patch_url": "https://github.com/100devs/todo-mvc/pull/6.patch",
            "merged_at": null
        },
        "body": "",
        "closed_by": null,
        "reactions": {
            "url": "https://api.github.com/repos/100devs/todo-mvc/issues/6/reactions",
            "total_count": 0,
            "+1": 0,
            "-1": 0,
            "laugh": 0,
            "hooray": 0,
            "confused": 0,
            "heart": 0,
            "rocket": 0,
            "eyes": 0
        },
        "timeline_url": "https://api.github.com/repos/100devs/todo-mvc/issues/6/timeline",
        "performed_via_github_app": null,
        "state_reason": null
    },
    {
        "url": "https://api.github.com/repos/100devs/todo-mvc/issues/5",
        "repository_url": "https://api.github.com/repos/100devs/todo-mvc",
        "labels_url": "https://api.github.com/repos/100devs/todo-mvc/issues/5/labels{/name}",
        "comments_url": "https://api.github.com/repos/100devs/todo-mvc/issues/5/comments",
        "events_url": "https://api.github.com/repos/100devs/todo-mvc/issues/5/events",
        "html_url": "https://github.com/100devs/todo-mvc/pull/5",
        "id": 855165265,
        "node_id": "MDExOlB1bGxSZXF1ZXN0NjEyOTcwNTQy",
        "number": 5,
        "title": "Create readme.md",
        "user": {
            "login": "smcdev831",
            "id": 73855060,
            "node_id": "MDQ6VXNlcjczODU1MDYw",
            "avatar_url": "https://avatars.githubusercontent.com/u/73855060?v=4",
            "gravatar_id": "",
            "url": "https://api.github.com/users/smcdev831",
            "html_url": "https://github.com/smcdev831",
            "followers_url": "https://api.github.com/users/smcdev831/followers",
            "following_url": "https://api.github.com/users/smcdev831/following{/other_user}",
            "gists_url": "https://api.github.com/users/smcdev831/gists{/gist_id}",
            "starred_url": "https://api.github.com/users/smcdev831/starred{/owner}{/repo}",
            "subscriptions_url": "https://api.github.com/users/smcdev831/subscriptions",
            "organizations_url": "https://api.github.com/users/smcdev831/orgs",
            "repos_url": "https://api.github.com/users/smcdev831/repos",
            "events_url": "https://api.github.com/users/smcdev831/events{/privacy}",
            "received_events_url": "https://api.github.com/users/smcdev831/received_events",
            "type": "User",
            "user_view_type": "public",
            "site_admin": false
        },
        "labels": [],
        "state": "open",
        "locked": false,
        "assignee": null,
        "assignees": [],
        "milestone": null,
        "comments": 0,
        "created_at": "2021-04-10T22:03:41Z",
        "updated_at": "2021-04-10T22:03:41Z",
        "closed_at": null,
        "author_association": "NONE",
        "sub_issues_summary": {
            "total": 0,
            "completed": 0,
            "percent_completed": 0
        },
        "active_lock_reason": null,
        "draft": false,
        "pull_request": {
            "url": "https://api.github.com/repos/100devs/todo-mvc/pulls/5",
            "html_url": "https://github.com/100devs/todo-mvc/pull/5",
            "diff_url": "https://github.com/100devs/todo-mvc/pull/5.diff",
            "patch_url": "https://github.com/100devs/todo-mvc/pull/5.patch",
            "merged_at": null
        },
        "body": "The link to my slides. :)\r\n\r\nhttps://slides.com/susurrate/yo-mvc\r\n\r\nEnjoy!",
        "closed_by": null,
        "reactions": {
            "url": "https://api.github.com/repos/100devs/todo-mvc/issues/5/reactions",
            "total_count": 0,
            "+1": 0,
            "-1": 0,
            "laugh": 0,
            "hooray": 0,
            "confused": 0,
            "heart": 0,
            "rocket": 0,
            "eyes": 0
        },
        "timeline_url": "https://api.github.com/repos/100devs/todo-mvc/issues/5/timeline",
        "performed_via_github_app": null,
        "state_reason": null
    },
    {
        "url": "https://api.github.com/repos/100devs/todo-mvc/issues/4",
        "repository_url": "https://api.github.com/repos/100devs/todo-mvc",
        "labels_url": "https://api.github.com/repos/100devs/todo-mvc/issues/4/labels{/name}",
        "comments_url": "https://api.github.com/repos/100devs/todo-mvc/issues/4/comments",
        "events_url": "https://api.github.com/repos/100devs/todo-mvc/issues/4/events",
        "html_url": "https://github.com/100devs/todo-mvc/pull/4",
        "id": 855124882,
        "node_id": "MDExOlB1bGxSZXF1ZXN0NjEyOTQwNzg5",
        "number": 4,
        "title": "README.md with link to slides",
        "user": {
            "login": "mpfdev",
            "id": 3597634,
            "node_id": "MDQ6VXNlcjM1OTc2MzQ=",
            "avatar_url": "https://avatars.githubusercontent.com/u/3597634?v=4",
            "gravatar_id": "",
            "url": "https://api.github.com/users/mpfdev",
            "html_url": "https://github.com/mpfdev",
            "followers_url": "https://api.github.com/users/mpfdev/followers",
            "following_url": "https://api.github.com/users/mpfdev/following{/other_user}",
            "gists_url": "https://api.github.com/users/mpfdev/gists{/gist_id}",
            "starred_url": "https://api.github.com/users/mpfdev/starred{/owner}{/repo}",
            "subscriptions_url": "https://api.github.com/users/mpfdev/subscriptions",
            "organizations_url": "https://api.github.com/users/mpfdev/orgs",
            "repos_url": "https://api.github.com/users/mpfdev/repos",
            "events_url": "https://api.github.com/users/mpfdev/events{/privacy}",
            "received_events_url": "https://api.github.com/users/mpfdev/received_events",
            "type": "User",
            "user_view_type": "public",
            "site_admin": false
        },
        "labels": [],
        "state": "open",
        "locked": false,
        "assignee": null,
        "assignees": [],
        "milestone": null,
        "comments": 0,
        "created_at": "2021-04-10T18:08:41Z",
        "updated_at": "2021-04-10T18:08:41Z",
        "closed_at": null,
        "author_association": "NONE",
        "sub_issues_summary": {
            "total": 0,
            "completed": 0,
            "percent_completed": 0
        },
        "active_lock_reason": null,
        "draft": false,
        "pull_request": {
            "url": "https://api.github.com/repos/100devs/todo-mvc/pulls/4",
            "html_url": "https://github.com/100devs/todo-mvc/pull/4",
            "diff_url": "https://github.com/100devs/todo-mvc/pull/4.diff",
            "patch_url": "https://github.com/100devs/todo-mvc/pull/4.patch",
            "merged_at": null
        },
        "body": "",
        "closed_by": null,
        "reactions": {
            "url": "https://api.github.com/repos/100devs/todo-mvc/issues/4/reactions",
            "total_count": 0,
            "+1": 0,
            "-1": 0,
            "laugh": 0,
            "hooray": 0,
            "confused": 0,
            "heart": 0,
            "rocket": 0,
            "eyes": 0
        },
        "timeline_url": "https://api.github.com/repos/100devs/todo-mvc/issues/4/timeline",
        "performed_via_github_app": null,
        "state_reason": null
    },
    {
        "url": "https://api.github.com/repos/100devs/todo-mvc/issues/3",
        "repository_url": "https://api.github.com/repos/100devs/todo-mvc",
        "labels_url": "https://api.github.com/repos/100devs/todo-mvc/issues/3/labels{/name}",
        "comments_url": "https://api.github.com/repos/100devs/todo-mvc/issues/3/comments",
        "events_url": "https://api.github.com/repos/100devs/todo-mvc/issues/3/events",
        "html_url": "https://github.com/100devs/todo-mvc/pull/3",
        "id": 855122487,
        "node_id": "MDExOlB1bGxSZXF1ZXN0NjEyOTM4OTk4",
        "number": 3,
        "title": "readme added ",
        "user": {
            "login": "anthonywgonzalez",
            "id": 78221359,
            "node_id": "MDQ6VXNlcjc4MjIxMzU5",
            "avatar_url": "https://avatars.githubusercontent.com/u/78221359?v=4",
            "gravatar_id": "",
            "url": "https://api.github.com/users/anthonywgonzalez",
            "html_url": "https://github.com/anthonywgonzalez",
            "followers_url": "https://api.github.com/users/anthonywgonzalez/followers",
            "following_url": "https://api.github.com/users/anthonywgonzalez/following{/other_user}",
            "gists_url": "https://api.github.com/users/anthonywgonzalez/gists{/gist_id}",
            "starred_url": "https://api.github.com/users/anthonywgonzalez/starred{/owner}{/repo}",
            "subscriptions_url": "https://api.github.com/users/anthonywgonzalez/subscriptions",
            "organizations_url": "https://api.github.com/users/anthonywgonzalez/orgs",
            "repos_url": "https://api.github.com/users/anthonywgonzalez/repos",
            "events_url": "https://api.github.com/users/anthonywgonzalez/events{/privacy}",
            "received_events_url": "https://api.github.com/users/anthonywgonzalez/received_events",
            "type": "User",
            "user_view_type": "public",
            "site_admin": false
        },
        "labels": [],
        "state": "open",
        "locked": false,
        "assignee": null,
        "assignees": [],
        "milestone": null,
        "comments": 0,
        "created_at": "2021-04-10T17:56:24Z",
        "updated_at": "2021-04-10T17:56:24Z",
        "closed_at": null,
        "author_association": "NONE",
        "sub_issues_summary": {
            "total": 0,
            "completed": 0,
            "percent_completed": 0
        },
        "active_lock_reason": null,
        "draft": false,
        "pull_request": {
            "url": "https://api.github.com/repos/100devs/todo-mvc/pulls/3",
            "html_url": "https://github.com/100devs/todo-mvc/pull/3",
            "diff_url": "https://github.com/100devs/todo-mvc/pull/3.diff",
            "patch_url": "https://github.com/100devs/todo-mvc/pull/3.patch",
            "merged_at": null
        },
        "body": "I have added a readme with the link to my slides ",
        "closed_by": null,
        "reactions": {
            "url": "https://api.github.com/repos/100devs/todo-mvc/issues/3/reactions",
            "total_count": 0,
            "+1": 0,
            "-1": 0,
            "laugh": 0,
            "hooray": 0,
            "confused": 0,
            "heart": 0,
            "rocket": 0,
            "eyes": 0
        },
        "timeline_url": "https://api.github.com/repos/100devs/todo-mvc/issues/3/timeline",
        "performed_via_github_app": null,
        "state_reason": null
    },
    {
        "url": "https://api.github.com/repos/100devs/todo-mvc/issues/2",
        "repository_url": "https://api.github.com/repos/100devs/todo-mvc",
        "labels_url": "https://api.github.com/repos/100devs/todo-mvc/issues/2/labels{/name}",
        "comments_url": "https://api.github.com/repos/100devs/todo-mvc/issues/2/comments",
        "events_url": "https://api.github.com/repos/100devs/todo-mvc/issues/2/events",
        "html_url": "https://github.com/100devs/todo-mvc/pull/2",
        "id": 854955432,
        "node_id": "MDExOlB1bGxSZXF1ZXN0NjEyODE0MTUy",
        "number": 2,
        "title": "Crown me the winner already!",
        "user": {
            "login": "GilSolis",
            "id": 57421373,
            "node_id": "MDQ6VXNlcjU3NDIxMzcz",
            "avatar_url": "https://avatars.githubusercontent.com/u/57421373?v=4",
            "gravatar_id": "",
            "url": "https://api.github.com/users/GilSolis",
            "html_url": "https://github.com/GilSolis",
            "followers_url": "https://api.github.com/users/GilSolis/followers",
            "following_url": "https://api.github.com/users/GilSolis/following{/other_user}",
            "gists_url": "https://api.github.com/users/GilSolis/gists{/gist_id}",
            "starred_url": "https://api.github.com/users/GilSolis/starred{/owner}{/repo}",
            "subscriptions_url": "https://api.github.com/users/GilSolis/subscriptions",
            "organizations_url": "https://api.github.com/users/GilSolis/orgs",
            "repos_url": "https://api.github.com/users/GilSolis/repos",
            "events_url": "https://api.github.com/users/GilSolis/events{/privacy}",
            "received_events_url": "https://api.github.com/users/GilSolis/received_events",
            "type": "User",
            "user_view_type": "public",
            "site_admin": false
        },
        "labels": [],
        "state": "open",
        "locked": false,
        "assignee": null,
        "assignees": [],
        "milestone": null,
        "comments": 0,
        "created_at": "2021-04-10T01:46:58Z",
        "updated_at": "2021-04-10T01:46:58Z",
        "closed_at": null,
        "author_association": "NONE",
        "sub_issues_summary": {
            "total": 0,
            "completed": 0,
            "percent_completed": 0
        },
        "active_lock_reason": null,
        "draft": false,
        "pull_request": {
            "url": "https://api.github.com/repos/100devs/todo-mvc/pulls/2",
            "html_url": "https://github.com/100devs/todo-mvc/pull/2",
            "diff_url": "https://github.com/100devs/todo-mvc/pull/2.diff",
            "patch_url": "https://github.com/100devs/todo-mvc/pull/2.patch",
            "merged_at": null
        },
        "body": "",
        "closed_by": null,
        "reactions": {
            "url": "https://api.github.com/repos/100devs/todo-mvc/issues/2/reactions",
            "total_count": 0,
            "+1": 0,
            "-1": 0,
            "laugh": 0,
            "hooray": 0,
            "confused": 0,
            "heart": 0,
            "rocket": 0,
            "eyes": 0
        },
        "timeline_url": "https://api.github.com/repos/100devs/todo-mvc/issues/2/timeline",
        "performed_via_github_app": null,
        "state_reason": null
    },
    {
        "url": "https://api.github.com/repos/100devs/todo-mvc/issues/1",
        "repository_url": "https://api.github.com/repos/100devs/todo-mvc",
        "labels_url": "https://api.github.com/repos/100devs/todo-mvc/issues/1/labels{/name}",
        "comments_url": "https://api.github.com/repos/100devs/todo-mvc/issues/1/comments",
        "events_url": "https://api.github.com/repos/100devs/todo-mvc/issues/1/events",
        "html_url": "https://github.com/100devs/todo-mvc/pull/1",
        "id": 854891525,
        "node_id": "MDExOlB1bGxSZXF1ZXN0NjEyNzYwMjI3",
        "number": 1,
        "title": "Create README.md",
        "user": {
            "login": "HonduranCoder",
            "id": 76499574,
            "node_id": "MDQ6VXNlcjc2NDk5NTc0",
            "avatar_url": "https://avatars.githubusercontent.com/u/76499574?v=4",
            "gravatar_id": "",
            "url": "https://api.github.com/users/HonduranCoder",
            "html_url": "https://github.com/HonduranCoder",
            "followers_url": "https://api.github.com/users/HonduranCoder/followers",
            "following_url": "https://api.github.com/users/HonduranCoder/following{/other_user}",
            "gists_url": "https://api.github.com/users/HonduranCoder/gists{/gist_id}",
            "starred_url": "https://api.github.com/users/HonduranCoder/starred{/owner}{/repo}",
            "subscriptions_url": "https://api.github.com/users/HonduranCoder/subscriptions",
            "organizations_url": "https://api.github.com/users/HonduranCoder/orgs",
            "repos_url": "https://api.github.com/users/HonduranCoder/repos",
            "events_url": "https://api.github.com/users/HonduranCoder/events{/privacy}",
            "received_events_url": "https://api.github.com/users/HonduranCoder/received_events",
            "type": "User",
            "user_view_type": "public",
            "site_admin": false
        },
        "labels": [],
        "state": "open",
        "locked": false,
        "assignee": null,
        "assignees": [],
        "milestone": null,
        "comments": 1,
        "created_at": "2021-04-09T22:27:34Z",
        "updated_at": "2021-04-11T14:36:44Z",
        "closed_at": null,
        "author_association": "NONE",
        "sub_issues_summary": {
            "total": 0,
            "completed": 0,
            "percent_completed": 0
        },
        "active_lock_reason": null,
        "draft": false,
        "pull_request": {
            "url": "https://api.github.com/repos/100devs/todo-mvc/pulls/1",
            "html_url": "https://github.com/100devs/todo-mvc/pull/1",
            "diff_url": "https://github.com/100devs/todo-mvc/pull/1.diff",
            "patch_url": "https://github.com/100devs/todo-mvc/pull/1.patch",
            "merged_at": null
        },
        "body": "Slides",
        "closed_by": null,
        "reactions": {
            "url": "https://api.github.com/repos/100devs/todo-mvc/issues/1/reactions",
            "total_count": 0,
            "+1": 0,
            "-1": 0,
            "laugh": 0,
            "hooray": 0,
            "confused": 0,
            "heart": 0,
            "rocket": 0,
            "eyes": 0
        },
        "timeline_url": "https://api.github.com/repos/100devs/todo-mvc/issues/1/timeline",
        "performed_via_github_app": null,
        "state_reason": null
    }
]