[
    {
        "url": "https://api.github.com/repos/100devs/course-tracker/issues/136",
        "repository_url": "https://api.github.com/repos/100devs/course-tracker",
        "labels_url": "https://api.github.com/repos/100devs/course-tracker/issues/136/labels{/name}",
        "comments_url": "https://api.github.com/repos/100devs/course-tracker/issues/136/comments",
        "events_url": "https://api.github.com/repos/100devs/course-tracker/issues/136/events",
        "html_url": "https://github.com/100devs/course-tracker/pull/136",
        "id": 1269309156,
        "node_id": "PR_kwDOF7oC4845jikz",
        "number": 136,
        "title": "Fix 100Devs logo in README.md",
        "user": {
            "login": "rahulkarda",
            "id": 76204863,
            "node_id": "MDQ6VXNlcjc2MjA0ODYz",
            "avatar_url": "https://avatars.githubusercontent.com/u/76204863?v=4",
            "gravatar_id": "",
            "url": "https://api.github.com/users/rahulkarda",
            "html_url": "https://github.com/rahulkarda",
            "followers_url": "https://api.github.com/users/rahulkarda/followers",
            "following_url": "https://api.github.com/users/rahulkarda/following{/other_user}",
            "gists_url": "https://api.github.com/users/rahulkarda/gists{/gist_id}",
            "starred_url": "https://api.github.com/users/rahulkarda/starred{/owner}{/repo}",
            "subscriptions_url": "https://api.github.com/users/rahulkarda/subscriptions",
            "organizations_url": "https://api.github.com/users/rahulkarda/orgs",
            "repos_url": "https://api.github.com/users/rahulkarda/repos",
            "events_url": "https://api.github.com/users/rahulkarda/events{/privacy}",
            "received_events_url": "https://api.github.com/users/rahulkarda/received_events",
            "type": "User",
            "user_view_type": "public",
            "site_admin": false
        },
        "labels": [],
        "state": "open",
        "locked": false,
        "assignee": null,
        "assignees": [],
        "milestone": null,
        "comments": 2,
        "created_at": "2022-06-13T11:37:57Z",
        "updated_at": "2022-07-16T09:09:47Z",
        "closed_at": null,
        "author_association": "NONE",
        "sub_issues_summary": {
            "total": 0,
            "completed": 0,
            "percent_completed": 0
        },
        "active_lock_reason": null,
        "draft": false,
        "pull_request": {
            "url": "https://api.github.com/repos/100devs/course-tracker/pulls/136",
            "html_url": "https://github.com/100devs/course-tracker/pull/136",
            "diff_url": "https://github.com/100devs/course-tracker/pull/136.diff",
            "patch_url": "https://github.com/100devs/course-tracker/pull/136.patch",
            "merged_at": null
        },
        "body": "<!-- Hello! Thank you for contributing! -->\r\n\r\n<!-- Please add to the template by writing in place of the comments. -->\r\n\r\n## Type of change\r\n\r\n- [x] Bug fix (non-breaking change which fixes an issue) \r\n- [ ] New feature (non-breaking change which adds functionality)\r\n\r\n## Description\r\nFixed the 100Devs Logo in README.md\r\n\r\n<!--\r\nIf there's a linked issue, feel free to leave this blank. Otherwise, please let us know:\r\n- if your PR has a dependency with another PR\r\n- if merged, what changes would be required to the README instructions (if any)\r\n- any other information that could be helpful\r\n-->\r\n## Questions and concerns \r\n<!-- (Optional)\r\nIf applicable, please include:\r\n- any files and line numbers\r\n- suggestions for a new issue (e.g. if a problem is coming from outside the scope of your ticket's files)\r\n-->\r\n",
        "closed_by": null,
        "reactions": {
            "url": "https://api.github.com/repos/100devs/course-tracker/issues/136/reactions",
            "total_count": 0,
            "+1": 0,
            "-1": 0,
            "laugh": 0,
            "hooray": 0,
            "confused": 0,
            "heart": 0,
            "rocket": 0,
            "eyes": 0
        },
        "timeline_url": "https://api.github.com/repos/100devs/course-tracker/issues/136/timeline",
        "performed_via_github_app": null,
        "state_reason": null
    },
    {
        "url": "https://api.github.com/repos/100devs/course-tracker/issues/134",
        "repository_url": "https://api.github.com/repos/100devs/course-tracker",
        "labels_url": "https://api.github.com/repos/100devs/course-tracker/issues/134/labels{/name}",
        "comments_url": "https://api.github.com/repos/100devs/course-tracker/issues/134/comments",
        "events_url": "https://api.github.com/repos/100devs/course-tracker/issues/134/events",
        "html_url": "https://github.com/100devs/course-tracker/issues/134",
        "id": 1093668361,
        "node_id": "I_kwDOF7oC485BMA4J",
        "number": 134,
        "title": "Task - update css",
        "user": {
            "login": "3dvkr",
            "id": 73614595,
            "node_id": "MDQ6VXNlcjczNjE0NTk1",
            "avatar_url": "https://avatars.githubusercontent.com/u/73614595?v=4",
            "gravatar_id": "",
            "url": "https://api.github.com/users/3dvkr",
            "html_url": "https://github.com/3dvkr",
            "followers_url": "https://api.github.com/users/3dvkr/followers",
            "following_url": "https://api.github.com/users/3dvkr/following{/other_user}",
            "gists_url": "https://api.github.com/users/3dvkr/gists{/gist_id}",
            "starred_url": "https://api.github.com/users/3dvkr/starred{/owner}{/repo}",
            "subscriptions_url": "https://api.github.com/users/3dvkr/subscriptions",
            "organizations_url": "https://api.github.com/users/3dvkr/orgs",
            "repos_url": "https://api.github.com/users/3dvkr/repos",
            "events_url": "https://api.github.com/users/3dvkr/events{/privacy}",
            "received_events_url": "https://api.github.com/users/3dvkr/received_events",
            "type": "User",
            "user_view_type": "public",
            "site_admin": false
        },
        "labels": [],
        "state": "open",
        "locked": false,
        "assignee": null,
        "assignees": [],
        "milestone": null,
        "comments": 1,
        "created_at": "2022-01-04T19:02:51Z",
        "updated_at": "2022-07-07T02:21:03Z",
        "closed_at": null,
        "author_association": "COLLABORATOR",
        "sub_issues_summary": {
            "total": 0,
            "completed": 0,
            "percent_completed": 0
        },
        "active_lock_reason": null,
        "body": "- change colors, fonts, stylings to match the new specs provided\r\n- fix layout issues: \r\n  - editing form is wider than view only posts (look into parent container controlling the widths of PostDiv and FormDiv)\r\n  - look into margins and padding issues with NavBar and CreatePost for different viewports",
        "closed_by": null,
        "reactions": {
            "url": "https://api.github.com/repos/100devs/course-tracker/issues/134/reactions",
            "total_count": 0,
            "+1": 0,
            "-1": 0,
            "laugh": 0,
            "hooray": 0,
            "confused": 0,
            "heart": 0,
            "rocket": 0,
            "eyes": 0
        },
        "timeline_url": "https://api.github.com/repos/100devs/course-tracker/issues/134/timeline",
        "performed_via_github_app": null,
        "state_reason": null
    },
    {
        "url": "https://api.github.com/repos/100devs/course-tracker/issues/128",
        "repository_url": "https://api.github.com/repos/100devs/course-tracker",
        "labels_url": "https://api.github.com/repos/100devs/course-tracker/issues/128/labels{/name}",
        "comments_url": "https://api.github.com/repos/100devs/course-tracker/issues/128/comments",
        "events_url": "https://api.github.com/repos/100devs/course-tracker/issues/128/events",
        "html_url": "https://github.com/100devs/course-tracker/issues/128",
        "id": 1072562832,
        "node_id": "I_kwDOF7oC484_7gKQ",
        "number": 128,
        "title": "Task 128/129 - Improve UX for A11y ",
        "user": {
            "login": "3dvkr",
            "id": 73614595,
            "node_id": "MDQ6VXNlcjczNjE0NTk1",
            "avatar_url": "https://avatars.githubusercontent.com/u/73614595?v=4",
            "gravatar_id": "",
            "url": "https://api.github.com/users/3dvkr",
            "html_url": "https://github.com/3dvkr",
            "followers_url": "https://api.github.com/users/3dvkr/followers",
            "following_url": "https://api.github.com/users/3dvkr/following{/other_user}",
            "gists_url": "https://api.github.com/users/3dvkr/gists{/gist_id}",
            "starred_url": "https://api.github.com/users/3dvkr/starred{/owner}{/repo}",
            "subscriptions_url": "https://api.github.com/users/3dvkr/subscriptions",
            "organizations_url": "https://api.github.com/users/3dvkr/orgs",
            "repos_url": "https://api.github.com/users/3dvkr/repos",
            "events_url": "https://api.github.com/users/3dvkr/events{/privacy}",
            "received_events_url": "https://api.github.com/users/3dvkr/received_events",
            "type": "User",
            "user_view_type": "public",
            "site_admin": false
        },
        "labels": [],
        "state": "open",
        "locked": false,
        "assignee": {
            "login": "TelescopeThieves",
            "id": 63424356,
            "node_id": "MDQ6VXNlcjYzNDI0MzU2",
            "avatar_url": "https://avatars.githubusercontent.com/u/63424356?v=4",
            "gravatar_id": "",
            "url": "https://api.github.com/users/TelescopeThieves",
            "html_url": "https://github.com/TelescopeThieves",
            "followers_url": "https://api.github.com/users/TelescopeThieves/followers",
            "following_url": "https://api.github.com/users/TelescopeThieves/following{/other_user}",
            "gists_url": "https://api.github.com/users/TelescopeThieves/gists{/gist_id}",
            "starred_url": "https://api.github.com/users/TelescopeThieves/starred{/owner}{/repo}",
            "subscriptions_url": "https://api.github.com/users/TelescopeThieves/subscriptions",
            "organizations_url": "https://api.github.com/users/TelescopeThieves/orgs",
            "repos_url": "https://api.github.com/users/TelescopeThieves/repos",
            "events_url": "https://api.github.com/users/TelescopeThieves/events{/privacy}",
            "received_events_url": "https://api.github.com/users/TelescopeThieves/received_events",
            "type": "User",
            "user_view_type": "public",
            "site_admin": false
        },
        "assignees": [
            {
                "login": "TelescopeThieves",
                "id": 63424356,
                "node_id": "MDQ6VXNlcjYzNDI0MzU2",
                "avatar_url": "https://avatars.githubusercontent.com/u/63424356?v=4",
                "gravatar_id": "",
                "url": "https://api.github.com/users/TelescopeThieves",
                "html_url": "https://github.com/TelescopeThieves",
                "followers_url": "https://api.github.com/users/TelescopeThieves/followers",
                "following_url": "https://api.github.com/users/TelescopeThieves/following{/other_user}",
                "gists_url": "https://api.github.com/users/TelescopeThieves/gists{/gist_id}",
                "starred_url": "https://api.github.com/users/TelescopeThieves/starred{/owner}{/repo}",
                "subscriptions_url": "https://api.github.com/users/TelescopeThieves/subscriptions",
                "organizations_url": "https://api.github.com/users/TelescopeThieves/orgs",
                "repos_url": "https://api.github.com/users/TelescopeThieves/repos",
                "events_url": "https://api.github.com/users/TelescopeThieves/events{/privacy}",
                "received_events_url": "https://api.github.com/users/TelescopeThieves/received_events",
                "type": "User",
                "user_view_type": "public",
                "site_admin": false
            },
            {
                "login": "3dvkr",
                "id": 73614595,
                "node_id": "MDQ6VXNlcjczNjE0NTk1",
                "avatar_url": "https://avatars.githubusercontent.com/u/73614595?v=4",
                "gravatar_id": "",
                "url": "https://api.github.com/users/3dvkr",
                "html_url": "https://github.com/3dvkr",
                "followers_url": "https://api.github.com/users/3dvkr/followers",
                "following_url": "https://api.github.com/users/3dvkr/following{/other_user}",
                "gists_url": "https://api.github.com/users/3dvkr/gists{/gist_id}",
                "starred_url": "https://api.github.com/users/3dvkr/starred{/owner}{/repo}",
                "subscriptions_url": "https://api.github.com/users/3dvkr/subscriptions",
                "organizations_url": "https://api.github.com/users/3dvkr/orgs",
                "repos_url": "https://api.github.com/users/3dvkr/repos",
                "events_url": "https://api.github.com/users/3dvkr/events{/privacy}",
                "received_events_url": "https://api.github.com/users/3dvkr/received_events",
                "type": "User",
                "user_view_type": "public",
                "site_admin": false
            },
            {
                "login": "relspeedwagon",
                "id": 74011011,
                "node_id": "MDQ6VXNlcjc0MDExMDEx",
                "avatar_url": "https://avatars.githubusercontent.com/u/74011011?v=4",
                "gravatar_id": "",
                "url": "https://api.github.com/users/relspeedwagon",
                "html_url": "https://github.com/relspeedwagon",
                "followers_url": "https://api.github.com/users/relspeedwagon/followers",
                "following_url": "https://api.github.com/users/relspeedwagon/following{/other_user}",
                "gists_url": "https://api.github.com/users/relspeedwagon/gists{/gist_id}",
                "starred_url": "https://api.github.com/users/relspeedwagon/starred{/owner}{/repo}",
                "subscriptions_url": "https://api.github.com/users/relspeedwagon/subscriptions",
                "organizations_url": "https://api.github.com/users/relspeedwagon/orgs",
                "repos_url": "https://api.github.com/users/relspeedwagon/repos",
                "events_url": "https://api.github.com/users/relspeedwagon/events{/privacy}",
                "received_events_url": "https://api.github.com/users/relspeedwagon/received_events",
                "type": "User",
                "user_view_type": "public",
                "site_admin": false
            }
        ],
        "milestone": null,
        "comments": 1,
        "created_at": "2021-12-06T20:08:54Z",
        "updated_at": "2021-12-15T21:15:43Z",
        "closed_at": null,
        "author_association": "COLLABORATOR",
        "sub_issues_summary": {
            "total": 0,
            "completed": 0,
            "percent_completed": 0
        },
        "active_lock_reason": null,
        "body": "# Summary\r\n## Test and improve UX to address accessibility concerns for visibility and screen readers: \r\n - [x] Set-up ESLint and react-axe to audit accessibility issues (see also browser tools)\r\n - [x] Test/adjust color contrast\r\n - [x] Test/define Aria-labels for buttons/any unclear elements\r\n - [x] Test/define heading levels\r\n - [x] Test/define form-control labels\r\n - [ ] Aria described by for help-text/errors\r\n - [ ] Test/define landmark regions—define using HTML5 elements (1st), or aria roles (2nd)\r\n - [ ] Set focus and refs for page loads/changes\r\n\r\n## Improve UX for Keyboard Navigation\r\n  ### Notes for this section:\r\n  - Look into updating the Week divs to something a more semantic HTML element, (e.g. articles). \r\n  - They should also be tab-able (use tab-order attribute or ARIA)\r\n  - upon focusing, that Week should have an outline to indicate where the users is currently focused (using CSS)\r\n  - look into a way to indicate that each Week post is clickable, and opens the post for that week (depending on scope, this could be its own ticket)\r\n \r\n\r\n# Additional notes\r\nRecommended browser ext's for testing (chrome, firefox also avail):\r\naxe DEVtools\r\nhttps://chrome.google.com/webstore/detail/axe-devtools-web-accessib/lhdoppojpmngadmnindnejefpokejbdd/related\r\ntota11y\r\nhttps://chrome.google.com/webstore/detail/tota11y-plugin-from-khan/oedofneiplgibimfkccchnimiadcmhpe/related\r\nhigh contrast\r\nhttps://chrome.google.com/webstore/detail/high-contrast/djcfdncoelnlbldjfhinnjlhdjlikmph/related\r\naccessible color picker\r\nhttps://chrome.google.com/webstore/detail/accessible-color-picker/bgfhbflmeekopanooidljpnmnljdihld",
        "closed_by": null,
        "reactions": {
            "url": "https://api.github.com/repos/100devs/course-tracker/issues/128/reactions",
            "total_count": 0,
            "+1": 0,
            "-1": 0,
            "laugh": 0,
            "hooray": 0,
            "confused": 0,
            "heart": 0,
            "rocket": 0,
            "eyes": 0
        },
        "timeline_url": "https://api.github.com/repos/100devs/course-tracker/issues/128/timeline",
        "performed_via_github_app": null,
        "state_reason": null
    },
    {
        "url": "https://api.github.com/repos/100devs/course-tracker/issues/103",
        "repository_url": "https://api.github.com/repos/100devs/course-tracker",
        "labels_url": "https://api.github.com/repos/100devs/course-tracker/issues/103/labels{/name}",
        "comments_url": "https://api.github.com/repos/100devs/course-tracker/issues/103/comments",
        "events_url": "https://api.github.com/repos/100devs/course-tracker/issues/103/events",
        "html_url": "https://github.com/100devs/course-tracker/pull/103",
        "id": 1034294261,
        "node_id": "PR_kwDOF7oC484tlZ2k",
        "number": 103,
        "title": "GitHub actions",
        "user": {
            "login": "bjorkypie",
            "id": 43662395,
            "node_id": "MDQ6VXNlcjQzNjYyMzk1",
            "avatar_url": "https://avatars.githubusercontent.com/u/43662395?v=4",
            "gravatar_id": "",
            "url": "https://api.github.com/users/bjorkypie",
            "html_url": "https://github.com/bjorkypie",
            "followers_url": "https://api.github.com/users/bjorkypie/followers",
            "following_url": "https://api.github.com/users/bjorkypie/following{/other_user}",
            "gists_url": "https://api.github.com/users/bjorkypie/gists{/gist_id}",
            "starred_url": "https://api.github.com/users/bjorkypie/starred{/owner}{/repo}",
            "subscriptions_url": "https://api.github.com/users/bjorkypie/subscriptions",
            "organizations_url": "https://api.github.com/users/bjorkypie/orgs",
            "repos_url": "https://api.github.com/users/bjorkypie/repos",
            "events_url": "https://api.github.com/users/bjorkypie/events{/privacy}",
            "received_events_url": "https://api.github.com/users/bjorkypie/received_events",
            "type": "User",
            "user_view_type": "public",
            "site_admin": false
        },
        "labels": [],
        "state": "open",
        "locked": false,
        "assignee": null,
        "assignees": [],
        "milestone": null,
        "comments": 0,
        "created_at": "2021-10-24T00:45:07Z",
        "updated_at": "2021-11-17T22:51:42Z",
        "closed_at": null,
        "author_association": "COLLABORATOR",
        "sub_issues_summary": {
            "total": 0,
            "completed": 0,
            "percent_completed": 0
        },
        "active_lock_reason": null,
        "draft": false,
        "pull_request": {
            "url": "https://api.github.com/repos/100devs/course-tracker/pulls/103",
            "html_url": "https://github.com/100devs/course-tracker/pull/103",
            "diff_url": "https://github.com/100devs/course-tracker/pull/103.diff",
            "patch_url": "https://github.com/100devs/course-tracker/pull/103.patch",
            "merged_at": null
        },
        "body": "Will the staging environment need to be set up once we have heroku? Everything up to that point is ready for review. \r\n\r\nIssue #10 setting up Github Actions",
        "closed_by": null,
        "reactions": {
            "url": "https://api.github.com/repos/100devs/course-tracker/issues/103/reactions",
            "total_count": 0,
            "+1": 0,
            "-1": 0,
            "laugh": 0,
            "hooray": 0,
            "confused": 0,
            "heart": 0,
            "rocket": 0,
            "eyes": 0
        },
        "timeline_url": "https://api.github.com/repos/100devs/course-tracker/issues/103/timeline",
        "performed_via_github_app": null,
        "state_reason": null
    },
    {
        "url": "https://api.github.com/repos/100devs/course-tracker/issues/80",
        "repository_url": "https://api.github.com/repos/100devs/course-tracker",
        "labels_url": "https://api.github.com/repos/100devs/course-tracker/issues/80/labels{/name}",
        "comments_url": "https://api.github.com/repos/100devs/course-tracker/issues/80/comments",
        "events_url": "https://api.github.com/repos/100devs/course-tracker/issues/80/events",
        "html_url": "https://github.com/100devs/course-tracker/issues/80",
        "id": 1018702711,
        "node_id": "I_kwDOF7oC4848uCt3",
        "number": 80,
        "title": "Create About / Landing Page",
        "user": {
            "login": "TelescopeThieves",
            "id": 63424356,
            "node_id": "MDQ6VXNlcjYzNDI0MzU2",
            "avatar_url": "https://avatars.githubusercontent.com/u/63424356?v=4",
            "gravatar_id": "",
            "url": "https://api.github.com/users/TelescopeThieves",
            "html_url": "https://github.com/TelescopeThieves",
            "followers_url": "https://api.github.com/users/TelescopeThieves/followers",
            "following_url": "https://api.github.com/users/TelescopeThieves/following{/other_user}",
            "gists_url": "https://api.github.com/users/TelescopeThieves/gists{/gist_id}",
            "starred_url": "https://api.github.com/users/TelescopeThieves/starred{/owner}{/repo}",
            "subscriptions_url": "https://api.github.com/users/TelescopeThieves/subscriptions",
            "organizations_url": "https://api.github.com/users/TelescopeThieves/orgs",
            "repos_url": "https://api.github.com/users/TelescopeThieves/repos",
            "events_url": "https://api.github.com/users/TelescopeThieves/events{/privacy}",
            "received_events_url": "https://api.github.com/users/TelescopeThieves/received_events",
            "type": "User",
            "user_view_type": "public",
            "site_admin": false
        },
        "labels": [],
        "state": "open",
        "locked": false,
        "assignee": {
            "login": "bjorkypie",
            "id": 43662395,
            "node_id": "MDQ6VXNlcjQzNjYyMzk1",
            "avatar_url": "https://avatars.githubusercontent.com/u/43662395?v=4",
            "gravatar_id": "",
            "url": "https://api.github.com/users/bjorkypie",
            "html_url": "https://github.com/bjorkypie",
            "followers_url": "https://api.github.com/users/bjorkypie/followers",
            "following_url": "https://api.github.com/users/bjorkypie/following{/other_user}",
            "gists_url": "https://api.github.com/users/bjorkypie/gists{/gist_id}",
            "starred_url": "https://api.github.com/users/bjorkypie/starred{/owner}{/repo}",
            "subscriptions_url": "https://api.github.com/users/bjorkypie/subscriptions",
            "organizations_url": "https://api.github.com/users/bjorkypie/orgs",
            "repos_url": "https://api.github.com/users/bjorkypie/repos",
            "events_url": "https://api.github.com/users/bjorkypie/events{/privacy}",
            "received_events_url": "https://api.github.com/users/bjorkypie/received_events",
            "type": "User",
            "user_view_type": "public",
            "site_admin": false
        },
        "assignees": [
            {
                "login": "bjorkypie",
                "id": 43662395,
                "node_id": "MDQ6VXNlcjQzNjYyMzk1",
                "avatar_url": "https://avatars.githubusercontent.com/u/43662395?v=4",
                "gravatar_id": "",
                "url": "https://api.github.com/users/bjorkypie",
                "html_url": "https://github.com/bjorkypie",
                "followers_url": "https://api.github.com/users/bjorkypie/followers",
                "following_url": "https://api.github.com/users/bjorkypie/following{/other_user}",
                "gists_url": "https://api.github.com/users/bjorkypie/gists{/gist_id}",
                "starred_url": "https://api.github.com/users/bjorkypie/starred{/owner}{/repo}",
                "subscriptions_url": "https://api.github.com/users/bjorkypie/subscriptions",
                "organizations_url": "https://api.github.com/users/bjorkypie/orgs",
                "repos_url": "https://api.github.com/users/bjorkypie/repos",
                "events_url": "https://api.github.com/users/bjorkypie/events{/privacy}",
                "received_events_url": "https://api.github.com/users/bjorkypie/received_events",
                "type": "User",
                "user_view_type": "public",
                "site_admin": false
            }
        ],
        "milestone": null,
        "comments": 0,
        "created_at": "2021-10-06T16:28:22Z",
        "updated_at": "2021-10-06T16:29:52Z",
        "closed_at": null,
        "author_association": "COLLABORATOR",
        "sub_issues_summary": {
            "total": 0,
            "completed": 0,
            "percent_completed": 0
        },
        "active_lock_reason": null,
        "body": "- [ ] Create page with info about the bootcamp\r\n- [ ] Include all relevant links\r\n- [ ] Include button that takes you to the feed at  \"/\" \r\n\r\nLeon's Blog post about 100devs:\r\nhttps://leonnoel.com/blog/100devs/\r\n\r\nfigma:\r\nhttps://www.figma.com/file/vpv5p3J97HB9r9as4Dt87I/Course-Tracker-MVP?node-id=0%3A1",
        "closed_by": null,
        "reactions": {
            "url": "https://api.github.com/repos/100devs/course-tracker/issues/80/reactions",
            "total_count": 0,
            "+1": 0,
            "-1": 0,
            "laugh": 0,
            "hooray": 0,
            "confused": 0,
            "heart": 0,
            "rocket": 0,
            "eyes": 0
        },
        "timeline_url": "https://api.github.com/repos/100devs/course-tracker/issues/80/timeline",
        "performed_via_github_app": null,
        "state_reason": null
    },
    {
        "url": "https://api.github.com/repos/100devs/course-tracker/issues/39",
        "repository_url": "https://api.github.com/repos/100devs/course-tracker",
        "labels_url": "https://api.github.com/repos/100devs/course-tracker/issues/39/labels{/name}",
        "comments_url": "https://api.github.com/repos/100devs/course-tracker/issues/39/comments",
        "events_url": "https://api.github.com/repos/100devs/course-tracker/issues/39/events",
        "html_url": "https://github.com/100devs/course-tracker/issues/39",
        "id": 981700096,
        "node_id": "MDU6SXNzdWU5ODE3MDAwOTY=",
        "number": 39,
        "title": "Bug - Fix linting",
        "user": {
            "login": "indifferentghost",
            "id": 12449668,
            "node_id": "MDQ6VXNlcjEyNDQ5NjY4",
            "avatar_url": "https://avatars.githubusercontent.com/u/12449668?v=4",
            "gravatar_id": "",
            "url": "https://api.github.com/users/indifferentghost",
            "html_url": "https://github.com/indifferentghost",
            "followers_url": "https://api.github.com/users/indifferentghost/followers",
            "following_url": "https://api.github.com/users/indifferentghost/following{/other_user}",
            "gists_url": "https://api.github.com/users/indifferentghost/gists{/gist_id}",
            "starred_url": "https://api.github.com/users/indifferentghost/starred{/owner}{/repo}",
            "subscriptions_url": "https://api.github.com/users/indifferentghost/subscriptions",
            "organizations_url": "https://api.github.com/users/indifferentghost/orgs",
            "repos_url": "https://api.github.com/users/indifferentghost/repos",
            "events_url": "https://api.github.com/users/indifferentghost/events{/privacy}",
            "received_events_url": "https://api.github.com/users/indifferentghost/received_events",
            "type": "User",
            "user_view_type": "public",
            "site_admin": false
        },
        "labels": [],
        "state": "open",
        "locked": false,
        "assignee": null,
        "assignees": [],
        "milestone": null,
        "comments": 0,
        "created_at": "2021-08-28T02:19:01Z",
        "updated_at": "2021-08-28T02:19:01Z",
        "closed_at": null,
        "author_association": "COLLABORATOR",
        "sub_issues_summary": {
            "total": 0,
            "completed": 0,
            "percent_completed": 0
        },
        "active_lock_reason": null,
        "body": "It seems that there's something breaking on attempted linting between typescript in the client etc.\r\n\r\nThis may be fixed by #35 ",
        "closed_by": null,
        "reactions": {
            "url": "https://api.github.com/repos/100devs/course-tracker/issues/39/reactions",
            "total_count": 0,
            "+1": 0,
            "-1": 0,
            "laugh": 0,
            "hooray": 0,
            "confused": 0,
            "heart": 0,
            "rocket": 0,
            "eyes": 0
        },
        "timeline_url": "https://api.github.com/repos/100devs/course-tracker/issues/39/timeline",
        "performed_via_github_app": null,
        "state_reason": null
    },
    {
        "url": "https://api.github.com/repos/100devs/course-tracker/issues/17",
        "repository_url": "https://api.github.com/repos/100devs/course-tracker",
        "labels_url": "https://api.github.com/repos/100devs/course-tracker/issues/17/labels{/name}",
        "comments_url": "https://api.github.com/repos/100devs/course-tracker/issues/17/comments",
        "events_url": "https://api.github.com/repos/100devs/course-tracker/issues/17/events",
        "html_url": "https://github.com/100devs/course-tracker/issues/17",
        "id": 975176046,
        "node_id": "MDU6SXNzdWU5NzUxNzYwNDY=",
        "number": 17,
        "title": "Wiki - The stack",
        "user": {
            "login": "indifferentghost",
            "id": 12449668,
            "node_id": "MDQ6VXNlcjEyNDQ5NjY4",
            "avatar_url": "https://avatars.githubusercontent.com/u/12449668?v=4",
            "gravatar_id": "",
            "url": "https://api.github.com/users/indifferentghost",
            "html_url": "https://github.com/indifferentghost",
            "followers_url": "https://api.github.com/users/indifferentghost/followers",
            "following_url": "https://api.github.com/users/indifferentghost/following{/other_user}",
            "gists_url": "https://api.github.com/users/indifferentghost/gists{/gist_id}",
            "starred_url": "https://api.github.com/users/indifferentghost/starred{/owner}{/repo}",
            "subscriptions_url": "https://api.github.com/users/indifferentghost/subscriptions",
            "organizations_url": "https://api.github.com/users/indifferentghost/orgs",
            "repos_url": "https://api.github.com/users/indifferentghost/repos",
            "events_url": "https://api.github.com/users/indifferentghost/events{/privacy}",
            "received_events_url": "https://api.github.com/users/indifferentghost/received_events",
            "type": "User",
            "user_view_type": "public",
            "site_admin": false
        },
        "labels": [
            {
                "id": 3277761144,
                "node_id": "MDU6TGFiZWwzMjc3NzYxMTQ0",
                "url": "https://api.github.com/repos/100devs/course-tracker/labels/documentation",
                "name": "documentation",
                "color": "0075ca",
                "default": true,
                "description": "Improvements or additions to documentation"
            },
            {
                "id": 3278402133,
                "node_id": "MDU6TGFiZWwzMjc4NDAyMTMz",
                "url": "https://api.github.com/repos/100devs/course-tracker/labels/wiki",
                "name": "wiki",
                "color": "7AF407",
                "default": false,
                "description": "Relates to adding documentation to the wiki"
            }
        ],
        "state": "open",
        "locked": false,
        "assignee": {
            "login": "JenniferToops",
            "id": 50176611,
            "node_id": "MDQ6VXNlcjUwMTc2NjEx",
            "avatar_url": "https://avatars.githubusercontent.com/u/50176611?v=4",
            "gravatar_id": "",
            "url": "https://api.github.com/users/JenniferToops",
            "html_url": "https://github.com/JenniferToops",
            "followers_url": "https://api.github.com/users/JenniferToops/followers",
            "following_url": "https://api.github.com/users/JenniferToops/following{/other_user}",
            "gists_url": "https://api.github.com/users/JenniferToops/gists{/gist_id}",
            "starred_url": "https://api.github.com/users/JenniferToops/starred{/owner}{/repo}",
            "subscriptions_url": "https://api.github.com/users/JenniferToops/subscriptions",
            "organizations_url": "https://api.github.com/users/JenniferToops/orgs",
            "repos_url": "https://api.github.com/users/JenniferToops/repos",
            "events_url": "https://api.github.com/users/JenniferToops/events{/privacy}",
            "received_events_url": "https://api.github.com/users/JenniferToops/received_events",
            "type": "User",
            "user_view_type": "public",
            "site_admin": false
        },
        "assignees": [
            {
                "login": "JenniferToops",
                "id": 50176611,
                "node_id": "MDQ6VXNlcjUwMTc2NjEx",
                "avatar_url": "https://avatars.githubusercontent.com/u/50176611?v=4",
                "gravatar_id": "",
                "url": "https://api.github.com/users/JenniferToops",
                "html_url": "https://github.com/JenniferToops",
                "followers_url": "https://api.github.com/users/JenniferToops/followers",
                "following_url": "https://api.github.com/users/JenniferToops/following{/other_user}",
                "gists_url": "https://api.github.com/users/JenniferToops/gists{/gist_id}",
                "starred_url": "https://api.github.com/users/JenniferToops/starred{/owner}{/repo}",
                "subscriptions_url": "https://api.github.com/users/JenniferToops/subscriptions",
                "organizations_url": "https://api.github.com/users/JenniferToops/orgs",
                "repos_url": "https://api.github.com/users/JenniferToops/repos",
                "events_url": "https://api.github.com/users/JenniferToops/events{/privacy}",
                "received_events_url": "https://api.github.com/users/JenniferToops/received_events",
                "type": "User",
                "user_view_type": "public",
                "site_admin": false
            }
        ],
        "milestone": null,
        "comments": 0,
        "created_at": "2021-08-20T01:32:05Z",
        "updated_at": "2021-09-27T18:18:50Z",
        "closed_at": null,
        "author_association": "COLLABORATOR",
        "sub_issues_summary": {
            "total": 0,
            "completed": 0,
            "percent_completed": 0
        },
        "active_lock_reason": null,
        "body": "This should mostly just list the stack we're working with",
        "closed_by": null,
        "reactions": {
            "url": "https://api.github.com/repos/100devs/course-tracker/issues/17/reactions",
            "total_count": 0,
            "+1": 0,
            "-1": 0,
            "laugh": 0,
            "hooray": 0,
            "confused": 0,
            "heart": 0,
            "rocket": 0,
            "eyes": 0
        },
        "timeline_url": "https://api.github.com/repos/100devs/course-tracker/issues/17/timeline",
        "performed_via_github_app": null,
        "state_reason": null
    },
    {
        "url": "https://api.github.com/repos/100devs/course-tracker/issues/11",
        "repository_url": "https://api.github.com/repos/100devs/course-tracker",
        "labels_url": "https://api.github.com/repos/100devs/course-tracker/issues/11/labels{/name}",
        "comments_url": "https://api.github.com/repos/100devs/course-tracker/issues/11/comments",
        "events_url": "https://api.github.com/repos/100devs/course-tracker/issues/11/events",
        "html_url": "https://github.com/100devs/course-tracker/issues/11",
        "id": 975175836,
        "node_id": "MDU6SXNzdWU5NzUxNzU4MzY=",
        "number": 11,
        "title": "Files - CONTRIBUTING.md",
        "user": {
            "login": "indifferentghost",
            "id": 12449668,
            "node_id": "MDQ6VXNlcjEyNDQ5NjY4",
            "avatar_url": "https://avatars.githubusercontent.com/u/12449668?v=4",
            "gravatar_id": "",
            "url": "https://api.github.com/users/indifferentghost",
            "html_url": "https://github.com/indifferentghost",
            "followers_url": "https://api.github.com/users/indifferentghost/followers",
            "following_url": "https://api.github.com/users/indifferentghost/following{/other_user}",
            "gists_url": "https://api.github.com/users/indifferentghost/gists{/gist_id}",
            "starred_url": "https://api.github.com/users/indifferentghost/starred{/owner}{/repo}",
            "subscriptions_url": "https://api.github.com/users/indifferentghost/subscriptions",
            "organizations_url": "https://api.github.com/users/indifferentghost/orgs",
            "repos_url": "https://api.github.com/users/indifferentghost/repos",
            "events_url": "https://api.github.com/users/indifferentghost/events{/privacy}",
            "received_events_url": "https://api.github.com/users/indifferentghost/received_events",
            "type": "User",
            "user_view_type": "public",
            "site_admin": false
        },
        "labels": [
            {
                "id": 3277761144,
                "node_id": "MDU6TGFiZWwzMjc3NzYxMTQ0",
                "url": "https://api.github.com/repos/100devs/course-tracker/labels/documentation",
                "name": "documentation",
                "color": "0075ca",
                "default": true,
                "description": "Improvements or additions to documentation"
            }
        ],
        "state": "open",
        "locked": false,
        "assignee": null,
        "assignees": [],
        "milestone": null,
        "comments": 0,
        "created_at": "2021-08-20T01:31:29Z",
        "updated_at": "2021-08-20T01:32:50Z",
        "closed_at": null,
        "author_association": "COLLABORATOR",
        "sub_issues_summary": {
            "total": 0,
            "completed": 0,
            "percent_completed": 0
        },
        "active_lock_reason": null,
        "body": "This file will work as a FAQ on how to contribue, and pull request (PR) flows.\r\n\r\nSee [GitHub's example CONTRIBUTING.md](https://github.com/github/docs/blob/main/CONTRIBUTING.md)\r\nSee [GitHub Building Healthy Communities](https://docs.github.com/en/communities)",
        "closed_by": null,
        "reactions": {
            "url": "https://api.github.com/repos/100devs/course-tracker/issues/11/reactions",
            "total_count": 0,
            "+1": 0,
            "-1": 0,
            "laugh": 0,
            "hooray": 0,
            "confused": 0,
            "heart": 0,
            "rocket": 0,
            "eyes": 0
        },
        "timeline_url": "https://api.github.com/repos/100devs/course-tracker/issues/11/timeline",
        "performed_via_github_app": null,
        "state_reason": null
    },
    {
        "url": "https://api.github.com/repos/100devs/course-tracker/issues/10",
        "repository_url": "https://api.github.com/repos/100devs/course-tracker",
        "labels_url": "https://api.github.com/repos/100devs/course-tracker/issues/10/labels{/name}",
        "comments_url": "https://api.github.com/repos/100devs/course-tracker/issues/10/comments",
        "events_url": "https://api.github.com/repos/100devs/course-tracker/issues/10/events",
        "html_url": "https://github.com/100devs/course-tracker/issues/10",
        "id": 975134172,
        "node_id": "MDU6SXNzdWU5NzUxMzQxNzI=",
        "number": 10,
        "title": "Task - Setup GitHub Actions",
        "user": {
            "login": "indifferentghost",
            "id": 12449668,
            "node_id": "MDQ6VXNlcjEyNDQ5NjY4",
            "avatar_url": "https://avatars.githubusercontent.com/u/12449668?v=4",
            "gravatar_id": "",
            "url": "https://api.github.com/users/indifferentghost",
            "html_url": "https://github.com/indifferentghost",
            "followers_url": "https://api.github.com/users/indifferentghost/followers",
            "following_url": "https://api.github.com/users/indifferentghost/following{/other_user}",
            "gists_url": "https://api.github.com/users/indifferentghost/gists{/gist_id}",
            "starred_url": "https://api.github.com/users/indifferentghost/starred{/owner}{/repo}",
            "subscriptions_url": "https://api.github.com/users/indifferentghost/subscriptions",
            "organizations_url": "https://api.github.com/users/indifferentghost/orgs",
            "repos_url": "https://api.github.com/users/indifferentghost/repos",
            "events_url": "https://api.github.com/users/indifferentghost/events{/privacy}",
            "received_events_url": "https://api.github.com/users/indifferentghost/received_events",
            "type": "User",
            "user_view_type": "public",
            "site_admin": false
        },
        "labels": [
            {
                "id": 3277761152,
                "node_id": "MDU6TGFiZWwzMjc3NzYxMTUy",
                "url": "https://api.github.com/repos/100devs/course-tracker/labels/task",
                "name": "task",
                "color": "7057ff",
                "default": false,
                "description": "A feature item"
            },
            {
                "id": 3278252363,
                "node_id": "MDU6TGFiZWwzMjc4MjUyMzYz",
                "url": "https://api.github.com/repos/100devs/course-tracker/labels/infra",
                "name": "infra",
                "color": "463008",
                "default": false,
                "description": "This is functionality that directly interacts with the repository"
            }
        ],
        "state": "open",
        "locked": false,
        "assignee": {
            "login": "bjorkypie",
            "id": 43662395,
            "node_id": "MDQ6VXNlcjQzNjYyMzk1",
            "avatar_url": "https://avatars.githubusercontent.com/u/43662395?v=4",
            "gravatar_id": "",
            "url": "https://api.github.com/users/bjorkypie",
            "html_url": "https://github.com/bjorkypie",
            "followers_url": "https://api.github.com/users/bjorkypie/followers",
            "following_url": "https://api.github.com/users/bjorkypie/following{/other_user}",
            "gists_url": "https://api.github.com/users/bjorkypie/gists{/gist_id}",
            "starred_url": "https://api.github.com/users/bjorkypie/starred{/owner}{/repo}",
            "subscriptions_url": "https://api.github.com/users/bjorkypie/subscriptions",
            "organizations_url": "https://api.github.com/users/bjorkypie/orgs",
            "repos_url": "https://api.github.com/users/bjorkypie/repos",
            "events_url": "https://api.github.com/users/bjorkypie/events{/privacy}",
            "received_events_url": "https://api.github.com/users/bjorkypie/received_events",
            "type": "User",
            "user_view_type": "public",
            "site_admin": false
        },
        "assignees": [
            {
                "login": "bjorkypie",
                "id": 43662395,
                "node_id": "MDQ6VXNlcjQzNjYyMzk1",
                "avatar_url": "https://avatars.githubusercontent.com/u/43662395?v=4",
                "gravatar_id": "",
                "url": "https://api.github.com/users/bjorkypie",
                "html_url": "https://github.com/bjorkypie",
                "followers_url": "https://api.github.com/users/bjorkypie/followers",
                "following_url": "https://api.github.com/users/bjorkypie/following{/other_user}",
                "gists_url": "https://api.github.com/users/bjorkypie/gists{/gist_id}",
                "starred_url": "https://api.github.com/users/bjorkypie/starred{/owner}{/repo}",
                "subscriptions_url": "https://api.github.com/users/bjorkypie/subscriptions",
                "organizations_url": "https://api.github.com/users/bjorkypie/orgs",
                "repos_url": "https://api.github.com/users/bjorkypie/repos",
                "events_url": "https://api.github.com/users/bjorkypie/events{/privacy}",
                "received_events_url": "https://api.github.com/users/bjorkypie/received_events",
                "type": "User",
                "user_view_type": "public",
                "site_admin": false
            },
            {
                "login": "relspeedwagon",
                "id": 74011011,
                "node_id": "MDQ6VXNlcjc0MDExMDEx",
                "avatar_url": "https://avatars.githubusercontent.com/u/74011011?v=4",
                "gravatar_id": "",
                "url": "https://api.github.com/users/relspeedwagon",
                "html_url": "https://github.com/relspeedwagon",
                "followers_url": "https://api.github.com/users/relspeedwagon/followers",
                "following_url": "https://api.github.com/users/relspeedwagon/following{/other_user}",
                "gists_url": "https://api.github.com/users/relspeedwagon/gists{/gist_id}",
                "starred_url": "https://api.github.com/users/relspeedwagon/starred{/owner}{/repo}",
                "subscriptions_url": "https://api.github.com/users/relspeedwagon/subscriptions",
                "organizations_url": "https://api.github.com/users/relspeedwagon/orgs",
                "repos_url": "https://api.github.com/users/relspeedwagon/repos",
                "events_url": "https://api.github.com/users/relspeedwagon/events{/privacy}",
                "received_events_url": "https://api.github.com/users/relspeedwagon/received_events",
                "type": "User",
                "user_view_type": "public",
                "site_admin": false
            },
            {
                "login": "regromrob",
                "id": 78179566,
                "node_id": "MDQ6VXNlcjc4MTc5NTY2",
                "avatar_url": "https://avatars.githubusercontent.com/u/78179566?v=4",
                "gravatar_id": "",
                "url": "https://api.github.com/users/regromrob",
                "html_url": "https://github.com/regromrob",
                "followers_url": "https://api.github.com/users/regromrob/followers",
                "following_url": "https://api.github.com/users/regromrob/following{/other_user}",
                "gists_url": "https://api.github.com/users/regromrob/gists{/gist_id}",
                "starred_url": "https://api.github.com/users/regromrob/starred{/owner}{/repo}",
                "subscriptions_url": "https://api.github.com/users/regromrob/subscriptions",
                "organizations_url": "https://api.github.com/users/regromrob/orgs",
                "repos_url": "https://api.github.com/users/regromrob/repos",
                "events_url": "https://api.github.com/users/regromrob/events{/privacy}",
                "received_events_url": "https://api.github.com/users/regromrob/received_events",
                "type": "User",
                "user_view_type": "public",
                "site_admin": false
            }
        ],
        "milestone": null,
        "comments": 4,
        "created_at": "2021-08-19T23:47:06Z",
        "updated_at": "2021-10-24T00:34:11Z",
        "closed_at": null,
        "author_association": "COLLABORATOR",
        "sub_issues_summary": {
            "total": 0,
            "completed": 0,
            "percent_completed": 0
        },
        "active_lock_reason": null,
        "body": "- GitHub Actions should run on every Pull Request\r\n  - [x] Run linting\r\n  ~~- [ ] Run testing~~\r\n  - [x] Attempt a build before merging\r\n\r\n- Github Actions is merged to main\r\n  ~~- [ ] Tests are run~~\r\n  - [x] Build\r\n  - [ ] Should build into the \"Staging\" environment\r\n  - [x] Triggered by merging to `main` branch\r\n\r\n- GitHub Actions should have a Production Environment\r\n  ~~- [ ] Tests are run~~\r\n  - [ ] Build\r\n  - [ ] Should build into the \"Production\" environment\r\n  - [ ] Manual release",
        "closed_by": null,
        "reactions": {
            "url": "https://api.github.com/repos/100devs/course-tracker/issues/10/reactions",
            "total_count": 0,
            "+1": 0,
            "-1": 0,
            "laugh": 0,
            "hooray": 0,
            "confused": 0,
            "heart": 0,
            "rocket": 0,
            "eyes": 0
        },
        "timeline_url": "https://api.github.com/repos/100devs/course-tracker/issues/10/timeline",
        "performed_via_github_app": null,
        "state_reason": null
    },
    {
        "url": "https://api.github.com/repos/100devs/course-tracker/issues/8",
        "repository_url": "https://api.github.com/repos/100devs/course-tracker",
        "labels_url": "https://api.github.com/repos/100devs/course-tracker/issues/8/labels{/name}",
        "comments_url": "https://api.github.com/repos/100devs/course-tracker/issues/8/comments",
        "events_url": "https://api.github.com/repos/100devs/course-tracker/issues/8/events",
        "html_url": "https://github.com/100devs/course-tracker/issues/8",
        "id": 975132908,
        "node_id": "MDU6SXNzdWU5NzUxMzI5MDg=",
        "number": 8,
        "title": "Spike - External Considerations",
        "user": {
            "login": "indifferentghost",
            "id": 12449668,
            "node_id": "MDQ6VXNlcjEyNDQ5NjY4",
            "avatar_url": "https://avatars.githubusercontent.com/u/12449668?v=4",
            "gravatar_id": "",
            "url": "https://api.github.com/users/indifferentghost",
            "html_url": "https://github.com/indifferentghost",
            "followers_url": "https://api.github.com/users/indifferentghost/followers",
            "following_url": "https://api.github.com/users/indifferentghost/following{/other_user}",
            "gists_url": "https://api.github.com/users/indifferentghost/gists{/gist_id}",
            "starred_url": "https://api.github.com/users/indifferentghost/starred{/owner}{/repo}",
            "subscriptions_url": "https://api.github.com/users/indifferentghost/subscriptions",
            "organizations_url": "https://api.github.com/users/indifferentghost/orgs",
            "repos_url": "https://api.github.com/users/indifferentghost/repos",
            "events_url": "https://api.github.com/users/indifferentghost/events{/privacy}",
            "received_events_url": "https://api.github.com/users/indifferentghost/received_events",
            "type": "User",
            "user_view_type": "public",
            "site_admin": false
        },
        "labels": [
            {
                "id": 3278252363,
                "node_id": "MDU6TGFiZWwzMjc4MjUyMzYz",
                "url": "https://api.github.com/repos/100devs/course-tracker/labels/infra",
                "name": "infra",
                "color": "463008",
                "default": false,
                "description": "This is functionality that directly interacts with the repository"
            }
        ],
        "state": "open",
        "locked": false,
        "assignee": {
            "login": "leonnoel",
            "id": 366790,
            "node_id": "MDQ6VXNlcjM2Njc5MA==",
            "avatar_url": "https://avatars.githubusercontent.com/u/366790?v=4",
            "gravatar_id": "",
            "url": "https://api.github.com/users/leonnoel",
            "html_url": "https://github.com/leonnoel",
            "followers_url": "https://api.github.com/users/leonnoel/followers",
            "following_url": "https://api.github.com/users/leonnoel/following{/other_user}",
            "gists_url": "https://api.github.com/users/leonnoel/gists{/gist_id}",
            "starred_url": "https://api.github.com/users/leonnoel/starred{/owner}{/repo}",
            "subscriptions_url": "https://api.github.com/users/leonnoel/subscriptions",
            "organizations_url": "https://api.github.com/users/leonnoel/orgs",
            "repos_url": "https://api.github.com/users/leonnoel/repos",
            "events_url": "https://api.github.com/users/leonnoel/events{/privacy}",
            "received_events_url": "https://api.github.com/users/leonnoel/received_events",
            "type": "User",
            "user_view_type": "public",
            "site_admin": false
        },
        "assignees": [
            {
                "login": "leonnoel",
                "id": 366790,
                "node_id": "MDQ6VXNlcjM2Njc5MA==",
                "avatar_url": "https://avatars.githubusercontent.com/u/366790?v=4",
                "gravatar_id": "",
                "url": "https://api.github.com/users/leonnoel",
                "html_url": "https://github.com/leonnoel",
                "followers_url": "https://api.github.com/users/leonnoel/followers",
                "following_url": "https://api.github.com/users/leonnoel/following{/other_user}",
                "gists_url": "https://api.github.com/users/leonnoel/gists{/gist_id}",
                "starred_url": "https://api.github.com/users/leonnoel/starred{/owner}{/repo}",
                "subscriptions_url": "https://api.github.com/users/leonnoel/subscriptions",
                "organizations_url": "https://api.github.com/users/leonnoel/orgs",
                "repos_url": "https://api.github.com/users/leonnoel/repos",
                "events_url": "https://api.github.com/users/leonnoel/events{/privacy}",
                "received_events_url": "https://api.github.com/users/leonnoel/received_events",
                "type": "User",
                "user_view_type": "public",
                "site_admin": false
            }
        ],
        "milestone": null,
        "comments": 0,
        "created_at": "2021-08-19T23:43:29Z",
        "updated_at": "2021-08-20T02:54:40Z",
        "closed_at": null,
        "author_association": "COLLABORATOR",
        "sub_issues_summary": {
            "total": 0,
            "completed": 0,
            "percent_completed": 0
        },
        "active_lock_reason": null,
        "body": "- [ ] MongoDB test database\r\n  For testing and a staging environment we're going to want to test against a MongoDB database:\r\n  - There's a consideration to instruct contributors to set it up on their computer via docker, or require them to use their own MongoDB\r\n\r\n- [ ] Cloudinary (or some kind of bucket)\r\n  Fairly quickly we're going to want a bucket to store images. Again I think it would be best for _100Devs_ to own the staging environment",
        "closed_by": null,
        "reactions": {
            "url": "https://api.github.com/repos/100devs/course-tracker/issues/8/reactions",
            "total_count": 0,
            "+1": 0,
            "-1": 0,
            "laugh": 0,
            "hooray": 0,
            "confused": 0,
            "heart": 0,
            "rocket": 0,
            "eyes": 0
        },
        "timeline_url": "https://api.github.com/repos/100devs/course-tracker/issues/8/timeline",
        "performed_via_github_app": null,
        "state_reason": null
    }
]