[
    {
        "url": "https://api.github.com/repos/100devs/talent-page/issues/1",
        "repository_url": "https://api.github.com/repos/100devs/talent-page",
        "labels_url": "https://api.github.com/repos/100devs/talent-page/issues/1/labels{/name}",
        "comments_url": "https://api.github.com/repos/100devs/talent-page/issues/1/comments",
        "events_url": "https://api.github.com/repos/100devs/talent-page/issues/1/events",
        "html_url": "https://github.com/100devs/talent-page/issues/1",
        "id": 1080504779,
        "node_id": "I_kwDOGiCqts5AZzHL",
        "number": 1,
        "title": "RFC: 100devs talent page",
        "user": {
            "login": "dayhaysoos",
            "id": 1852675,
            "node_id": "MDQ6VXNlcjE4NTI2NzU=",
            "avatar_url": "https://avatars.githubusercontent.com/u/1852675?v=4",
            "gravatar_id": "",
            "url": "https://api.github.com/users/dayhaysoos",
            "html_url": "https://github.com/dayhaysoos",
            "followers_url": "https://api.github.com/users/dayhaysoos/followers",
            "following_url": "https://api.github.com/users/dayhaysoos/following{/other_user}",
            "gists_url": "https://api.github.com/users/dayhaysoos/gists{/gist_id}",
            "starred_url": "https://api.github.com/users/dayhaysoos/starred{/owner}{/repo}",
            "subscriptions_url": "https://api.github.com/users/dayhaysoos/subscriptions",
            "organizations_url": "https://api.github.com/users/dayhaysoos/orgs",
            "repos_url": "https://api.github.com/users/dayhaysoos/repos",
            "events_url": "https://api.github.com/users/dayhaysoos/events{/privacy}",
            "received_events_url": "https://api.github.com/users/dayhaysoos/received_events",
            "type": "User",
            "user_view_type": "public",
            "site_admin": false
        },
        "labels": [],
        "state": "open",
        "locked": false,
        "assignee": null,
        "assignees": [],
        "milestone": null,
        "comments": 1,
        "created_at": "2021-12-15T02:55:26Z",
        "updated_at": "2021-12-16T06:24:53Z",
        "closed_at": null,
        "author_association": "COLLABORATOR",
        "sub_issues_summary": {
            "total": 0,
            "completed": 0,
            "percent_completed": 0
        },
        "active_lock_reason": null,
        "body": "# Overview\r\n\r\n100 devs is a fast-growing community of developers going from 0 to hired in less than a year. It would be ideal to have some structure in place for those who have gone through the course material and are job-ready.\r\n\r\nThe 100devs community is building a lot of momentum and there will be a point where the talent pool coming out of 100devs could not be ignored. 100devs could use a talent showcase page on a website to make it easier for employers interested in hiring to bring opportunities to the community.\r\n\r\nFor this RFC, I'd like to propose what the talent showcase could look like and gather feedback on the tech stack and/or approach in technological choices and implementation.\r\n\r\nAs far as my involvement goes, I'd like to at least kickoff and oversee the project and leave it to the project team to tidy things up. I'll also be around for troubleshooting.\r\n\r\n## Tech Stack\r\n\r\n- Next.js or Gatsby\r\n\r\nNext is easier to dive into, it's really mostly React with a few APIs specific to Next. 70% of the React ecosystem is built on Next, it's the dominating React framework of today.\r\n\r\nGatsby has more complicated parts, it's tightly integrated with GraphQL but this allows it to consume any source of data to be used anywhere throughout the site with ease. I'm a fan of both, but I might end up learning more towards Next.js for this project in particular.\r\n\r\n- MDX\r\n\r\nMDX allows you to write JSX within Markdown files, giving you the power of React. Markdown files are ideal because they are easy to produce. Anyone can make a markdown file off their computers or even use online Markdown editors. This is a cost-effective approach that allows us to not worry about integrating with some other platform for content. \r\n\r\nThe concerns around this approach would be the inability to handle some kind of form validation to fill out or create these markdown files, this is something I'd like to look into, though so will report back on that.\r\n\r\n\r\n- Tailwind?\r\nI've never used Tailwind but people seem to be very excited about it, at least we'll know things will look great. Not very picky when it comes to styling libraries tbh so whatever is comfortable to the project team, I'd rather go with that. I prob won't be doing a lot of styling tbh.\r\n\r\n\r\n## Similar Projects\r\n\r\nThe resilient coders demo day site is a perfect example of what we should go for. I happened to have built this myself as well:\r\n\r\nhttps://demoday.resilientcoders.org/boston/\r\n\r\n\r\nWe should have the same exact format for showcasing 100devs students. Are all the hiring partners going to be 100% remote? Perhaps we might need a filter for regions? What are your thoughts?\r\n\r\n\r\n\r\n## Long Term\r\n\r\nThis is going to be a relatively low-effort dash to an MVP. If this goes well enough, perhaps we can move to a real platform experience where 100devs would provide an authentication flow for each student. There has also been some discussion about companies getting a 100devs job board available for them to post to, we'll cross that bridge when we get there, though.\r\n\r\n\r\n## Providing Feedback\r\n\r\nFeel free to ask any questions or call anything out here on this issue!",
        "closed_by": null,
        "reactions": {
            "url": "https://api.github.com/repos/100devs/talent-page/issues/1/reactions",
            "total_count": 0,
            "+1": 0,
            "-1": 0,
            "laugh": 0,
            "hooray": 0,
            "confused": 0,
            "heart": 0,
            "rocket": 0,
            "eyes": 0
        },
        "timeline_url": "https://api.github.com/repos/100devs/talent-page/issues/1/timeline",
        "performed_via_github_app": null,
        "state_reason": null
    }
]