[
    {
        "url": "https://api.github.com/repos/100devs/rap-names-api/issues/21",
        "repository_url": "https://api.github.com/repos/100devs/rap-names-api",
        "labels_url": "https://api.github.com/repos/100devs/rap-names-api/issues/21/labels{/name}",
        "comments_url": "https://api.github.com/repos/100devs/rap-names-api/issues/21/comments",
        "events_url": "https://api.github.com/repos/100devs/rap-names-api/issues/21/events",
        "html_url": "https://github.com/100devs/rap-names-api/pull/21",
        "id": 1263858483,
        "node_id": "PR_kwDOHcNJOM45Rf7b",
        "number": 21,
        "title": "Adding README",
        "user": {
            "login": "ianstewart4",
            "id": 44770822,
            "node_id": "MDQ6VXNlcjQ0NzcwODIy",
            "avatar_url": "https://avatars.githubusercontent.com/u/44770822?v=4",
            "gravatar_id": "",
            "url": "https://api.github.com/users/ianstewart4",
            "html_url": "https://github.com/ianstewart4",
            "followers_url": "https://api.github.com/users/ianstewart4/followers",
            "following_url": "https://api.github.com/users/ianstewart4/following{/other_user}",
            "gists_url": "https://api.github.com/users/ianstewart4/gists{/gist_id}",
            "starred_url": "https://api.github.com/users/ianstewart4/starred{/owner}{/repo}",
            "subscriptions_url": "https://api.github.com/users/ianstewart4/subscriptions",
            "organizations_url": "https://api.github.com/users/ianstewart4/orgs",
            "repos_url": "https://api.github.com/users/ianstewart4/repos",
            "events_url": "https://api.github.com/users/ianstewart4/events{/privacy}",
            "received_events_url": "https://api.github.com/users/ianstewart4/received_events",
            "type": "User",
            "user_view_type": "public",
            "site_admin": false
        },
        "labels": [],
        "state": "open",
        "locked": false,
        "assignee": null,
        "assignees": [],
        "milestone": null,
        "comments": 0,
        "created_at": "2022-06-07T20:57:32Z",
        "updated_at": "2022-06-09T12:40:53Z",
        "closed_at": null,
        "author_association": "NONE",
        "sub_issues_summary": {
            "total": 0,
            "completed": 0,
            "percent_completed": 0
        },
        "active_lock_reason": null,
        "draft": false,
        "pull_request": {
            "url": "https://api.github.com/repos/100devs/rap-names-api/pulls/21",
            "html_url": "https://github.com/100devs/rap-names-api/pull/21",
            "diff_url": "https://github.com/100devs/rap-names-api/pull/21.diff",
            "patch_url": "https://github.com/100devs/rap-names-api/pull/21.patch",
            "merged_at": null
        },
        "body": "Added a readme for the rapper names API",
        "closed_by": null,
        "reactions": {
            "url": "https://api.github.com/repos/100devs/rap-names-api/issues/21/reactions",
            "total_count": 0,
            "+1": 0,
            "-1": 0,
            "laugh": 0,
            "hooray": 0,
            "confused": 0,
            "heart": 0,
            "rocket": 0,
            "eyes": 0
        },
        "timeline_url": "https://api.github.com/repos/100devs/rap-names-api/issues/21/timeline",
        "performed_via_github_app": null,
        "state_reason": null
    },
    {
        "url": "https://api.github.com/repos/100devs/rap-names-api/issues/19",
        "repository_url": "https://api.github.com/repos/100devs/rap-names-api",
        "labels_url": "https://api.github.com/repos/100devs/rap-names-api/issues/19/labels{/name}",
        "comments_url": "https://api.github.com/repos/100devs/rap-names-api/issues/19/comments",
        "events_url": "https://api.github.com/repos/100devs/rap-names-api/issues/19/events",
        "html_url": "https://github.com/100devs/rap-names-api/pull/19",
        "id": 1259401698,
        "node_id": "PR_kwDOHcNJOM45Ct2t",
        "number": 19,
        "title": "Create readme.md",
        "user": {
            "login": "danronquillo",
            "id": 8450588,
            "node_id": "MDQ6VXNlcjg0NTA1ODg=",
            "avatar_url": "https://avatars.githubusercontent.com/u/8450588?v=4",
            "gravatar_id": "",
            "url": "https://api.github.com/users/danronquillo",
            "html_url": "https://github.com/danronquillo",
            "followers_url": "https://api.github.com/users/danronquillo/followers",
            "following_url": "https://api.github.com/users/danronquillo/following{/other_user}",
            "gists_url": "https://api.github.com/users/danronquillo/gists{/gist_id}",
            "starred_url": "https://api.github.com/users/danronquillo/starred{/owner}{/repo}",
            "subscriptions_url": "https://api.github.com/users/danronquillo/subscriptions",
            "organizations_url": "https://api.github.com/users/danronquillo/orgs",
            "repos_url": "https://api.github.com/users/danronquillo/repos",
            "events_url": "https://api.github.com/users/danronquillo/events{/privacy}",
            "received_events_url": "https://api.github.com/users/danronquillo/received_events",
            "type": "User",
            "user_view_type": "public",
            "site_admin": false
        },
        "labels": [],
        "state": "open",
        "locked": false,
        "assignee": null,
        "assignees": [],
        "milestone": null,
        "comments": 0,
        "created_at": "2022-06-03T04:31:40Z",
        "updated_at": "2022-06-03T04:31:40Z",
        "closed_at": null,
        "author_association": "NONE",
        "sub_issues_summary": {
            "total": 0,
            "completed": 0,
            "percent_completed": 0
        },
        "active_lock_reason": null,
        "draft": false,
        "pull_request": {
            "url": "https://api.github.com/repos/100devs/rap-names-api/pulls/19",
            "html_url": "https://github.com/100devs/rap-names-api/pull/19",
            "diff_url": "https://github.com/100devs/rap-names-api/pull/19.diff",
            "patch_url": "https://github.com/100devs/rap-names-api/pull/19.patch",
            "merged_at": null
        },
        "body": "creating readme for the rap-names-api",
        "closed_by": null,
        "reactions": {
            "url": "https://api.github.com/repos/100devs/rap-names-api/issues/19/reactions",
            "total_count": 0,
            "+1": 0,
            "-1": 0,
            "laugh": 0,
            "hooray": 0,
            "confused": 0,
            "heart": 0,
            "rocket": 0,
            "eyes": 0
        },
        "timeline_url": "https://api.github.com/repos/100devs/rap-names-api/issues/19/timeline",
        "performed_via_github_app": null,
        "state_reason": null
    },
    {
        "url": "https://api.github.com/repos/100devs/rap-names-api/issues/17",
        "repository_url": "https://api.github.com/repos/100devs/rap-names-api",
        "labels_url": "https://api.github.com/repos/100devs/rap-names-api/issues/17/labels{/name}",
        "comments_url": "https://api.github.com/repos/100devs/rap-names-api/issues/17/comments",
        "events_url": "https://api.github.com/repos/100devs/rap-names-api/issues/17/events",
        "html_url": "https://github.com/100devs/rap-names-api/pull/17",
        "id": 1259249951,
        "node_id": "PR_kwDOHcNJOM45CKku",
        "number": 17,
        "title": "Fixing No Readme issue",
        "user": {
            "login": "Mire-web",
            "id": 69097602,
            "node_id": "MDQ6VXNlcjY5MDk3NjAy",
            "avatar_url": "https://avatars.githubusercontent.com/u/69097602?v=4",
            "gravatar_id": "",
            "url": "https://api.github.com/users/Mire-web",
            "html_url": "https://github.com/Mire-web",
            "followers_url": "https://api.github.com/users/Mire-web/followers",
            "following_url": "https://api.github.com/users/Mire-web/following{/other_user}",
            "gists_url": "https://api.github.com/users/Mire-web/gists{/gist_id}",
            "starred_url": "https://api.github.com/users/Mire-web/starred{/owner}{/repo}",
            "subscriptions_url": "https://api.github.com/users/Mire-web/subscriptions",
            "organizations_url": "https://api.github.com/users/Mire-web/orgs",
            "repos_url": "https://api.github.com/users/Mire-web/repos",
            "events_url": "https://api.github.com/users/Mire-web/events{/privacy}",
            "received_events_url": "https://api.github.com/users/Mire-web/received_events",
            "type": "User",
            "user_view_type": "public",
            "site_admin": false
        },
        "labels": [],
        "state": "open",
        "locked": false,
        "assignee": null,
        "assignees": [],
        "milestone": null,
        "comments": 0,
        "created_at": "2022-06-03T02:29:18Z",
        "updated_at": "2022-06-03T02:29:18Z",
        "closed_at": null,
        "author_association": "NONE",
        "sub_issues_summary": {
            "total": 0,
            "completed": 0,
            "percent_completed": 0
        },
        "active_lock_reason": null,
        "draft": false,
        "pull_request": {
            "url": "https://api.github.com/repos/100devs/rap-names-api/pulls/17",
            "html_url": "https://github.com/100devs/rap-names-api/pull/17",
            "diff_url": "https://github.com/100devs/rap-names-api/pull/17.diff",
            "patch_url": "https://github.com/100devs/rap-names-api/pull/17.patch",
            "merged_at": null
        },
        "body": "I have added a Readme including, Usage, how to contribute, and test result.",
        "closed_by": null,
        "reactions": {
            "url": "https://api.github.com/repos/100devs/rap-names-api/issues/17/reactions",
            "total_count": 0,
            "+1": 0,
            "-1": 0,
            "laugh": 0,
            "hooray": 0,
            "confused": 0,
            "heart": 0,
            "rocket": 0,
            "eyes": 0
        },
        "timeline_url": "https://api.github.com/repos/100devs/rap-names-api/issues/17/timeline",
        "performed_via_github_app": null,
        "state_reason": null
    },
    {
        "url": "https://api.github.com/repos/100devs/rap-names-api/issues/16",
        "repository_url": "https://api.github.com/repos/100devs/rap-names-api",
        "labels_url": "https://api.github.com/repos/100devs/rap-names-api/issues/16/labels{/name}",
        "comments_url": "https://api.github.com/repos/100devs/rap-names-api/issues/16/comments",
        "events_url": "https://api.github.com/repos/100devs/rap-names-api/issues/16/events",
        "html_url": "https://github.com/100devs/rap-names-api/pull/16",
        "id": 1259207418,
        "node_id": "PR_kwDOHcNJOM45CAql",
        "number": 16,
        "title": "added readme to rap-names-api",
        "user": {
            "login": "emlegweak",
            "id": 97409679,
            "node_id": "U_kgDOBc5ajw",
            "avatar_url": "https://avatars.githubusercontent.com/u/97409679?v=4",
            "gravatar_id": "",
            "url": "https://api.github.com/users/emlegweak",
            "html_url": "https://github.com/emlegweak",
            "followers_url": "https://api.github.com/users/emlegweak/followers",
            "following_url": "https://api.github.com/users/emlegweak/following{/other_user}",
            "gists_url": "https://api.github.com/users/emlegweak/gists{/gist_id}",
            "starred_url": "https://api.github.com/users/emlegweak/starred{/owner}{/repo}",
            "subscriptions_url": "https://api.github.com/users/emlegweak/subscriptions",
            "organizations_url": "https://api.github.com/users/emlegweak/orgs",
            "repos_url": "https://api.github.com/users/emlegweak/repos",
            "events_url": "https://api.github.com/users/emlegweak/events{/privacy}",
            "received_events_url": "https://api.github.com/users/emlegweak/received_events",
            "type": "User",
            "user_view_type": "public",
            "site_admin": false
        },
        "labels": [],
        "state": "open",
        "locked": false,
        "assignee": null,
        "assignees": [],
        "milestone": null,
        "comments": 0,
        "created_at": "2022-06-03T02:01:43Z",
        "updated_at": "2022-06-03T02:01:43Z",
        "closed_at": null,
        "author_association": "NONE",
        "sub_issues_summary": {
            "total": 0,
            "completed": 0,
            "percent_completed": 0
        },
        "active_lock_reason": null,
        "draft": false,
        "pull_request": {
            "url": "https://api.github.com/repos/100devs/rap-names-api/pulls/16",
            "html_url": "https://github.com/100devs/rap-names-api/pull/16",
            "diff_url": "https://github.com/100devs/rap-names-api/pull/16.diff",
            "patch_url": "https://github.com/100devs/rap-names-api/pull/16.patch",
            "merged_at": null
        },
        "body": "Hey Leon, better late than never! Loved getting some practice with the pull requests, anyway lol. Thank you for all you do, and for a wonderful class this evening. Hope all is well! ",
        "closed_by": null,
        "reactions": {
            "url": "https://api.github.com/repos/100devs/rap-names-api/issues/16/reactions",
            "total_count": 0,
            "+1": 0,
            "-1": 0,
            "laugh": 0,
            "hooray": 0,
            "confused": 0,
            "heart": 0,
            "rocket": 0,
            "eyes": 0
        },
        "timeline_url": "https://api.github.com/repos/100devs/rap-names-api/issues/16/timeline",
        "performed_via_github_app": null,
        "state_reason": null
    },
    {
        "url": "https://api.github.com/repos/100devs/rap-names-api/issues/14",
        "repository_url": "https://api.github.com/repos/100devs/rap-names-api",
        "labels_url": "https://api.github.com/repos/100devs/rap-names-api/issues/14/labels{/name}",
        "comments_url": "https://api.github.com/repos/100devs/rap-names-api/issues/14/comments",
        "events_url": "https://api.github.com/repos/100devs/rap-names-api/issues/14/events",
        "html_url": "https://github.com/100devs/rap-names-api/pull/14",
        "id": 1259163318,
        "node_id": "PR_kwDOHcNJOM45B2aM",
        "number": 14,
        "title": "Add README.md documentation",
        "user": {
            "login": "RascalTwo",
            "id": 9403665,
            "node_id": "MDQ6VXNlcjk0MDM2NjU=",
            "avatar_url": "https://avatars.githubusercontent.com/u/9403665?v=4",
            "gravatar_id": "",
            "url": "https://api.github.com/users/RascalTwo",
            "html_url": "https://github.com/RascalTwo",
            "followers_url": "https://api.github.com/users/RascalTwo/followers",
            "following_url": "https://api.github.com/users/RascalTwo/following{/other_user}",
            "gists_url": "https://api.github.com/users/RascalTwo/gists{/gist_id}",
            "starred_url": "https://api.github.com/users/RascalTwo/starred{/owner}{/repo}",
            "subscriptions_url": "https://api.github.com/users/RascalTwo/subscriptions",
            "organizations_url": "https://api.github.com/users/RascalTwo/orgs",
            "repos_url": "https://api.github.com/users/RascalTwo/repos",
            "events_url": "https://api.github.com/users/RascalTwo/events{/privacy}",
            "received_events_url": "https://api.github.com/users/RascalTwo/received_events",
            "type": "User",
            "user_view_type": "public",
            "site_admin": false
        },
        "labels": [],
        "state": "open",
        "locked": false,
        "assignee": null,
        "assignees": [],
        "milestone": null,
        "comments": 0,
        "created_at": "2022-06-03T01:33:06Z",
        "updated_at": "2022-06-03T01:34:09Z",
        "closed_at": null,
        "author_association": "NONE",
        "sub_issues_summary": {
            "total": 0,
            "completed": 0,
            "percent_completed": 0
        },
        "active_lock_reason": null,
        "draft": false,
        "pull_request": {
            "url": "https://api.github.com/repos/100devs/rap-names-api/pulls/14",
            "html_url": "https://github.com/100devs/rap-names-api/pull/14",
            "diff_url": "https://github.com/100devs/rap-names-api/pull/14.diff",
            "patch_url": "https://github.com/100devs/rap-names-api/pull/14.patch",
            "merged_at": null
        },
        "body": "Adds documentation including screenshots of the introduction page and a linked Postman response.\r\n\r\nIncludes instructions to install and use the server locally.",
        "closed_by": null,
        "reactions": {
            "url": "https://api.github.com/repos/100devs/rap-names-api/issues/14/reactions",
            "total_count": 0,
            "+1": 0,
            "-1": 0,
            "laugh": 0,
            "hooray": 0,
            "confused": 0,
            "heart": 0,
            "rocket": 0,
            "eyes": 0
        },
        "timeline_url": "https://api.github.com/repos/100devs/rap-names-api/issues/14/timeline",
        "performed_via_github_app": null,
        "state_reason": null
    },
    {
        "url": "https://api.github.com/repos/100devs/rap-names-api/issues/13",
        "repository_url": "https://api.github.com/repos/100devs/rap-names-api",
        "labels_url": "https://api.github.com/repos/100devs/rap-names-api/issues/13/labels{/name}",
        "comments_url": "https://api.github.com/repos/100devs/rap-names-api/issues/13/comments",
        "events_url": "https://api.github.com/repos/100devs/rap-names-api/issues/13/events",
        "html_url": "https://github.com/100devs/rap-names-api/pull/13",
        "id": 1259149127,
        "node_id": "PR_kwDOHcNJOM45BzHH",
        "number": 13,
        "title": "Used  alecortega to create a Readme.md file including images and descriptions of the project.",
        "user": {
            "login": "Gabriel-Develops",
            "id": 86134290,
            "node_id": "MDQ6VXNlcjg2MTM0Mjkw",
            "avatar_url": "https://avatars.githubusercontent.com/u/86134290?v=4",
            "gravatar_id": "",
            "url": "https://api.github.com/users/Gabriel-Develops",
            "html_url": "https://github.com/Gabriel-Develops",
            "followers_url": "https://api.github.com/users/Gabriel-Develops/followers",
            "following_url": "https://api.github.com/users/Gabriel-Develops/following{/other_user}",
            "gists_url": "https://api.github.com/users/Gabriel-Develops/gists{/gist_id}",
            "starred_url": "https://api.github.com/users/Gabriel-Develops/starred{/owner}{/repo}",
            "subscriptions_url": "https://api.github.com/users/Gabriel-Develops/subscriptions",
            "organizations_url": "https://api.github.com/users/Gabriel-Develops/orgs",
            "repos_url": "https://api.github.com/users/Gabriel-Develops/repos",
            "events_url": "https://api.github.com/users/Gabriel-Develops/events{/privacy}",
            "received_events_url": "https://api.github.com/users/Gabriel-Develops/received_events",
            "type": "User",
            "user_view_type": "public",
            "site_admin": false
        },
        "labels": [],
        "state": "open",
        "locked": false,
        "assignee": null,
        "assignees": [],
        "milestone": null,
        "comments": 0,
        "created_at": "2022-06-03T01:23:47Z",
        "updated_at": "2022-06-03T01:23:47Z",
        "closed_at": null,
        "author_association": "NONE",
        "sub_issues_summary": {
            "total": 0,
            "completed": 0,
            "percent_completed": 0
        },
        "active_lock_reason": null,
        "draft": false,
        "pull_request": {
            "url": "https://api.github.com/repos/100devs/rap-names-api/pulls/13",
            "html_url": "https://github.com/100devs/rap-names-api/pull/13",
            "diff_url": "https://github.com/100devs/rap-names-api/pull/13.diff",
            "patch_url": "https://github.com/100devs/rap-names-api/pull/13.patch",
            "merged_at": null
        },
        "body": null,
        "closed_by": null,
        "reactions": {
            "url": "https://api.github.com/repos/100devs/rap-names-api/issues/13/reactions",
            "total_count": 0,
            "+1": 0,
            "-1": 0,
            "laugh": 0,
            "hooray": 0,
            "confused": 0,
            "heart": 0,
            "rocket": 0,
            "eyes": 0
        },
        "timeline_url": "https://api.github.com/repos/100devs/rap-names-api/issues/13/timeline",
        "performed_via_github_app": null,
        "state_reason": null
    },
    {
        "url": "https://api.github.com/repos/100devs/rap-names-api/issues/12",
        "repository_url": "https://api.github.com/repos/100devs/rap-names-api",
        "labels_url": "https://api.github.com/repos/100devs/rap-names-api/issues/12/labels{/name}",
        "comments_url": "https://api.github.com/repos/100devs/rap-names-api/issues/12/comments",
        "events_url": "https://api.github.com/repos/100devs/rap-names-api/issues/12/events",
        "html_url": "https://github.com/100devs/rap-names-api/pull/12",
        "id": 1259146913,
        "node_id": "PR_kwDOHcNJOM45Bylz",
        "number": 12,
        "title": "Add README",
        "user": {
            "login": "neverarockstar",
            "id": 97563160,
            "node_id": "U_kgDOBdCyGA",
            "avatar_url": "https://avatars.githubusercontent.com/u/97563160?v=4",
            "gravatar_id": "",
            "url": "https://api.github.com/users/neverarockstar",
            "html_url": "https://github.com/neverarockstar",
            "followers_url": "https://api.github.com/users/neverarockstar/followers",
            "following_url": "https://api.github.com/users/neverarockstar/following{/other_user}",
            "gists_url": "https://api.github.com/users/neverarockstar/gists{/gist_id}",
            "starred_url": "https://api.github.com/users/neverarockstar/starred{/owner}{/repo}",
            "subscriptions_url": "https://api.github.com/users/neverarockstar/subscriptions",
            "organizations_url": "https://api.github.com/users/neverarockstar/orgs",
            "repos_url": "https://api.github.com/users/neverarockstar/repos",
            "events_url": "https://api.github.com/users/neverarockstar/events{/privacy}",
            "received_events_url": "https://api.github.com/users/neverarockstar/received_events",
            "type": "User",
            "user_view_type": "public",
            "site_admin": false
        },
        "labels": [],
        "state": "open",
        "locked": false,
        "assignee": null,
        "assignees": [],
        "milestone": null,
        "comments": 0,
        "created_at": "2022-06-03T01:22:19Z",
        "updated_at": "2022-06-03T01:22:19Z",
        "closed_at": null,
        "author_association": "NONE",
        "sub_issues_summary": {
            "total": 0,
            "completed": 0,
            "percent_completed": 0
        },
        "active_lock_reason": null,
        "draft": false,
        "pull_request": {
            "url": "https://api.github.com/repos/100devs/rap-names-api/pulls/12",
            "html_url": "https://github.com/100devs/rap-names-api/pull/12",
            "diff_url": "https://github.com/100devs/rap-names-api/pull/12.diff",
            "patch_url": "https://github.com/100devs/rap-names-api/pull/12.patch",
            "merged_at": null
        },
        "body": "This is a README for the Rap Names API written using Alec Ortega's template.",
        "closed_by": null,
        "reactions": {
            "url": "https://api.github.com/repos/100devs/rap-names-api/issues/12/reactions",
            "total_count": 0,
            "+1": 0,
            "-1": 0,
            "laugh": 0,
            "hooray": 0,
            "confused": 0,
            "heart": 0,
            "rocket": 0,
            "eyes": 0
        },
        "timeline_url": "https://api.github.com/repos/100devs/rap-names-api/issues/12/timeline",
        "performed_via_github_app": null,
        "state_reason": null
    },
    {
        "url": "https://api.github.com/repos/100devs/rap-names-api/issues/11",
        "repository_url": "https://api.github.com/repos/100devs/rap-names-api",
        "labels_url": "https://api.github.com/repos/100devs/rap-names-api/issues/11/labels{/name}",
        "comments_url": "https://api.github.com/repos/100devs/rap-names-api/issues/11/comments",
        "events_url": "https://api.github.com/repos/100devs/rap-names-api/issues/11/events",
        "html_url": "https://github.com/100devs/rap-names-api/pull/11",
        "id": 1259145133,
        "node_id": "PR_kwDOHcNJOM45ByK8",
        "number": 11,
        "title": "README Created",
        "user": {
            "login": "AlejandroRamirezJr",
            "id": 57689090,
            "node_id": "MDQ6VXNlcjU3Njg5MDkw",
            "avatar_url": "https://avatars.githubusercontent.com/u/57689090?v=4",
            "gravatar_id": "",
            "url": "https://api.github.com/users/AlejandroRamirezJr",
            "html_url": "https://github.com/AlejandroRamirezJr",
            "followers_url": "https://api.github.com/users/AlejandroRamirezJr/followers",
            "following_url": "https://api.github.com/users/AlejandroRamirezJr/following{/other_user}",
            "gists_url": "https://api.github.com/users/AlejandroRamirezJr/gists{/gist_id}",
            "starred_url": "https://api.github.com/users/AlejandroRamirezJr/starred{/owner}{/repo}",
            "subscriptions_url": "https://api.github.com/users/AlejandroRamirezJr/subscriptions",
            "organizations_url": "https://api.github.com/users/AlejandroRamirezJr/orgs",
            "repos_url": "https://api.github.com/users/AlejandroRamirezJr/repos",
            "events_url": "https://api.github.com/users/AlejandroRamirezJr/events{/privacy}",
            "received_events_url": "https://api.github.com/users/AlejandroRamirezJr/received_events",
            "type": "User",
            "user_view_type": "public",
            "site_admin": false
        },
        "labels": [],
        "state": "open",
        "locked": false,
        "assignee": null,
        "assignees": [],
        "milestone": null,
        "comments": 0,
        "created_at": "2022-06-03T01:21:08Z",
        "updated_at": "2022-06-03T01:21:08Z",
        "closed_at": null,
        "author_association": "NONE",
        "sub_issues_summary": {
            "total": 0,
            "completed": 0,
            "percent_completed": 0
        },
        "active_lock_reason": null,
        "draft": false,
        "pull_request": {
            "url": "https://api.github.com/repos/100devs/rap-names-api/pulls/11",
            "html_url": "https://github.com/100devs/rap-names-api/pull/11",
            "diff_url": "https://github.com/100devs/rap-names-api/pull/11.diff",
            "patch_url": "https://github.com/100devs/rap-names-api/pull/11.patch",
            "merged_at": null
        },
        "body": null,
        "closed_by": null,
        "reactions": {
            "url": "https://api.github.com/repos/100devs/rap-names-api/issues/11/reactions",
            "total_count": 0,
            "+1": 0,
            "-1": 0,
            "laugh": 0,
            "hooray": 0,
            "confused": 0,
            "heart": 0,
            "rocket": 0,
            "eyes": 0
        },
        "timeline_url": "https://api.github.com/repos/100devs/rap-names-api/issues/11/timeline",
        "performed_via_github_app": null,
        "state_reason": null
    },
    {
        "url": "https://api.github.com/repos/100devs/rap-names-api/issues/10",
        "repository_url": "https://api.github.com/repos/100devs/rap-names-api",
        "labels_url": "https://api.github.com/repos/100devs/rap-names-api/issues/10/labels{/name}",
        "comments_url": "https://api.github.com/repos/100devs/rap-names-api/issues/10/comments",
        "events_url": "https://api.github.com/repos/100devs/rap-names-api/issues/10/events",
        "html_url": "https://github.com/100devs/rap-names-api/pull/10",
        "id": 1259143338,
        "node_id": "PR_kwDOHcNJOM45BxwH",
        "number": 10,
        "title": "readme and photo",
        "user": {
            "login": "bytesbybianca",
            "id": 101486635,
            "node_id": "U_kgDOBgyQKw",
            "avatar_url": "https://avatars.githubusercontent.com/u/101486635?v=4",
            "gravatar_id": "",
            "url": "https://api.github.com/users/bytesbybianca",
            "html_url": "https://github.com/bytesbybianca",
            "followers_url": "https://api.github.com/users/bytesbybianca/followers",
            "following_url": "https://api.github.com/users/bytesbybianca/following{/other_user}",
            "gists_url": "https://api.github.com/users/bytesbybianca/gists{/gist_id}",
            "starred_url": "https://api.github.com/users/bytesbybianca/starred{/owner}{/repo}",
            "subscriptions_url": "https://api.github.com/users/bytesbybianca/subscriptions",
            "organizations_url": "https://api.github.com/users/bytesbybianca/orgs",
            "repos_url": "https://api.github.com/users/bytesbybianca/repos",
            "events_url": "https://api.github.com/users/bytesbybianca/events{/privacy}",
            "received_events_url": "https://api.github.com/users/bytesbybianca/received_events",
            "type": "User",
            "user_view_type": "public",
            "site_admin": false
        },
        "labels": [],
        "state": "open",
        "locked": false,
        "assignee": null,
        "assignees": [],
        "milestone": null,
        "comments": 0,
        "created_at": "2022-06-03T01:19:57Z",
        "updated_at": "2022-06-05T01:07:54Z",
        "closed_at": null,
        "author_association": "NONE",
        "sub_issues_summary": {
            "total": 0,
            "completed": 0,
            "percent_completed": 0
        },
        "active_lock_reason": null,
        "draft": false,
        "pull_request": {
            "url": "https://api.github.com/repos/100devs/rap-names-api/pulls/10",
            "html_url": "https://github.com/100devs/rap-names-api/pull/10",
            "diff_url": "https://github.com/100devs/rap-names-api/pull/10.diff",
            "patch_url": "https://github.com/100devs/rap-names-api/pull/10.patch",
            "merged_at": null
        },
        "body": null,
        "closed_by": null,
        "reactions": {
            "url": "https://api.github.com/repos/100devs/rap-names-api/issues/10/reactions",
            "total_count": 1,
            "+1": 1,
            "-1": 0,
            "laugh": 0,
            "hooray": 0,
            "confused": 0,
            "heart": 0,
            "rocket": 0,
            "eyes": 0
        },
        "timeline_url": "https://api.github.com/repos/100devs/rap-names-api/issues/10/timeline",
        "performed_via_github_app": null,
        "state_reason": null
    },
    {
        "url": "https://api.github.com/repos/100devs/rap-names-api/issues/8",
        "repository_url": "https://api.github.com/repos/100devs/rap-names-api",
        "labels_url": "https://api.github.com/repos/100devs/rap-names-api/issues/8/labels{/name}",
        "comments_url": "https://api.github.com/repos/100devs/rap-names-api/issues/8/comments",
        "events_url": "https://api.github.com/repos/100devs/rap-names-api/issues/8/events",
        "html_url": "https://github.com/100devs/rap-names-api/pull/8",
        "id": 1259141308,
        "node_id": "PR_kwDOHcNJOM45BxRr",
        "number": 8,
        "title": "readme",
        "user": {
            "login": "mikewawrzenczyk",
            "id": 57688647,
            "node_id": "MDQ6VXNlcjU3Njg4NjQ3",
            "avatar_url": "https://avatars.githubusercontent.com/u/57688647?v=4",
            "gravatar_id": "",
            "url": "https://api.github.com/users/mikewawrzenczyk",
            "html_url": "https://github.com/mikewawrzenczyk",
            "followers_url": "https://api.github.com/users/mikewawrzenczyk/followers",
            "following_url": "https://api.github.com/users/mikewawrzenczyk/following{/other_user}",
            "gists_url": "https://api.github.com/users/mikewawrzenczyk/gists{/gist_id}",
            "starred_url": "https://api.github.com/users/mikewawrzenczyk/starred{/owner}{/repo}",
            "subscriptions_url": "https://api.github.com/users/mikewawrzenczyk/subscriptions",
            "organizations_url": "https://api.github.com/users/mikewawrzenczyk/orgs",
            "repos_url": "https://api.github.com/users/mikewawrzenczyk/repos",
            "events_url": "https://api.github.com/users/mikewawrzenczyk/events{/privacy}",
            "received_events_url": "https://api.github.com/users/mikewawrzenczyk/received_events",
            "type": "User",
            "user_view_type": "public",
            "site_admin": false
        },
        "labels": [],
        "state": "open",
        "locked": false,
        "assignee": null,
        "assignees": [],
        "milestone": null,
        "comments": 0,
        "created_at": "2022-06-03T01:18:35Z",
        "updated_at": "2022-06-03T01:18:35Z",
        "closed_at": null,
        "author_association": "NONE",
        "sub_issues_summary": {
            "total": 0,
            "completed": 0,
            "percent_completed": 0
        },
        "active_lock_reason": null,
        "draft": false,
        "pull_request": {
            "url": "https://api.github.com/repos/100devs/rap-names-api/pulls/8",
            "html_url": "https://github.com/100devs/rap-names-api/pull/8",
            "diff_url": "https://github.com/100devs/rap-names-api/pull/8.diff",
            "patch_url": "https://github.com/100devs/rap-names-api/pull/8.patch",
            "merged_at": null
        },
        "body": "Readme updated with instructions",
        "closed_by": null,
        "reactions": {
            "url": "https://api.github.com/repos/100devs/rap-names-api/issues/8/reactions",
            "total_count": 0,
            "+1": 0,
            "-1": 0,
            "laugh": 0,
            "hooray": 0,
            "confused": 0,
            "heart": 0,
            "rocket": 0,
            "eyes": 0
        },
        "timeline_url": "https://api.github.com/repos/100devs/rap-names-api/issues/8/timeline",
        "performed_via_github_app": null,
        "state_reason": null
    },
    {
        "url": "https://api.github.com/repos/100devs/rap-names-api/issues/7",
        "repository_url": "https://api.github.com/repos/100devs/rap-names-api",
        "labels_url": "https://api.github.com/repos/100devs/rap-names-api/issues/7/labels{/name}",
        "comments_url": "https://api.github.com/repos/100devs/rap-names-api/issues/7/comments",
        "events_url": "https://api.github.com/repos/100devs/rap-names-api/issues/7/events",
        "html_url": "https://github.com/100devs/rap-names-api/pull/7",
        "id": 1259139845,
        "node_id": "PR_kwDOHcNJOM45Bw70",
        "number": 7,
        "title": "Create README.md",
        "user": {
            "login": "KarthikRaju391",
            "id": 67912316,
            "node_id": "MDQ6VXNlcjY3OTEyMzE2",
            "avatar_url": "https://avatars.githubusercontent.com/u/67912316?v=4",
            "gravatar_id": "",
            "url": "https://api.github.com/users/KarthikRaju391",
            "html_url": "https://github.com/KarthikRaju391",
            "followers_url": "https://api.github.com/users/KarthikRaju391/followers",
            "following_url": "https://api.github.com/users/KarthikRaju391/following{/other_user}",
            "gists_url": "https://api.github.com/users/KarthikRaju391/gists{/gist_id}",
            "starred_url": "https://api.github.com/users/KarthikRaju391/starred{/owner}{/repo}",
            "subscriptions_url": "https://api.github.com/users/KarthikRaju391/subscriptions",
            "organizations_url": "https://api.github.com/users/KarthikRaju391/orgs",
            "repos_url": "https://api.github.com/users/KarthikRaju391/repos",
            "events_url": "https://api.github.com/users/KarthikRaju391/events{/privacy}",
            "received_events_url": "https://api.github.com/users/KarthikRaju391/received_events",
            "type": "User",
            "user_view_type": "public",
            "site_admin": false
        },
        "labels": [],
        "state": "open",
        "locked": false,
        "assignee": null,
        "assignees": [],
        "milestone": null,
        "comments": 0,
        "created_at": "2022-06-03T01:17:37Z",
        "updated_at": "2022-06-03T10:39:12Z",
        "closed_at": null,
        "author_association": "NONE",
        "sub_issues_summary": {
            "total": 0,
            "completed": 0,
            "percent_completed": 0
        },
        "active_lock_reason": null,
        "draft": false,
        "pull_request": {
            "url": "https://api.github.com/repos/100devs/rap-names-api/pulls/7",
            "html_url": "https://github.com/100devs/rap-names-api/pull/7",
            "diff_url": "https://github.com/100devs/rap-names-api/pull/7.diff",
            "patch_url": "https://github.com/100devs/rap-names-api/pull/7.patch",
            "merged_at": null
        },
        "body": null,
        "closed_by": null,
        "reactions": {
            "url": "https://api.github.com/repos/100devs/rap-names-api/issues/7/reactions",
            "total_count": 0,
            "+1": 0,
            "-1": 0,
            "laugh": 0,
            "hooray": 0,
            "confused": 0,
            "heart": 0,
            "rocket": 0,
            "eyes": 0
        },
        "timeline_url": "https://api.github.com/repos/100devs/rap-names-api/issues/7/timeline",
        "performed_via_github_app": null,
        "state_reason": null
    },
    {
        "url": "https://api.github.com/repos/100devs/rap-names-api/issues/6",
        "repository_url": "https://api.github.com/repos/100devs/rap-names-api",
        "labels_url": "https://api.github.com/repos/100devs/rap-names-api/issues/6/labels{/name}",
        "comments_url": "https://api.github.com/repos/100devs/rap-names-api/issues/6/comments",
        "events_url": "https://api.github.com/repos/100devs/rap-names-api/issues/6/events",
        "html_url": "https://github.com/100devs/rap-names-api/pull/6",
        "id": 1259132190,
        "node_id": "PR_kwDOHcNJOM45BvJv",
        "number": 6,
        "title": "EHHHH",
        "user": {
            "login": "FoleyDom",
            "id": 77548428,
            "node_id": "MDQ6VXNlcjc3NTQ4NDI4",
            "avatar_url": "https://avatars.githubusercontent.com/u/77548428?v=4",
            "gravatar_id": "",
            "url": "https://api.github.com/users/FoleyDom",
            "html_url": "https://github.com/FoleyDom",
            "followers_url": "https://api.github.com/users/FoleyDom/followers",
            "following_url": "https://api.github.com/users/FoleyDom/following{/other_user}",
            "gists_url": "https://api.github.com/users/FoleyDom/gists{/gist_id}",
            "starred_url": "https://api.github.com/users/FoleyDom/starred{/owner}{/repo}",
            "subscriptions_url": "https://api.github.com/users/FoleyDom/subscriptions",
            "organizations_url": "https://api.github.com/users/FoleyDom/orgs",
            "repos_url": "https://api.github.com/users/FoleyDom/repos",
            "events_url": "https://api.github.com/users/FoleyDom/events{/privacy}",
            "received_events_url": "https://api.github.com/users/FoleyDom/received_events",
            "type": "User",
            "user_view_type": "public",
            "site_admin": false
        },
        "labels": [],
        "state": "open",
        "locked": false,
        "assignee": null,
        "assignees": [],
        "milestone": null,
        "comments": 0,
        "created_at": "2022-06-03T01:12:37Z",
        "updated_at": "2022-06-15T00:33:54Z",
        "closed_at": null,
        "author_association": "NONE",
        "sub_issues_summary": {
            "total": 0,
            "completed": 0,
            "percent_completed": 0
        },
        "active_lock_reason": null,
        "draft": false,
        "pull_request": {
            "url": "https://api.github.com/repos/100devs/rap-names-api/pulls/6",
            "html_url": "https://github.com/100devs/rap-names-api/pull/6",
            "diff_url": "https://github.com/100devs/rap-names-api/pull/6.diff",
            "patch_url": "https://github.com/100devs/rap-names-api/pull/6.patch",
            "merged_at": null
        },
        "body": "Not great but might be first.",
        "closed_by": null,
        "reactions": {
            "url": "https://api.github.com/repos/100devs/rap-names-api/issues/6/reactions",
            "total_count": 0,
            "+1": 0,
            "-1": 0,
            "laugh": 0,
            "hooray": 0,
            "confused": 0,
            "heart": 0,
            "rocket": 0,
            "eyes": 0
        },
        "timeline_url": "https://api.github.com/repos/100devs/rap-names-api/issues/6/timeline",
        "performed_via_github_app": null,
        "state_reason": null
    },
    {
        "url": "https://api.github.com/repos/100devs/rap-names-api/issues/5",
        "repository_url": "https://api.github.com/repos/100devs/rap-names-api",
        "labels_url": "https://api.github.com/repos/100devs/rap-names-api/issues/5/labels{/name}",
        "comments_url": "https://api.github.com/repos/100devs/rap-names-api/issues/5/comments",
        "events_url": "https://api.github.com/repos/100devs/rap-names-api/issues/5/events",
        "html_url": "https://github.com/100devs/rap-names-api/pull/5",
        "id": 1259130784,
        "node_id": "PR_kwDOHcNJOM45Bu1F",
        "number": 5,
        "title": "Add readme",
        "user": {
            "login": "VladmirPutgang",
            "id": 97060301,
            "node_id": "U_kgDOBckFzQ",
            "avatar_url": "https://avatars.githubusercontent.com/u/97060301?v=4",
            "gravatar_id": "",
            "url": "https://api.github.com/users/VladmirPutgang",
            "html_url": "https://github.com/VladmirPutgang",
            "followers_url": "https://api.github.com/users/VladmirPutgang/followers",
            "following_url": "https://api.github.com/users/VladmirPutgang/following{/other_user}",
            "gists_url": "https://api.github.com/users/VladmirPutgang/gists{/gist_id}",
            "starred_url": "https://api.github.com/users/VladmirPutgang/starred{/owner}{/repo}",
            "subscriptions_url": "https://api.github.com/users/VladmirPutgang/subscriptions",
            "organizations_url": "https://api.github.com/users/VladmirPutgang/orgs",
            "repos_url": "https://api.github.com/users/VladmirPutgang/repos",
            "events_url": "https://api.github.com/users/VladmirPutgang/events{/privacy}",
            "received_events_url": "https://api.github.com/users/VladmirPutgang/received_events",
            "type": "User",
            "user_view_type": "public",
            "site_admin": false
        },
        "labels": [],
        "state": "open",
        "locked": false,
        "assignee": null,
        "assignees": [],
        "milestone": null,
        "comments": 0,
        "created_at": "2022-06-03T01:11:41Z",
        "updated_at": "2022-06-03T01:11:41Z",
        "closed_at": null,
        "author_association": "NONE",
        "sub_issues_summary": {
            "total": 0,
            "completed": 0,
            "percent_completed": 0
        },
        "active_lock_reason": null,
        "draft": false,
        "pull_request": {
            "url": "https://api.github.com/repos/100devs/rap-names-api/pulls/5",
            "html_url": "https://github.com/100devs/rap-names-api/pull/5",
            "diff_url": "https://github.com/100devs/rap-names-api/pull/5.diff",
            "patch_url": "https://github.com/100devs/rap-names-api/pull/5.patch",
            "merged_at": null
        },
        "body": null,
        "closed_by": null,
        "reactions": {
            "url": "https://api.github.com/repos/100devs/rap-names-api/issues/5/reactions",
            "total_count": 0,
            "+1": 0,
            "-1": 0,
            "laugh": 0,
            "hooray": 0,
            "confused": 0,
            "heart": 0,
            "rocket": 0,
            "eyes": 0
        },
        "timeline_url": "https://api.github.com/repos/100devs/rap-names-api/issues/5/timeline",
        "performed_via_github_app": null,
        "state_reason": null
    },
    {
        "url": "https://api.github.com/repos/100devs/rap-names-api/issues/4",
        "repository_url": "https://api.github.com/repos/100devs/rap-names-api",
        "labels_url": "https://api.github.com/repos/100devs/rap-names-api/issues/4/labels{/name}",
        "comments_url": "https://api.github.com/repos/100devs/rap-names-api/issues/4/comments",
        "events_url": "https://api.github.com/repos/100devs/rap-names-api/issues/4/events",
        "html_url": "https://github.com/100devs/rap-names-api/pull/4",
        "id": 1259128716,
        "node_id": "PR_kwDOHcNJOM45BuWx",
        "number": 4,
        "title": "Added readme that include Alec Ortega template",
        "user": {
            "login": "codestafa",
            "id": 78193284,
            "node_id": "MDQ6VXNlcjc4MTkzMjg0",
            "avatar_url": "https://avatars.githubusercontent.com/u/78193284?v=4",
            "gravatar_id": "",
            "url": "https://api.github.com/users/codestafa",
            "html_url": "https://github.com/codestafa",
            "followers_url": "https://api.github.com/users/codestafa/followers",
            "following_url": "https://api.github.com/users/codestafa/following{/other_user}",
            "gists_url": "https://api.github.com/users/codestafa/gists{/gist_id}",
            "starred_url": "https://api.github.com/users/codestafa/starred{/owner}{/repo}",
            "subscriptions_url": "https://api.github.com/users/codestafa/subscriptions",
            "organizations_url": "https://api.github.com/users/codestafa/orgs",
            "repos_url": "https://api.github.com/users/codestafa/repos",
            "events_url": "https://api.github.com/users/codestafa/events{/privacy}",
            "received_events_url": "https://api.github.com/users/codestafa/received_events",
            "type": "User",
            "user_view_type": "public",
            "site_admin": false
        },
        "labels": [],
        "state": "open",
        "locked": false,
        "assignee": null,
        "assignees": [],
        "milestone": null,
        "comments": 1,
        "created_at": "2022-06-03T01:10:20Z",
        "updated_at": "2022-06-03T01:27:20Z",
        "closed_at": null,
        "author_association": "NONE",
        "sub_issues_summary": {
            "total": 0,
            "completed": 0,
            "percent_completed": 0
        },
        "active_lock_reason": null,
        "draft": false,
        "pull_request": {
            "url": "https://api.github.com/repos/100devs/rap-names-api/pulls/4",
            "html_url": "https://github.com/100devs/rap-names-api/pull/4",
            "diff_url": "https://github.com/100devs/rap-names-api/pull/4.diff",
            "patch_url": "https://github.com/100devs/rap-names-api/pull/4.patch",
            "merged_at": null
        },
        "body": null,
        "closed_by": null,
        "reactions": {
            "url": "https://api.github.com/repos/100devs/rap-names-api/issues/4/reactions",
            "total_count": 0,
            "+1": 0,
            "-1": 0,
            "laugh": 0,
            "hooray": 0,
            "confused": 0,
            "heart": 0,
            "rocket": 0,
            "eyes": 0
        },
        "timeline_url": "https://api.github.com/repos/100devs/rap-names-api/issues/4/timeline",
        "performed_via_github_app": null,
        "state_reason": null
    },
    {
        "url": "https://api.github.com/repos/100devs/rap-names-api/issues/3",
        "repository_url": "https://api.github.com/repos/100devs/rap-names-api",
        "labels_url": "https://api.github.com/repos/100devs/rap-names-api/issues/3/labels{/name}",
        "comments_url": "https://api.github.com/repos/100devs/rap-names-api/issues/3/comments",
        "events_url": "https://api.github.com/repos/100devs/rap-names-api/issues/3/events",
        "html_url": "https://github.com/100devs/rap-names-api/pull/3",
        "id": 1259127582,
        "node_id": "PR_kwDOHcNJOM45BuG0",
        "number": 3,
        "title": "Create readme",
        "user": {
            "login": "rdabrusco",
            "id": 71036099,
            "node_id": "MDQ6VXNlcjcxMDM2MDk5",
            "avatar_url": "https://avatars.githubusercontent.com/u/71036099?v=4",
            "gravatar_id": "",
            "url": "https://api.github.com/users/rdabrusco",
            "html_url": "https://github.com/rdabrusco",
            "followers_url": "https://api.github.com/users/rdabrusco/followers",
            "following_url": "https://api.github.com/users/rdabrusco/following{/other_user}",
            "gists_url": "https://api.github.com/users/rdabrusco/gists{/gist_id}",
            "starred_url": "https://api.github.com/users/rdabrusco/starred{/owner}{/repo}",
            "subscriptions_url": "https://api.github.com/users/rdabrusco/subscriptions",
            "organizations_url": "https://api.github.com/users/rdabrusco/orgs",
            "repos_url": "https://api.github.com/users/rdabrusco/repos",
            "events_url": "https://api.github.com/users/rdabrusco/events{/privacy}",
            "received_events_url": "https://api.github.com/users/rdabrusco/received_events",
            "type": "User",
            "user_view_type": "public",
            "site_admin": false
        },
        "labels": [],
        "state": "open",
        "locked": false,
        "assignee": null,
        "assignees": [],
        "milestone": null,
        "comments": 0,
        "created_at": "2022-06-03T01:09:39Z",
        "updated_at": "2022-06-03T01:34:58Z",
        "closed_at": null,
        "author_association": "NONE",
        "sub_issues_summary": {
            "total": 0,
            "completed": 0,
            "percent_completed": 0
        },
        "active_lock_reason": null,
        "draft": false,
        "pull_request": {
            "url": "https://api.github.com/repos/100devs/rap-names-api/pulls/3",
            "html_url": "https://github.com/100devs/rap-names-api/pull/3",
            "diff_url": "https://github.com/100devs/rap-names-api/pull/3.diff",
            "patch_url": "https://github.com/100devs/rap-names-api/pull/3.patch",
            "merged_at": null
        },
        "body": null,
        "closed_by": null,
        "reactions": {
            "url": "https://api.github.com/repos/100devs/rap-names-api/issues/3/reactions",
            "total_count": 0,
            "+1": 0,
            "-1": 0,
            "laugh": 0,
            "hooray": 0,
            "confused": 0,
            "heart": 0,
            "rocket": 0,
            "eyes": 0
        },
        "timeline_url": "https://api.github.com/repos/100devs/rap-names-api/issues/3/timeline",
        "performed_via_github_app": null,
        "state_reason": null
    },
    {
        "url": "https://api.github.com/repos/100devs/rap-names-api/issues/2",
        "repository_url": "https://api.github.com/repos/100devs/rap-names-api",
        "labels_url": "https://api.github.com/repos/100devs/rap-names-api/issues/2/labels{/name}",
        "comments_url": "https://api.github.com/repos/100devs/rap-names-api/issues/2/comments",
        "events_url": "https://api.github.com/repos/100devs/rap-names-api/issues/2/events",
        "html_url": "https://github.com/100devs/rap-names-api/pull/2",
        "id": 1259120360,
        "node_id": "PR_kwDOHcNJOM45BtCb",
        "number": 2,
        "title": "Please work",
        "user": {
            "login": "Isaacfr",
            "id": 70724138,
            "node_id": "MDQ6VXNlcjcwNzI0MTM4",
            "avatar_url": "https://avatars.githubusercontent.com/u/70724138?v=4",
            "gravatar_id": "",
            "url": "https://api.github.com/users/Isaacfr",
            "html_url": "https://github.com/Isaacfr",
            "followers_url": "https://api.github.com/users/Isaacfr/followers",
            "following_url": "https://api.github.com/users/Isaacfr/following{/other_user}",
            "gists_url": "https://api.github.com/users/Isaacfr/gists{/gist_id}",
            "starred_url": "https://api.github.com/users/Isaacfr/starred{/owner}{/repo}",
            "subscriptions_url": "https://api.github.com/users/Isaacfr/subscriptions",
            "organizations_url": "https://api.github.com/users/Isaacfr/orgs",
            "repos_url": "https://api.github.com/users/Isaacfr/repos",
            "events_url": "https://api.github.com/users/Isaacfr/events{/privacy}",
            "received_events_url": "https://api.github.com/users/Isaacfr/received_events",
            "type": "User",
            "user_view_type": "public",
            "site_admin": false
        },
        "labels": [],
        "state": "open",
        "locked": false,
        "assignee": null,
        "assignees": [],
        "milestone": null,
        "comments": 1,
        "created_at": "2022-06-03T01:08:00Z",
        "updated_at": "2022-06-03T01:08:14Z",
        "closed_at": null,
        "author_association": "NONE",
        "sub_issues_summary": {
            "total": 0,
            "completed": 0,
            "percent_completed": 0
        },
        "active_lock_reason": null,
        "draft": false,
        "pull_request": {
            "url": "https://api.github.com/repos/100devs/rap-names-api/pulls/2",
            "html_url": "https://github.com/100devs/rap-names-api/pull/2",
            "diff_url": "https://github.com/100devs/rap-names-api/pull/2.diff",
            "patch_url": "https://github.com/100devs/rap-names-api/pull/2.patch",
            "merged_at": null
        },
        "body": null,
        "closed_by": null,
        "reactions": {
            "url": "https://api.github.com/repos/100devs/rap-names-api/issues/2/reactions",
            "total_count": 0,
            "+1": 0,
            "-1": 0,
            "laugh": 0,
            "hooray": 0,
            "confused": 0,
            "heart": 0,
            "rocket": 0,
            "eyes": 0
        },
        "timeline_url": "https://api.github.com/repos/100devs/rap-names-api/issues/2/timeline",
        "performed_via_github_app": null,
        "state_reason": null
    },
    {
        "url": "https://api.github.com/repos/100devs/rap-names-api/issues/1",
        "repository_url": "https://api.github.com/repos/100devs/rap-names-api",
        "labels_url": "https://api.github.com/repos/100devs/rap-names-api/issues/1/labels{/name}",
        "comments_url": "https://api.github.com/repos/100devs/rap-names-api/issues/1/comments",
        "events_url": "https://api.github.com/repos/100devs/rap-names-api/issues/1/events",
        "html_url": "https://github.com/100devs/rap-names-api/pull/1",
        "id": 1259117165,
        "node_id": "PR_kwDOHcNJOM45BsUt",
        "number": 1,
        "title": "Create README.md",
        "user": {
            "login": "MaxwellCalkin",
            "id": 101308415,
            "node_id": "U_kgDOBgnX_w",
            "avatar_url": "https://avatars.githubusercontent.com/u/101308415?v=4",
            "gravatar_id": "",
            "url": "https://api.github.com/users/MaxwellCalkin",
            "html_url": "https://github.com/MaxwellCalkin",
            "followers_url": "https://api.github.com/users/MaxwellCalkin/followers",
            "following_url": "https://api.github.com/users/MaxwellCalkin/following{/other_user}",
            "gists_url": "https://api.github.com/users/MaxwellCalkin/gists{/gist_id}",
            "starred_url": "https://api.github.com/users/MaxwellCalkin/starred{/owner}{/repo}",
            "subscriptions_url": "https://api.github.com/users/MaxwellCalkin/subscriptions",
            "organizations_url": "https://api.github.com/users/MaxwellCalkin/orgs",
            "repos_url": "https://api.github.com/users/MaxwellCalkin/repos",
            "events_url": "https://api.github.com/users/MaxwellCalkin/events{/privacy}",
            "received_events_url": "https://api.github.com/users/MaxwellCalkin/received_events",
            "type": "User",
            "user_view_type": "public",
            "site_admin": false
        },
        "labels": [],
        "state": "open",
        "locked": false,
        "assignee": null,
        "assignees": [],
        "milestone": null,
        "comments": 0,
        "created_at": "2022-06-03T01:05:59Z",
        "updated_at": "2022-06-03T04:32:47Z",
        "closed_at": null,
        "author_association": "NONE",
        "sub_issues_summary": {
            "total": 0,
            "completed": 0,
            "percent_completed": 0
        },
        "active_lock_reason": null,
        "draft": false,
        "pull_request": {
            "url": "https://api.github.com/repos/100devs/rap-names-api/pulls/1",
            "html_url": "https://github.com/100devs/rap-names-api/pull/1",
            "diff_url": "https://github.com/100devs/rap-names-api/pull/1.diff",
            "patch_url": "https://github.com/100devs/rap-names-api/pull/1.patch",
            "merged_at": null
        },
        "body": "Please Choose Me!  I Love You Leon!",
        "closed_by": null,
        "reactions": {
            "url": "https://api.github.com/repos/100devs/rap-names-api/issues/1/reactions",
            "total_count": 0,
            "+1": 0,
            "-1": 0,
            "laugh": 0,
            "hooray": 0,
            "confused": 0,
            "heart": 0,
            "rocket": 0,
            "eyes": 0
        },
        "timeline_url": "https://api.github.com/repos/100devs/rap-names-api/issues/1/timeline",
        "performed_via_github_app": null,
        "state_reason": null
    }
]