[
    {
        "url": "https://api.github.com/repos/100devs/rap-names-express/issues/7",
        "repository_url": "https://api.github.com/repos/100devs/rap-names-express",
        "labels_url": "https://api.github.com/repos/100devs/rap-names-express/issues/7/labels{/name}",
        "comments_url": "https://api.github.com/repos/100devs/rap-names-express/issues/7/comments",
        "events_url": "https://api.github.com/repos/100devs/rap-names-express/issues/7/events",
        "html_url": "https://github.com/100devs/rap-names-express/pull/7",
        "id": 1269765461,
        "node_id": "PR_kwDOFPQnrs45lFFb",
        "number": 7,
        "title": "edited safe security app",
        "user": {
            "login": "MaryShodiya",
            "id": 91341104,
            "node_id": "MDQ6VXNlcjkxMzQxMTA0",
            "avatar_url": "https://avatars.githubusercontent.com/u/91341104?v=4",
            "gravatar_id": "",
            "url": "https://api.github.com/users/MaryShodiya",
            "html_url": "https://github.com/MaryShodiya",
            "followers_url": "https://api.github.com/users/MaryShodiya/followers",
            "following_url": "https://api.github.com/users/MaryShodiya/following{/other_user}",
            "gists_url": "https://api.github.com/users/MaryShodiya/gists{/gist_id}",
            "starred_url": "https://api.github.com/users/MaryShodiya/starred{/owner}{/repo}",
            "subscriptions_url": "https://api.github.com/users/MaryShodiya/subscriptions",
            "organizations_url": "https://api.github.com/users/MaryShodiya/orgs",
            "repos_url": "https://api.github.com/users/MaryShodiya/repos",
            "events_url": "https://api.github.com/users/MaryShodiya/events{/privacy}",
            "received_events_url": "https://api.github.com/users/MaryShodiya/received_events",
            "type": "User",
            "user_view_type": "public",
            "site_admin": false
        },
        "labels": [],
        "state": "open",
        "locked": false,
        "assignee": null,
        "assignees": [],
        "milestone": null,
        "comments": 0,
        "created_at": "2022-06-13T17:53:25Z",
        "updated_at": "2022-07-17T12:22:48Z",
        "closed_at": null,
        "author_association": "NONE",
        "sub_issues_summary": {
            "total": 0,
            "completed": 0,
            "percent_completed": 0
        },
        "active_lock_reason": null,
        "draft": false,
        "pull_request": {
            "url": "https://api.github.com/repos/100devs/rap-names-express/pulls/7",
            "html_url": "https://github.com/100devs/rap-names-express/pull/7",
            "diff_url": "https://github.com/100devs/rap-names-express/pull/7.diff",
            "patch_url": "https://github.com/100devs/rap-names-express/pull/7.patch",
            "merged_at": null
        },
        "body": null,
        "closed_by": null,
        "reactions": {
            "url": "https://api.github.com/repos/100devs/rap-names-express/issues/7/reactions",
            "total_count": 0,
            "+1": 0,
            "-1": 0,
            "laugh": 0,
            "hooray": 0,
            "confused": 0,
            "heart": 0,
            "rocket": 0,
            "eyes": 0
        },
        "timeline_url": "https://api.github.com/repos/100devs/rap-names-express/issues/7/timeline",
        "performed_via_github_app": null,
        "state_reason": null
    },
    {
        "url": "https://api.github.com/repos/100devs/rap-names-express/issues/5",
        "repository_url": "https://api.github.com/repos/100devs/rap-names-express",
        "labels_url": "https://api.github.com/repos/100devs/rap-names-express/issues/5/labels{/name}",
        "comments_url": "https://api.github.com/repos/100devs/rap-names-express/issues/5/comments",
        "events_url": "https://api.github.com/repos/100devs/rap-names-express/issues/5/events",
        "html_url": "https://github.com/100devs/rap-names-express/pull/5",
        "id": 864236268,
        "node_id": "MDExOlB1bGxSZXF1ZXN0NjIwNTAyNzMz",
        "number": 5,
        "title": "Add README.md",
        "user": {
            "login": "mengirena",
            "id": 51871665,
            "node_id": "MDQ6VXNlcjUxODcxNjY1",
            "avatar_url": "https://avatars.githubusercontent.com/u/51871665?v=4",
            "gravatar_id": "",
            "url": "https://api.github.com/users/mengirena",
            "html_url": "https://github.com/mengirena",
            "followers_url": "https://api.github.com/users/mengirena/followers",
            "following_url": "https://api.github.com/users/mengirena/following{/other_user}",
            "gists_url": "https://api.github.com/users/mengirena/gists{/gist_id}",
            "starred_url": "https://api.github.com/users/mengirena/starred{/owner}{/repo}",
            "subscriptions_url": "https://api.github.com/users/mengirena/subscriptions",
            "organizations_url": "https://api.github.com/users/mengirena/orgs",
            "repos_url": "https://api.github.com/users/mengirena/repos",
            "events_url": "https://api.github.com/users/mengirena/events{/privacy}",
            "received_events_url": "https://api.github.com/users/mengirena/received_events",
            "type": "User",
            "user_view_type": "public",
            "site_admin": false
        },
        "labels": [],
        "state": "open",
        "locked": false,
        "assignee": null,
        "assignees": [],
        "milestone": null,
        "comments": 0,
        "created_at": "2021-04-21T20:01:09Z",
        "updated_at": "2021-04-21T20:01:09Z",
        "closed_at": null,
        "author_association": "NONE",
        "sub_issues_summary": {
            "total": 0,
            "completed": 0,
            "percent_completed": 0
        },
        "active_lock_reason": null,
        "draft": false,
        "pull_request": {
            "url": "https://api.github.com/repos/100devs/rap-names-express/pulls/5",
            "html_url": "https://github.com/100devs/rap-names-express/pull/5",
            "diff_url": "https://github.com/100devs/rap-names-express/pull/5.diff",
            "patch_url": "https://github.com/100devs/rap-names-express/pull/5.patch",
            "merged_at": null
        },
        "body": "",
        "closed_by": null,
        "reactions": {
            "url": "https://api.github.com/repos/100devs/rap-names-express/issues/5/reactions",
            "total_count": 0,
            "+1": 0,
            "-1": 0,
            "laugh": 0,
            "hooray": 0,
            "confused": 0,
            "heart": 0,
            "rocket": 0,
            "eyes": 0
        },
        "timeline_url": "https://api.github.com/repos/100devs/rap-names-express/issues/5/timeline",
        "performed_via_github_app": null,
        "state_reason": null
    },
    {
        "url": "https://api.github.com/repos/100devs/rap-names-express/issues/2",
        "repository_url": "https://api.github.com/repos/100devs/rap-names-express",
        "labels_url": "https://api.github.com/repos/100devs/rap-names-express/issues/2/labels{/name}",
        "comments_url": "https://api.github.com/repos/100devs/rap-names-express/issues/2/comments",
        "events_url": "https://api.github.com/repos/100devs/rap-names-express/issues/2/events",
        "html_url": "https://github.com/100devs/rap-names-express/pull/2",
        "id": 841869688,
        "node_id": "MDExOlB1bGxSZXF1ZXN0NjAxNTQwMDYx",
        "number": 2,
        "title": "Update index.ejs",
        "user": {
            "login": "lghiggino",
            "id": 5356306,
            "node_id": "MDQ6VXNlcjUzNTYzMDY=",
            "avatar_url": "https://avatars.githubusercontent.com/u/5356306?v=4",
            "gravatar_id": "",
            "url": "https://api.github.com/users/lghiggino",
            "html_url": "https://github.com/lghiggino",
            "followers_url": "https://api.github.com/users/lghiggino/followers",
            "following_url": "https://api.github.com/users/lghiggino/following{/other_user}",
            "gists_url": "https://api.github.com/users/lghiggino/gists{/gist_id}",
            "starred_url": "https://api.github.com/users/lghiggino/starred{/owner}{/repo}",
            "subscriptions_url": "https://api.github.com/users/lghiggino/subscriptions",
            "organizations_url": "https://api.github.com/users/lghiggino/orgs",
            "repos_url": "https://api.github.com/users/lghiggino/repos",
            "events_url": "https://api.github.com/users/lghiggino/events{/privacy}",
            "received_events_url": "https://api.github.com/users/lghiggino/received_events",
            "type": "User",
            "user_view_type": "public",
            "site_admin": false
        },
        "labels": [],
        "state": "open",
        "locked": false,
        "assignee": null,
        "assignees": [],
        "milestone": null,
        "comments": 0,
        "created_at": "2021-03-26T11:46:50Z",
        "updated_at": "2021-03-26T11:46:50Z",
        "closed_at": null,
        "author_association": "NONE",
        "sub_issues_summary": {
            "total": 0,
            "completed": 0,
            "percent_completed": 0
        },
        "active_lock_reason": null,
        "draft": false,
        "pull_request": {
            "url": "https://api.github.com/repos/100devs/rap-names-express/pulls/2",
            "html_url": "https://github.com/100devs/rap-names-express/pull/2",
            "diff_url": "https://github.com/100devs/rap-names-express/pull/2.diff",
            "patch_url": "https://github.com/100devs/rap-names-express/pull/2.patch",
            "merged_at": null
        },
        "body": "The head was doubled somehow. Cleaned up the code.",
        "closed_by": null,
        "reactions": {
            "url": "https://api.github.com/repos/100devs/rap-names-express/issues/2/reactions",
            "total_count": 0,
            "+1": 0,
            "-1": 0,
            "laugh": 0,
            "hooray": 0,
            "confused": 0,
            "heart": 0,
            "rocket": 0,
            "eyes": 0
        },
        "timeline_url": "https://api.github.com/repos/100devs/rap-names-express/issues/2/timeline",
        "performed_via_github_app": null,
        "state_reason": null
    }
]