[
    {
        "url": "https://api.github.com/repos/24pullrequests/rudolphbot/issues/183",
        "repository_url": "https://api.github.com/repos/24pullrequests/rudolphbot",
        "labels_url": "https://api.github.com/repos/24pullrequests/rudolphbot/issues/183/labels{/name}",
        "comments_url": "https://api.github.com/repos/24pullrequests/rudolphbot/issues/183/comments",
        "events_url": "https://api.github.com/repos/24pullrequests/rudolphbot/issues/183/events",
        "html_url": "https://github.com/24pullrequests/rudolphbot/issues/183",
        "id": 335064275,
        "node_id": "MDU6SXNzdWUzMzUwNjQyNzU=",
        "number": 183,
        "title": "Upgrade connect-multiparty to version 2.1.1",
        "user": {
            "login": "andrew",
            "id": 1060,
            "node_id": "MDQ6VXNlcjEwNjA=",
            "avatar_url": "https://avatars.githubusercontent.com/u/1060?v=4",
            "gravatar_id": "",
            "url": "https://api.github.com/users/andrew",
            "html_url": "https://github.com/andrew",
            "followers_url": "https://api.github.com/users/andrew/followers",
            "following_url": "https://api.github.com/users/andrew/following{/other_user}",
            "gists_url": "https://api.github.com/users/andrew/gists{/gist_id}",
            "starred_url": "https://api.github.com/users/andrew/starred{/owner}{/repo}",
            "subscriptions_url": "https://api.github.com/users/andrew/subscriptions",
            "organizations_url": "https://api.github.com/users/andrew/orgs",
            "repos_url": "https://api.github.com/users/andrew/repos",
            "events_url": "https://api.github.com/users/andrew/events{/privacy}",
            "received_events_url": "https://api.github.com/users/andrew/received_events",
            "type": "User",
            "user_view_type": "public",
            "site_admin": false
        },
        "labels": [
            {
                "id": 153088577,
                "node_id": "MDU6TGFiZWwxNTMwODg1Nzc=",
                "url": "https://api.github.com/repos/24pullrequests/rudolphbot/labels/enhancement",
                "name": "enhancement",
                "color": "84b6eb",
                "default": true,
                "description": null
            },
            {
                "id": 153088578,
                "node_id": "MDU6TGFiZWwxNTMwODg1Nzg=",
                "url": "https://api.github.com/repos/24pullrequests/rudolphbot/labels/help%20wanted",
                "name": "help wanted",
                "color": "159818",
                "default": true,
                "description": null
            },
            {
                "id": 972891747,
                "node_id": "MDU6TGFiZWw5NzI4OTE3NDc=",
                "url": "https://api.github.com/repos/24pullrequests/rudolphbot/labels/dependency",
                "name": "dependency",
                "color": "ededed",
                "default": false,
                "description": null
            }
        ],
        "state": "open",
        "locked": true,
        "assignee": null,
        "assignees": [],
        "milestone": null,
        "comments": 0,
        "created_at": "2018-06-23T03:35:41Z",
        "updated_at": "2018-06-28T14:46:35Z",
        "closed_at": null,
        "author_association": "MEMBER",
        "sub_issues_summary": {
            "total": 0,
            "completed": 0,
            "percent_completed": 0
        },
        "active_lock_reason": null,
        "body": "Libraries.io has found that there is a newer version of connect-multiparty that this project depends on.\n\nMore info: https://libraries.io/npm/connect-multiparty/2.1.1",
        "closed_by": null,
        "reactions": {
            "url": "https://api.github.com/repos/24pullrequests/rudolphbot/issues/183/reactions",
            "total_count": 0,
            "+1": 0,
            "-1": 0,
            "laugh": 0,
            "hooray": 0,
            "confused": 0,
            "heart": 0,
            "rocket": 0,
            "eyes": 0
        },
        "timeline_url": "https://api.github.com/repos/24pullrequests/rudolphbot/issues/183/timeline",
        "performed_via_github_app": null,
        "state_reason": null
    }
]