[
    {
        "url": "https://api.github.com/repos/24pullrequests/tweet-requests/issues/2",
        "repository_url": "https://api.github.com/repos/24pullrequests/tweet-requests",
        "labels_url": "https://api.github.com/repos/24pullrequests/tweet-requests/issues/2/labels{/name}",
        "comments_url": "https://api.github.com/repos/24pullrequests/tweet-requests/issues/2/comments",
        "events_url": "https://api.github.com/repos/24pullrequests/tweet-requests/issues/2/events",
        "html_url": "https://github.com/24pullrequests/tweet-requests/issues/2",
        "id": 272715115,
        "node_id": "MDU6SXNzdWUyNzI3MTUxMTU=",
        "number": 2,
        "title": "Add tests",
        "user": {
            "login": "andrew",
            "id": 1060,
            "node_id": "MDQ6VXNlcjEwNjA=",
            "avatar_url": "https://avatars.githubusercontent.com/u/1060?v=4",
            "gravatar_id": "",
            "url": "https://api.github.com/users/andrew",
            "html_url": "https://github.com/andrew",
            "followers_url": "https://api.github.com/users/andrew/followers",
            "following_url": "https://api.github.com/users/andrew/following{/other_user}",
            "gists_url": "https://api.github.com/users/andrew/gists{/gist_id}",
            "starred_url": "https://api.github.com/users/andrew/starred{/owner}{/repo}",
            "subscriptions_url": "https://api.github.com/users/andrew/subscriptions",
            "organizations_url": "https://api.github.com/users/andrew/orgs",
            "repos_url": "https://api.github.com/users/andrew/repos",
            "events_url": "https://api.github.com/users/andrew/events{/privacy}",
            "received_events_url": "https://api.github.com/users/andrew/received_events",
            "type": "User",
            "user_view_type": "public",
            "site_admin": false
        },
        "labels": [
            {
                "id": 745709062,
                "node_id": "MDU6TGFiZWw3NDU3MDkwNjI=",
                "url": "https://api.github.com/repos/24pullrequests/tweet-requests/labels/enhancement",
                "name": "enhancement",
                "color": "84b6eb",
                "default": true,
                "description": null
            },
            {
                "id": 745709066,
                "node_id": "MDU6TGFiZWw3NDU3MDkwNjY=",
                "url": "https://api.github.com/repos/24pullrequests/tweet-requests/labels/help%20wanted",
                "name": "help wanted",
                "color": "33aa3f",
                "default": true,
                "description": null
            },
            {
                "id": 745817729,
                "node_id": "MDU6TGFiZWw3NDU4MTc3Mjk=",
                "url": "https://api.github.com/repos/24pullrequests/tweet-requests/labels/testing",
                "name": "testing",
                "color": "fcb5d4",
                "default": false,
                "description": null
            }
        ],
        "state": "open",
        "locked": true,
        "assignee": null,
        "assignees": [],
        "milestone": null,
        "comments": 1,
        "created_at": "2017-11-09T20:34:29Z",
        "updated_at": "2017-11-12T23:23:35Z",
        "closed_at": null,
        "author_association": "MEMBER",
        "sub_issues_summary": {
            "total": 0,
            "completed": 0,
            "percent_completed": 0
        },
        "active_lock_reason": null,
        "body": "Should mock out the actual posting to twitter and probably the current time/date as well.",
        "closed_by": null,
        "reactions": {
            "url": "https://api.github.com/repos/24pullrequests/tweet-requests/issues/2/reactions",
            "total_count": 0,
            "+1": 0,
            "-1": 0,
            "laugh": 0,
            "hooray": 0,
            "confused": 0,
            "heart": 0,
            "rocket": 0,
            "eyes": 0
        },
        "timeline_url": "https://api.github.com/repos/24pullrequests/tweet-requests/issues/2/timeline",
        "performed_via_github_app": null,
        "state_reason": null
    },
    {
        "url": "https://api.github.com/repos/24pullrequests/tweet-requests/issues/1",
        "repository_url": "https://api.github.com/repos/24pullrequests/tweet-requests",
        "labels_url": "https://api.github.com/repos/24pullrequests/tweet-requests/issues/1/labels{/name}",
        "comments_url": "https://api.github.com/repos/24pullrequests/tweet-requests/issues/1/comments",
        "events_url": "https://api.github.com/repos/24pullrequests/tweet-requests/issues/1/events",
        "html_url": "https://github.com/24pullrequests/tweet-requests/issues/1",
        "id": 272713805,
        "node_id": "MDU6SXNzdWUyNzI3MTM4MDU=",
        "number": 1,
        "title": "Add some documentation",
        "user": {
            "login": "andrew",
            "id": 1060,
            "node_id": "MDQ6VXNlcjEwNjA=",
            "avatar_url": "https://avatars.githubusercontent.com/u/1060?v=4",
            "gravatar_id": "",
            "url": "https://api.github.com/users/andrew",
            "html_url": "https://github.com/andrew",
            "followers_url": "https://api.github.com/users/andrew/followers",
            "following_url": "https://api.github.com/users/andrew/following{/other_user}",
            "gists_url": "https://api.github.com/users/andrew/gists{/gist_id}",
            "starred_url": "https://api.github.com/users/andrew/starred{/owner}{/repo}",
            "subscriptions_url": "https://api.github.com/users/andrew/subscriptions",
            "organizations_url": "https://api.github.com/users/andrew/orgs",
            "repos_url": "https://api.github.com/users/andrew/repos",
            "events_url": "https://api.github.com/users/andrew/events{/privacy}",
            "received_events_url": "https://api.github.com/users/andrew/received_events",
            "type": "User",
            "user_view_type": "public",
            "site_admin": false
        },
        "labels": [
            {
                "id": 745709062,
                "node_id": "MDU6TGFiZWw3NDU3MDkwNjI=",
                "url": "https://api.github.com/repos/24pullrequests/tweet-requests/labels/enhancement",
                "name": "enhancement",
                "color": "84b6eb",
                "default": true,
                "description": null
            },
            {
                "id": 745709066,
                "node_id": "MDU6TGFiZWw3NDU3MDkwNjY=",
                "url": "https://api.github.com/repos/24pullrequests/tweet-requests/labels/help%20wanted",
                "name": "help wanted",
                "color": "33aa3f",
                "default": true,
                "description": null
            },
            {
                "id": 745814125,
                "node_id": "MDU6TGFiZWw3NDU4MTQxMjU=",
                "url": "https://api.github.com/repos/24pullrequests/tweet-requests/labels/documentation",
                "name": "documentation",
                "color": "a4bdfc",
                "default": true,
                "description": null
            }
        ],
        "state": "open",
        "locked": true,
        "assignee": null,
        "assignees": [],
        "milestone": null,
        "comments": 0,
        "created_at": "2017-11-09T20:29:44Z",
        "updated_at": "2017-11-09T20:29:44Z",
        "closed_at": null,
        "author_association": "MEMBER",
        "sub_issues_summary": {
            "total": 0,
            "completed": 0,
            "percent_completed": 0
        },
        "active_lock_reason": null,
        "body": "Explain what it is, how it works and how to contribute a tweet.",
        "closed_by": null,
        "reactions": {
            "url": "https://api.github.com/repos/24pullrequests/tweet-requests/issues/1/reactions",
            "total_count": 0,
            "+1": 0,
            "-1": 0,
            "laugh": 0,
            "hooray": 0,
            "confused": 0,
            "heart": 0,
            "rocket": 0,
            "eyes": 0
        },
        "timeline_url": "https://api.github.com/repos/24pullrequests/tweet-requests/issues/1/timeline",
        "performed_via_github_app": null,
        "state_reason": null
    }
]