[
    {
        "url": "https://api.github.com/repos/SvenVD/rpisurv/issues/195",
        "repository_url": "https://api.github.com/repos/SvenVD/rpisurv",
        "labels_url": "https://api.github.com/repos/SvenVD/rpisurv/issues/195/labels{/name}",
        "comments_url": "https://api.github.com/repos/SvenVD/rpisurv/issues/195/comments",
        "events_url": "https://api.github.com/repos/SvenVD/rpisurv/issues/195/events",
        "html_url": "https://github.com/SvenVD/rpisurv/issues/195",
        "id": 2647070673,
        "node_id": "I_kwDOArQpo86dxxfR",
        "number": 195,
        "title": "4.0.0beta3 also for Rpi3?",
        "user": {
            "login": "tuupos",
            "id": 54961501,
            "node_id": "MDQ6VXNlcjU0OTYxNTAx",
            "avatar_url": "https://avatars.githubusercontent.com/u/54961501?v=4",
            "gravatar_id": "",
            "url": "https://api.github.com/users/tuupos",
            "html_url": "https://github.com/tuupos",
            "followers_url": "https://api.github.com/users/tuupos/followers",
            "following_url": "https://api.github.com/users/tuupos/following{/other_user}",
            "gists_url": "https://api.github.com/users/tuupos/gists{/gist_id}",
            "starred_url": "https://api.github.com/users/tuupos/starred{/owner}{/repo}",
            "subscriptions_url": "https://api.github.com/users/tuupos/subscriptions",
            "organizations_url": "https://api.github.com/users/tuupos/orgs",
            "repos_url": "https://api.github.com/users/tuupos/repos",
            "events_url": "https://api.github.com/users/tuupos/events{/privacy}",
            "received_events_url": "https://api.github.com/users/tuupos/received_events",
            "type": "User",
            "user_view_type": "public",
            "site_admin": false
        },
        "labels": [],
        "state": "open",
        "locked": false,
        "assignee": null,
        "assignees": [],
        "milestone": null,
        "comments": 1,
        "created_at": "2024-11-10T10:09:24Z",
        "updated_at": "2024-11-10T14:16:28Z",
        "closed_at": null,
        "author_association": "NONE",
        "sub_issues_summary": {
            "total": 0,
            "completed": 0,
            "percent_completed": 0
        },
        "active_lock_reason": null,
        "body": "Does 4.0.0beta3 works on Raspberry pI 3?\r\n\r\nand does opensurv work on Rpi 3?",
        "closed_by": null,
        "reactions": {
            "url": "https://api.github.com/repos/SvenVD/rpisurv/issues/195/reactions",
            "total_count": 0,
            "+1": 0,
            "-1": 0,
            "laugh": 0,
            "hooray": 0,
            "confused": 0,
            "heart": 0,
            "rocket": 0,
            "eyes": 0
        },
        "timeline_url": "https://api.github.com/repos/SvenVD/rpisurv/issues/195/timeline",
        "performed_via_github_app": null,
        "state_reason": null
    },
    {
        "url": "https://api.github.com/repos/SvenVD/rpisurv/issues/194",
        "repository_url": "https://api.github.com/repos/SvenVD/rpisurv",
        "labels_url": "https://api.github.com/repos/SvenVD/rpisurv/issues/194/labels{/name}",
        "comments_url": "https://api.github.com/repos/SvenVD/rpisurv/issues/194/comments",
        "events_url": "https://api.github.com/repos/SvenVD/rpisurv/issues/194/events",
        "html_url": "https://github.com/SvenVD/rpisurv/issues/194",
        "id": 2631197278,
        "node_id": "I_kwDOArQpo86c1OJe",
        "number": 194,
        "title": "Raspberry Pi4 + Pi5 - OpenSurv",
        "user": {
            "login": "gabiX87",
            "id": 18689038,
            "node_id": "MDQ6VXNlcjE4Njg5MDM4",
            "avatar_url": "https://avatars.githubusercontent.com/u/18689038?v=4",
            "gravatar_id": "",
            "url": "https://api.github.com/users/gabiX87",
            "html_url": "https://github.com/gabiX87",
            "followers_url": "https://api.github.com/users/gabiX87/followers",
            "following_url": "https://api.github.com/users/gabiX87/following{/other_user}",
            "gists_url": "https://api.github.com/users/gabiX87/gists{/gist_id}",
            "starred_url": "https://api.github.com/users/gabiX87/starred{/owner}{/repo}",
            "subscriptions_url": "https://api.github.com/users/gabiX87/subscriptions",
            "organizations_url": "https://api.github.com/users/gabiX87/orgs",
            "repos_url": "https://api.github.com/users/gabiX87/repos",
            "events_url": "https://api.github.com/users/gabiX87/events{/privacy}",
            "received_events_url": "https://api.github.com/users/gabiX87/received_events",
            "type": "User",
            "user_view_type": "public",
            "site_admin": false
        },
        "labels": [],
        "state": "open",
        "locked": false,
        "assignee": null,
        "assignees": [],
        "milestone": null,
        "comments": 20,
        "created_at": "2024-11-03T13:06:40Z",
        "updated_at": "2024-11-10T00:15:49Z",
        "closed_at": null,
        "author_association": "NONE",
        "sub_issues_summary": {
            "total": 0,
            "completed": 0,
            "percent_completed": 0
        },
        "active_lock_reason": null,
        "body": "I have installed **rpisuv 4.0.0beta2** -> **Raspberry Pi4** + **2024-10-22-raspios-bullseye-armhf.img**\r\n\r\nThe installer put rpisurv into _/home/rpisurv_ with .yml config files\r\n\r\nthere is no longer rpisurv service\r\n\r\nsudo service lightgdm start does not start rpisurv\r\n\r\n```\r\n● lightdm.service - Light Display Manager\r\n     Loaded: loaded (/lib/systemd/system/lightdm.service; enabled; vendor preset: enabled)\r\n     Active: active (running) since Sun 2024-11-03 13:57:50 CET; 12s ago\r\n       Docs: man:lightdm(1)\r\n   Main PID: 2278 (lightdm)\r\n      Tasks: 7 (limit: 1599)\r\n        CPU: 1.948s\r\n     CGroup: /system.slice/lightdm.service\r\n             ├─2278 /usr/sbin/lightdm\r\n             ├─2374 /usr/lib/xorg/Xorg :0 -seat seat0 -auth /var/run/lightdm/root/:0 -nolisten tcp vt7 -novtswitch\r\n             └─2393 lightdm --session-child 14 21\r\n\r\nNov 03 13:57:50 raspberry systemd[1]: Starting Light Display Manager...\r\nNov 03 13:57:50 raspberry lightdm[2278]: Error getting user list from org.freedesktop.Accounts: GDBus.Error:org.freedesktop.DBus.Error.ServiceUnknown: The name org.freedesktop.Accounts was not provided by any .service files\r\nNov 03 13:57:50 raspberry systemd[1]: Started Light Display Manager.\r\nNov 03 13:57:52 raspberry lightdm[2293]: Error getting user list from org.freedesktop.Accounts: GDBus.Error:org.freedesktop.DBus.Error.ServiceUnknown: The name org.freedesktop.Accounts was not provided by any .service files\r\nNov 03 13:57:52 raspberry lightdm[2293]: pam_unix(lightdm-autologin:session): session opened for user rpisurv(uid=1001) by (uid=0)\r\nNov 03 13:57:53 raspberry lightdm[2293]: pam_unix(lightdm-autologin:session): session closed for user rpisurv\r\nNov 03 13:57:55 raspberry lightdm[2384]: Error getting user list from org.freedesktop.Accounts: GDBus.Error:org.freedesktop.DBus.Error.ServiceUnknown: The name org.freedesktop.Accounts was not provided by any .service files\r\nNov 03 13:57:55 raspberry lightdm[2384]: pam_unix(lightdm-greeter:session): session opened for user lightdm(uid=110) by (uid=0)\r\n```\r\n\r\n```\r\npi@raspberry:/home/rpisurv/bin $ ./rpisurv\r\n\r\n(xfwm4:2535): Gtk-WARNING **: 14:04:27.443: cannot open display: :0\r\nTraceback (most recent call last):\r\n  File \"/home/rpisurv/lib/surveillance.py\", line 7, in <module>\r\n    from core.util.config import cfg\r\n  File \"/home/rpisurv/lib/core/util/config.py\", line 1, in <module>\r\n    import yaml\r\nModuleNotFoundError: No module named 'yaml'\r\n```\r\n\r\nTried to play H264 2866x1512 RTSP stream and it works without flickering. \r\n\r\n```\r\npi@raspberry:/home/rpisurv/lib/core $ mpv rtsp://192.168.2.150:7447/xqcMN3QDr17t7ju9\r\n (+) Video --vid=1 (h264 2688x1512 30.000fps)\r\n (+) Audio --aid=1 (aac 1ch 16000Hz)\r\n     Audio --aid=2 (opus 2ch 48000Hz)\r\nFile tags:\r\n Title: D021F996DFA9_0\r\n[vo/sdl] Using opengl\r\n[vo/sdl] Warning: this legacy VO has bad performance. Consider fixing your graphics drivers, or not forcing the sdl VO.\r\nAO: [pulse] 16000Hz mono 1ch float\r\nVO: [sdl] 2688x1512 yuv420p\r\nAV: 00:00:14 / 00:00:15 (91%) A-V:  0.000 Dropped: 161\r\n```\r\n\r\nGoing to try Raspberry Pi 5 ..... ",
        "closed_by": null,
        "reactions": {
            "url": "https://api.github.com/repos/SvenVD/rpisurv/issues/194/reactions",
            "total_count": 0,
            "+1": 0,
            "-1": 0,
            "laugh": 0,
            "hooray": 0,
            "confused": 0,
            "heart": 0,
            "rocket": 0,
            "eyes": 0
        },
        "timeline_url": "https://api.github.com/repos/SvenVD/rpisurv/issues/194/timeline",
        "performed_via_github_app": null,
        "state_reason": null
    },
    {
        "url": "https://api.github.com/repos/SvenVD/rpisurv/issues/193",
        "repository_url": "https://api.github.com/repos/SvenVD/rpisurv",
        "labels_url": "https://api.github.com/repos/SvenVD/rpisurv/issues/193/labels{/name}",
        "comments_url": "https://api.github.com/repos/SvenVD/rpisurv/issues/193/comments",
        "events_url": "https://api.github.com/repos/SvenVD/rpisurv/issues/193/events",
        "html_url": "https://github.com/SvenVD/rpisurv/issues/193",
        "id": 2619460120,
        "node_id": "I_kwDOArQpo86cIcoY",
        "number": 193,
        "title": "2K monitor 2688x1512  issue",
        "user": {
            "login": "gabiX87",
            "id": 18689038,
            "node_id": "MDQ6VXNlcjE4Njg5MDM4",
            "avatar_url": "https://avatars.githubusercontent.com/u/18689038?v=4",
            "gravatar_id": "",
            "url": "https://api.github.com/users/gabiX87",
            "html_url": "https://github.com/gabiX87",
            "followers_url": "https://api.github.com/users/gabiX87/followers",
            "following_url": "https://api.github.com/users/gabiX87/following{/other_user}",
            "gists_url": "https://api.github.com/users/gabiX87/gists{/gist_id}",
            "starred_url": "https://api.github.com/users/gabiX87/starred{/owner}{/repo}",
            "subscriptions_url": "https://api.github.com/users/gabiX87/subscriptions",
            "organizations_url": "https://api.github.com/users/gabiX87/orgs",
            "repos_url": "https://api.github.com/users/gabiX87/repos",
            "events_url": "https://api.github.com/users/gabiX87/events{/privacy}",
            "received_events_url": "https://api.github.com/users/gabiX87/received_events",
            "type": "User",
            "user_view_type": "public",
            "site_admin": false
        },
        "labels": [
            {
                "id": 2631951499,
                "node_id": "MDU6TGFiZWwyNjMxOTUxNDk5",
                "url": "https://api.github.com/repos/SvenVD/rpisurv/labels/rpisurv%20version%203",
                "name": "rpisurv version 3",
                "color": "FF0000",
                "default": false,
                "description": ""
            }
        ],
        "state": "open",
        "locked": false,
        "assignee": null,
        "assignees": [],
        "milestone": null,
        "comments": 6,
        "created_at": "2024-10-28T20:22:36Z",
        "updated_at": "2024-11-05T22:38:43Z",
        "closed_at": null,
        "author_association": "NONE",
        "sub_issues_summary": {
            "total": 0,
            "completed": 0,
            "percent_completed": 0
        },
        "active_lock_reason": null,
        "body": "I have a 2K monitor with native **2560x1440** resolution. Using _Raspberry PI 4 model B 2GB_ , _Buster 32bit LITE_.\r\n\r\nThe problem is **rpisurv** can't display a solo/single rtsp stream in a 2688x1512 resolution. Which is a RTSP from a Unifi Camera in HIGH resolution. MEDIUM (1280x720) and LOW (640x360) streams do work.\r\n\r\nI tried to edit/change general.yml fallbacks to 2560x1440 , that had no effect.\r\n\r\nalso _rpisurv status_ \r\n\r\n```\r\nOct 28 21:24:30 raspberry rpisurv[8897]: 2024/10/28 21:24:30 - l_default - INFO - Starting rpisurv 3.0.0\r\nOct 28 21:24:30 raspberry rpisurv[8897]: 2024/10/28 21:24:30 - l_default - INFO - Auto detected display GSM-27GL850 at HDMI 0 with display number 2 3840 x 2160\r\nOct 28 21:24:30 raspberry rpisurv[8897]: 2024/10/28 21:24:30 - l_default - INFO - Unique id of this installation is ca5ee024e277a367cd9ae8003c4dd76b35f22c6654bba2bd30b2d50660e655ff\r\n\r\n```\r\n\r\nAuto detected display GSM-27GL850 at HDMI 0 with display number 2 _**3840 x 2160**_\r\n\r\nInterestingly  --aspect-ratio=3840:2160 is not correct for my monitor\r\n\r\n```\r\n\r\n rpisurv.service - Rpisurv Raspberry Pi Surveillance\r\n   Loaded: loaded (/etc/systemd/system/rpisurv.service; enabled; vendor preset: enabled)\r\n   Active: active (running) since Mon 2024-10-28 21:24:30 CET; 2min 45s ago\r\n Main PID: 8897 (rpisurv)\r\n    Tasks: 13 (limit: 3720)\r\n   CGroup: /system.slice/rpisurv.service\r\n           ├─8897 /bin/bash /usr/bin/rpisurv\r\n           ├─8898 python3 surveillance.py\r\n           ├─8915 python3 surveillance.py\r\n           └─8916 /usr/bin/vlc -I dummy --aspect-ratio=3840:2160 --vout mmal_vout --network-caching 500 --no-video-title-show --mmal-display=hdmi-1 --input-timeshift-granularity=0 --repeat --mmal-vout-transparent --mmal-vout-windo\r\n```\r\n\r\n\r\n\r\n\r\nAny ideas ?",
        "closed_by": null,
        "reactions": {
            "url": "https://api.github.com/repos/SvenVD/rpisurv/issues/193/reactions",
            "total_count": 0,
            "+1": 0,
            "-1": 0,
            "laugh": 0,
            "hooray": 0,
            "confused": 0,
            "heart": 0,
            "rocket": 0,
            "eyes": 0
        },
        "timeline_url": "https://api.github.com/repos/SvenVD/rpisurv/issues/193/timeline",
        "performed_via_github_app": null,
        "state_reason": null
    },
    {
        "url": "https://api.github.com/repos/SvenVD/rpisurv/issues/191",
        "repository_url": "https://api.github.com/repos/SvenVD/rpisurv",
        "labels_url": "https://api.github.com/repos/SvenVD/rpisurv/issues/191/labels{/name}",
        "comments_url": "https://api.github.com/repos/SvenVD/rpisurv/issues/191/comments",
        "events_url": "https://api.github.com/repos/SvenVD/rpisurv/issues/191/events",
        "html_url": "https://github.com/SvenVD/rpisurv/issues/191",
        "id": 2286291237,
        "node_id": "I_kwDOArQpo86IRgkl",
        "number": 191,
        "title": "No video mode large enough for 1920x1080",
        "user": {
            "login": "wifispray",
            "id": 28165635,
            "node_id": "MDQ6VXNlcjI4MTY1NjM1",
            "avatar_url": "https://avatars.githubusercontent.com/u/28165635?v=4",
            "gravatar_id": "",
            "url": "https://api.github.com/users/wifispray",
            "html_url": "https://github.com/wifispray",
            "followers_url": "https://api.github.com/users/wifispray/followers",
            "following_url": "https://api.github.com/users/wifispray/following{/other_user}",
            "gists_url": "https://api.github.com/users/wifispray/gists{/gist_id}",
            "starred_url": "https://api.github.com/users/wifispray/starred{/owner}{/repo}",
            "subscriptions_url": "https://api.github.com/users/wifispray/subscriptions",
            "organizations_url": "https://api.github.com/users/wifispray/orgs",
            "repos_url": "https://api.github.com/users/wifispray/repos",
            "events_url": "https://api.github.com/users/wifispray/events{/privacy}",
            "received_events_url": "https://api.github.com/users/wifispray/received_events",
            "type": "User",
            "user_view_type": "public",
            "site_admin": false
        },
        "labels": [
            {
                "id": 2631951499,
                "node_id": "MDU6TGFiZWwyNjMxOTUxNDk5",
                "url": "https://api.github.com/repos/SvenVD/rpisurv/labels/rpisurv%20version%203",
                "name": "rpisurv version 3",
                "color": "FF0000",
                "default": false,
                "description": ""
            }
        ],
        "state": "open",
        "locked": false,
        "assignee": null,
        "assignees": [],
        "milestone": null,
        "comments": 0,
        "created_at": "2024-05-08T19:26:43Z",
        "updated_at": "2024-11-03T00:14:51Z",
        "closed_at": null,
        "author_association": "NONE",
        "sub_issues_summary": {
            "total": 0,
            "completed": 0,
            "percent_completed": 0
        },
        "active_lock_reason": null,
        "body": "Can someone help with why im getting this error May 08 20:22:24 raspberrypi rpisurv[7002]: pygame.error: No video mode large enough for 1920x1080\r\n\r\nMay 08 20:21:27 raspberrypi rpisurv[6959]:     self.surface = pygame.display.set_mode((self.resolution_width, self.resolution_height))\r\nMay 08 20:21:27 raspberrypi rpisurv[6959]: pygame.error: No video mode large enough for 1920x1080\r\nMay 08 20:21:27 raspberrypi systemd[1]: rpisurv.service: Main process exited, code=exited, status=1/FAILURE\r\nMay 08 20:21:27 raspberrypi systemd[1]: rpisurv.service: Failed with result 'exit-code'.\r\nMay 08 20:21:47 raspberrypi systemd[1]: rpisurv.service: Service RestartSec=20s expired, scheduling restart.\r\nMay 08 20:21:47 raspberrypi systemd[1]: rpisurv.service: Scheduled restart job, restart counter is at 19.\r\nMay 08 20:21:47 raspberrypi systemd[1]: Stopped Rpisurv Raspberry Pi Surveillance.\r\nMay 08 20:21:47 raspberrypi systemd[1]: Started Rpisurv Raspberry Pi Surveillance.\r\nMay 08 20:21:49 raspberrypi rpisurv[6989]: pygame 1.9.4.post1\r\nMay 08 20:21:49 raspberrypi rpisurv[6989]: Hello from the pygame community. https://www.pygame.org/contribute.html\r\nMay 08 20:21:49 raspberrypi rpisurv[6989]: 2024/05/08 20:21:49 - l_default - INFO - Starting rpisurv 3.0.0\r\nMay 08 20:21:49 raspberrypi rpisurv[6989]: 2024/05/08 20:21:49 - l_default - INFO - Auto detected display GSM-LG_HDR_4K at HDMI 0 with display number 2 1920 x 1080\r\nMay 08 20:21:49 raspberrypi rpisurv[6989]: 2024/05/08 20:21:49 - l_default - INFO - Unique id of this installation is b99fff382e842ed85b59049905f367bf9385775ce74660fb7d940eba03012873\r\nMay 08 20:21:55 raspberrypi rpisurv[6989]: Traceback (most recent call last):\r\nMay 08 20:21:55 raspberrypi rpisurv[6989]:   File \"surveillance.py\", line 188, in <module>\r\nMay 08 20:21:55 raspberrypi rpisurv[6989]:     screen_manager=ScreenManager(f'screen_manager_{count}', display, enable_opportunistic_caching_next_screen, disable_pygame)\r\nMay 08 20:21:55 raspberrypi rpisurv[6989]:   File \"/usr/local/bin/rpisurv/core/ScreenManager.py\", line 20, in __init__\r\nMay 08 20:21:55 raspberrypi rpisurv[6989]:     self._init_drawinstance()\r\nMay 08 20:21:55 raspberrypi rpisurv[6989]:   File \"/usr/local/bin/rpisurv/core/ScreenManager.py\", line 214, in _init_drawinstance\r\nMay 08 20:21:55 raspberrypi rpisurv[6989]:     self.drawinstance = Draw([int(self.display[\"resolution\"][\"width\"]), int(self.display[\"resolution\"][\"height\"])], self.disable_pygame, self.name)\r\nMay 08 20:21:55 raspberrypi rpisurv[6989]:   File \"/usr/local/bin/rpisurv/core/util/draw.py\", line 52, in __init__\r\nMay 08 20:21:55 raspberrypi rpisurv[6989]:     self.surface = pygame.display.set_mode((self.resolution_width, self.resolution_height))\r\nMay 08 20:21:55 raspberrypi rpisurv[6989]: pygame.error: No video mode large enough for 1920x1080\r\nMay 08 20:21:56 raspberrypi systemd[1]: rpisurv.service: Main process exited, code=exited, status=1/FAILURE\r\nMay 08 20:21:56 raspberrypi systemd[1]: rpisurv.service: Failed with result 'exit-code'.\r\nMay 08 20:22:16 raspberrypi systemd[1]: rpisurv.service: Service RestartSec=20s expired, scheduling restart.\r\nMay 08 20:22:16 raspberrypi systemd[1]: rpisurv.service: Scheduled restart job, restart counter is at 20.\r\nMay 08 20:22:16 raspberrypi systemd[1]: Stopped Rpisurv Raspberry Pi Surveillance.\r\nMay 08 20:22:16 raspberrypi systemd[1]: Started Rpisurv Raspberry Pi Surveillance.\r\nMay 08 20:22:18 raspberrypi rpisurv[7002]: pygame 1.9.4.post1\r\nMay 08 20:22:18 raspberrypi rpisurv[7002]: Hello from the pygame community. https://www.pygame.org/contribute.html\r\nMay 08 20:22:18 raspberrypi rpisurv[7002]: 2024/05/08 20:22:18 - l_default - INFO - Starting rpisurv 3.0.0\r\nMay 08 20:22:18 raspberrypi rpisurv[7002]: 2024/05/08 20:22:18 - l_default - INFO - Auto detected display GSM-LG_HDR_4K at HDMI 0 with display number 2 1920 x 1080\r\nMay 08 20:22:18 raspberrypi rpisurv[7002]: 2024/05/08 20:22:18 - l_default - INFO - Unique id of this installation is b99fff382e842ed85b59049905f367bf9385775ce74660fb7d940eba03012873\r\nMay 08 20:22:24 raspberrypi rpisurv[7002]: Traceback (most recent call last):\r\nMay 08 20:22:24 raspberrypi rpisurv[7002]:   File \"surveillance.py\", line 188, in <module>\r\nMay 08 20:22:24 raspberrypi rpisurv[7002]:     screen_manager=ScreenManager(f'screen_manager_{count}', display, enable_opportunistic_caching_next_screen, disable_pygame)\r\nMay 08 20:22:24 raspberrypi rpisurv[7002]:   File \"/usr/local/bin/rpisurv/core/ScreenManager.py\", line 20, in __init__\r\nMay 08 20:22:24 raspberrypi rpisurv[7002]:     self._init_drawinstance()\r\nMay 08 20:22:24 raspberrypi rpisurv[7002]:   File \"/usr/local/bin/rpisurv/core/ScreenManager.py\", line 214, in _init_drawinstance\r\nMay 08 20:22:24 raspberrypi rpisurv[7002]:     self.drawinstance = Draw([int(self.display[\"resolution\"][\"width\"]), int(self.display[\"resolution\"][\"height\"])], self.disable_pygame, self.name)\r\nMay 08 20:22:24 raspberrypi rpisurv[7002]:   File \"/usr/local/bin/rpisurv/core/util/draw.py\", line 52, in __init__\r\nMay 08 20:22:24 raspberrypi rpisurv[7002]:     self.surface = pygame.display.set_mode((self.resolution_width, self.resolution_height))\r\n**May 08 20:22:24 raspberrypi rpisurv[7002]: pygame.error: No video mode large enough for 1920x1080**\r\nMay 08 20:22:24 raspberrypi systemd[1]: rpisurv.service: Main process exited, code=exited, status=1/FAILURE\r\nMay 08 20:22:24 raspberrypi systemd[1]: rpisurv.service: Failed with result 'exit-code'.\r\nMay 08 20:22:45 raspberrypi systemd[1]: rpisurv.service: Service RestartSec=20s expired, scheduling restart.\r\nMay 08 20:22:45 raspberrypi systemd[1]: rpisurv.service: Scheduled restart job, restart counter is at 21.\r\nMay 08 20:22:45 raspberrypi systemd[1]: Stopped Rpisurv Raspberry Pi Surveillance.\r\nMay 08 20:22:45 raspberrypi systemd[1]: Started Rpisurv Raspberry Pi Surveillance.\r\nMay 08 20:22:47 raspberrypi rpisurv[7014]: pygame 1.9.4.post1\r\nMay 08 20:22:47 raspberrypi rpisurv[7014]: Hello from the pygame community. https://www.pygame.org/contribute.html\r\nMay 08 20:22:47 raspberrypi rpisurv[7014]: 2024/05/08 20:22:47 - l_default - INFO - Starting rpisurv 3.0.0\r\nMay 08 20:22:47 raspberrypi rpisurv[7014]: 2024/05/08 20:22:47 - l_default - INFO - Auto detected display GSM-LG_HDR_4K at HDMI 0 with display number 2 1920 x 1080\r\nMay 08 20:22:47 raspberrypi rpisurv[7014]: 2024/05/08 20:22:47 - l_default - INFO - Unique id of this installation is b99fff382e842ed85b59049905f367bf9385775ce74660fb7d940eba03012873\r\n",
        "closed_by": null,
        "reactions": {
            "url": "https://api.github.com/repos/SvenVD/rpisurv/issues/191/reactions",
            "total_count": 0,
            "+1": 0,
            "-1": 0,
            "laugh": 0,
            "hooray": 0,
            "confused": 0,
            "heart": 0,
            "rocket": 0,
            "eyes": 0
        },
        "timeline_url": "https://api.github.com/repos/SvenVD/rpisurv/issues/191/timeline",
        "performed_via_github_app": null,
        "state_reason": null
    },
    {
        "url": "https://api.github.com/repos/SvenVD/rpisurv/issues/190",
        "repository_url": "https://api.github.com/repos/SvenVD/rpisurv",
        "labels_url": "https://api.github.com/repos/SvenVD/rpisurv/issues/190/labels{/name}",
        "comments_url": "https://api.github.com/repos/SvenVD/rpisurv/issues/190/comments",
        "events_url": "https://api.github.com/repos/SvenVD/rpisurv/issues/190/events",
        "html_url": "https://github.com/SvenVD/rpisurv/issues/190",
        "id": 2226213207,
        "node_id": "I_kwDOArQpo86EsVFX",
        "number": 190,
        "title": "Question:  Any chance for UniFi Protect Integration?",
        "user": {
            "login": "SemoTech",
            "id": 1452100,
            "node_id": "MDQ6VXNlcjE0NTIxMDA=",
            "avatar_url": "https://avatars.githubusercontent.com/u/1452100?v=4",
            "gravatar_id": "",
            "url": "https://api.github.com/users/SemoTech",
            "html_url": "https://github.com/SemoTech",
            "followers_url": "https://api.github.com/users/SemoTech/followers",
            "following_url": "https://api.github.com/users/SemoTech/following{/other_user}",
            "gists_url": "https://api.github.com/users/SemoTech/gists{/gist_id}",
            "starred_url": "https://api.github.com/users/SemoTech/starred{/owner}{/repo}",
            "subscriptions_url": "https://api.github.com/users/SemoTech/subscriptions",
            "organizations_url": "https://api.github.com/users/SemoTech/orgs",
            "repos_url": "https://api.github.com/users/SemoTech/repos",
            "events_url": "https://api.github.com/users/SemoTech/events{/privacy}",
            "received_events_url": "https://api.github.com/users/SemoTech/received_events",
            "type": "User",
            "user_view_type": "public",
            "site_admin": false
        },
        "labels": [
            {
                "id": 2631951499,
                "node_id": "MDU6TGFiZWwyNjMxOTUxNDk5",
                "url": "https://api.github.com/repos/SvenVD/rpisurv/labels/rpisurv%20version%203",
                "name": "rpisurv version 3",
                "color": "FF0000",
                "default": false,
                "description": ""
            }
        ],
        "state": "open",
        "locked": false,
        "assignee": null,
        "assignees": [],
        "milestone": null,
        "comments": 9,
        "created_at": "2024-04-04T18:14:40Z",
        "updated_at": "2024-11-03T00:14:51Z",
        "closed_at": null,
        "author_association": "NONE",
        "sub_issues_summary": {
            "total": 0,
            "completed": 0,
            "percent_completed": 0
        },
        "active_lock_reason": null,
        "body": "Hi @SvenVD, hope this finds you well.\r\n\r\nI was wondering if aside from manually specifying RTSP streams, for those of us that use the Ubiquiti UniFi Protect cameras, there could maybe be a way to have Rpisurv actually connect to the Protect a UniFi  NVR (UDR, UDM-Pro, UDM-SE, UNVR/UNVR-Pro) and allow selection of a \"Live View\" cameras configurations dashboard, in the same way that the UniFi Protect [ViewPort](https://store.ui.com/us/en/collections/unifi-camera-security-special-viewport/products/ufp-viewport) device does? \r\n\r\nWe could create a Protect User (Read-Only) and use those credentials in RpiSurv to automatically pull the RTSP streams for the cameras we want based on the pre-created dashboard (\"Live View\") in Protect.\r\n\r\nThis will also alleviate the issue where the UniFi Protect Cameras RTSP stream URL's change if a camera is reset. \r\n\r\nThank you.",
        "closed_by": null,
        "reactions": {
            "url": "https://api.github.com/repos/SvenVD/rpisurv/issues/190/reactions",
            "total_count": 1,
            "+1": 1,
            "-1": 0,
            "laugh": 0,
            "hooray": 0,
            "confused": 0,
            "heart": 0,
            "rocket": 0,
            "eyes": 0
        },
        "timeline_url": "https://api.github.com/repos/SvenVD/rpisurv/issues/190/timeline",
        "performed_via_github_app": null,
        "state_reason": null
    },
    {
        "url": "https://api.github.com/repos/SvenVD/rpisurv/issues/189",
        "repository_url": "https://api.github.com/repos/SvenVD/rpisurv",
        "labels_url": "https://api.github.com/repos/SvenVD/rpisurv/issues/189/labels{/name}",
        "comments_url": "https://api.github.com/repos/SvenVD/rpisurv/issues/189/comments",
        "events_url": "https://api.github.com/repos/SvenVD/rpisurv/issues/189/events",
        "html_url": "https://github.com/SvenVD/rpisurv/issues/189",
        "id": 2200585335,
        "node_id": "I_kwDOArQpo86DKkR3",
        "number": 189,
        "title": "Use Raspberry Pi OS Lite (Debian v12 bookworm) 32Bit or 64Bit on Pi 5 for a RpiSurv fresh install?",
        "user": {
            "login": "SemoTech",
            "id": 1452100,
            "node_id": "MDQ6VXNlcjE0NTIxMDA=",
            "avatar_url": "https://avatars.githubusercontent.com/u/1452100?v=4",
            "gravatar_id": "",
            "url": "https://api.github.com/users/SemoTech",
            "html_url": "https://github.com/SemoTech",
            "followers_url": "https://api.github.com/users/SemoTech/followers",
            "following_url": "https://api.github.com/users/SemoTech/following{/other_user}",
            "gists_url": "https://api.github.com/users/SemoTech/gists{/gist_id}",
            "starred_url": "https://api.github.com/users/SemoTech/starred{/owner}{/repo}",
            "subscriptions_url": "https://api.github.com/users/SemoTech/subscriptions",
            "organizations_url": "https://api.github.com/users/SemoTech/orgs",
            "repos_url": "https://api.github.com/users/SemoTech/repos",
            "events_url": "https://api.github.com/users/SemoTech/events{/privacy}",
            "received_events_url": "https://api.github.com/users/SemoTech/received_events",
            "type": "User",
            "user_view_type": "public",
            "site_admin": false
        },
        "labels": [
            {
                "id": 2631951499,
                "node_id": "MDU6TGFiZWwyNjMxOTUxNDk5",
                "url": "https://api.github.com/repos/SvenVD/rpisurv/labels/rpisurv%20version%203",
                "name": "rpisurv version 3",
                "color": "FF0000",
                "default": false,
                "description": ""
            }
        ],
        "state": "open",
        "locked": false,
        "assignee": null,
        "assignees": [],
        "milestone": null,
        "comments": 24,
        "created_at": "2024-03-21T16:04:57Z",
        "updated_at": "2024-11-10T00:19:26Z",
        "closed_at": null,
        "author_association": "NONE",
        "sub_issues_summary": {
            "total": 0,
            "completed": 0,
            "percent_completed": 0
        },
        "active_lock_reason": null,
        "body": "Hello @SvenVD,  \r\n\r\nAs I posted about before and you are aware, I've been having some camera freezing issues with RpiSurv on a Pi4B 2GB that could be related to the GPU getting overloaded or possibly failing.  As such I just ordered a Pi5 4GB and plan to do a clean OS install on it ([Raspberry Pi OS Lite Debian 12 - bookworm](https://www.raspberrypi.com/software/operating-systems/)) but need advice as to what build to install.  Is RpiSurv compatible with both 32 Bit and 64 Bit \"Raspberry Pi OS Lite\"?  Which bit flavor do you recommend I use?\r\n\r\nAlso, any tweaks for RpiSurv to get the most out of the new Pi5 GPU and run 9 cameras smoothly again?\r\n\r\nThank you.",
        "closed_by": null,
        "reactions": {
            "url": "https://api.github.com/repos/SvenVD/rpisurv/issues/189/reactions",
            "total_count": 1,
            "+1": 1,
            "-1": 0,
            "laugh": 0,
            "hooray": 0,
            "confused": 0,
            "heart": 0,
            "rocket": 0,
            "eyes": 0
        },
        "timeline_url": "https://api.github.com/repos/SvenVD/rpisurv/issues/189/timeline",
        "performed_via_github_app": null,
        "state_reason": null
    },
    {
        "url": "https://api.github.com/repos/SvenVD/rpisurv/issues/180",
        "repository_url": "https://api.github.com/repos/SvenVD/rpisurv",
        "labels_url": "https://api.github.com/repos/SvenVD/rpisurv/issues/180/labels{/name}",
        "comments_url": "https://api.github.com/repos/SvenVD/rpisurv/issues/180/comments",
        "events_url": "https://api.github.com/repos/SvenVD/rpisurv/issues/180/events",
        "html_url": "https://github.com/SvenVD/rpisurv/issues/180",
        "id": 2021524882,
        "node_id": "I_kwDOArQpo854fgWS",
        "number": 180,
        "title": "new install on buster, VLC error in the install script",
        "user": {
            "login": "zeltak",
            "id": 498410,
            "node_id": "MDQ6VXNlcjQ5ODQxMA==",
            "avatar_url": "https://avatars.githubusercontent.com/u/498410?v=4",
            "gravatar_id": "",
            "url": "https://api.github.com/users/zeltak",
            "html_url": "https://github.com/zeltak",
            "followers_url": "https://api.github.com/users/zeltak/followers",
            "following_url": "https://api.github.com/users/zeltak/following{/other_user}",
            "gists_url": "https://api.github.com/users/zeltak/gists{/gist_id}",
            "starred_url": "https://api.github.com/users/zeltak/starred{/owner}{/repo}",
            "subscriptions_url": "https://api.github.com/users/zeltak/subscriptions",
            "organizations_url": "https://api.github.com/users/zeltak/orgs",
            "repos_url": "https://api.github.com/users/zeltak/repos",
            "events_url": "https://api.github.com/users/zeltak/events{/privacy}",
            "received_events_url": "https://api.github.com/users/zeltak/received_events",
            "type": "User",
            "user_view_type": "public",
            "site_admin": false
        },
        "labels": [
            {
                "id": 2631951499,
                "node_id": "MDU6TGFiZWwyNjMxOTUxNDk5",
                "url": "https://api.github.com/repos/SvenVD/rpisurv/labels/rpisurv%20version%203",
                "name": "rpisurv version 3",
                "color": "FF0000",
                "default": false,
                "description": ""
            }
        ],
        "state": "open",
        "locked": false,
        "assignee": null,
        "assignees": [],
        "milestone": null,
        "comments": 10,
        "created_at": "2023-12-01T20:14:58Z",
        "updated_at": "2024-11-03T00:14:48Z",
        "closed_at": null,
        "author_association": "NONE",
        "sub_issues_summary": {
            "total": 0,
            "completed": 0,
            "percent_completed": 0
        },
        "active_lock_reason": null,
        "body": "Hi\r\n\r\nim getting this error RE VLC on install \r\n\r\n```\r\nYour version of vlc does not have the needed mmal options. Rpisurv needs those\r\nMinimum tested vlc version for Rpisurv is (VLC media player 3.0.11 Vetinari (revision 3.0.11-0-gdc0c5ced72),\r\nMaximum tested vlc version for Rpisurv is (VLC media player 3.0.17.4 Vetinari (3.0.13-8-g41878ff4f2)\r\nAborting installation, upgrade to latest vlc player with mmal support\r\n```\r\n\r\nany clue?\r\n\r\nbest\r\n\r\nz",
        "closed_by": null,
        "reactions": {
            "url": "https://api.github.com/repos/SvenVD/rpisurv/issues/180/reactions",
            "total_count": 1,
            "+1": 1,
            "-1": 0,
            "laugh": 0,
            "hooray": 0,
            "confused": 0,
            "heart": 0,
            "rocket": 0,
            "eyes": 0
        },
        "timeline_url": "https://api.github.com/repos/SvenVD/rpisurv/issues/180/timeline",
        "performed_via_github_app": null,
        "state_reason": null
    },
    {
        "url": "https://api.github.com/repos/SvenVD/rpisurv/issues/153",
        "repository_url": "https://api.github.com/repos/SvenVD/rpisurv",
        "labels_url": "https://api.github.com/repos/SvenVD/rpisurv/issues/153/labels{/name}",
        "comments_url": "https://api.github.com/repos/SvenVD/rpisurv/issues/153/comments",
        "events_url": "https://api.github.com/repos/SvenVD/rpisurv/issues/153/events",
        "html_url": "https://github.com/SvenVD/rpisurv/issues/153",
        "id": 1165888813,
        "node_id": "I_kwDOArQpo85Ffg0t",
        "number": 153,
        "title": "Wont stream RTSP Failed to connect to the D-Bus session",
        "user": {
            "login": "icepicknz",
            "id": 9022948,
            "node_id": "MDQ6VXNlcjkwMjI5NDg=",
            "avatar_url": "https://avatars.githubusercontent.com/u/9022948?v=4",
            "gravatar_id": "",
            "url": "https://api.github.com/users/icepicknz",
            "html_url": "https://github.com/icepicknz",
            "followers_url": "https://api.github.com/users/icepicknz/followers",
            "following_url": "https://api.github.com/users/icepicknz/following{/other_user}",
            "gists_url": "https://api.github.com/users/icepicknz/gists{/gist_id}",
            "starred_url": "https://api.github.com/users/icepicknz/starred{/owner}{/repo}",
            "subscriptions_url": "https://api.github.com/users/icepicknz/subscriptions",
            "organizations_url": "https://api.github.com/users/icepicknz/orgs",
            "repos_url": "https://api.github.com/users/icepicknz/repos",
            "events_url": "https://api.github.com/users/icepicknz/events{/privacy}",
            "received_events_url": "https://api.github.com/users/icepicknz/received_events",
            "type": "User",
            "user_view_type": "public",
            "site_admin": false
        },
        "labels": [
            {
                "id": 2631951499,
                "node_id": "MDU6TGFiZWwyNjMxOTUxNDk5",
                "url": "https://api.github.com/repos/SvenVD/rpisurv/labels/rpisurv%20version%203",
                "name": "rpisurv version 3",
                "color": "FF0000",
                "default": false,
                "description": ""
            }
        ],
        "state": "open",
        "locked": false,
        "assignee": null,
        "assignees": [],
        "milestone": null,
        "comments": 11,
        "created_at": "2022-03-11T01:10:59Z",
        "updated_at": "2024-11-03T00:14:47Z",
        "closed_at": null,
        "author_association": "NONE",
        "sub_issues_summary": {
            "total": 0,
            "completed": 0,
            "percent_completed": 0
        },
        "active_lock_reason": null,
        "body": "Hi,\r\n\r\nI just installed 2022-01-28-raspios-buster-armhf on a RPi4, followed the \r\ngpu_mem=512 to your /boot/config.txt\r\nframebuffer_width=1920' and 'framebuffer_height=1080\r\n\r\nThe demo boots fine and plays the video of the mkv and says connecting in a few other boxes.\r\n\r\nI commented out all the streams and added mine:\r\n\r\n```\r\n    - camera_streams:\r\n        - url: \"rtsp://192.168.44.4:7447/zR4CkwuhXKsMKu2a\"\r\n#        - url: \"rtsp://192.168.44.4:7447/WEPB3Jn6yz8b8sEE\"\r\n#        - url: \"rtsp://192.168.44.4:7447/v15hh7bd4qAfxZnv\"\r\n#        - url: \"rtsp://192.168.44.4:7447/3sjnpi31GTGL0EwF\"\r\n#        - url: \"rtsp://192.168.44.4:7447/2VOOkDfwzJpXvYBy\"\r\n#        - url: \"rtsp://192.168.44.4:7447/oBlKwRyQFMywVRgC\"\r\n#        - url: \"rtsp://192.168.44.4:7447/jHtj9GYW9F1sFBFH\"\r\n      rtsp_over_tcp:  true\r\n      duration: 20\r\n      nr_of_columns: 2\r\n\r\n```\r\nTrying single stream with RTSP over TCP true or false just shows connecting to stream on the screen.\r\n\r\n/var/log/syslog shows the following.\r\n```\r\nMar 11 01:00:48 office-left-tv rpisurv[464]: [01706090] vlcpulse audio output error: PulseAudio server connection failure: Connection refused\r\nMar 11 01:00:48 office-left-tv rpisurv[464]: [0173f850] dbus interface error: Failed to connect to the D-Bus session daemon: Unable to autolaunch a dbus-daemon without a $DISPLAY for X11\r\nMar 11 01:00:48 office-left-tv rpisurv[464]: [0173f850] main interface error: no suitable interface module\r\nMar 11 01:00:48 office-left-tv rpisurv[464]: [01688b58] main libvlc error: interface \"dbus,none\" initialization failed\r\nMar 11 01:00:48 office-left-tv rpisurv[464]: [0172a630] main interface error: no suitable interface module\r\nMar 11 01:00:48 office-left-tv rpisurv[464]: [01688b58] main libvlc error: interface \"globalhotkeys,none\" initialization failed\r\nMar 11 01:00:48 office-left-tv rpisurv[464]: [0172a630] dummy interface: using the dummy interface module...\r\nMar 11 01:00:48 office-left-tv rpisurv[464]: Created new TCP socket 4 for connection\r\nMar 11 01:00:48 office-left-tv rpisurv[464]: [736136b0] mmal_codec decoder: VCSM init succeeded: Legacy\r\nMar 11 01:00:49 office-left-tv rpisurv[464]: [736136b0] main decoder error: buffer deadlock prevented\r\n\r\n```\r\nI have tried changing GL Driver in Advanced settings to all 3, and gone back to legacy now as G3 wouldn't work at all\r\n-G1 Legacy        Original non-GL desktop driver\r\n-G2 GL (Fake KMS) OpenGL desktop driver with fake KMS\r\n-G3 GL (Full KMS) OpenGL desktop driver with full KMS\r\n\r\nAdditional logs\r\n```\r\nroot@office-left-tv:~# sudo systemctl restart rpisurv;sudo journalctl -fau rpisurv\r\nsudo: unable to resolve host office-left-tv: Name or service not known\r\nsudo: unable to resolve host office-left-tv: Name or service not known\r\n-- Logs begin at Fri 2022-03-11 01:00:03 GMT. --\r\nMar 11 01:11:46 office-left-tv rpisurv[464]: [73a006b0] main input error: ES_OUT_SET_(GROUP_)PCR  is called too late (pts_delay increased to 551 ms)\r\nMar 11 01:11:46 office-left-tv rpisurv[464]: [736136b0] main decoder error: buffer deadlock prevented\r\nMar 11 01:12:40 office-left-tv rpisurv[464]: 2022/03/11 01:12:40 - core.worker - INFO - This process was sigtermed\r\nMar 11 01:12:40 office-left-tv systemd[1]: Stopping Rpisurv Raspberry Pi Surveillance...\r\nMar 11 01:12:40 office-left-tv systemd[1]: rpisurv.service: Main process exited, code=killed, status=15/TERM\r\nMar 11 01:12:40 office-left-tv rpisurv[464]: 2022/03/11 01:12:40 - core.worker - INFO - This process was sigtermed\r\nMar 11 01:12:40 office-left-tv rpisurv[464]: 2022/03/11 01:12:40 - core.worker - INFO - This stream screen_manager_0_screen1_cam_stream1 has been stopped\r\nMar 11 01:12:41 office-left-tv systemd[1]: rpisurv.service: Succeeded.\r\nMar 11 01:12:41 office-left-tv systemd[1]: Stopped Rpisurv Raspberry Pi Surveillance.\r\nMar 11 01:12:41 office-left-tv systemd[1]: Started Rpisurv Raspberry Pi Surveillance.\r\nMar 11 01:12:42 office-left-tv rpisurv[6101]: pygame 1.9.4.post1\r\nMar 11 01:12:42 office-left-tv rpisurv[6101]: Hello from the pygame community. https://www.pygame.org/contribute.html\r\nMar 11 01:12:42 office-left-tv rpisurv[6101]: 2022/03/11 01:12:42 - l_default - INFO - Starting rpisurv 3.0.0\r\nMar 11 01:12:42 office-left-tv rpisurv[6101]: 2022/03/11 01:12:42 - l_default - INFO - Auto detected display SAM-SAMSUNG at HDMI 0 with display number 2 1920 x 1080\r\nMar 11 01:12:42 office-left-tv rpisurv[6101]: 2022/03/11 01:12:42 - l_default - INFO - Unique id of this installation is 8e255237f343b3c7ce914e08ce22ece49873b696ac5ac4f2766a3be1406cff77\r\nMar 11 01:12:47 office-left-tv rpisurv[6101]: [010ef090] vlcpulse audio output error: PulseAudio server connection failure: Connection refused\r\nMar 11 01:12:47 office-left-tv rpisurv[6101]: [01128868] dbus interface error: Failed to connect to the D-Bus session daemon: Unable to autolaunch a dbus-daemon without a $DISPLAY for X11\r\nMar 11 01:12:47 office-left-tv rpisurv[6101]: [01128868] main interface error: no suitable interface module\r\nMar 11 01:12:47 office-left-tv rpisurv[6101]: [01071b58] main libvlc error: interface \"dbus,none\" initialization failed\r\nMar 11 01:12:47 office-left-tv rpisurv[6101]: [01113608] main interface error: no suitable interface module\r\nMar 11 01:12:47 office-left-tv rpisurv[6101]: [01071b58] main libvlc error: interface \"globalhotkeys,none\" initialization failed\r\nMar 11 01:12:47 office-left-tv rpisurv[6101]: [01113608] dummy interface: using the dummy interface module...\r\nMar 11 01:12:47 office-left-tv rpisurv[6101]: Created new TCP socket 4 for connection\r\nMar 11 01:12:47 office-left-tv rpisurv[6101]: 2022/03/11 01:12:47 - l_default - INFO - Sending stats is disabled, not sending stats\r\nMar 11 01:12:48 office-left-tv rpisurv[6101]: [736136c0] mmal_codec decoder: VCSM init succeeded: Legacy\r\nMar 11 01:12:48 office-left-tv rpisurv[6101]: [736136c0] main decoder error: buffer deadlock prevented\r\nMar 11 01:12:53 office-left-tv rpisurv[6101]: [736136c0] main decoder error: buffer deadlock prevented\r\n\r\n```",
        "closed_by": null,
        "reactions": {
            "url": "https://api.github.com/repos/SvenVD/rpisurv/issues/153/reactions",
            "total_count": 0,
            "+1": 0,
            "-1": 0,
            "laugh": 0,
            "hooray": 0,
            "confused": 0,
            "heart": 0,
            "rocket": 0,
            "eyes": 0
        },
        "timeline_url": "https://api.github.com/repos/SvenVD/rpisurv/issues/153/timeline",
        "performed_via_github_app": null,
        "state_reason": null
    },
    {
        "url": "https://api.github.com/repos/SvenVD/rpisurv/issues/143",
        "repository_url": "https://api.github.com/repos/SvenVD/rpisurv",
        "labels_url": "https://api.github.com/repos/SvenVD/rpisurv/issues/143/labels{/name}",
        "comments_url": "https://api.github.com/repos/SvenVD/rpisurv/issues/143/comments",
        "events_url": "https://api.github.com/repos/SvenVD/rpisurv/issues/143/events",
        "html_url": "https://github.com/SvenVD/rpisurv/issues/143",
        "id": 1067580076,
        "node_id": "I_kwDOArQpo84_ofqs",
        "number": 143,
        "title": "Raspbian Bullseye - tvservice is not supported w/ vc4-kms-v3d driver",
        "user": {
            "login": "kpfa",
            "id": 72320583,
            "node_id": "MDQ6VXNlcjcyMzIwNTgz",
            "avatar_url": "https://avatars.githubusercontent.com/u/72320583?v=4",
            "gravatar_id": "",
            "url": "https://api.github.com/users/kpfa",
            "html_url": "https://github.com/kpfa",
            "followers_url": "https://api.github.com/users/kpfa/followers",
            "following_url": "https://api.github.com/users/kpfa/following{/other_user}",
            "gists_url": "https://api.github.com/users/kpfa/gists{/gist_id}",
            "starred_url": "https://api.github.com/users/kpfa/starred{/owner}{/repo}",
            "subscriptions_url": "https://api.github.com/users/kpfa/subscriptions",
            "organizations_url": "https://api.github.com/users/kpfa/orgs",
            "repos_url": "https://api.github.com/users/kpfa/repos",
            "events_url": "https://api.github.com/users/kpfa/events{/privacy}",
            "received_events_url": "https://api.github.com/users/kpfa/received_events",
            "type": "User",
            "user_view_type": "public",
            "site_admin": false
        },
        "labels": [
            {
                "id": 2631951499,
                "node_id": "MDU6TGFiZWwyNjMxOTUxNDk5",
                "url": "https://api.github.com/repos/SvenVD/rpisurv/labels/rpisurv%20version%203",
                "name": "rpisurv version 3",
                "color": "FF0000",
                "default": false,
                "description": ""
            }
        ],
        "state": "open",
        "locked": false,
        "assignee": null,
        "assignees": [],
        "milestone": null,
        "comments": 14,
        "created_at": "2021-11-30T19:08:37Z",
        "updated_at": "2024-11-03T00:14:47Z",
        "closed_at": null,
        "author_association": "NONE",
        "sub_issues_summary": {
            "total": 0,
            "completed": 0,
            "percent_completed": 0
        },
        "active_lock_reason": null,
        "body": "On a fresh install of bullseye (Raspbian lite) We loaded [the snap](https://snapcraft.io/install/vlc-pi/debian) and were then able to install rpisurv 3 from git.\r\n```\r\nsudo apt update\r\nsudo apt install snapd\r\nsudo snap install core\r\nsudo snap install vlc-pi --edge --devmode\r\nsudo snap connect vlc-pi:hardware-observe\r\n```\r\n\r\nHowever, another issue pops up 'tvservice is not supported when using the vc4-kms-v3d driver.'\r\n\r\n```\r\n/usr/bin/rpisurv\r\npygame 1.9.6\r\nHello from the pygame community. https://www.pygame.org/contribute.html\r\n/usr/local/bin/rpisurv/core/util/setuplogging.py:15: YAMLLoadWarning: calling yaml.load() without Loader=... is deprecated, as the default Loader is unsafe. Please read https://msg.pyyaml.org/load for full details.\r\n  logcfg = yaml.load(ymlfile)\r\n2021/11/30 10:57:10 - l_default - INFO - Starting rpisurv 3.0.0\r\n/usr/bin/tvservice is not supported when using the vc4-kms-v3d driver.\r\nSimilar features are available with standard linux tools\r\nsuch as modetest from libdrm-tests.\r\nTraceback (most recent call last):\r\n  File \"/usr/local/bin/rpisurv/surveillance.py\", line 170, in <module>\r\n    displays=parse_tvservice()\r\n  File \"/usr/local/bin/rpisurv/surveillance.py\", line 69, in parse_tvservice\r\n    tvserviceresult_l = subprocess.check_output(['/usr/bin/tvservice', '-l'], text=True )\r\n  File \"/usr/lib/python3.9/subprocess.py\", line 424, in check_output\r\n    return run(*popenargs, stdout=PIPE, timeout=timeout, check=True,\r\n  File \"/usr/lib/python3.9/subprocess.py\", line 528, in run\r\n    raise CalledProcessError(retcode, process.args,\r\nsubprocess.CalledProcessError: Command '['/usr/bin/tvservice', '-l']' returned non-zero exit status 1.\r\n\r\nroot@raspberrypi:~/rpisurv# tvservice -l\r\ntvservice is not supported when using the vc4-kms-v3d driver.\r\nSimilar features are available with standard linux tools\r\nsuch as modetest from libdrm-tests.\r\n```\r\n\r\nI'll start a new issue (if one doesn't already exist)\r\n\r\n_Originally posted by @kpfa in https://github.com/SvenVD/rpisurv/issues/141#issuecomment-982927930_",
        "closed_by": null,
        "reactions": {
            "url": "https://api.github.com/repos/SvenVD/rpisurv/issues/143/reactions",
            "total_count": 0,
            "+1": 0,
            "-1": 0,
            "laugh": 0,
            "hooray": 0,
            "confused": 0,
            "heart": 0,
            "rocket": 0,
            "eyes": 0
        },
        "timeline_url": "https://api.github.com/repos/SvenVD/rpisurv/issues/143/timeline",
        "performed_via_github_app": null,
        "state_reason": null
    },
    {
        "url": "https://api.github.com/repos/SvenVD/rpisurv/issues/141",
        "repository_url": "https://api.github.com/repos/SvenVD/rpisurv",
        "labels_url": "https://api.github.com/repos/SvenVD/rpisurv/issues/141/labels{/name}",
        "comments_url": "https://api.github.com/repos/SvenVD/rpisurv/issues/141/comments",
        "events_url": "https://api.github.com/repos/SvenVD/rpisurv/issues/141/events",
        "html_url": "https://github.com/SvenVD/rpisurv/issues/141",
        "id": 1051403310,
        "node_id": "I_kwDOArQpo84-qyQu",
        "number": 141,
        "title": "VLC issue on raspbian bullseye",
        "user": {
            "login": "SvenVD",
            "id": 1139272,
            "node_id": "MDQ6VXNlcjExMzkyNzI=",
            "avatar_url": "https://avatars.githubusercontent.com/u/1139272?v=4",
            "gravatar_id": "",
            "url": "https://api.github.com/users/SvenVD",
            "html_url": "https://github.com/SvenVD",
            "followers_url": "https://api.github.com/users/SvenVD/followers",
            "following_url": "https://api.github.com/users/SvenVD/following{/other_user}",
            "gists_url": "https://api.github.com/users/SvenVD/gists{/gist_id}",
            "starred_url": "https://api.github.com/users/SvenVD/starred{/owner}{/repo}",
            "subscriptions_url": "https://api.github.com/users/SvenVD/subscriptions",
            "organizations_url": "https://api.github.com/users/SvenVD/orgs",
            "repos_url": "https://api.github.com/users/SvenVD/repos",
            "events_url": "https://api.github.com/users/SvenVD/events{/privacy}",
            "received_events_url": "https://api.github.com/users/SvenVD/received_events",
            "type": "User",
            "user_view_type": "public",
            "site_admin": false
        },
        "labels": [
            {
                "id": 2631951499,
                "node_id": "MDU6TGFiZWwyNjMxOTUxNDk5",
                "url": "https://api.github.com/repos/SvenVD/rpisurv/labels/rpisurv%20version%203",
                "name": "rpisurv version 3",
                "color": "FF0000",
                "default": false,
                "description": ""
            }
        ],
        "state": "open",
        "locked": false,
        "assignee": null,
        "assignees": [],
        "milestone": null,
        "comments": 24,
        "created_at": "2021-11-11T22:12:59Z",
        "updated_at": "2024-11-03T00:14:46Z",
        "closed_at": null,
        "author_association": "OWNER",
        "sub_issues_summary": {
            "total": 0,
            "completed": 0,
            "percent_completed": 0
        },
        "active_lock_reason": null,
        "body": null,
        "closed_by": null,
        "reactions": {
            "url": "https://api.github.com/repos/SvenVD/rpisurv/issues/141/reactions",
            "total_count": 0,
            "+1": 0,
            "-1": 0,
            "laugh": 0,
            "hooray": 0,
            "confused": 0,
            "heart": 0,
            "rocket": 0,
            "eyes": 0
        },
        "timeline_url": "https://api.github.com/repos/SvenVD/rpisurv/issues/141/timeline",
        "performed_via_github_app": null,
        "state_reason": null
    }
]