[
    {
        "url": "https://api.github.com/repos/abap-observability-tools/abap-trace-tender/issues/38",
        "repository_url": "https://api.github.com/repos/abap-observability-tools/abap-trace-tender",
        "labels_url": "https://api.github.com/repos/abap-observability-tools/abap-trace-tender/issues/38/labels{/name}",
        "comments_url": "https://api.github.com/repos/abap-observability-tools/abap-trace-tender/issues/38/comments",
        "events_url": "https://api.github.com/repos/abap-observability-tools/abap-trace-tender/issues/38/events",
        "html_url": "https://github.com/abap-observability-tools/abap-trace-tender/pull/38",
        "id": 1679398812,
        "node_id": "PR_kwDOE7tIKs5O6IfJ",
        "number": 38,
        "title": "Bump axios from 0.21.1 to 0.21.4",
        "user": {
            "login": "dependabot[bot]",
            "id": 49699333,
            "node_id": "MDM6Qm90NDk2OTkzMzM=",
            "avatar_url": "https://avatars.githubusercontent.com/in/29110?v=4",
            "gravatar_id": "",
            "url": "https://api.github.com/users/dependabot%5Bbot%5D",
            "html_url": "https://github.com/apps/dependabot",
            "followers_url": "https://api.github.com/users/dependabot%5Bbot%5D/followers",
            "following_url": "https://api.github.com/users/dependabot%5Bbot%5D/following{/other_user}",
            "gists_url": "https://api.github.com/users/dependabot%5Bbot%5D/gists{/gist_id}",
            "starred_url": "https://api.github.com/users/dependabot%5Bbot%5D/starred{/owner}{/repo}",
            "subscriptions_url": "https://api.github.com/users/dependabot%5Bbot%5D/subscriptions",
            "organizations_url": "https://api.github.com/users/dependabot%5Bbot%5D/orgs",
            "repos_url": "https://api.github.com/users/dependabot%5Bbot%5D/repos",
            "events_url": "https://api.github.com/users/dependabot%5Bbot%5D/events{/privacy}",
            "received_events_url": "https://api.github.com/users/dependabot%5Bbot%5D/received_events",
            "type": "Bot",
            "user_view_type": "public",
            "site_admin": false
        },
        "labels": [
            {
                "id": 2774239885,
                "node_id": "MDU6TGFiZWwyNzc0MjM5ODg1",
                "url": "https://api.github.com/repos/abap-observability-tools/abap-trace-tender/labels/dependencies",
                "name": "dependencies",
                "color": "0366d6",
                "default": false,
                "description": "Pull requests that update a dependency file"
            }
        ],
        "state": "open",
        "locked": false,
        "assignee": null,
        "assignees": [],
        "milestone": null,
        "comments": 0,
        "created_at": "2023-04-22T07:44:25Z",
        "updated_at": "2023-04-22T07:44:26Z",
        "closed_at": null,
        "author_association": "CONTRIBUTOR",
        "sub_issues_summary": {
            "total": 0,
            "completed": 0,
            "percent_completed": 0
        },
        "active_lock_reason": null,
        "draft": false,
        "pull_request": {
            "url": "https://api.github.com/repos/abap-observability-tools/abap-trace-tender/pulls/38",
            "html_url": "https://github.com/abap-observability-tools/abap-trace-tender/pull/38",
            "diff_url": "https://github.com/abap-observability-tools/abap-trace-tender/pull/38.diff",
            "patch_url": "https://github.com/abap-observability-tools/abap-trace-tender/pull/38.patch",
            "merged_at": null
        },
        "body": "Bumps [axios](https://github.com/axios/axios) from 0.21.1 to 0.21.4.\n<details>\n<summary>Release notes</summary>\n<p><em>Sourced from <a href=\"https://github.com/axios/axios/releases\">axios's releases</a>.</em></p>\n<blockquote>\n<h2>v0.21.4</h2>\n<h3>Fixes and Functionality:</h3>\n<ul>\n<li>Fixing JSON transform when data is stringified. Providing backward compatibility and complying to the JSON RFC standard (<a href=\"https://redirect.github.com/axios/axios/pull/4020\">#4020</a>)</li>\n</ul>\n<p>Huge thanks to everyone who contributed to this release via code (authors listed below) or via reviews and triaging on GitHub:</p>\n<ul>\n<li><a href=\"https://github.com/gfortaine\">Guillaume Fortaine</a></li>\n<li><a href=\"https://github.com/kawanet\">Yusuke Kawasaki</a></li>\n<li><a href=\"https://github.com/DigitalBrainJS\">Dmitriy Mozgovoy</a></li>\n</ul>\n<h2>v0.21.3</h2>\n<h3>Fixes and Functionality:</h3>\n<ul>\n<li>Fixing response interceptor not being called when request interceptor is attached (<a href=\"https://redirect.github.com/axios/axios/pull/4013\">#4013</a>)</li>\n</ul>\n<p>Huge thanks to everyone who contributed to this release via code (authors listed below) or via reviews and triaging on GitHub:</p>\n<ul>\n<li><a href=\"https://github.com/nerdbeere\">Julian Hollmann</a></li>\n</ul>\n<h2>v0.21.2</h2>\n<h3>Fixes and Functionality:</h3>\n<ul>\n<li>Updating axios requests to be delayed by pre-emptive promise creation (<a href=\"https://redirect.github.com/axios/axios/pull/2702\">#2702</a>)</li>\n<li>Adding &quot;synchronous&quot; and &quot;runWhen&quot; options to interceptors api (<a href=\"https://redirect.github.com/axios/axios/pull/2702\">#2702</a>)</li>\n<li>Updating of transformResponse (<a href=\"https://redirect.github.com/axios/axios/pull/3377\">#3377</a>)</li>\n<li>Adding ability to omit User-Agent header (<a href=\"https://redirect.github.com/axios/axios/pull/3703\">#3703</a>)</li>\n<li>Adding multiple JSON improvements (<a href=\"https://redirect.github.com/axios/axios/pull/3688\">#3688</a>, <a href=\"https://redirect.github.com/axios/axios/pull/3763\">#3763</a>)</li>\n<li>Fixing quadratic runtime and extra memory usage when setting a maxContentLength (<a href=\"https://redirect.github.com/axios/axios/pull/3738\">#3738</a>)</li>\n<li>Adding parseInt to config.timeout (<a href=\"https://redirect.github.com/axios/axios/pull/3781\">#3781</a>)</li>\n<li>Adding custom return type support to interceptor (<a href=\"https://redirect.github.com/axios/axios/pull/3783\">#3783</a>)</li>\n<li>Adding security fix for ReDoS vulnerability (<a href=\"https://redirect.github.com/axios/axios/pull/3980\">#3980</a>)</li>\n</ul>\n<h3>Internal and Tests:</h3>\n<ul>\n<li>Updating build dev dependancies (<a href=\"https://redirect.github.com/axios/axios/pull/3401\">#3401</a>)</li>\n<li>Fixing builds running on Travis CI (<a href=\"https://redirect.github.com/axios/axios/pull/3538\">#3538</a>)</li>\n<li>Updating follow rediect version (<a href=\"https://redirect.github.com/axios/axios/pull/3694\">#3694</a>, <a href=\"https://redirect.github.com/axios/axios/pull/3771\">#3771</a>)</li>\n<li>Updating karma sauce launcher to fix failing sauce tests (<a href=\"https://redirect.github.com/axios/axios/pull/3712\">#3712</a>, <a href=\"https://redirect.github.com/axios/axios/pull/3717\">#3717</a>)</li>\n<li>Updating content-type header for application/json to not contain charset field, according do RFC 8259 (<a href=\"https://redirect.github.com/axios/axios/pull/2154\">#2154</a>)</li>\n<li>Fixing tests by bumping karma-sauce-launcher version (<a href=\"https://redirect.github.com/axios/axios/pull/3813\">#3813</a>)</li>\n<li>Changing testing process from Travis CI to GitHub Actions (<a href=\"https://redirect.github.com/axios/axios/pull/3938\">#3938</a>)</li>\n</ul>\n<h3>Documentation:</h3>\n<ul>\n<li>Updating documentation around the use of <code>AUTH_TOKEN</code> with multiple domain endpoints (<a href=\"https://redirect.github.com/axios/axios/pull/3539\">#3539</a>)</li>\n<li>Remove duplication of item in changelog (<a href=\"https://redirect.github.com/axios/axios/pull/3523\">#3523</a>)</li>\n<li>Fixing gramatical errors (<a href=\"https://redirect.github.com/axios/axios/pull/2642\">#2642</a>)</li>\n<li>Fixing spelling error (<a href=\"https://redirect.github.com/axios/axios/pull/3567\">#3567</a>)</li>\n<li>Moving gitpod metion (<a href=\"https://redirect.github.com/axios/axios/pull/2637\">#2637</a>)</li>\n<li>Adding new axios documentation website link (<a href=\"https://redirect.github.com/axios/axios/pull/3681\">#3681</a>, <a href=\"https://redirect.github.com/axios/axios/pull/3707\">#3707</a>)</li>\n<li>Updating documentation around dispatching requests (<a href=\"https://redirect.github.com/axios/axios/pull/3772\">#3772</a>)</li>\n</ul>\n<!-- raw HTML omitted -->\n</blockquote>\n<p>... (truncated)</p>\n</details>\n<details>\n<summary>Changelog</summary>\n<p><em>Sourced from <a href=\"https://github.com/axios/axios/blob/v0.21.4/CHANGELOG.md\">axios's changelog</a>.</em></p>\n<blockquote>\n<h3>0.21.4 (September 6, 2021)</h3>\n<p>Fixes and Functionality:</p>\n<ul>\n<li>Fixing JSON transform when data is stringified. Providing backward compatability and complying to the JSON RFC standard (<a href=\"https://redirect.github.com/axios/axios/pull/4020\">#4020</a>)</li>\n</ul>\n<p>Huge thanks to everyone who contributed to this release via code (authors listed below) or via reviews and triaging on GitHub:</p>\n<ul>\n<li><a href=\"https://github.com/axios/axios/blob/v0.21.4/mailto:jasonsaayman@gmail.com\">Jay</a></li>\n<li><a href=\"https://github.com/gfortaine\">Guillaume Fortaine</a></li>\n<li><a href=\"https://github.com/kawanet\">Yusuke Kawasaki</a></li>\n<li><a href=\"https://github.com/DigitalBrainJS\">Dmitriy Mozgovoy</a></li>\n</ul>\n<h3>0.21.3 (September 4, 2021)</h3>\n<p>Fixes and Functionality:</p>\n<ul>\n<li>Fixing response interceptor not being called when request interceptor is attached (<a href=\"https://redirect.github.com/axios/axios/pull/4013\">#4013</a>)</li>\n</ul>\n<p>Huge thanks to everyone who contributed to this release via code (authors listed below) or via reviews and triaging on GitHub:</p>\n<ul>\n<li><a href=\"https://github.com/axios/axios/blob/v0.21.4/mailto:jasonsaayman@gmail.com\">Jay</a></li>\n<li><a href=\"https://github.com/nerdbeere\">Julian Hollmann</a></li>\n</ul>\n<h3>0.21.2 (September 4, 2021)</h3>\n<p>Fixes and Functionality:</p>\n<ul>\n<li>Updating axios requests to be delayed by pre-emptive promise creation (<a href=\"https://redirect.github.com/axios/axios/pull/2702\">#2702</a>)</li>\n<li>Adding &quot;synchronous&quot; and &quot;runWhen&quot; options to interceptors api (<a href=\"https://redirect.github.com/axios/axios/pull/2702\">#2702</a>)</li>\n<li>Updating of transformResponse (<a href=\"https://redirect.github.com/axios/axios/pull/3377\">#3377</a>)</li>\n<li>Adding ability to omit User-Agent header (<a href=\"https://redirect.github.com/axios/axios/pull/3703\">#3703</a>)</li>\n<li>Adding multiple JSON improvements (<a href=\"https://redirect.github.com/axios/axios/pull/3688\">#3688</a>, <a href=\"https://redirect.github.com/axios/axios/pull/3763\">#3763</a>)</li>\n<li>Fixing quadratic runtime and extra memory usage when setting a maxContentLength (<a href=\"https://redirect.github.com/axios/axios/pull/3738\">#3738</a>)</li>\n<li>Adding parseInt to config.timeout (<a href=\"https://redirect.github.com/axios/axios/pull/3781\">#3781</a>)</li>\n<li>Adding custom return type support to interceptor (<a href=\"https://redirect.github.com/axios/axios/pull/3783\">#3783</a>)</li>\n<li>Adding security fix for ReDoS vulnerability (<a href=\"https://redirect.github.com/axios/axios/pull/3980\">#3980</a>)</li>\n</ul>\n<p>Internal and Tests:</p>\n<ul>\n<li>Updating build dev dependancies (<a href=\"https://redirect.github.com/axios/axios/pull/3401\">#3401</a>)</li>\n<li>Fixing builds running on Travis CI (<a href=\"https://redirect.github.com/axios/axios/pull/3538\">#3538</a>)</li>\n<li>Updating follow rediect version (<a href=\"https://redirect.github.com/axios/axios/pull/3694\">#3694</a>, <a href=\"https://redirect.github.com/axios/axios/pull/3771\">#3771</a>)</li>\n<li>Updating karma sauce launcher to fix failing sauce tests (<a href=\"https://redirect.github.com/axios/axios/pull/3712\">#3712</a>, <a href=\"https://redirect.github.com/axios/axios/pull/3717\">#3717</a>)</li>\n<li>Updating content-type header for application/json to not contain charset field, according do RFC 8259 (<a href=\"https://redirect.github.com/axios/axios/pull/2154\">#2154</a>)</li>\n<li>Fixing tests by bumping karma-sauce-launcher version (<a href=\"https://redirect.github.com/axios/axios/pull/3813\">#3813</a>)</li>\n<li>Changing testing process from Travis CI to GitHub Actions (<a href=\"https://redirect.github.com/axios/axios/pull/3938\">#3938</a>)</li>\n</ul>\n<p>Documentation:</p>\n<ul>\n<li>Updating documentation around the use of <code>AUTH_TOKEN</code> with multiple domain endpoints (<a href=\"https://redirect.github.com/axios/axios/pull/3539\">#3539</a>)</li>\n<li>Remove duplication of item in changelog (<a href=\"https://redirect.github.com/axios/axios/pull/3523\">#3523</a>)</li>\n</ul>\n<!-- raw HTML omitted -->\n</blockquote>\n<p>... (truncated)</p>\n</details>\n<details>\n<summary>Commits</summary>\n<ul>\n<li><a href=\"https://github.com/axios/axios/commit/66c46020bd01b39081259ae74edc2afc283818fa\"><code>66c4602</code></a> Merge branch 'master' into release/0.21.4</li>\n<li><a href=\"https://github.com/axios/axios/commit/fc15665cc372bc7d2c59901e04c216c590364a67\"><code>fc15665</code></a> [Releasing] v0.21.4</li>\n<li><a href=\"https://github.com/axios/axios/commit/c2714f08e5db79382b3e059cb6bd52134b320f7d\"><code>c2714f0</code></a> [Updating] incorrect JSON syntax in README.md</li>\n<li><a href=\"https://github.com/axios/axios/commit/0fc7248cc3db1ea0680b7994eb2ab96b8f6e075f\"><code>0fc7248</code></a> fix json transform when data is pre-stringified (<a href=\"https://redirect.github.com/axios/axios/issues/4020\">#4020</a>)</li>\n<li><a href=\"https://github.com/axios/axios/commit/90205f8ab7f73e6b3a2507bdd67a4f47ef57af9e\"><code>90205f8</code></a> Change headers type to string record (<a href=\"https://redirect.github.com/axios/axios/issues/3021\">#3021</a>)</li>\n<li><a href=\"https://github.com/axios/axios/commit/92b29d2775bd4cadb3f077fe639fa29c8cf0de8e\"><code>92b29d2</code></a> Make the default type of response data never (<a href=\"https://redirect.github.com/axios/axios/issues/3002\">#3002</a>)</li>\n<li><a href=\"https://github.com/axios/axios/commit/4eeb3b17e28581e6931ad7b78dcc025cf3f99bc8\"><code>4eeb3b1</code></a> Improved type-safety for AxiosRequestConfig (<a href=\"https://redirect.github.com/axios/axios/issues/2995\">#2995</a>)</li>\n<li><a href=\"https://github.com/axios/axios/commit/cd7ff042b0b80f6f02e5564d184019131c90cacd\"><code>cd7ff04</code></a> Adding HTTP status code to error.toJSON (<a href=\"https://redirect.github.com/axios/axios/issues/2956\">#2956</a>)</li>\n<li><a href=\"https://github.com/axios/axios/commit/b5a1a67b3c2b20f5d6e78e7e80297e71da4ab74c\"><code>b5a1a67</code></a> Adding nodejs http.request option: insecureHTTPParser (<a href=\"https://redirect.github.com/axios/axios/issues/2930\">#2930</a>)</li>\n<li><a href=\"https://github.com/axios/axios/commit/4f25380b3188816300d8ec7cad125d5e9ccf57d8\"><code>4f25380</code></a> Exposing the Axios constructor in index.d.ts (<a href=\"https://redirect.github.com/axios/axios/issues/2872\">#2872</a>)</li>\n<li>Additional commits viewable in <a href=\"https://github.com/axios/axios/compare/v0.21.1...v0.21.4\">compare view</a></li>\n</ul>\n</details>\n<details>\n<summary>Maintainer changes</summary>\n<p>This version was pushed to npm by <a href=\"https://www.npmjs.com/~jasonsaayman\">jasonsaayman</a>, a new releaser for axios since your current version.</p>\n</details>\n<br />\n\n\n[![Dependabot compatibility score](https://dependabot-badges.githubapp.com/badges/compatibility_score?dependency-name=axios&package-manager=npm_and_yarn&previous-version=0.21.1&new-version=0.21.4)](https://docs.github.com/en/github/managing-security-vulnerabilities/about-dependabot-security-updates#about-compatibility-scores)\n\nDependabot will resolve any conflicts with this PR as long as you don't alter it yourself. You can also trigger a rebase manually by commenting `@dependabot rebase`.\n\n[//]: # (dependabot-automerge-start)\n[//]: # (dependabot-automerge-end)\n\n---\n\n<details>\n<summary>Dependabot commands and options</summary>\n<br />\n\nYou can trigger Dependabot actions by commenting on this PR:\n- `@dependabot rebase` will rebase this PR\n- `@dependabot recreate` will recreate this PR, overwriting any edits that have been made to it\n- `@dependabot merge` will merge this PR after your CI passes on it\n- `@dependabot squash and merge` will squash and merge this PR after your CI passes on it\n- `@dependabot cancel merge` will cancel a previously requested merge and block automerging\n- `@dependabot reopen` will reopen this PR if it is closed\n- `@dependabot close` will close this PR and stop Dependabot recreating it. You can achieve the same result by closing it manually\n- `@dependabot ignore this major version` will close this PR and stop Dependabot creating any more for this major version (unless you reopen the PR or upgrade to it yourself)\n- `@dependabot ignore this minor version` will close this PR and stop Dependabot creating any more for this minor version (unless you reopen the PR or upgrade to it yourself)\n- `@dependabot ignore this dependency` will close this PR and stop Dependabot creating any more for this dependency (unless you reopen the PR or upgrade to it yourself)\nYou can disable automated security fix PRs for this repo from the [Security Alerts page](https://github.com/abap-observability-tools/abap-trace-tender/network/alerts).\n\n</details>",
        "closed_by": null,
        "reactions": {
            "url": "https://api.github.com/repos/abap-observability-tools/abap-trace-tender/issues/38/reactions",
            "total_count": 0,
            "+1": 0,
            "-1": 0,
            "laugh": 0,
            "hooray": 0,
            "confused": 0,
            "heart": 0,
            "rocket": 0,
            "eyes": 0
        },
        "timeline_url": "https://api.github.com/repos/abap-observability-tools/abap-trace-tender/issues/38/timeline",
        "performed_via_github_app": null,
        "state_reason": null
    },
    {
        "url": "https://api.github.com/repos/abap-observability-tools/abap-trace-tender/issues/37",
        "repository_url": "https://api.github.com/repos/abap-observability-tools/abap-trace-tender",
        "labels_url": "https://api.github.com/repos/abap-observability-tools/abap-trace-tender/issues/37/labels{/name}",
        "comments_url": "https://api.github.com/repos/abap-observability-tools/abap-trace-tender/issues/37/comments",
        "events_url": "https://api.github.com/repos/abap-observability-tools/abap-trace-tender/issues/37/events",
        "html_url": "https://github.com/abap-observability-tools/abap-trace-tender/pull/37",
        "id": 1679398799,
        "node_id": "PR_kwDOE7tIKs5O6Ie9",
        "number": 37,
        "title": "Bump decode-uri-component from 0.2.0 to 0.2.2",
        "user": {
            "login": "dependabot[bot]",
            "id": 49699333,
            "node_id": "MDM6Qm90NDk2OTkzMzM=",
            "avatar_url": "https://avatars.githubusercontent.com/in/29110?v=4",
            "gravatar_id": "",
            "url": "https://api.github.com/users/dependabot%5Bbot%5D",
            "html_url": "https://github.com/apps/dependabot",
            "followers_url": "https://api.github.com/users/dependabot%5Bbot%5D/followers",
            "following_url": "https://api.github.com/users/dependabot%5Bbot%5D/following{/other_user}",
            "gists_url": "https://api.github.com/users/dependabot%5Bbot%5D/gists{/gist_id}",
            "starred_url": "https://api.github.com/users/dependabot%5Bbot%5D/starred{/owner}{/repo}",
            "subscriptions_url": "https://api.github.com/users/dependabot%5Bbot%5D/subscriptions",
            "organizations_url": "https://api.github.com/users/dependabot%5Bbot%5D/orgs",
            "repos_url": "https://api.github.com/users/dependabot%5Bbot%5D/repos",
            "events_url": "https://api.github.com/users/dependabot%5Bbot%5D/events{/privacy}",
            "received_events_url": "https://api.github.com/users/dependabot%5Bbot%5D/received_events",
            "type": "Bot",
            "user_view_type": "public",
            "site_admin": false
        },
        "labels": [
            {
                "id": 2774239885,
                "node_id": "MDU6TGFiZWwyNzc0MjM5ODg1",
                "url": "https://api.github.com/repos/abap-observability-tools/abap-trace-tender/labels/dependencies",
                "name": "dependencies",
                "color": "0366d6",
                "default": false,
                "description": "Pull requests that update a dependency file"
            }
        ],
        "state": "open",
        "locked": false,
        "assignee": null,
        "assignees": [],
        "milestone": null,
        "comments": 0,
        "created_at": "2023-04-22T07:44:23Z",
        "updated_at": "2023-04-22T07:44:24Z",
        "closed_at": null,
        "author_association": "CONTRIBUTOR",
        "sub_issues_summary": {
            "total": 0,
            "completed": 0,
            "percent_completed": 0
        },
        "active_lock_reason": null,
        "draft": false,
        "pull_request": {
            "url": "https://api.github.com/repos/abap-observability-tools/abap-trace-tender/pulls/37",
            "html_url": "https://github.com/abap-observability-tools/abap-trace-tender/pull/37",
            "diff_url": "https://github.com/abap-observability-tools/abap-trace-tender/pull/37.diff",
            "patch_url": "https://github.com/abap-observability-tools/abap-trace-tender/pull/37.patch",
            "merged_at": null
        },
        "body": "Bumps [decode-uri-component](https://github.com/SamVerschueren/decode-uri-component) from 0.2.0 to 0.2.2.\n<details>\n<summary>Release notes</summary>\n<p><em>Sourced from <a href=\"https://github.com/SamVerschueren/decode-uri-component/releases\">decode-uri-component's releases</a>.</em></p>\n<blockquote>\n<h2>v0.2.2</h2>\n<ul>\n<li>Prevent overwriting previously decoded tokens  980e0bf</li>\n</ul>\n<p><a href=\"https://github.com/SamVerschueren/decode-uri-component/compare/v0.2.1...v0.2.2\">https://github.com/SamVerschueren/decode-uri-component/compare/v0.2.1...v0.2.2</a></p>\n<h2>v0.2.1</h2>\n<ul>\n<li>Switch to GitHub workflows  76abc93</li>\n<li>Fix issue where decode throws - fixes <a href=\"https://redirect.github.com/SamVerschueren/decode-uri-component/issues/6\">#6</a>  746ca5d</li>\n<li>Update license (<a href=\"https://redirect.github.com/SamVerschueren/decode-uri-component/issues/1\">#1</a>)  486d7e2</li>\n<li>Tidelift tasks  a650457</li>\n<li>Meta tweaks  66e1c28</li>\n</ul>\n<p><a href=\"https://github.com/SamVerschueren/decode-uri-component/compare/v0.2.0...v0.2.1\">https://github.com/SamVerschueren/decode-uri-component/compare/v0.2.0...v0.2.1</a></p>\n</blockquote>\n</details>\n<details>\n<summary>Commits</summary>\n<ul>\n<li><a href=\"https://github.com/SamVerschueren/decode-uri-component/commit/a0eea469d26eb0df668b081672cdb9581feb78eb\"><code>a0eea46</code></a> 0.2.2</li>\n<li><a href=\"https://github.com/SamVerschueren/decode-uri-component/commit/980e0bf09b64d94f1aa79012f895816c30ffd152\"><code>980e0bf</code></a> Prevent overwriting previously decoded tokens</li>\n<li><a href=\"https://github.com/SamVerschueren/decode-uri-component/commit/3c8a373dd4837e89b3f970e01295dd03e1405a33\"><code>3c8a373</code></a> 0.2.1</li>\n<li><a href=\"https://github.com/SamVerschueren/decode-uri-component/commit/76abc939783fe3900fadb7d384a74d324d5557f3\"><code>76abc93</code></a> Switch to GitHub workflows</li>\n<li><a href=\"https://github.com/SamVerschueren/decode-uri-component/commit/746ca5dcb6667c5d364e782d53c542830e4c10b9\"><code>746ca5d</code></a> Fix issue where decode throws - fixes <a href=\"https://redirect.github.com/SamVerschueren/decode-uri-component/issues/6\">#6</a></li>\n<li><a href=\"https://github.com/SamVerschueren/decode-uri-component/commit/486d7e26d3a8c0fbe860fb651fe1bc98c2f2be30\"><code>486d7e2</code></a> Update license (<a href=\"https://redirect.github.com/SamVerschueren/decode-uri-component/issues/1\">#1</a>)</li>\n<li><a href=\"https://github.com/SamVerschueren/decode-uri-component/commit/a65045724e6234acef87f31da499d4807b20b134\"><code>a650457</code></a> Tidelift tasks</li>\n<li><a href=\"https://github.com/SamVerschueren/decode-uri-component/commit/66e1c2834c0e189201cb65196ec3101372459b02\"><code>66e1c28</code></a> Meta tweaks</li>\n<li>See full diff in <a href=\"https://github.com/SamVerschueren/decode-uri-component/compare/v0.2.0...v0.2.2\">compare view</a></li>\n</ul>\n</details>\n<br />\n\n\n[![Dependabot compatibility score](https://dependabot-badges.githubapp.com/badges/compatibility_score?dependency-name=decode-uri-component&package-manager=npm_and_yarn&previous-version=0.2.0&new-version=0.2.2)](https://docs.github.com/en/github/managing-security-vulnerabilities/about-dependabot-security-updates#about-compatibility-scores)\n\nDependabot will resolve any conflicts with this PR as long as you don't alter it yourself. You can also trigger a rebase manually by commenting `@dependabot rebase`.\n\n[//]: # (dependabot-automerge-start)\n[//]: # (dependabot-automerge-end)\n\n---\n\n<details>\n<summary>Dependabot commands and options</summary>\n<br />\n\nYou can trigger Dependabot actions by commenting on this PR:\n- `@dependabot rebase` will rebase this PR\n- `@dependabot recreate` will recreate this PR, overwriting any edits that have been made to it\n- `@dependabot merge` will merge this PR after your CI passes on it\n- `@dependabot squash and merge` will squash and merge this PR after your CI passes on it\n- `@dependabot cancel merge` will cancel a previously requested merge and block automerging\n- `@dependabot reopen` will reopen this PR if it is closed\n- `@dependabot close` will close this PR and stop Dependabot recreating it. You can achieve the same result by closing it manually\n- `@dependabot ignore this major version` will close this PR and stop Dependabot creating any more for this major version (unless you reopen the PR or upgrade to it yourself)\n- `@dependabot ignore this minor version` will close this PR and stop Dependabot creating any more for this minor version (unless you reopen the PR or upgrade to it yourself)\n- `@dependabot ignore this dependency` will close this PR and stop Dependabot creating any more for this dependency (unless you reopen the PR or upgrade to it yourself)\nYou can disable automated security fix PRs for this repo from the [Security Alerts page](https://github.com/abap-observability-tools/abap-trace-tender/network/alerts).\n\n</details>",
        "closed_by": null,
        "reactions": {
            "url": "https://api.github.com/repos/abap-observability-tools/abap-trace-tender/issues/37/reactions",
            "total_count": 0,
            "+1": 0,
            "-1": 0,
            "laugh": 0,
            "hooray": 0,
            "confused": 0,
            "heart": 0,
            "rocket": 0,
            "eyes": 0
        },
        "timeline_url": "https://api.github.com/repos/abap-observability-tools/abap-trace-tender/issues/37/timeline",
        "performed_via_github_app": null,
        "state_reason": null
    },
    {
        "url": "https://api.github.com/repos/abap-observability-tools/abap-trace-tender/issues/36",
        "repository_url": "https://api.github.com/repos/abap-observability-tools/abap-trace-tender",
        "labels_url": "https://api.github.com/repos/abap-observability-tools/abap-trace-tender/issues/36/labels{/name}",
        "comments_url": "https://api.github.com/repos/abap-observability-tools/abap-trace-tender/issues/36/comments",
        "events_url": "https://api.github.com/repos/abap-observability-tools/abap-trace-tender/issues/36/events",
        "html_url": "https://github.com/abap-observability-tools/abap-trace-tender/pull/36",
        "id": 1679398797,
        "node_id": "PR_kwDOE7tIKs5O6Ie7",
        "number": 36,
        "title": "Bump qs from 6.5.2 to 6.5.3",
        "user": {
            "login": "dependabot[bot]",
            "id": 49699333,
            "node_id": "MDM6Qm90NDk2OTkzMzM=",
            "avatar_url": "https://avatars.githubusercontent.com/in/29110?v=4",
            "gravatar_id": "",
            "url": "https://api.github.com/users/dependabot%5Bbot%5D",
            "html_url": "https://github.com/apps/dependabot",
            "followers_url": "https://api.github.com/users/dependabot%5Bbot%5D/followers",
            "following_url": "https://api.github.com/users/dependabot%5Bbot%5D/following{/other_user}",
            "gists_url": "https://api.github.com/users/dependabot%5Bbot%5D/gists{/gist_id}",
            "starred_url": "https://api.github.com/users/dependabot%5Bbot%5D/starred{/owner}{/repo}",
            "subscriptions_url": "https://api.github.com/users/dependabot%5Bbot%5D/subscriptions",
            "organizations_url": "https://api.github.com/users/dependabot%5Bbot%5D/orgs",
            "repos_url": "https://api.github.com/users/dependabot%5Bbot%5D/repos",
            "events_url": "https://api.github.com/users/dependabot%5Bbot%5D/events{/privacy}",
            "received_events_url": "https://api.github.com/users/dependabot%5Bbot%5D/received_events",
            "type": "Bot",
            "user_view_type": "public",
            "site_admin": false
        },
        "labels": [
            {
                "id": 2774239885,
                "node_id": "MDU6TGFiZWwyNzc0MjM5ODg1",
                "url": "https://api.github.com/repos/abap-observability-tools/abap-trace-tender/labels/dependencies",
                "name": "dependencies",
                "color": "0366d6",
                "default": false,
                "description": "Pull requests that update a dependency file"
            }
        ],
        "state": "open",
        "locked": false,
        "assignee": null,
        "assignees": [],
        "milestone": null,
        "comments": 0,
        "created_at": "2023-04-22T07:44:22Z",
        "updated_at": "2023-04-22T07:44:23Z",
        "closed_at": null,
        "author_association": "CONTRIBUTOR",
        "sub_issues_summary": {
            "total": 0,
            "completed": 0,
            "percent_completed": 0
        },
        "active_lock_reason": null,
        "draft": false,
        "pull_request": {
            "url": "https://api.github.com/repos/abap-observability-tools/abap-trace-tender/pulls/36",
            "html_url": "https://github.com/abap-observability-tools/abap-trace-tender/pull/36",
            "diff_url": "https://github.com/abap-observability-tools/abap-trace-tender/pull/36.diff",
            "patch_url": "https://github.com/abap-observability-tools/abap-trace-tender/pull/36.patch",
            "merged_at": null
        },
        "body": "Bumps [qs](https://github.com/ljharb/qs) from 6.5.2 to 6.5.3.\n<details>\n<summary>Changelog</summary>\n<p><em>Sourced from <a href=\"https://github.com/ljharb/qs/blob/main/CHANGELOG.md\">qs's changelog</a>.</em></p>\n<blockquote>\n<h2><strong>6.5.3</strong></h2>\n<ul>\n<li>[Fix] <code>parse</code>: ignore <code>__proto__</code> keys (<a href=\"https://redirect.github.com/ljharb/qs/issues/428\">#428</a>)</li>\n<li>[Fix] <code>utils.merge</code>: avoid a crash with a null target and a truthy non-array source</li>\n<li>[Fix] correctly parse nested arrays</li>\n<li>[Fix] <code>stringify</code>: fix a crash with <code>strictNullHandling</code> and a custom <code>filter</code>/<code>serializeDate</code> (<a href=\"https://redirect.github.com/ljharb/qs/issues/279\">#279</a>)</li>\n<li>[Fix] <code>utils</code>: <code>merge</code>: fix crash when <code>source</code> is a truthy primitive &amp; no options are provided</li>\n<li>[Fix] when <code>parseArrays</code> is false, properly handle keys ending in <code>[]</code></li>\n<li>[Fix] fix for an impossible situation: when the formatter is called with a non-string value</li>\n<li>[Fix] <code>utils.merge</code>: avoid a crash with a null target and an array source</li>\n<li>[Refactor] <code>utils</code>: reduce observable [[Get]]s</li>\n<li>[Refactor] use cached <code>Array.isArray</code></li>\n<li>[Refactor] <code>stringify</code>: Avoid arr = arr.concat(...), push to the existing instance (<a href=\"https://redirect.github.com/ljharb/qs/issues/269\">#269</a>)</li>\n<li>[Refactor] <code>parse</code>: only need to reassign the var once</li>\n<li>[Robustness] <code>stringify</code>: avoid relying on a global <code>undefined</code> (<a href=\"https://redirect.github.com/ljharb/qs/issues/427\">#427</a>)</li>\n<li>[readme] remove travis badge; add github actions/codecov badges; update URLs</li>\n<li>[Docs] Clean up license text so it’s properly detected as BSD-3-Clause</li>\n<li>[Docs] Clarify the need for &quot;arrayLimit&quot; option</li>\n<li>[meta] fix README.md (<a href=\"https://redirect.github.com/ljharb/qs/issues/399\">#399</a>)</li>\n<li>[meta] add FUNDING.yml</li>\n<li>[actions] backport actions from main</li>\n<li>[Tests] always use <code>String(x)</code> over <code>x.toString()</code></li>\n<li>[Tests] remove nonexistent tape option</li>\n<li>[Dev Deps] backport from main</li>\n</ul>\n</blockquote>\n</details>\n<details>\n<summary>Commits</summary>\n<ul>\n<li><a href=\"https://github.com/ljharb/qs/commit/298bfa55d6db00ddea78dd0333509aadf9bb3077\"><code>298bfa5</code></a> v6.5.3</li>\n<li><a href=\"https://github.com/ljharb/qs/commit/ed0f5dcbef4b168a8ae299d78b1e4a2e9b1baf1f\"><code>ed0f5dc</code></a> [Fix] <code>parse</code>: ignore <code>__proto__</code> keys (<a href=\"https://redirect.github.com/ljharb/qs/issues/428\">#428</a>)</li>\n<li><a href=\"https://github.com/ljharb/qs/commit/691e739cfa40cd42604dc05a54e6154371a429ab\"><code>691e739</code></a> [Robustness] <code>stringify</code>: avoid relying on a global <code>undefined</code> (<a href=\"https://redirect.github.com/ljharb/qs/issues/427\">#427</a>)</li>\n<li><a href=\"https://github.com/ljharb/qs/commit/1072d57d38a690e1ad7616dced44390bffedcbb2\"><code>1072d57</code></a> [readme] remove travis badge; add github actions/codecov badges; update URLs</li>\n<li><a href=\"https://github.com/ljharb/qs/commit/12ac1c403aaa04d1a34844f514ed9f9abfb76e64\"><code>12ac1c4</code></a> [meta] fix README.md (<a href=\"https://redirect.github.com/ljharb/qs/issues/399\">#399</a>)</li>\n<li><a href=\"https://github.com/ljharb/qs/commit/0338716b09fdbd4711823eeb0a14e556a2498e7a\"><code>0338716</code></a> [actions] backport actions from main</li>\n<li><a href=\"https://github.com/ljharb/qs/commit/5639c20ce0a7c1332200a3181339331483e5a3a1\"><code>5639c20</code></a> Clean up license text so it’s properly detected as BSD-3-Clause</li>\n<li><a href=\"https://github.com/ljharb/qs/commit/51b8a0b1b213596dd1702b837f5e7dec2229793d\"><code>51b8a0b</code></a> add FUNDING.yml</li>\n<li><a href=\"https://github.com/ljharb/qs/commit/45f675936e742d92fac8d4dae5cfc385c576a977\"><code>45f6759</code></a> [Fix] fix for an impossible situation: when the formatter is called with a no...</li>\n<li><a href=\"https://github.com/ljharb/qs/commit/f814a7f8f2af059f8158f7e4b2bf8b46aeb62cd3\"><code>f814a7f</code></a> [Dev Deps] backport from main</li>\n<li>Additional commits viewable in <a href=\"https://github.com/ljharb/qs/compare/v6.5.2...v6.5.3\">compare view</a></li>\n</ul>\n</details>\n<br />\n\n\n[![Dependabot compatibility score](https://dependabot-badges.githubapp.com/badges/compatibility_score?dependency-name=qs&package-manager=npm_and_yarn&previous-version=6.5.2&new-version=6.5.3)](https://docs.github.com/en/github/managing-security-vulnerabilities/about-dependabot-security-updates#about-compatibility-scores)\n\nDependabot will resolve any conflicts with this PR as long as you don't alter it yourself. You can also trigger a rebase manually by commenting `@dependabot rebase`.\n\n[//]: # (dependabot-automerge-start)\n[//]: # (dependabot-automerge-end)\n\n---\n\n<details>\n<summary>Dependabot commands and options</summary>\n<br />\n\nYou can trigger Dependabot actions by commenting on this PR:\n- `@dependabot rebase` will rebase this PR\n- `@dependabot recreate` will recreate this PR, overwriting any edits that have been made to it\n- `@dependabot merge` will merge this PR after your CI passes on it\n- `@dependabot squash and merge` will squash and merge this PR after your CI passes on it\n- `@dependabot cancel merge` will cancel a previously requested merge and block automerging\n- `@dependabot reopen` will reopen this PR if it is closed\n- `@dependabot close` will close this PR and stop Dependabot recreating it. You can achieve the same result by closing it manually\n- `@dependabot ignore this major version` will close this PR and stop Dependabot creating any more for this major version (unless you reopen the PR or upgrade to it yourself)\n- `@dependabot ignore this minor version` will close this PR and stop Dependabot creating any more for this minor version (unless you reopen the PR or upgrade to it yourself)\n- `@dependabot ignore this dependency` will close this PR and stop Dependabot creating any more for this dependency (unless you reopen the PR or upgrade to it yourself)\nYou can disable automated security fix PRs for this repo from the [Security Alerts page](https://github.com/abap-observability-tools/abap-trace-tender/network/alerts).\n\n</details>",
        "closed_by": null,
        "reactions": {
            "url": "https://api.github.com/repos/abap-observability-tools/abap-trace-tender/issues/36/reactions",
            "total_count": 0,
            "+1": 0,
            "-1": 0,
            "laugh": 0,
            "hooray": 0,
            "confused": 0,
            "heart": 0,
            "rocket": 0,
            "eyes": 0
        },
        "timeline_url": "https://api.github.com/repos/abap-observability-tools/abap-trace-tender/issues/36/timeline",
        "performed_via_github_app": null,
        "state_reason": null
    },
    {
        "url": "https://api.github.com/repos/abap-observability-tools/abap-trace-tender/issues/35",
        "repository_url": "https://api.github.com/repos/abap-observability-tools/abap-trace-tender",
        "labels_url": "https://api.github.com/repos/abap-observability-tools/abap-trace-tender/issues/35/labels{/name}",
        "comments_url": "https://api.github.com/repos/abap-observability-tools/abap-trace-tender/issues/35/comments",
        "events_url": "https://api.github.com/repos/abap-observability-tools/abap-trace-tender/issues/35/events",
        "html_url": "https://github.com/abap-observability-tools/abap-trace-tender/pull/35",
        "id": 1679398778,
        "node_id": "PR_kwDOE7tIKs5O6Ies",
        "number": 35,
        "title": "Bump tar from 4.4.13 to 4.4.19",
        "user": {
            "login": "dependabot[bot]",
            "id": 49699333,
            "node_id": "MDM6Qm90NDk2OTkzMzM=",
            "avatar_url": "https://avatars.githubusercontent.com/in/29110?v=4",
            "gravatar_id": "",
            "url": "https://api.github.com/users/dependabot%5Bbot%5D",
            "html_url": "https://github.com/apps/dependabot",
            "followers_url": "https://api.github.com/users/dependabot%5Bbot%5D/followers",
            "following_url": "https://api.github.com/users/dependabot%5Bbot%5D/following{/other_user}",
            "gists_url": "https://api.github.com/users/dependabot%5Bbot%5D/gists{/gist_id}",
            "starred_url": "https://api.github.com/users/dependabot%5Bbot%5D/starred{/owner}{/repo}",
            "subscriptions_url": "https://api.github.com/users/dependabot%5Bbot%5D/subscriptions",
            "organizations_url": "https://api.github.com/users/dependabot%5Bbot%5D/orgs",
            "repos_url": "https://api.github.com/users/dependabot%5Bbot%5D/repos",
            "events_url": "https://api.github.com/users/dependabot%5Bbot%5D/events{/privacy}",
            "received_events_url": "https://api.github.com/users/dependabot%5Bbot%5D/received_events",
            "type": "Bot",
            "user_view_type": "public",
            "site_admin": false
        },
        "labels": [
            {
                "id": 2774239885,
                "node_id": "MDU6TGFiZWwyNzc0MjM5ODg1",
                "url": "https://api.github.com/repos/abap-observability-tools/abap-trace-tender/labels/dependencies",
                "name": "dependencies",
                "color": "0366d6",
                "default": false,
                "description": "Pull requests that update a dependency file"
            }
        ],
        "state": "open",
        "locked": false,
        "assignee": null,
        "assignees": [],
        "milestone": null,
        "comments": 0,
        "created_at": "2023-04-22T07:44:17Z",
        "updated_at": "2023-04-22T07:44:19Z",
        "closed_at": null,
        "author_association": "CONTRIBUTOR",
        "sub_issues_summary": {
            "total": 0,
            "completed": 0,
            "percent_completed": 0
        },
        "active_lock_reason": null,
        "draft": false,
        "pull_request": {
            "url": "https://api.github.com/repos/abap-observability-tools/abap-trace-tender/pulls/35",
            "html_url": "https://github.com/abap-observability-tools/abap-trace-tender/pull/35",
            "diff_url": "https://github.com/abap-observability-tools/abap-trace-tender/pull/35.diff",
            "patch_url": "https://github.com/abap-observability-tools/abap-trace-tender/pull/35.patch",
            "merged_at": null
        },
        "body": "Bumps [tar](https://github.com/npm/node-tar) from 4.4.13 to 4.4.19.\n<details>\n<summary>Commits</summary>\n<ul>\n<li><a href=\"https://github.com/isaacs/node-tar/commit/9a6faa017ca90538840f3ae2ccdb4550ac3f4dcf\"><code>9a6faa0</code></a> 4.4.19</li>\n<li><a href=\"https://github.com/isaacs/node-tar/commit/70ef812593184cc54ea1bc74c5dae2d22995002d\"><code>70ef812</code></a> drop dirCache for symlink on all platforms</li>\n<li><a href=\"https://github.com/isaacs/node-tar/commit/3e35515c09da615ac268254bed85fe43ee71e2f0\"><code>3e35515</code></a> 4.4.18</li>\n<li><a href=\"https://github.com/isaacs/node-tar/commit/52b09e309bcae0c741a7eb79a17ef36e7828b946\"><code>52b09e3</code></a> fix: prevent path escape using drive-relative paths</li>\n<li><a href=\"https://github.com/isaacs/node-tar/commit/bb93ba243746f705092905da1955ac3b0509ba1e\"><code>bb93ba2</code></a> fix: reserve paths properly for unicode, windows</li>\n<li><a href=\"https://github.com/isaacs/node-tar/commit/2f1bca027286c23e110b8dfc7efc10756fa3db5a\"><code>2f1bca0</code></a> fix: prune dirCache properly for unicode, windows</li>\n<li><a href=\"https://github.com/isaacs/node-tar/commit/9bf70a8cf725c3af5fe2270f1e5d2e06d1559b93\"><code>9bf70a8</code></a> 4.4.17</li>\n<li><a href=\"https://github.com/isaacs/node-tar/commit/6aafff0a8621ba9509b63654bde28762be373d58\"><code>6aafff0</code></a> fix: skip extract if linkpath is stripped entirely</li>\n<li><a href=\"https://github.com/isaacs/node-tar/commit/5c5059a69c2aaaedfe4e9766e102ae9fb79e8255\"><code>5c5059a</code></a> fix: reserve paths case-insensitively</li>\n<li><a href=\"https://github.com/isaacs/node-tar/commit/fd6accba697070560f301604b8f5f7e2995a2a8b\"><code>fd6accb</code></a> 4.4.16</li>\n<li>Additional commits viewable in <a href=\"https://github.com/npm/node-tar/compare/v4.4.13...v4.4.19\">compare view</a></li>\n</ul>\n</details>\n<br />\n\n\n[![Dependabot compatibility score](https://dependabot-badges.githubapp.com/badges/compatibility_score?dependency-name=tar&package-manager=npm_and_yarn&previous-version=4.4.13&new-version=4.4.19)](https://docs.github.com/en/github/managing-security-vulnerabilities/about-dependabot-security-updates#about-compatibility-scores)\n\nDependabot will resolve any conflicts with this PR as long as you don't alter it yourself. You can also trigger a rebase manually by commenting `@dependabot rebase`.\n\n[//]: # (dependabot-automerge-start)\n[//]: # (dependabot-automerge-end)\n\n---\n\n<details>\n<summary>Dependabot commands and options</summary>\n<br />\n\nYou can trigger Dependabot actions by commenting on this PR:\n- `@dependabot rebase` will rebase this PR\n- `@dependabot recreate` will recreate this PR, overwriting any edits that have been made to it\n- `@dependabot merge` will merge this PR after your CI passes on it\n- `@dependabot squash and merge` will squash and merge this PR after your CI passes on it\n- `@dependabot cancel merge` will cancel a previously requested merge and block automerging\n- `@dependabot reopen` will reopen this PR if it is closed\n- `@dependabot close` will close this PR and stop Dependabot recreating it. You can achieve the same result by closing it manually\n- `@dependabot ignore this major version` will close this PR and stop Dependabot creating any more for this major version (unless you reopen the PR or upgrade to it yourself)\n- `@dependabot ignore this minor version` will close this PR and stop Dependabot creating any more for this minor version (unless you reopen the PR or upgrade to it yourself)\n- `@dependabot ignore this dependency` will close this PR and stop Dependabot creating any more for this dependency (unless you reopen the PR or upgrade to it yourself)\nYou can disable automated security fix PRs for this repo from the [Security Alerts page](https://github.com/abap-observability-tools/abap-trace-tender/network/alerts).\n\n</details>",
        "closed_by": null,
        "reactions": {
            "url": "https://api.github.com/repos/abap-observability-tools/abap-trace-tender/issues/35/reactions",
            "total_count": 0,
            "+1": 0,
            "-1": 0,
            "laugh": 0,
            "hooray": 0,
            "confused": 0,
            "heart": 0,
            "rocket": 0,
            "eyes": 0
        },
        "timeline_url": "https://api.github.com/repos/abap-observability-tools/abap-trace-tender/issues/35/timeline",
        "performed_via_github_app": null,
        "state_reason": null
    },
    {
        "url": "https://api.github.com/repos/abap-observability-tools/abap-trace-tender/issues/34",
        "repository_url": "https://api.github.com/repos/abap-observability-tools/abap-trace-tender",
        "labels_url": "https://api.github.com/repos/abap-observability-tools/abap-trace-tender/issues/34/labels{/name}",
        "comments_url": "https://api.github.com/repos/abap-observability-tools/abap-trace-tender/issues/34/comments",
        "events_url": "https://api.github.com/repos/abap-observability-tools/abap-trace-tender/issues/34/events",
        "html_url": "https://github.com/abap-observability-tools/abap-trace-tender/pull/34",
        "id": 1610374102,
        "node_id": "PR_kwDOE7tIKs5LUEUh",
        "number": 34,
        "title": "Bump minimist from 1.2.5 to 1.2.8",
        "user": {
            "login": "dependabot[bot]",
            "id": 49699333,
            "node_id": "MDM6Qm90NDk2OTkzMzM=",
            "avatar_url": "https://avatars.githubusercontent.com/in/29110?v=4",
            "gravatar_id": "",
            "url": "https://api.github.com/users/dependabot%5Bbot%5D",
            "html_url": "https://github.com/apps/dependabot",
            "followers_url": "https://api.github.com/users/dependabot%5Bbot%5D/followers",
            "following_url": "https://api.github.com/users/dependabot%5Bbot%5D/following{/other_user}",
            "gists_url": "https://api.github.com/users/dependabot%5Bbot%5D/gists{/gist_id}",
            "starred_url": "https://api.github.com/users/dependabot%5Bbot%5D/starred{/owner}{/repo}",
            "subscriptions_url": "https://api.github.com/users/dependabot%5Bbot%5D/subscriptions",
            "organizations_url": "https://api.github.com/users/dependabot%5Bbot%5D/orgs",
            "repos_url": "https://api.github.com/users/dependabot%5Bbot%5D/repos",
            "events_url": "https://api.github.com/users/dependabot%5Bbot%5D/events{/privacy}",
            "received_events_url": "https://api.github.com/users/dependabot%5Bbot%5D/received_events",
            "type": "Bot",
            "user_view_type": "public",
            "site_admin": false
        },
        "labels": [
            {
                "id": 2774239885,
                "node_id": "MDU6TGFiZWwyNzc0MjM5ODg1",
                "url": "https://api.github.com/repos/abap-observability-tools/abap-trace-tender/labels/dependencies",
                "name": "dependencies",
                "color": "0366d6",
                "default": false,
                "description": "Pull requests that update a dependency file"
            }
        ],
        "state": "open",
        "locked": false,
        "assignee": null,
        "assignees": [],
        "milestone": null,
        "comments": 0,
        "created_at": "2023-03-05T21:33:59Z",
        "updated_at": "2023-03-05T21:34:00Z",
        "closed_at": null,
        "author_association": "CONTRIBUTOR",
        "sub_issues_summary": {
            "total": 0,
            "completed": 0,
            "percent_completed": 0
        },
        "active_lock_reason": null,
        "draft": false,
        "pull_request": {
            "url": "https://api.github.com/repos/abap-observability-tools/abap-trace-tender/pulls/34",
            "html_url": "https://github.com/abap-observability-tools/abap-trace-tender/pull/34",
            "diff_url": "https://github.com/abap-observability-tools/abap-trace-tender/pull/34.diff",
            "patch_url": "https://github.com/abap-observability-tools/abap-trace-tender/pull/34.patch",
            "merged_at": null
        },
        "body": "Bumps [minimist](https://github.com/minimistjs/minimist) from 1.2.5 to 1.2.8.\n<details>\n<summary>Changelog</summary>\n<p><em>Sourced from <a href=\"https://github.com/minimistjs/minimist/blob/main/CHANGELOG.md\">minimist's changelog</a>.</em></p>\n<blockquote>\n<h2><a href=\"https://github.com/minimistjs/minimist/compare/v1.2.7...v1.2.8\">v1.2.8</a> - 2023-02-09</h2>\n<h3>Merged</h3>\n<ul>\n<li>[Fix] Fix long option followed by single dash <a href=\"https://github-redirect.dependabot.com/minimistjs/minimist/pull/17\"><code>[#17](https://github.com/minimistjs/minimist/issues/17)</code></a></li>\n<li>[Tests] Remove duplicate test <a href=\"https://github-redirect.dependabot.com/minimistjs/minimist/pull/12\"><code>[#12](https://github.com/minimistjs/minimist/issues/12)</code></a></li>\n<li>[Fix] opt.string works with multiple aliases <a href=\"https://github-redirect.dependabot.com/minimistjs/minimist/pull/10\"><code>[#10](https://github.com/minimistjs/minimist/issues/10)</code></a></li>\n</ul>\n<h3>Fixed</h3>\n<ul>\n<li>[Fix] Fix long option followed by single dash (<a href=\"https://github-redirect.dependabot.com/minimistjs/minimist/issues/17\">#17</a>) <a href=\"https://github-redirect.dependabot.com/minimistjs/minimist/issues/15\"><code>[#15](https://github.com/minimistjs/minimist/issues/15)</code></a></li>\n<li>[Tests] Remove duplicate test (<a href=\"https://github-redirect.dependabot.com/minimistjs/minimist/issues/12\">#12</a>) <a href=\"https://github-redirect.dependabot.com/minimistjs/minimist/issues/8\"><code>[#8](https://github.com/minimistjs/minimist/issues/8)</code></a></li>\n<li>[Fix] Fix long option followed by single dash <a href=\"https://github-redirect.dependabot.com/minimistjs/minimist/issues/15\"><code>[#15](https://github.com/minimistjs/minimist/issues/15)</code></a></li>\n<li>[Fix] opt.string works with multiple aliases (<a href=\"https://github-redirect.dependabot.com/minimistjs/minimist/issues/10\">#10</a>) <a href=\"https://github-redirect.dependabot.com/minimistjs/minimist/issues/9\"><code>[#9](https://github.com/minimistjs/minimist/issues/9)</code></a></li>\n<li>[Fix] Fix handling of short option with non-trivial equals <a href=\"https://github-redirect.dependabot.com/minimistjs/minimist/issues/5\"><code>[#5](https://github.com/minimistjs/minimist/issues/5)</code></a></li>\n<li>[Tests] Remove duplicate test <a href=\"https://github-redirect.dependabot.com/minimistjs/minimist/issues/8\"><code>[#8](https://github.com/minimistjs/minimist/issues/8)</code></a></li>\n<li>[Fix] opt.string works with multiple aliases <a href=\"https://github-redirect.dependabot.com/minimistjs/minimist/issues/9\"><code>[#9](https://github.com/minimistjs/minimist/issues/9)</code></a></li>\n</ul>\n<h3>Commits</h3>\n<ul>\n<li>Merge tag 'v0.2.3' <a href=\"https://github.com/minimistjs/minimist/commit/a0267947c7870fc5847cf2d437fbe33f392767da\"><code>a026794</code></a></li>\n<li>[eslint] fix indentation and whitespace <a href=\"https://github.com/minimistjs/minimist/commit/5368ca4147e974138a54cc0dc4cea8f756546b70\"><code>5368ca4</code></a></li>\n<li>[eslint] fix indentation and whitespace <a href=\"https://github.com/minimistjs/minimist/commit/e5f5067259ceeaf0b098d14bec910f87e58708c7\"><code>e5f5067</code></a></li>\n<li>[eslint] more cleanup <a href=\"https://github.com/minimistjs/minimist/commit/62fde7d935f83417fb046741531a9e2346a36976\"><code>62fde7d</code></a></li>\n<li>[eslint] more cleanup <a href=\"https://github.com/minimistjs/minimist/commit/36ac5d0d95e4947d074e5737d94814034ca335d1\"><code>36ac5d0</code></a></li>\n<li>[meta] add <code>auto-changelog</code> <a href=\"https://github.com/minimistjs/minimist/commit/73923d223553fca08b1ba77e3fbc2a492862ae4c\"><code>73923d2</code></a></li>\n<li>[actions] add reusable workflows <a href=\"https://github.com/minimistjs/minimist/commit/d80727df77bfa9e631044d7f16368d8f09242c91\"><code>d80727d</code></a></li>\n<li>[eslint] add eslint; rules to enable later are warnings <a href=\"https://github.com/minimistjs/minimist/commit/48bc06a1b41f00e9cdf183db34f7a51ba70e98d4\"><code>48bc06a</code></a></li>\n<li>[eslint] fix indentation <a href=\"https://github.com/minimistjs/minimist/commit/34b0f1ccaa45183c3c4f06a91f9b405180a6f982\"><code>34b0f1c</code></a></li>\n<li>[readme] rename and add badges <a href=\"https://github.com/minimistjs/minimist/commit/5df0fe49211bd09a3636f8686a7cb3012c3e98f0\"><code>5df0fe4</code></a></li>\n<li>[Dev Deps] switch from <code>covert</code> to <code>nyc</code> <a href=\"https://github.com/minimistjs/minimist/commit/a48b128fdb8d427dfb20a15273f83e38d97bef07\"><code>a48b128</code></a></li>\n<li>[Dev Deps] update <code>covert</code>, <code>tape</code>; remove unnecessary <code>tap</code> <a href=\"https://github.com/minimistjs/minimist/commit/f0fb958e9a1fe980cdffc436a211b0bda58f621b\"><code>f0fb958</code></a></li>\n<li>[meta] create FUNDING.yml; add <code>funding</code> in package.json <a href=\"https://github.com/minimistjs/minimist/commit/3639e0c819359a366387e425ab6eabf4c78d3caa\"><code>3639e0c</code></a></li>\n<li>[meta] use <code>npmignore</code> to autogenerate an npmignore file <a href=\"https://github.com/minimistjs/minimist/commit/be2e038c342d8333b32f0fde67a0026b79c8150e\"><code>be2e038</code></a></li>\n<li>Only apps should have lockfiles <a href=\"https://github.com/minimistjs/minimist/commit/282b570e7489d01b03f2d6d3dabf79cd3e5f84cf\"><code>282b570</code></a></li>\n<li>isConstructorOrProto adapted from PR <a href=\"https://github.com/minimistjs/minimist/commit/ef9153fc52b6cea0744b2239921c5dcae4697f11\"><code>ef9153f</code></a></li>\n<li>[Dev Deps] update <code>@ljharb/eslint-config</code>, <code>aud</code> <a href=\"https://github.com/minimistjs/minimist/commit/098873c213cdb7c92e55ae1ef5aa1af3a8192a79\"><code>098873c</code></a></li>\n<li>[Dev Deps] update <code>@ljharb/eslint-config</code>, <code>aud</code> <a href=\"https://github.com/minimistjs/minimist/commit/3124ed3e46306301ebb3c834874ce0241555c2c4\"><code>3124ed3</code></a></li>\n<li>[meta] add <code>safe-publish-latest</code> <a href=\"https://github.com/minimistjs/minimist/commit/4b927de696d561c636b4f43bf49d4597cb36d6d6\"><code>4b927de</code></a></li>\n<li>[Tests] add <code>aud</code> in <code>posttest</code> <a href=\"https://github.com/minimistjs/minimist/commit/b32d9bd0ab340f4e9f8c3a97ff2a4424f25fab8c\"><code>b32d9bd</code></a></li>\n<li>[meta] update repo URLs <a href=\"https://github.com/minimistjs/minimist/commit/f9fdfc032c54884d9a9996a390c63cd0719bbe1a\"><code>f9fdfc0</code></a></li>\n<li>[actions] Avoid 0.6 tests due to build failures <a href=\"https://github.com/minimistjs/minimist/commit/ba92fe6ebbdc0431cca9a2ea8f27beb492f5e4ec\"><code>ba92fe6</code></a></li>\n<li>[Dev Deps] update <code>tape</code> <a href=\"https://github.com/minimistjs/minimist/commit/950eaa74f112e04d23e9c606c67472c46739b473\"><code>950eaa7</code></a></li>\n<li>[Dev Deps] add missing <code>npmignore</code> dev dep <a href=\"https://github.com/minimistjs/minimist/commit/3226afaf09e9d127ca369742437fe6e88f752d6b\"><code>3226afa</code></a></li>\n<li>Merge tag 'v0.2.2' <a href=\"https://github.com/minimistjs/minimist/commit/980d7ac61a0b4bd552711251ac107d506b23e41f\"><code>980d7ac</code></a></li>\n</ul>\n<h2><a href=\"https://github.com/minimistjs/minimist/compare/v1.2.6...v1.2.7\">v1.2.7</a> - 2022-10-10</h2>\n<h3>Commits</h3>\n<!-- raw HTML omitted -->\n</blockquote>\n<p>... (truncated)</p>\n</details>\n<details>\n<summary>Commits</summary>\n<ul>\n<li><a href=\"https://github.com/minimistjs/minimist/commit/6901ee286bc4c16da6830b48b46ce1574703cea1\"><code>6901ee2</code></a> v1.2.8</li>\n<li><a href=\"https://github.com/minimistjs/minimist/commit/a0267947c7870fc5847cf2d437fbe33f392767da\"><code>a026794</code></a> Merge tag 'v0.2.3'</li>\n<li><a href=\"https://github.com/minimistjs/minimist/commit/c0b26618322e94adea26c68e613ef0be482c6c63\"><code>c0b2661</code></a> v0.2.3</li>\n<li><a href=\"https://github.com/minimistjs/minimist/commit/63b8fee87b8e7a003216d5d77ba5d6decf3cfb0d\"><code>63b8fee</code></a> [Fix] Fix long option followed by single dash (<a href=\"https://github-redirect.dependabot.com/minimistjs/minimist/issues/17\">#17</a>)</li>\n<li><a href=\"https://github.com/minimistjs/minimist/commit/72239e6f0ea77d8be0ad4f682b7ae7d142144395\"><code>72239e6</code></a> [Tests] Remove duplicate test (<a href=\"https://github-redirect.dependabot.com/minimistjs/minimist/issues/12\">#12</a>)</li>\n<li><a href=\"https://github.com/minimistjs/minimist/commit/34b0f1ccaa45183c3c4f06a91f9b405180a6f982\"><code>34b0f1c</code></a> [eslint] fix indentation</li>\n<li><a href=\"https://github.com/minimistjs/minimist/commit/3226afaf09e9d127ca369742437fe6e88f752d6b\"><code>3226afa</code></a> [Dev Deps] add missing <code>npmignore</code> dev dep</li>\n<li><a href=\"https://github.com/minimistjs/minimist/commit/098873c213cdb7c92e55ae1ef5aa1af3a8192a79\"><code>098873c</code></a> [Dev Deps] update <code>@ljharb/eslint-config</code>, <code>aud</code></li>\n<li><a href=\"https://github.com/minimistjs/minimist/commit/9ec4d279ced72ea2f60237218e71cc03aa0dfdd6\"><code>9ec4d27</code></a> [Fix] Fix long option followed by single dash</li>\n<li><a href=\"https://github.com/minimistjs/minimist/commit/ba92fe6ebbdc0431cca9a2ea8f27beb492f5e4ec\"><code>ba92fe6</code></a> [actions] Avoid 0.6 tests due to build failures</li>\n<li>Additional commits viewable in <a href=\"https://github.com/minimistjs/minimist/compare/v1.2.5...v1.2.8\">compare view</a></li>\n</ul>\n</details>\n<details>\n<summary>Maintainer changes</summary>\n<p>This version was pushed to npm by <a href=\"https://www.npmjs.com/~ljharb\">ljharb</a>, a new releaser for minimist since your current version.</p>\n</details>\n<br />\n\n\n[![Dependabot compatibility score](https://dependabot-badges.githubapp.com/badges/compatibility_score?dependency-name=minimist&package-manager=npm_and_yarn&previous-version=1.2.5&new-version=1.2.8)](https://docs.github.com/en/github/managing-security-vulnerabilities/about-dependabot-security-updates#about-compatibility-scores)\n\nDependabot will resolve any conflicts with this PR as long as you don't alter it yourself. You can also trigger a rebase manually by commenting `@dependabot rebase`.\n\n[//]: # (dependabot-automerge-start)\n[//]: # (dependabot-automerge-end)\n\n---\n\n<details>\n<summary>Dependabot commands and options</summary>\n<br />\n\nYou can trigger Dependabot actions by commenting on this PR:\n- `@dependabot rebase` will rebase this PR\n- `@dependabot recreate` will recreate this PR, overwriting any edits that have been made to it\n- `@dependabot merge` will merge this PR after your CI passes on it\n- `@dependabot squash and merge` will squash and merge this PR after your CI passes on it\n- `@dependabot cancel merge` will cancel a previously requested merge and block automerging\n- `@dependabot reopen` will reopen this PR if it is closed\n- `@dependabot close` will close this PR and stop Dependabot recreating it. You can achieve the same result by closing it manually\n- `@dependabot ignore this major version` will close this PR and stop Dependabot creating any more for this major version (unless you reopen the PR or upgrade to it yourself)\n- `@dependabot ignore this minor version` will close this PR and stop Dependabot creating any more for this minor version (unless you reopen the PR or upgrade to it yourself)\n- `@dependabot ignore this dependency` will close this PR and stop Dependabot creating any more for this dependency (unless you reopen the PR or upgrade to it yourself)\nYou can disable automated security fix PRs for this repo from the [Security Alerts page](https://github.com/abap-observability-tools/abap-trace-tender/network/alerts).\n\n</details>",
        "closed_by": null,
        "reactions": {
            "url": "https://api.github.com/repos/abap-observability-tools/abap-trace-tender/issues/34/reactions",
            "total_count": 0,
            "+1": 0,
            "-1": 0,
            "laugh": 0,
            "hooray": 0,
            "confused": 0,
            "heart": 0,
            "rocket": 0,
            "eyes": 0
        },
        "timeline_url": "https://api.github.com/repos/abap-observability-tools/abap-trace-tender/issues/34/timeline",
        "performed_via_github_app": null,
        "state_reason": null
    },
    {
        "url": "https://api.github.com/repos/abap-observability-tools/abap-trace-tender/issues/33",
        "repository_url": "https://api.github.com/repos/abap-observability-tools/abap-trace-tender",
        "labels_url": "https://api.github.com/repos/abap-observability-tools/abap-trace-tender/issues/33/labels{/name}",
        "comments_url": "https://api.github.com/repos/abap-observability-tools/abap-trace-tender/issues/33/comments",
        "events_url": "https://api.github.com/repos/abap-observability-tools/abap-trace-tender/issues/33/events",
        "html_url": "https://github.com/abap-observability-tools/abap-trace-tender/pull/33",
        "id": 1444596029,
        "node_id": "PR_kwDOE7tIKs5CqGjs",
        "number": 33,
        "title": "Bump minimatch from 3.0.4 to 3.1.2",
        "user": {
            "login": "dependabot[bot]",
            "id": 49699333,
            "node_id": "MDM6Qm90NDk2OTkzMzM=",
            "avatar_url": "https://avatars.githubusercontent.com/in/29110?v=4",
            "gravatar_id": "",
            "url": "https://api.github.com/users/dependabot%5Bbot%5D",
            "html_url": "https://github.com/apps/dependabot",
            "followers_url": "https://api.github.com/users/dependabot%5Bbot%5D/followers",
            "following_url": "https://api.github.com/users/dependabot%5Bbot%5D/following{/other_user}",
            "gists_url": "https://api.github.com/users/dependabot%5Bbot%5D/gists{/gist_id}",
            "starred_url": "https://api.github.com/users/dependabot%5Bbot%5D/starred{/owner}{/repo}",
            "subscriptions_url": "https://api.github.com/users/dependabot%5Bbot%5D/subscriptions",
            "organizations_url": "https://api.github.com/users/dependabot%5Bbot%5D/orgs",
            "repos_url": "https://api.github.com/users/dependabot%5Bbot%5D/repos",
            "events_url": "https://api.github.com/users/dependabot%5Bbot%5D/events{/privacy}",
            "received_events_url": "https://api.github.com/users/dependabot%5Bbot%5D/received_events",
            "type": "Bot",
            "user_view_type": "public",
            "site_admin": false
        },
        "labels": [
            {
                "id": 2774239885,
                "node_id": "MDU6TGFiZWwyNzc0MjM5ODg1",
                "url": "https://api.github.com/repos/abap-observability-tools/abap-trace-tender/labels/dependencies",
                "name": "dependencies",
                "color": "0366d6",
                "default": false,
                "description": "Pull requests that update a dependency file"
            }
        ],
        "state": "open",
        "locked": false,
        "assignee": null,
        "assignees": [],
        "milestone": null,
        "comments": 0,
        "created_at": "2022-11-10T21:34:07Z",
        "updated_at": "2022-11-10T21:34:08Z",
        "closed_at": null,
        "author_association": "CONTRIBUTOR",
        "sub_issues_summary": {
            "total": 0,
            "completed": 0,
            "percent_completed": 0
        },
        "active_lock_reason": null,
        "draft": false,
        "pull_request": {
            "url": "https://api.github.com/repos/abap-observability-tools/abap-trace-tender/pulls/33",
            "html_url": "https://github.com/abap-observability-tools/abap-trace-tender/pull/33",
            "diff_url": "https://github.com/abap-observability-tools/abap-trace-tender/pull/33.diff",
            "patch_url": "https://github.com/abap-observability-tools/abap-trace-tender/pull/33.patch",
            "merged_at": null
        },
        "body": "Bumps [minimatch](https://github.com/isaacs/minimatch) from 3.0.4 to 3.1.2.\n<details>\n<summary>Commits</summary>\n<ul>\n<li><a href=\"https://github.com/isaacs/minimatch/commit/699c459443a6bd98f5b28197978f76e7f71467ac\"><code>699c459</code></a> 3.1.2</li>\n<li><a href=\"https://github.com/isaacs/minimatch/commit/2f2b5ff1bb1b6a01f4404f7e475f0a2cba578ab7\"><code>2f2b5ff</code></a> fix: trim pattern</li>\n<li><a href=\"https://github.com/isaacs/minimatch/commit/25d7c0d09c47063c9b0d2ace17ef8e951d90eccc\"><code>25d7c0d</code></a> 3.1.1</li>\n<li><a href=\"https://github.com/isaacs/minimatch/commit/55dda291dfb595bd11b4edb19b45dd98eda76de0\"><code>55dda29</code></a> fix: treat nocase:true as always having magic</li>\n<li><a href=\"https://github.com/isaacs/minimatch/commit/5e1fb8dd2bb78c0ae22101b9229fac4c76ef039e\"><code>5e1fb8d</code></a> 3.1.0</li>\n<li><a href=\"https://github.com/isaacs/minimatch/commit/f8145c54f34075069f4a23cb214d871da4cd4006\"><code>f8145c5</code></a> Add 'allowWindowsEscape' option</li>\n<li><a href=\"https://github.com/isaacs/minimatch/commit/570e8b1aef6c9e823a824aa0b9be10db43857cd7\"><code>570e8b1</code></a> add publishConfig for v3 publishes</li>\n<li><a href=\"https://github.com/isaacs/minimatch/commit/5b7cd3372be253759fb4d865eb3f38f189a5fcdf\"><code>5b7cd33</code></a> 3.0.6</li>\n<li><a href=\"https://github.com/isaacs/minimatch/commit/20b4b562830680867feb75f9c635aca08e5c86ff\"><code>20b4b56</code></a> [fix] revert all breaking syntax changes</li>\n<li><a href=\"https://github.com/isaacs/minimatch/commit/2ff038852ec03e85e60e0eb333005c680ac8a543\"><code>2ff0388</code></a> document, expose, and test 'partial:true' option</li>\n<li>Additional commits viewable in <a href=\"https://github.com/isaacs/minimatch/compare/v3.0.4...v3.1.2\">compare view</a></li>\n</ul>\n</details>\n<br />\n\n\n[![Dependabot compatibility score](https://dependabot-badges.githubapp.com/badges/compatibility_score?dependency-name=minimatch&package-manager=npm_and_yarn&previous-version=3.0.4&new-version=3.1.2)](https://docs.github.com/en/github/managing-security-vulnerabilities/about-dependabot-security-updates#about-compatibility-scores)\n\nDependabot will resolve any conflicts with this PR as long as you don't alter it yourself. You can also trigger a rebase manually by commenting `@dependabot rebase`.\n\n[//]: # (dependabot-automerge-start)\n[//]: # (dependabot-automerge-end)\n\n---\n\n<details>\n<summary>Dependabot commands and options</summary>\n<br />\n\nYou can trigger Dependabot actions by commenting on this PR:\n- `@dependabot rebase` will rebase this PR\n- `@dependabot recreate` will recreate this PR, overwriting any edits that have been made to it\n- `@dependabot merge` will merge this PR after your CI passes on it\n- `@dependabot squash and merge` will squash and merge this PR after your CI passes on it\n- `@dependabot cancel merge` will cancel a previously requested merge and block automerging\n- `@dependabot reopen` will reopen this PR if it is closed\n- `@dependabot close` will close this PR and stop Dependabot recreating it. You can achieve the same result by closing it manually\n- `@dependabot ignore this major version` will close this PR and stop Dependabot creating any more for this major version (unless you reopen the PR or upgrade to it yourself)\n- `@dependabot ignore this minor version` will close this PR and stop Dependabot creating any more for this minor version (unless you reopen the PR or upgrade to it yourself)\n- `@dependabot ignore this dependency` will close this PR and stop Dependabot creating any more for this dependency (unless you reopen the PR or upgrade to it yourself)\nYou can disable automated security fix PRs for this repo from the [Security Alerts page](https://github.com/abap-observability-tools/abap-trace-tender/network/alerts).\n\n</details>",
        "closed_by": null,
        "reactions": {
            "url": "https://api.github.com/repos/abap-observability-tools/abap-trace-tender/issues/33/reactions",
            "total_count": 0,
            "+1": 0,
            "-1": 0,
            "laugh": 0,
            "hooray": 0,
            "confused": 0,
            "heart": 0,
            "rocket": 0,
            "eyes": 0
        },
        "timeline_url": "https://api.github.com/repos/abap-observability-tools/abap-trace-tender/issues/33/timeline",
        "performed_via_github_app": null,
        "state_reason": null
    },
    {
        "url": "https://api.github.com/repos/abap-observability-tools/abap-trace-tender/issues/31",
        "repository_url": "https://api.github.com/repos/abap-observability-tools/abap-trace-tender",
        "labels_url": "https://api.github.com/repos/abap-observability-tools/abap-trace-tender/issues/31/labels{/name}",
        "comments_url": "https://api.github.com/repos/abap-observability-tools/abap-trace-tender/issues/31/comments",
        "events_url": "https://api.github.com/repos/abap-observability-tools/abap-trace-tender/issues/31/events",
        "html_url": "https://github.com/abap-observability-tools/abap-trace-tender/pull/31",
        "id": 1136667497,
        "node_id": "PR_kwDOE7tIKs4ywKnM",
        "number": 31,
        "title": "Bump follow-redirects from 1.13.3 to 1.14.8",
        "user": {
            "login": "dependabot[bot]",
            "id": 49699333,
            "node_id": "MDM6Qm90NDk2OTkzMzM=",
            "avatar_url": "https://avatars.githubusercontent.com/in/29110?v=4",
            "gravatar_id": "",
            "url": "https://api.github.com/users/dependabot%5Bbot%5D",
            "html_url": "https://github.com/apps/dependabot",
            "followers_url": "https://api.github.com/users/dependabot%5Bbot%5D/followers",
            "following_url": "https://api.github.com/users/dependabot%5Bbot%5D/following{/other_user}",
            "gists_url": "https://api.github.com/users/dependabot%5Bbot%5D/gists{/gist_id}",
            "starred_url": "https://api.github.com/users/dependabot%5Bbot%5D/starred{/owner}{/repo}",
            "subscriptions_url": "https://api.github.com/users/dependabot%5Bbot%5D/subscriptions",
            "organizations_url": "https://api.github.com/users/dependabot%5Bbot%5D/orgs",
            "repos_url": "https://api.github.com/users/dependabot%5Bbot%5D/repos",
            "events_url": "https://api.github.com/users/dependabot%5Bbot%5D/events{/privacy}",
            "received_events_url": "https://api.github.com/users/dependabot%5Bbot%5D/received_events",
            "type": "Bot",
            "user_view_type": "public",
            "site_admin": false
        },
        "labels": [
            {
                "id": 2774239885,
                "node_id": "MDU6TGFiZWwyNzc0MjM5ODg1",
                "url": "https://api.github.com/repos/abap-observability-tools/abap-trace-tender/labels/dependencies",
                "name": "dependencies",
                "color": "0366d6",
                "default": false,
                "description": "Pull requests that update a dependency file"
            }
        ],
        "state": "open",
        "locked": false,
        "assignee": null,
        "assignees": [],
        "milestone": null,
        "comments": 0,
        "created_at": "2022-02-14T02:31:57Z",
        "updated_at": "2022-02-14T02:31:58Z",
        "closed_at": null,
        "author_association": "CONTRIBUTOR",
        "sub_issues_summary": {
            "total": 0,
            "completed": 0,
            "percent_completed": 0
        },
        "active_lock_reason": null,
        "draft": false,
        "pull_request": {
            "url": "https://api.github.com/repos/abap-observability-tools/abap-trace-tender/pulls/31",
            "html_url": "https://github.com/abap-observability-tools/abap-trace-tender/pull/31",
            "diff_url": "https://github.com/abap-observability-tools/abap-trace-tender/pull/31.diff",
            "patch_url": "https://github.com/abap-observability-tools/abap-trace-tender/pull/31.patch",
            "merged_at": null
        },
        "body": "Bumps [follow-redirects](https://github.com/follow-redirects/follow-redirects) from 1.13.3 to 1.14.8.\n<details>\n<summary>Commits</summary>\n<ul>\n<li><a href=\"https://github.com/follow-redirects/follow-redirects/commit/3d81dc3237b4ffe8b722bb3d1c70a7866657166e\"><code>3d81dc3</code></a> Release version 1.14.8 of the npm package.</li>\n<li><a href=\"https://github.com/follow-redirects/follow-redirects/commit/62e546a99c07c3ee5e4e0718c84a6ca127c5c445\"><code>62e546a</code></a> Drop confidential headers across schemes.</li>\n<li><a href=\"https://github.com/follow-redirects/follow-redirects/commit/2ede36d7c60d3acdcd324dcd99a9dbd52e4fb3a6\"><code>2ede36d</code></a> Release version 1.14.7 of the npm package.</li>\n<li><a href=\"https://github.com/follow-redirects/follow-redirects/commit/8b347cbcef7c7b72a6e9be20f5710c17d6163c22\"><code>8b347cb</code></a> Drop Cookie header across domains.</li>\n<li><a href=\"https://github.com/follow-redirects/follow-redirects/commit/6f5029ae1a0fdab4dc25f6379a5ee303c2319070\"><code>6f5029a</code></a> Release version 1.14.6 of the npm package.</li>\n<li><a href=\"https://github.com/follow-redirects/follow-redirects/commit/af706bee57de954414c0bde0a9f33e62beea3e52\"><code>af706be</code></a> Ignore null headers.</li>\n<li><a href=\"https://github.com/follow-redirects/follow-redirects/commit/d01ab7a5c5df3617c7a40a03de7af6427fdfac55\"><code>d01ab7a</code></a> Release version 1.14.5 of the npm package.</li>\n<li><a href=\"https://github.com/follow-redirects/follow-redirects/commit/40052ea8aa13559becee5795715c1d45b1f0eb76\"><code>40052ea</code></a> Make compatible with Node 17.</li>\n<li><a href=\"https://github.com/follow-redirects/follow-redirects/commit/86f7572f9365dadc39f85916259b58973819617f\"><code>86f7572</code></a> Fix: clear internal timer on request abort to avoid leakage</li>\n<li><a href=\"https://github.com/follow-redirects/follow-redirects/commit/2e1eaf0218c5315a2ab27f53964d0535d4dafb51\"><code>2e1eaf0</code></a> Keep Authorization header on subdomain redirects.</li>\n<li>Additional commits viewable in <a href=\"https://github.com/follow-redirects/follow-redirects/compare/v1.13.3...v1.14.8\">compare view</a></li>\n</ul>\n</details>\n<br />\n\n\n[![Dependabot compatibility score](https://dependabot-badges.githubapp.com/badges/compatibility_score?dependency-name=follow-redirects&package-manager=npm_and_yarn&previous-version=1.13.3&new-version=1.14.8)](https://docs.github.com/en/github/managing-security-vulnerabilities/about-dependabot-security-updates#about-compatibility-scores)\n\nDependabot will resolve any conflicts with this PR as long as you don't alter it yourself. You can also trigger a rebase manually by commenting `@dependabot rebase`.\n\n[//]: # (dependabot-automerge-start)\n[//]: # (dependabot-automerge-end)\n\n---\n\n<details>\n<summary>Dependabot commands and options</summary>\n<br />\n\nYou can trigger Dependabot actions by commenting on this PR:\n- `@dependabot rebase` will rebase this PR\n- `@dependabot recreate` will recreate this PR, overwriting any edits that have been made to it\n- `@dependabot merge` will merge this PR after your CI passes on it\n- `@dependabot squash and merge` will squash and merge this PR after your CI passes on it\n- `@dependabot cancel merge` will cancel a previously requested merge and block automerging\n- `@dependabot reopen` will reopen this PR if it is closed\n- `@dependabot close` will close this PR and stop Dependabot recreating it. You can achieve the same result by closing it manually\n- `@dependabot ignore this major version` will close this PR and stop Dependabot creating any more for this major version (unless you reopen the PR or upgrade to it yourself)\n- `@dependabot ignore this minor version` will close this PR and stop Dependabot creating any more for this minor version (unless you reopen the PR or upgrade to it yourself)\n- `@dependabot ignore this dependency` will close this PR and stop Dependabot creating any more for this dependency (unless you reopen the PR or upgrade to it yourself)\nYou can disable automated security fix PRs for this repo from the [Security Alerts page](https://github.com/abap-observability-tools/abap-trace-tender/network/alerts).\n\n</details>",
        "closed_by": null,
        "reactions": {
            "url": "https://api.github.com/repos/abap-observability-tools/abap-trace-tender/issues/31/reactions",
            "total_count": 0,
            "+1": 0,
            "-1": 0,
            "laugh": 0,
            "hooray": 0,
            "confused": 0,
            "heart": 0,
            "rocket": 0,
            "eyes": 0
        },
        "timeline_url": "https://api.github.com/repos/abap-observability-tools/abap-trace-tender/issues/31/timeline",
        "performed_via_github_app": null,
        "state_reason": null
    },
    {
        "url": "https://api.github.com/repos/abap-observability-tools/abap-trace-tender/issues/14",
        "repository_url": "https://api.github.com/repos/abap-observability-tools/abap-trace-tender",
        "labels_url": "https://api.github.com/repos/abap-observability-tools/abap-trace-tender/issues/14/labels{/name}",
        "comments_url": "https://api.github.com/repos/abap-observability-tools/abap-trace-tender/issues/14/comments",
        "events_url": "https://api.github.com/repos/abap-observability-tools/abap-trace-tender/issues/14/events",
        "html_url": "https://github.com/abap-observability-tools/abap-trace-tender/issues/14",
        "id": 816683537,
        "node_id": "MDU6SXNzdWU4MTY2ODM1Mzc=",
        "number": 14,
        "title": "add connectors to the distributed trace tools",
        "user": {
            "login": "JohannesKonings",
            "id": 14806640,
            "node_id": "MDQ6VXNlcjE0ODA2NjQw",
            "avatar_url": "https://avatars.githubusercontent.com/u/14806640?v=4",
            "gravatar_id": "",
            "url": "https://api.github.com/users/JohannesKonings",
            "html_url": "https://github.com/JohannesKonings",
            "followers_url": "https://api.github.com/users/JohannesKonings/followers",
            "following_url": "https://api.github.com/users/JohannesKonings/following{/other_user}",
            "gists_url": "https://api.github.com/users/JohannesKonings/gists{/gist_id}",
            "starred_url": "https://api.github.com/users/JohannesKonings/starred{/owner}{/repo}",
            "subscriptions_url": "https://api.github.com/users/JohannesKonings/subscriptions",
            "organizations_url": "https://api.github.com/users/JohannesKonings/orgs",
            "repos_url": "https://api.github.com/users/JohannesKonings/repos",
            "events_url": "https://api.github.com/users/JohannesKonings/events{/privacy}",
            "received_events_url": "https://api.github.com/users/JohannesKonings/received_events",
            "type": "User",
            "user_view_type": "public",
            "site_admin": false
        },
        "labels": [],
        "state": "open",
        "locked": false,
        "assignee": null,
        "assignees": [],
        "milestone": null,
        "comments": 0,
        "created_at": "2021-02-25T18:25:06Z",
        "updated_at": "2021-02-25T18:25:06Z",
        "closed_at": null,
        "author_association": "MEMBER",
        "sub_issues_summary": {
            "total": 0,
            "completed": 0,
            "percent_completed": 0
        },
        "active_lock_reason": null,
        "body": "",
        "closed_by": null,
        "reactions": {
            "url": "https://api.github.com/repos/abap-observability-tools/abap-trace-tender/issues/14/reactions",
            "total_count": 0,
            "+1": 0,
            "-1": 0,
            "laugh": 0,
            "hooray": 0,
            "confused": 0,
            "heart": 0,
            "rocket": 0,
            "eyes": 0
        },
        "timeline_url": "https://api.github.com/repos/abap-observability-tools/abap-trace-tender/issues/14/timeline",
        "performed_via_github_app": null,
        "state_reason": null
    },
    {
        "url": "https://api.github.com/repos/abap-observability-tools/abap-trace-tender/issues/8",
        "repository_url": "https://api.github.com/repos/abap-observability-tools/abap-trace-tender",
        "labels_url": "https://api.github.com/repos/abap-observability-tools/abap-trace-tender/issues/8/labels{/name}",
        "comments_url": "https://api.github.com/repos/abap-observability-tools/abap-trace-tender/issues/8/comments",
        "events_url": "https://api.github.com/repos/abap-observability-tools/abap-trace-tender/issues/8/events",
        "html_url": "https://github.com/abap-observability-tools/abap-trace-tender/issues/8",
        "id": 812673688,
        "node_id": "MDU6SXNzdWU4MTI2NzM2ODg=",
        "number": 8,
        "title": "add trace transaction class with handler for spans",
        "user": {
            "login": "JohannesKonings",
            "id": 14806640,
            "node_id": "MDQ6VXNlcjE0ODA2NjQw",
            "avatar_url": "https://avatars.githubusercontent.com/u/14806640?v=4",
            "gravatar_id": "",
            "url": "https://api.github.com/users/JohannesKonings",
            "html_url": "https://github.com/JohannesKonings",
            "followers_url": "https://api.github.com/users/JohannesKonings/followers",
            "following_url": "https://api.github.com/users/JohannesKonings/following{/other_user}",
            "gists_url": "https://api.github.com/users/JohannesKonings/gists{/gist_id}",
            "starred_url": "https://api.github.com/users/JohannesKonings/starred{/owner}{/repo}",
            "subscriptions_url": "https://api.github.com/users/JohannesKonings/subscriptions",
            "organizations_url": "https://api.github.com/users/JohannesKonings/orgs",
            "repos_url": "https://api.github.com/users/JohannesKonings/repos",
            "events_url": "https://api.github.com/users/JohannesKonings/events{/privacy}",
            "received_events_url": "https://api.github.com/users/JohannesKonings/received_events",
            "type": "User",
            "user_view_type": "public",
            "site_admin": false
        },
        "labels": [],
        "state": "open",
        "locked": false,
        "assignee": null,
        "assignees": [],
        "milestone": null,
        "comments": 0,
        "created_at": "2021-02-20T18:01:05Z",
        "updated_at": "2021-02-20T18:01:05Z",
        "closed_at": null,
        "author_association": "MEMBER",
        "sub_issues_summary": {
            "total": 0,
            "completed": 0,
            "percent_completed": 0
        },
        "active_lock_reason": null,
        "body": "",
        "closed_by": null,
        "reactions": {
            "url": "https://api.github.com/repos/abap-observability-tools/abap-trace-tender/issues/8/reactions",
            "total_count": 0,
            "+1": 0,
            "-1": 0,
            "laugh": 0,
            "hooray": 0,
            "confused": 0,
            "heart": 0,
            "rocket": 0,
            "eyes": 0
        },
        "timeline_url": "https://api.github.com/repos/abap-observability-tools/abap-trace-tender/issues/8/timeline",
        "performed_via_github_app": null,
        "state_reason": null
    },
    {
        "url": "https://api.github.com/repos/abap-observability-tools/abap-trace-tender/issues/5",
        "repository_url": "https://api.github.com/repos/abap-observability-tools/abap-trace-tender",
        "labels_url": "https://api.github.com/repos/abap-observability-tools/abap-trace-tender/issues/5/labels{/name}",
        "comments_url": "https://api.github.com/repos/abap-observability-tools/abap-trace-tender/issues/5/comments",
        "events_url": "https://api.github.com/repos/abap-observability-tools/abap-trace-tender/issues/5/events",
        "html_url": "https://github.com/abap-observability-tools/abap-trace-tender/issues/5",
        "id": 812667264,
        "node_id": "MDU6SXNzdWU4MTI2NjcyNjQ=",
        "number": 5,
        "title": "create trace converter for zipkin",
        "user": {
            "login": "JohannesKonings",
            "id": 14806640,
            "node_id": "MDQ6VXNlcjE0ODA2NjQw",
            "avatar_url": "https://avatars.githubusercontent.com/u/14806640?v=4",
            "gravatar_id": "",
            "url": "https://api.github.com/users/JohannesKonings",
            "html_url": "https://github.com/JohannesKonings",
            "followers_url": "https://api.github.com/users/JohannesKonings/followers",
            "following_url": "https://api.github.com/users/JohannesKonings/following{/other_user}",
            "gists_url": "https://api.github.com/users/JohannesKonings/gists{/gist_id}",
            "starred_url": "https://api.github.com/users/JohannesKonings/starred{/owner}{/repo}",
            "subscriptions_url": "https://api.github.com/users/JohannesKonings/subscriptions",
            "organizations_url": "https://api.github.com/users/JohannesKonings/orgs",
            "repos_url": "https://api.github.com/users/JohannesKonings/repos",
            "events_url": "https://api.github.com/users/JohannesKonings/events{/privacy}",
            "received_events_url": "https://api.github.com/users/JohannesKonings/received_events",
            "type": "User",
            "user_view_type": "public",
            "site_admin": false
        },
        "labels": [
            {
                "id": 2758106878,
                "node_id": "MDU6TGFiZWwyNzU4MTA2ODc4",
                "url": "https://api.github.com/repos/abap-observability-tools/abap-trace-tender/labels/converter",
                "name": "converter",
                "color": "0052cc",
                "default": false,
                "description": ""
            },
            {
                "id": 2758107046,
                "node_id": "MDU6TGFiZWwyNzU4MTA3MDQ2",
                "url": "https://api.github.com/repos/abap-observability-tools/abap-trace-tender/labels/zipkin",
                "name": "zipkin",
                "color": "15E2FC",
                "default": false,
                "description": ""
            }
        ],
        "state": "open",
        "locked": false,
        "assignee": null,
        "assignees": [],
        "milestone": null,
        "comments": 0,
        "created_at": "2021-02-20T17:28:28Z",
        "updated_at": "2021-02-20T17:28:28Z",
        "closed_at": null,
        "author_association": "MEMBER",
        "sub_issues_summary": {
            "total": 0,
            "completed": 0,
            "percent_completed": 0
        },
        "active_lock_reason": null,
        "body": "https://zipkin.io/zipkin-api/#/default/post_spans",
        "closed_by": null,
        "reactions": {
            "url": "https://api.github.com/repos/abap-observability-tools/abap-trace-tender/issues/5/reactions",
            "total_count": 0,
            "+1": 0,
            "-1": 0,
            "laugh": 0,
            "hooray": 0,
            "confused": 0,
            "heart": 0,
            "rocket": 0,
            "eyes": 0
        },
        "timeline_url": "https://api.github.com/repos/abap-observability-tools/abap-trace-tender/issues/5/timeline",
        "performed_via_github_app": null,
        "state_reason": null
    }
]