[
    {
        "url": "https://api.github.com/repos/abelljs/abell/issues/187",
        "repository_url": "https://api.github.com/repos/abelljs/abell",
        "labels_url": "https://api.github.com/repos/abelljs/abell/issues/187/labels{/name}",
        "comments_url": "https://api.github.com/repos/abelljs/abell/issues/187/comments",
        "events_url": "https://api.github.com/repos/abelljs/abell/issues/187/events",
        "html_url": "https://github.com/abelljs/abell/issues/187",
        "id": 2268661930,
        "node_id": "I_kwDODz8_ps6HOQiq",
        "number": 187,
        "title": "Changing `root` property in `vite.config.js` is breaking the project.",
        "user": {
            "login": "xenitane",
            "id": 74298802,
            "node_id": "MDQ6VXNlcjc0Mjk4ODAy",
            "avatar_url": "https://avatars.githubusercontent.com/u/74298802?v=4",
            "gravatar_id": "",
            "url": "https://api.github.com/users/xenitane",
            "html_url": "https://github.com/xenitane",
            "followers_url": "https://api.github.com/users/xenitane/followers",
            "following_url": "https://api.github.com/users/xenitane/following{/other_user}",
            "gists_url": "https://api.github.com/users/xenitane/gists{/gist_id}",
            "starred_url": "https://api.github.com/users/xenitane/starred{/owner}{/repo}",
            "subscriptions_url": "https://api.github.com/users/xenitane/subscriptions",
            "organizations_url": "https://api.github.com/users/xenitane/orgs",
            "repos_url": "https://api.github.com/users/xenitane/repos",
            "events_url": "https://api.github.com/users/xenitane/events{/privacy}",
            "received_events_url": "https://api.github.com/users/xenitane/received_events",
            "type": "User",
            "user_view_type": "public",
            "site_admin": false
        },
        "labels": [
            {
                "id": 1986906456,
                "node_id": "MDU6TGFiZWwxOTg2OTA2NDU2",
                "url": "https://api.github.com/repos/abelljs/abell/labels/bug",
                "name": "bug",
                "color": "d73a4a",
                "default": true,
                "description": "Something isn't working"
            }
        ],
        "state": "open",
        "locked": false,
        "assignee": {
            "login": "saurabhdaware",
            "id": 30949385,
            "node_id": "MDQ6VXNlcjMwOTQ5Mzg1",
            "avatar_url": "https://avatars.githubusercontent.com/u/30949385?v=4",
            "gravatar_id": "",
            "url": "https://api.github.com/users/saurabhdaware",
            "html_url": "https://github.com/saurabhdaware",
            "followers_url": "https://api.github.com/users/saurabhdaware/followers",
            "following_url": "https://api.github.com/users/saurabhdaware/following{/other_user}",
            "gists_url": "https://api.github.com/users/saurabhdaware/gists{/gist_id}",
            "starred_url": "https://api.github.com/users/saurabhdaware/starred{/owner}{/repo}",
            "subscriptions_url": "https://api.github.com/users/saurabhdaware/subscriptions",
            "organizations_url": "https://api.github.com/users/saurabhdaware/orgs",
            "repos_url": "https://api.github.com/users/saurabhdaware/repos",
            "events_url": "https://api.github.com/users/saurabhdaware/events{/privacy}",
            "received_events_url": "https://api.github.com/users/saurabhdaware/received_events",
            "type": "User",
            "user_view_type": "public",
            "site_admin": false
        },
        "assignees": [
            {
                "login": "saurabhdaware",
                "id": 30949385,
                "node_id": "MDQ6VXNlcjMwOTQ5Mzg1",
                "avatar_url": "https://avatars.githubusercontent.com/u/30949385?v=4",
                "gravatar_id": "",
                "url": "https://api.github.com/users/saurabhdaware",
                "html_url": "https://github.com/saurabhdaware",
                "followers_url": "https://api.github.com/users/saurabhdaware/followers",
                "following_url": "https://api.github.com/users/saurabhdaware/following{/other_user}",
                "gists_url": "https://api.github.com/users/saurabhdaware/gists{/gist_id}",
                "starred_url": "https://api.github.com/users/saurabhdaware/starred{/owner}{/repo}",
                "subscriptions_url": "https://api.github.com/users/saurabhdaware/subscriptions",
                "organizations_url": "https://api.github.com/users/saurabhdaware/orgs",
                "repos_url": "https://api.github.com/users/saurabhdaware/repos",
                "events_url": "https://api.github.com/users/saurabhdaware/events{/privacy}",
                "received_events_url": "https://api.github.com/users/saurabhdaware/received_events",
                "type": "User",
                "user_view_type": "public",
                "site_admin": false
            }
        ],
        "milestone": null,
        "comments": 0,
        "created_at": "2024-04-29T10:26:43Z",
        "updated_at": "2024-05-09T16:53:38Z",
        "closed_at": null,
        "author_association": "NONE",
        "sub_issues_summary": {
            "total": 0,
            "completed": 0,
            "percent_completed": 0
        },
        "active_lock_reason": null,
        "body": "**Description of Bug**\r\n\r\n<!-- A clear and concise description of what the bug is. -->\r\n\r\nI organize my codebase by moving all the source code, including the entry points in the `src` directory. And I set the `root` property of the vite config to `\"src\"` to achieve this.\r\n\r\nWith this setup when I run the dev server or build/generate, it tries to reinstall abell and ends with an error.\r\n\r\nI tried another approach by using `vite` directly with `vitePluginAbell` and that didn't worked out either.\r\n\r\n```\r\nproject-dir\r\n|- src\r\n|  |- index.abell\r\n|  |....\r\n|- public (public assets)\r\n|- package.json\r\n|- vite.config.js\r\n|- ...other config files \r\n```\r\n\r\n**Steps To Reproduce**\r\n\r\n1. modify the `root` property in `vite.config.js`\r\n2. run the dev server\r\n\r\n**Screenshots / Logs**\r\n\r\n```\r\n> hello-abell@0.0.1 dev /home/xenitane/code/hello-abell\r\n> abell dev\r\n\r\nnpm ERR! Cannot read properties of null (reading 'matches')\r\n\r\nnpm ERR! A complete log of this run can be found in: /home/xenitane/.npm/_logs/2024-04-29T10_25_38_432Z-debug-0.log\r\n ‣ oops npm install abell@1.0.0-beta.4 --save-dev failed\r\nnode:internal/process/promises:289\r\n            triggerUncaughtException(err, true /* fromPromise */);\r\n            ^\r\n\r\n[UnhandledPromiseRejection: This error originated either by throwing inside of an async function without a catch block, or by rejecting a promise which was not handled with .catch(). The promise rejected with the reason \"1\".] {\r\n  code: 'ERR_UNHANDLED_REJECTION'\r\n}\r\n\r\nNode.js v20.12.0\r\n```\r\n\r\n**Specs**\r\n\r\n- Abell Version: 1.0.0-beta.4\r\n- Node Version: 20.12.0\r\n- Operating System: Arch Linux\r\n\r\n\r\n**Additional context**\r\n\r\n<!-- Add any other context about the problem here. -->\r\n",
        "closed_by": null,
        "reactions": {
            "url": "https://api.github.com/repos/abelljs/abell/issues/187/reactions",
            "total_count": 1,
            "+1": 1,
            "-1": 0,
            "laugh": 0,
            "hooray": 0,
            "confused": 0,
            "heart": 0,
            "rocket": 0,
            "eyes": 0
        },
        "timeline_url": "https://api.github.com/repos/abelljs/abell/issues/187/timeline",
        "performed_via_github_app": null,
        "state_reason": null
    },
    {
        "url": "https://api.github.com/repos/abelljs/abell/issues/186",
        "repository_url": "https://api.github.com/repos/abelljs/abell",
        "labels_url": "https://api.github.com/repos/abelljs/abell/issues/186/labels{/name}",
        "comments_url": "https://api.github.com/repos/abelljs/abell/issues/186/comments",
        "events_url": "https://api.github.com/repos/abelljs/abell/issues/186/events",
        "html_url": "https://github.com/abelljs/abell/issues/186",
        "id": 2177561651,
        "node_id": "I_kwDODz8_ps6ByvQz",
        "number": 186,
        "title": "Print network address when hosted on network",
        "user": {
            "login": "saurabhdaware",
            "id": 30949385,
            "node_id": "MDQ6VXNlcjMwOTQ5Mzg1",
            "avatar_url": "https://avatars.githubusercontent.com/u/30949385?v=4",
            "gravatar_id": "",
            "url": "https://api.github.com/users/saurabhdaware",
            "html_url": "https://github.com/saurabhdaware",
            "followers_url": "https://api.github.com/users/saurabhdaware/followers",
            "following_url": "https://api.github.com/users/saurabhdaware/following{/other_user}",
            "gists_url": "https://api.github.com/users/saurabhdaware/gists{/gist_id}",
            "starred_url": "https://api.github.com/users/saurabhdaware/starred{/owner}{/repo}",
            "subscriptions_url": "https://api.github.com/users/saurabhdaware/subscriptions",
            "organizations_url": "https://api.github.com/users/saurabhdaware/orgs",
            "repos_url": "https://api.github.com/users/saurabhdaware/repos",
            "events_url": "https://api.github.com/users/saurabhdaware/events{/privacy}",
            "received_events_url": "https://api.github.com/users/saurabhdaware/received_events",
            "type": "User",
            "user_view_type": "public",
            "site_admin": false
        },
        "labels": [
            {
                "id": 1986906459,
                "node_id": "MDU6TGFiZWwxOTg2OTA2NDU5",
                "url": "https://api.github.com/repos/abelljs/abell/labels/enhancement",
                "name": "enhancement",
                "color": "E7EBFD",
                "default": true,
                "description": "New feature or request"
            }
        ],
        "state": "open",
        "locked": false,
        "assignee": null,
        "assignees": [],
        "milestone": null,
        "comments": 0,
        "created_at": "2024-03-10T07:17:41Z",
        "updated_at": "2024-03-10T07:17:42Z",
        "closed_at": null,
        "author_association": "MEMBER",
        "sub_issues_summary": {
            "total": 0,
            "completed": 0,
            "percent_completed": 0
        },
        "active_lock_reason": null,
        "body": "**Describe Enhancement**\r\n\r\nAbell by default runs on local network as well as localhost. We do print `localhost:3000` in terminal but not the network address.\r\n\r\n**Additional context**\r\n\r\n<!-- Add any other context or screenshots about the feature request here. -->\r\n",
        "closed_by": null,
        "reactions": {
            "url": "https://api.github.com/repos/abelljs/abell/issues/186/reactions",
            "total_count": 0,
            "+1": 0,
            "-1": 0,
            "laugh": 0,
            "hooray": 0,
            "confused": 0,
            "heart": 0,
            "rocket": 0,
            "eyes": 0
        },
        "timeline_url": "https://api.github.com/repos/abelljs/abell/issues/186/timeline",
        "performed_via_github_app": null,
        "state_reason": null
    },
    {
        "url": "https://api.github.com/repos/abelljs/abell/issues/185",
        "repository_url": "https://api.github.com/repos/abelljs/abell",
        "labels_url": "https://api.github.com/repos/abelljs/abell/issues/185/labels{/name}",
        "comments_url": "https://api.github.com/repos/abelljs/abell/issues/185/comments",
        "events_url": "https://api.github.com/repos/abelljs/abell/issues/185/events",
        "html_url": "https://github.com/abelljs/abell/pull/185",
        "id": 2091858252,
        "node_id": "PR_kwDODz8_ps5knamx",
        "number": 185,
        "title": "build(deps): bump vite from 4.4.9 to 4.5.2",
        "user": {
            "login": "dependabot[bot]",
            "id": 49699333,
            "node_id": "MDM6Qm90NDk2OTkzMzM=",
            "avatar_url": "https://avatars.githubusercontent.com/in/29110?v=4",
            "gravatar_id": "",
            "url": "https://api.github.com/users/dependabot%5Bbot%5D",
            "html_url": "https://github.com/apps/dependabot",
            "followers_url": "https://api.github.com/users/dependabot%5Bbot%5D/followers",
            "following_url": "https://api.github.com/users/dependabot%5Bbot%5D/following{/other_user}",
            "gists_url": "https://api.github.com/users/dependabot%5Bbot%5D/gists{/gist_id}",
            "starred_url": "https://api.github.com/users/dependabot%5Bbot%5D/starred{/owner}{/repo}",
            "subscriptions_url": "https://api.github.com/users/dependabot%5Bbot%5D/subscriptions",
            "organizations_url": "https://api.github.com/users/dependabot%5Bbot%5D/orgs",
            "repos_url": "https://api.github.com/users/dependabot%5Bbot%5D/repos",
            "events_url": "https://api.github.com/users/dependabot%5Bbot%5D/events{/privacy}",
            "received_events_url": "https://api.github.com/users/dependabot%5Bbot%5D/received_events",
            "type": "Bot",
            "user_view_type": "public",
            "site_admin": false
        },
        "labels": [
            {
                "id": 2216851071,
                "node_id": "MDU6TGFiZWwyMjE2ODUxMDcx",
                "url": "https://api.github.com/repos/abelljs/abell/labels/dependencies",
                "name": "dependencies",
                "color": "0366d6",
                "default": false,
                "description": "Pull requests that update a dependency file"
            }
        ],
        "state": "open",
        "locked": false,
        "assignee": null,
        "assignees": [],
        "milestone": null,
        "comments": 0,
        "created_at": "2024-01-20T03:35:53Z",
        "updated_at": "2024-01-20T03:35:54Z",
        "closed_at": null,
        "author_association": "CONTRIBUTOR",
        "sub_issues_summary": {
            "total": 0,
            "completed": 0,
            "percent_completed": 0
        },
        "active_lock_reason": null,
        "draft": false,
        "pull_request": {
            "url": "https://api.github.com/repos/abelljs/abell/pulls/185",
            "html_url": "https://github.com/abelljs/abell/pull/185",
            "diff_url": "https://github.com/abelljs/abell/pull/185.diff",
            "patch_url": "https://github.com/abelljs/abell/pull/185.patch",
            "merged_at": null
        },
        "body": "Bumps [vite](https://github.com/vitejs/vite/tree/HEAD/packages/vite) from 4.4.9 to 4.5.2.\n<details>\n<summary>Changelog</summary>\n<p><em>Sourced from <a href=\"https://github.com/vitejs/vite/blob/v4.5.2/packages/vite/CHANGELOG.md\">vite's changelog</a>.</em></p>\n<blockquote>\n<h2><!-- raw HTML omitted -->4.5.2 (2024-01-19)<!-- raw HTML omitted --></h2>\n<ul>\n<li>fix: fs deny for case insensitive systems (<a href=\"https://github.com/vitejs/vite/tree/HEAD/packages/vite/issues/15653\">#15653</a>) (<a href=\"https://github.com/vitejs/vite/commit/eeec23b\">eeec23b</a>), closes <a href=\"https://redirect.github.com/vitejs/vite/issues/15653\">#15653</a></li>\n</ul>\n<h2><!-- raw HTML omitted -->4.5.1 (2023-12-04)<!-- raw HTML omitted --></h2>\n<ul>\n<li>fix: backport <a href=\"https://github.com/vitejs/vite/tree/HEAD/packages/vite/issues/15223\">#15223</a>, proxy html path should be encoded (<a href=\"https://github.com/vitejs/vite/tree/HEAD/packages/vite/issues/15226\">#15226</a>) (<a href=\"https://github.com/vitejs/vite/commit/41bb354\">41bb354</a>), closes <a href=\"https://redirect.github.com/vitejs/vite/issues/15223\">#15223</a> <a href=\"https://redirect.github.com/vitejs/vite/issues/15226\">#15226</a></li>\n</ul>\n<h2>4.5.0 (2023-10-18)</h2>\n<ul>\n<li>feat: backport mdx as known js source (<a href=\"https://github.com/vitejs/vite/tree/HEAD/packages/vite/issues/14560\">#14560</a>) (<a href=\"https://github.com/vitejs/vite/tree/HEAD/packages/vite/issues/14670\">#14670</a>) (<a href=\"https://github.com/vitejs/vite/commit/45595ef\">45595ef</a>), closes <a href=\"https://redirect.github.com/vitejs/vite/issues/14560\">#14560</a> <a href=\"https://redirect.github.com/vitejs/vite/issues/14670\">#14670</a></li>\n<li>feat: scan .marko files (<a href=\"https://github.com/vitejs/vite/tree/HEAD/packages/vite/issues/14669\">#14669</a>) (<a href=\"https://github.com/vitejs/vite/commit/ed7bdc5\">ed7bdc5</a>), closes <a href=\"https://redirect.github.com/vitejs/vite/issues/14669\">#14669</a></li>\n<li>feat(ssr): backport ssr.resolve.conditions and ssr.resolve.externalConditions (<a href=\"https://github.com/vitejs/vite/tree/HEAD/packages/vite/issues/14498\">#14498</a>) (<a href=\"https://github.com/vitejs/vite/tree/HEAD/packages/vite/issues/14668\">#14668</a>) (<a href=\"https://github.com/vitejs/vite/commit/520139c\">520139c</a>), closes <a href=\"https://redirect.github.com/vitejs/vite/issues/14498\">#14498</a> <a href=\"https://redirect.github.com/vitejs/vite/issues/14668\">#14668</a></li>\n</ul>\n<h2><!-- raw HTML omitted -->4.4.11 (2023-10-05)<!-- raw HTML omitted --></h2>\n<ul>\n<li>revert: &quot;fix: use string manipulation instead of regex to inject esbuild helpers (<a href=\"https://github.com/vitejs/vite/commit/54e1275\">54e1275</a>), closes <a href=\"https://redirect.github.com/vitejs/vite/issues/14094\">#14094</a></li>\n</ul>\n<h2><!-- raw HTML omitted -->4.4.10 (2023-10-03)<!-- raw HTML omitted --></h2>\n<ul>\n<li>fix: add source map to Web Workers (fix <a href=\"https://github.com/vitejs/vite/tree/HEAD/packages/vite/issues/14216\">#14216</a>) (<a href=\"https://github.com/vitejs/vite/tree/HEAD/packages/vite/issues/14217\">#14217</a>) (<a href=\"https://github.com/vitejs/vite/commit/df6f32f\">df6f32f</a>), closes <a href=\"https://redirect.github.com/vitejs/vite/issues/14216\">#14216</a> <a href=\"https://redirect.github.com/vitejs/vite/issues/14217\">#14217</a></li>\n<li>fix: handle errors during <code>hasWorkspacePackageJSON</code> function (<a href=\"https://github.com/vitejs/vite/tree/HEAD/packages/vite/issues/14394\">#14394</a>) (<a href=\"https://github.com/vitejs/vite/commit/6f6e5de\">6f6e5de</a>), closes <a href=\"https://redirect.github.com/vitejs/vite/issues/14394\">#14394</a></li>\n<li>fix: handle sourcemap correctly when multiple line import exists (<a href=\"https://github.com/vitejs/vite/tree/HEAD/packages/vite/issues/14232\">#14232</a>) (<a href=\"https://github.com/vitejs/vite/commit/218861f\">218861f</a>), closes <a href=\"https://redirect.github.com/vitejs/vite/issues/14232\">#14232</a></li>\n<li>fix: if host is specified check whether it is valid (<a href=\"https://github.com/vitejs/vite/tree/HEAD/packages/vite/issues/14013\">#14013</a>) (<a href=\"https://github.com/vitejs/vite/commit/b1b816a\">b1b816a</a>), closes <a href=\"https://redirect.github.com/vitejs/vite/issues/14013\">#14013</a></li>\n<li>fix: include <code>vite/types/*</code> in exports field (<a href=\"https://github.com/vitejs/vite/tree/HEAD/packages/vite/issues/14296\">#14296</a>) (<a href=\"https://github.com/vitejs/vite/commit/40e99a1\">40e99a1</a>), closes <a href=\"https://redirect.github.com/vitejs/vite/issues/14296\">#14296</a></li>\n<li>fix: initWasm options should be optional (<a href=\"https://github.com/vitejs/vite/tree/HEAD/packages/vite/issues/14152\">#14152</a>) (<a href=\"https://github.com/vitejs/vite/commit/119c074\">119c074</a>), closes <a href=\"https://redirect.github.com/vitejs/vite/issues/14152\">#14152</a></li>\n<li>fix: restore builtins list (<a href=\"https://github.com/vitejs/vite/commit/f8b9adb\">f8b9adb</a>)</li>\n<li>fix: use string manipulation instead of regex to inject esbuild helpers (<a href=\"https://github.com/vitejs/vite/tree/HEAD/packages/vite/issues/14094\">#14094</a>) (<a href=\"https://github.com/vitejs/vite/commit/128ad8f\">128ad8f</a>), closes <a href=\"https://redirect.github.com/vitejs/vite/issues/14094\">#14094</a></li>\n<li>fix: ws never connects after restarting server if server.hmr.server is set (<a href=\"https://github.com/vitejs/vite/tree/HEAD/packages/vite/issues/14127\">#14127</a>) (<a href=\"https://github.com/vitejs/vite/commit/441642e\">441642e</a>), closes <a href=\"https://redirect.github.com/vitejs/vite/issues/14127\">#14127</a></li>\n<li>fix(analysis): warnings for dynamic imports that use static template literals (<a href=\"https://github.com/vitejs/vite/tree/HEAD/packages/vite/issues/14458\">#14458</a>) (<a href=\"https://github.com/vitejs/vite/commit/0c6d289\">0c6d289</a>), closes <a href=\"https://redirect.github.com/vitejs/vite/issues/14458\">#14458</a></li>\n<li>fix(cli): convert special base (<a href=\"https://github.com/vitejs/vite/tree/HEAD/packages/vite/issues/14283\">#14283</a>) (<a href=\"https://github.com/vitejs/vite/commit/d4bc0fb\">d4bc0fb</a>), closes <a href=\"https://redirect.github.com/vitejs/vite/issues/14283\">#14283</a></li>\n<li>fix(css): remove pure css chunk sourcemap (<a href=\"https://github.com/vitejs/vite/tree/HEAD/packages/vite/issues/14290\">#14290</a>) (<a href=\"https://github.com/vitejs/vite/commit/cd7e033\">cd7e033</a>), closes <a href=\"https://redirect.github.com/vitejs/vite/issues/14290\">#14290</a></li>\n<li>fix(css): reset render cache on renderStart (<a href=\"https://github.com/vitejs/vite/tree/HEAD/packages/vite/issues/14326\">#14326</a>) (<a href=\"https://github.com/vitejs/vite/commit/d334b3d\">d334b3d</a>), closes <a href=\"https://redirect.github.com/vitejs/vite/issues/14326\">#14326</a></li>\n<li>fix(glob): trigger HMR for glob in a  package (<a href=\"https://github.com/vitejs/vite/tree/HEAD/packages/vite/issues/14117\">#14117</a>) (<a href=\"https://github.com/vitejs/vite/commit/0f582bf\">0f582bf</a>), closes <a href=\"https://redirect.github.com/vitejs/vite/issues/14117\">#14117</a></li>\n<li>fix(import-analysis): preserve importedUrls import order (<a href=\"https://github.com/vitejs/vite/tree/HEAD/packages/vite/issues/14465\">#14465</a>) (<a href=\"https://github.com/vitejs/vite/commit/269aa43\">269aa43</a>), closes <a href=\"https://redirect.github.com/vitejs/vite/issues/14465\">#14465</a></li>\n<li>fix(manifest): preserve pure css chunk assets (<a href=\"https://github.com/vitejs/vite/tree/HEAD/packages/vite/issues/14297\">#14297</a>) (<a href=\"https://github.com/vitejs/vite/commit/3d63ae6\">3d63ae6</a>), closes <a href=\"https://redirect.github.com/vitejs/vite/issues/14297\">#14297</a></li>\n<li>fix(optimizer): define crawlDeps after scanProcessing and optimizationResult are complete (fix <a href=\"https://github.com/vitejs/vite/tree/HEAD/packages/vite/issues/1428\">#1428</a> (<a href=\"https://github.com/vitejs/vite/commit/fcaf749\">fcaf749</a>), closes <a href=\"https://redirect.github.com/vitejs/vite/issues/14284\">#14284</a> <a href=\"https://redirect.github.com/vitejs/vite/issues/14285\">#14285</a></li>\n<li>fix(resolve): support submodules of optional peer deps (<a href=\"https://github.com/vitejs/vite/tree/HEAD/packages/vite/issues/14489\">#14489</a>) (<a href=\"https://github.com/vitejs/vite/commit/104971d\">104971d</a>), closes <a href=\"https://redirect.github.com/vitejs/vite/issues/14489\">#14489</a></li>\n<li>fix(vite): precisely check if files are in dirs (<a href=\"https://github.com/vitejs/vite/tree/HEAD/packages/vite/issues/14241\">#14241</a>) (<a href=\"https://github.com/vitejs/vite/commit/c4758d1\">c4758d1</a>), closes <a href=\"https://redirect.github.com/vitejs/vite/issues/14241\">#14241</a></li>\n<li>feat: improve deno and bun support (<a href=\"https://github.com/vitejs/vite/tree/HEAD/packages/vite/issues/14379\">#14379</a>) (<a href=\"https://github.com/vitejs/vite/commit/8bc1f9d\">8bc1f9d</a>), closes <a href=\"https://redirect.github.com/vitejs/vite/issues/14379\">#14379</a></li>\n</ul>\n</blockquote>\n</details>\n<details>\n<summary>Commits</summary>\n<ul>\n<li><a href=\"https://github.com/vitejs/vite/commit/d0360c12476ccc61e9e78c500ed1bd74ed65a2cf\"><code>d0360c1</code></a> release: v4.5.2</li>\n<li><a href=\"https://github.com/vitejs/vite/commit/eeec23bbc9d476c54a3a6d36e78455867185a7cb\"><code>eeec23b</code></a> fix: fs deny for case insensitive systems (<a href=\"https://github.com/vitejs/vite/tree/HEAD/packages/vite/issues/15653\">#15653</a>)</li>\n<li><a href=\"https://github.com/vitejs/vite/commit/c0751156f0c015f6dbd5c7a58afd8cff2fde1a2f\"><code>c075115</code></a> release: v4.5.1</li>\n<li><a href=\"https://github.com/vitejs/vite/commit/41bb3546a839ed2c822367b3933770c0693a0fb0\"><code>41bb354</code></a> fix: backport <a href=\"https://github.com/vitejs/vite/tree/HEAD/packages/vite/issues/15223\">#15223</a>, proxy html path should be encoded (<a href=\"https://github.com/vitejs/vite/tree/HEAD/packages/vite/issues/15226\">#15226</a>)</li>\n<li><a href=\"https://github.com/vitejs/vite/commit/055d2b86b0543a7c1a2a4d5bc7298af62bc51fa7\"><code>055d2b8</code></a> release: v4.5.0</li>\n<li><a href=\"https://github.com/vitejs/vite/commit/ed7bdc520679577509466ce808a1794ba8377204\"><code>ed7bdc5</code></a> feat: scan .marko files (<a href=\"https://github.com/vitejs/vite/tree/HEAD/packages/vite/issues/14669\">#14669</a>)</li>\n<li><a href=\"https://github.com/vitejs/vite/commit/45595ef82f786d6b321ce002f2cd4951659114ac\"><code>45595ef</code></a> feat: backport mdx as known js source (<a href=\"https://github.com/vitejs/vite/tree/HEAD/packages/vite/issues/14560\">#14560</a>) (<a href=\"https://github.com/vitejs/vite/tree/HEAD/packages/vite/issues/14670\">#14670</a>)</li>\n<li><a href=\"https://github.com/vitejs/vite/commit/520139cdff88ae3a0bf89692133cce3e453cb29a\"><code>520139c</code></a> feat(ssr): backport ssr.resolve.conditions and ssr.resolve.externalConditions...</li>\n<li><a href=\"https://github.com/vitejs/vite/commit/b50db04a5a47aa855cae6ced026290c2761ffa8d\"><code>b50db04</code></a> release: v4.4.11</li>\n<li><a href=\"https://github.com/vitejs/vite/commit/54e12755c06a3ac8622ed1da5706fef68b69c50e\"><code>54e1275</code></a> revert: &quot;fix: use string manipulation instead of regex to inject esbuild helpers</li>\n<li>Additional commits viewable in <a href=\"https://github.com/vitejs/vite/commits/v4.5.2/packages/vite\">compare view</a></li>\n</ul>\n</details>\n<br />\n\n\n[![Dependabot compatibility score](https://dependabot-badges.githubapp.com/badges/compatibility_score?dependency-name=vite&package-manager=npm_and_yarn&previous-version=4.4.9&new-version=4.5.2)](https://docs.github.com/en/github/managing-security-vulnerabilities/about-dependabot-security-updates#about-compatibility-scores)\n\nDependabot will resolve any conflicts with this PR as long as you don't alter it yourself. You can also trigger a rebase manually by commenting `@dependabot rebase`.\n\n[//]: # (dependabot-automerge-start)\n[//]: # (dependabot-automerge-end)\n\n---\n\n<details>\n<summary>Dependabot commands and options</summary>\n<br />\n\nYou can trigger Dependabot actions by commenting on this PR:\n- `@dependabot rebase` will rebase this PR\n- `@dependabot recreate` will recreate this PR, overwriting any edits that have been made to it\n- `@dependabot merge` will merge this PR after your CI passes on it\n- `@dependabot squash and merge` will squash and merge this PR after your CI passes on it\n- `@dependabot cancel merge` will cancel a previously requested merge and block automerging\n- `@dependabot reopen` will reopen this PR if it is closed\n- `@dependabot close` will close this PR and stop Dependabot recreating it. You can achieve the same result by closing it manually\n- `@dependabot show <dependency name> ignore conditions` will show all of the ignore conditions of the specified dependency\n- `@dependabot ignore this major version` will close this PR and stop Dependabot creating any more for this major version (unless you reopen the PR or upgrade to it yourself)\n- `@dependabot ignore this minor version` will close this PR and stop Dependabot creating any more for this minor version (unless you reopen the PR or upgrade to it yourself)\n- `@dependabot ignore this dependency` will close this PR and stop Dependabot creating any more for this dependency (unless you reopen the PR or upgrade to it yourself)\nYou can disable automated security fix PRs for this repo from the [Security Alerts page](https://github.com/abelljs/abell/network/alerts).\n\n</details>",
        "closed_by": null,
        "reactions": {
            "url": "https://api.github.com/repos/abelljs/abell/issues/185/reactions",
            "total_count": 0,
            "+1": 0,
            "-1": 0,
            "laugh": 0,
            "hooray": 0,
            "confused": 0,
            "heart": 0,
            "rocket": 0,
            "eyes": 0
        },
        "timeline_url": "https://api.github.com/repos/abelljs/abell/issues/185/timeline",
        "performed_via_github_app": null,
        "state_reason": null
    },
    {
        "url": "https://api.github.com/repos/abelljs/abell/issues/183",
        "repository_url": "https://api.github.com/repos/abelljs/abell",
        "labels_url": "https://api.github.com/repos/abelljs/abell/issues/183/labels{/name}",
        "comments_url": "https://api.github.com/repos/abelljs/abell/issues/183/comments",
        "events_url": "https://api.github.com/repos/abelljs/abell/issues/183/events",
        "html_url": "https://github.com/abelljs/abell/pull/183",
        "id": 1972512931,
        "node_id": "PR_kwDODz8_ps5eV2oN",
        "number": 183,
        "title": "feat(compiler): Add sourcemaps ",
        "user": {
            "login": "saurabhdaware",
            "id": 30949385,
            "node_id": "MDQ6VXNlcjMwOTQ5Mzg1",
            "avatar_url": "https://avatars.githubusercontent.com/u/30949385?v=4",
            "gravatar_id": "",
            "url": "https://api.github.com/users/saurabhdaware",
            "html_url": "https://github.com/saurabhdaware",
            "followers_url": "https://api.github.com/users/saurabhdaware/followers",
            "following_url": "https://api.github.com/users/saurabhdaware/following{/other_user}",
            "gists_url": "https://api.github.com/users/saurabhdaware/gists{/gist_id}",
            "starred_url": "https://api.github.com/users/saurabhdaware/starred{/owner}{/repo}",
            "subscriptions_url": "https://api.github.com/users/saurabhdaware/subscriptions",
            "organizations_url": "https://api.github.com/users/saurabhdaware/orgs",
            "repos_url": "https://api.github.com/users/saurabhdaware/repos",
            "events_url": "https://api.github.com/users/saurabhdaware/events{/privacy}",
            "received_events_url": "https://api.github.com/users/saurabhdaware/received_events",
            "type": "User",
            "user_view_type": "public",
            "site_admin": false
        },
        "labels": [],
        "state": "open",
        "locked": false,
        "assignee": null,
        "assignees": [],
        "milestone": null,
        "comments": 0,
        "created_at": "2023-11-01T14:41:20Z",
        "updated_at": "2024-11-20T19:28:09Z",
        "closed_at": null,
        "author_association": "MEMBER",
        "sub_issues_summary": {
            "total": 0,
            "completed": 0,
            "percent_completed": 0
        },
        "active_lock_reason": null,
        "draft": true,
        "pull_request": {
            "url": "https://api.github.com/repos/abelljs/abell/pulls/183",
            "html_url": "https://github.com/abelljs/abell/pull/183",
            "diff_url": "https://github.com/abelljs/abell/pull/183.diff",
            "patch_url": "https://github.com/abelljs/abell/pull/183.patch",
            "merged_at": null
        },
        "body": "## Description\r\n\r\nResolves #182 \r\n\r\n## Added unit tests?\r\n\r\n<!-- Its preferred to have unit tests although its understandable if you don't want to spend additional time -->\r\n\r\n- [ ] No\r\n- [x] Yes\r\n\r\n## [optional] Random GIF to +1 someone's day\r\n",
        "closed_by": null,
        "reactions": {
            "url": "https://api.github.com/repos/abelljs/abell/issues/183/reactions",
            "total_count": 0,
            "+1": 0,
            "-1": 0,
            "laugh": 0,
            "hooray": 0,
            "confused": 0,
            "heart": 0,
            "rocket": 0,
            "eyes": 0
        },
        "timeline_url": "https://api.github.com/repos/abelljs/abell/issues/183/timeline",
        "performed_via_github_app": null,
        "state_reason": null
    },
    {
        "url": "https://api.github.com/repos/abelljs/abell/issues/182",
        "repository_url": "https://api.github.com/repos/abelljs/abell",
        "labels_url": "https://api.github.com/repos/abelljs/abell/issues/182/labels{/name}",
        "comments_url": "https://api.github.com/repos/abelljs/abell/issues/182/comments",
        "events_url": "https://api.github.com/repos/abelljs/abell/issues/182/events",
        "html_url": "https://github.com/abelljs/abell/issues/182",
        "id": 1971962371,
        "node_id": "I_kwDODz8_ps51icID",
        "number": 182,
        "title": "Generate Source Maps for `.abell` files",
        "user": {
            "login": "saurabhdaware",
            "id": 30949385,
            "node_id": "MDQ6VXNlcjMwOTQ5Mzg1",
            "avatar_url": "https://avatars.githubusercontent.com/u/30949385?v=4",
            "gravatar_id": "",
            "url": "https://api.github.com/users/saurabhdaware",
            "html_url": "https://github.com/saurabhdaware",
            "followers_url": "https://api.github.com/users/saurabhdaware/followers",
            "following_url": "https://api.github.com/users/saurabhdaware/following{/other_user}",
            "gists_url": "https://api.github.com/users/saurabhdaware/gists{/gist_id}",
            "starred_url": "https://api.github.com/users/saurabhdaware/starred{/owner}{/repo}",
            "subscriptions_url": "https://api.github.com/users/saurabhdaware/subscriptions",
            "organizations_url": "https://api.github.com/users/saurabhdaware/orgs",
            "repos_url": "https://api.github.com/users/saurabhdaware/repos",
            "events_url": "https://api.github.com/users/saurabhdaware/events{/privacy}",
            "received_events_url": "https://api.github.com/users/saurabhdaware/received_events",
            "type": "User",
            "user_view_type": "public",
            "site_admin": false
        },
        "labels": [
            {
                "id": 1986906459,
                "node_id": "MDU6TGFiZWwxOTg2OTA2NDU5",
                "url": "https://api.github.com/repos/abelljs/abell/labels/enhancement",
                "name": "enhancement",
                "color": "E7EBFD",
                "default": true,
                "description": "New feature or request"
            },
            {
                "id": 2841754502,
                "node_id": "MDU6TGFiZWwyODQxNzU0NTAy",
                "url": "https://api.github.com/repos/abelljs/abell/labels/v1.0.0",
                "name": "v1.0.0",
                "color": "f9d0c4",
                "default": false,
                "description": "Will be implemented in version 1 of Abell"
            }
        ],
        "state": "open",
        "locked": false,
        "assignee": {
            "login": "saurabhdaware",
            "id": 30949385,
            "node_id": "MDQ6VXNlcjMwOTQ5Mzg1",
            "avatar_url": "https://avatars.githubusercontent.com/u/30949385?v=4",
            "gravatar_id": "",
            "url": "https://api.github.com/users/saurabhdaware",
            "html_url": "https://github.com/saurabhdaware",
            "followers_url": "https://api.github.com/users/saurabhdaware/followers",
            "following_url": "https://api.github.com/users/saurabhdaware/following{/other_user}",
            "gists_url": "https://api.github.com/users/saurabhdaware/gists{/gist_id}",
            "starred_url": "https://api.github.com/users/saurabhdaware/starred{/owner}{/repo}",
            "subscriptions_url": "https://api.github.com/users/saurabhdaware/subscriptions",
            "organizations_url": "https://api.github.com/users/saurabhdaware/orgs",
            "repos_url": "https://api.github.com/users/saurabhdaware/repos",
            "events_url": "https://api.github.com/users/saurabhdaware/events{/privacy}",
            "received_events_url": "https://api.github.com/users/saurabhdaware/received_events",
            "type": "User",
            "user_view_type": "public",
            "site_admin": false
        },
        "assignees": [
            {
                "login": "saurabhdaware",
                "id": 30949385,
                "node_id": "MDQ6VXNlcjMwOTQ5Mzg1",
                "avatar_url": "https://avatars.githubusercontent.com/u/30949385?v=4",
                "gravatar_id": "",
                "url": "https://api.github.com/users/saurabhdaware",
                "html_url": "https://github.com/saurabhdaware",
                "followers_url": "https://api.github.com/users/saurabhdaware/followers",
                "following_url": "https://api.github.com/users/saurabhdaware/following{/other_user}",
                "gists_url": "https://api.github.com/users/saurabhdaware/gists{/gist_id}",
                "starred_url": "https://api.github.com/users/saurabhdaware/starred{/owner}{/repo}",
                "subscriptions_url": "https://api.github.com/users/saurabhdaware/subscriptions",
                "organizations_url": "https://api.github.com/users/saurabhdaware/orgs",
                "repos_url": "https://api.github.com/users/saurabhdaware/repos",
                "events_url": "https://api.github.com/users/saurabhdaware/events{/privacy}",
                "received_events_url": "https://api.github.com/users/saurabhdaware/received_events",
                "type": "User",
                "user_view_type": "public",
                "site_admin": false
            }
        ],
        "milestone": null,
        "comments": 0,
        "created_at": "2023-11-01T08:53:57Z",
        "updated_at": "2023-11-01T17:43:31Z",
        "closed_at": null,
        "author_association": "MEMBER",
        "sub_issues_summary": {
            "total": 0,
            "completed": 0,
            "percent_completed": 0
        },
        "active_lock_reason": null,
        "body": "**Describe Enhancement**\r\n\r\nSource maps are crucial for debugging and it is especially needed for editor autocompletions. Need to figure out a way to generate source maps\r\n\r\n**Additional context**\r\n\r\n<!-- Add any other context or screenshots about the feature request here. -->\r\n",
        "closed_by": null,
        "reactions": {
            "url": "https://api.github.com/repos/abelljs/abell/issues/182/reactions",
            "total_count": 0,
            "+1": 0,
            "-1": 0,
            "laugh": 0,
            "hooray": 0,
            "confused": 0,
            "heart": 0,
            "rocket": 0,
            "eyes": 0
        },
        "timeline_url": "https://api.github.com/repos/abelljs/abell/issues/182/timeline",
        "performed_via_github_app": null,
        "state_reason": null
    },
    {
        "url": "https://api.github.com/repos/abelljs/abell/issues/165",
        "repository_url": "https://api.github.com/repos/abelljs/abell",
        "labels_url": "https://api.github.com/repos/abelljs/abell/issues/165/labels{/name}",
        "comments_url": "https://api.github.com/repos/abelljs/abell/issues/165/comments",
        "events_url": "https://api.github.com/repos/abelljs/abell/issues/165/events",
        "html_url": "https://github.com/abelljs/abell/issues/165",
        "id": 1945555446,
        "node_id": "I_kwDODz8_ps5z9tH2",
        "number": 165,
        "title": "Dark mode in documentation site",
        "user": {
            "login": "saurabhdaware",
            "id": 30949385,
            "node_id": "MDQ6VXNlcjMwOTQ5Mzg1",
            "avatar_url": "https://avatars.githubusercontent.com/u/30949385?v=4",
            "gravatar_id": "",
            "url": "https://api.github.com/users/saurabhdaware",
            "html_url": "https://github.com/saurabhdaware",
            "followers_url": "https://api.github.com/users/saurabhdaware/followers",
            "following_url": "https://api.github.com/users/saurabhdaware/following{/other_user}",
            "gists_url": "https://api.github.com/users/saurabhdaware/gists{/gist_id}",
            "starred_url": "https://api.github.com/users/saurabhdaware/starred{/owner}{/repo}",
            "subscriptions_url": "https://api.github.com/users/saurabhdaware/subscriptions",
            "organizations_url": "https://api.github.com/users/saurabhdaware/orgs",
            "repos_url": "https://api.github.com/users/saurabhdaware/repos",
            "events_url": "https://api.github.com/users/saurabhdaware/events{/privacy}",
            "received_events_url": "https://api.github.com/users/saurabhdaware/received_events",
            "type": "User",
            "user_view_type": "public",
            "site_admin": false
        },
        "labels": [
            {
                "id": 1986906457,
                "node_id": "MDU6TGFiZWwxOTg2OTA2NDU3",
                "url": "https://api.github.com/repos/abelljs/abell/labels/packages/docs",
                "name": "packages/docs",
                "color": "4654D3",
                "default": false,
                "description": "Improvements or additions to documentation"
            },
            {
                "id": 1986906459,
                "node_id": "MDU6TGFiZWwxOTg2OTA2NDU5",
                "url": "https://api.github.com/repos/abelljs/abell/labels/enhancement",
                "name": "enhancement",
                "color": "E7EBFD",
                "default": true,
                "description": "New feature or request"
            },
            {
                "id": 6091014044,
                "node_id": "LA_kwDODz8_ps8AAAABaw1_nA",
                "url": "https://api.github.com/repos/abelljs/abell/labels/P2",
                "name": "P2",
                "color": "F6FB37",
                "default": false,
                "description": "Priority Level 2"
            }
        ],
        "state": "open",
        "locked": false,
        "assignee": null,
        "assignees": [],
        "milestone": null,
        "comments": 3,
        "created_at": "2023-10-16T15:44:33Z",
        "updated_at": "2023-10-26T19:20:35Z",
        "closed_at": null,
        "author_association": "MEMBER",
        "sub_issues_summary": {
            "total": 0,
            "completed": 0,
            "percent_completed": 0
        },
        "active_lock_reason": null,
        "body": "**Is your feature request related to a problem? Please describe.**\r\n\r\nCurrently we only added light mode because its better to not have dark mode than having a badly designed dark mode. But at some point we would need a good dark mode since that is expected from documentation sites\r\n\r\n**Describe the solution you'd like**\r\n\r\nI think first we'll have to play around colors and decide what type of dark mode we want. A full black dark mode something like vercel? or more like a dim mode?\r\n\r\nOpposite to the the current only-light mode, https://v0.abelljs.org had 3 modes - dark, dim, light but then we end up with 3 versions where contrasts and aesthetics get difficult to maintain.\r\n\r\n**Additional context**\r\n\r\nThis might need few iterations before it goes live on production so the development will likely happen in parallel branch for some time",
        "closed_by": null,
        "reactions": {
            "url": "https://api.github.com/repos/abelljs/abell/issues/165/reactions",
            "total_count": 0,
            "+1": 0,
            "-1": 0,
            "laugh": 0,
            "hooray": 0,
            "confused": 0,
            "heart": 0,
            "rocket": 0,
            "eyes": 0
        },
        "timeline_url": "https://api.github.com/repos/abelljs/abell/issues/165/timeline",
        "performed_via_github_app": null,
        "state_reason": null
    },
    {
        "url": "https://api.github.com/repos/abelljs/abell/issues/164",
        "repository_url": "https://api.github.com/repos/abelljs/abell",
        "labels_url": "https://api.github.com/repos/abelljs/abell/issues/164/labels{/name}",
        "comments_url": "https://api.github.com/repos/abelljs/abell/issues/164/comments",
        "events_url": "https://api.github.com/repos/abelljs/abell/issues/164/events",
        "html_url": "https://github.com/abelljs/abell/issues/164",
        "id": 1931173181,
        "node_id": "I_kwDODz8_ps5zG109",
        "number": 164,
        "title": "VSCode Prettier Support",
        "user": {
            "login": "timscodebase",
            "id": 69870077,
            "node_id": "MDQ6VXNlcjY5ODcwMDc3",
            "avatar_url": "https://avatars.githubusercontent.com/u/69870077?v=4",
            "gravatar_id": "",
            "url": "https://api.github.com/users/timscodebase",
            "html_url": "https://github.com/timscodebase",
            "followers_url": "https://api.github.com/users/timscodebase/followers",
            "following_url": "https://api.github.com/users/timscodebase/following{/other_user}",
            "gists_url": "https://api.github.com/users/timscodebase/gists{/gist_id}",
            "starred_url": "https://api.github.com/users/timscodebase/starred{/owner}{/repo}",
            "subscriptions_url": "https://api.github.com/users/timscodebase/subscriptions",
            "organizations_url": "https://api.github.com/users/timscodebase/orgs",
            "repos_url": "https://api.github.com/users/timscodebase/repos",
            "events_url": "https://api.github.com/users/timscodebase/events{/privacy}",
            "received_events_url": "https://api.github.com/users/timscodebase/received_events",
            "type": "User",
            "user_view_type": "public",
            "site_admin": false
        },
        "labels": [
            {
                "id": 1986906459,
                "node_id": "MDU6TGFiZWwxOTg2OTA2NDU5",
                "url": "https://api.github.com/repos/abelljs/abell/labels/enhancement",
                "name": "enhancement",
                "color": "E7EBFD",
                "default": true,
                "description": "New feature or request"
            }
        ],
        "state": "open",
        "locked": false,
        "assignee": null,
        "assignees": [],
        "milestone": null,
        "comments": 1,
        "created_at": "2023-10-07T03:57:39Z",
        "updated_at": "2023-10-13T08:53:55Z",
        "closed_at": null,
        "author_association": "NONE",
        "sub_issues_summary": {
            "total": 0,
            "completed": 0,
            "percent_completed": 0
        },
        "active_lock_reason": null,
        "body": "# VSCode Prettier Support #\r\n\r\nIt would be great if there was an easy way to formate .abell files on save with .prettierrc\r\n\r\n**Describe the solution you'd like**\r\n\r\nVSCode `settings.json`\r\n```\r\n\"[javascriptabell]\": {\r\n  \"editor.formatOnSave\": true\r\n}\r\n```\r\n\r\n`.prettierrc`\r\n```\r\n{\r\n  \"semi\": false,\r\n  \"singleQuote\": true,\r\n  \"trailingComma\": \"all\",\r\n  \"tabWidth\": 2,\r\n  \"useTabs\": false,\r\n  \"bracketSpacing\": true\r\n}\r\n```\r\n",
        "closed_by": null,
        "reactions": {
            "url": "https://api.github.com/repos/abelljs/abell/issues/164/reactions",
            "total_count": 0,
            "+1": 0,
            "-1": 0,
            "laugh": 0,
            "hooray": 0,
            "confused": 0,
            "heart": 0,
            "rocket": 0,
            "eyes": 0
        },
        "timeline_url": "https://api.github.com/repos/abelljs/abell/issues/164/timeline",
        "performed_via_github_app": null,
        "state_reason": null
    },
    {
        "url": "https://api.github.com/repos/abelljs/abell/issues/163",
        "repository_url": "https://api.github.com/repos/abelljs/abell",
        "labels_url": "https://api.github.com/repos/abelljs/abell/issues/163/labels{/name}",
        "comments_url": "https://api.github.com/repos/abelljs/abell/issues/163/comments",
        "events_url": "https://api.github.com/repos/abelljs/abell/issues/163/events",
        "html_url": "https://github.com/abelljs/abell/pull/163",
        "id": 1931158189,
        "node_id": "PR_kwDODz8_ps5cKVG0",
        "number": 163,
        "title": "This is Abell with Tailwind",
        "user": {
            "login": "timscodebase",
            "id": 69870077,
            "node_id": "MDQ6VXNlcjY5ODcwMDc3",
            "avatar_url": "https://avatars.githubusercontent.com/u/69870077?v=4",
            "gravatar_id": "",
            "url": "https://api.github.com/users/timscodebase",
            "html_url": "https://github.com/timscodebase",
            "followers_url": "https://api.github.com/users/timscodebase/followers",
            "following_url": "https://api.github.com/users/timscodebase/following{/other_user}",
            "gists_url": "https://api.github.com/users/timscodebase/gists{/gist_id}",
            "starred_url": "https://api.github.com/users/timscodebase/starred{/owner}{/repo}",
            "subscriptions_url": "https://api.github.com/users/timscodebase/subscriptions",
            "organizations_url": "https://api.github.com/users/timscodebase/orgs",
            "repos_url": "https://api.github.com/users/timscodebase/repos",
            "events_url": "https://api.github.com/users/timscodebase/events{/privacy}",
            "received_events_url": "https://api.github.com/users/timscodebase/received_events",
            "type": "User",
            "user_view_type": "public",
            "site_admin": false
        },
        "labels": [],
        "state": "open",
        "locked": false,
        "assignee": null,
        "assignees": [],
        "milestone": null,
        "comments": 2,
        "created_at": "2023-10-07T03:04:17Z",
        "updated_at": "2023-10-13T09:01:41Z",
        "closed_at": null,
        "author_association": "NONE",
        "sub_issues_summary": {
            "total": 0,
            "completed": 0,
            "percent_completed": 0
        },
        "active_lock_reason": null,
        "draft": false,
        "pull_request": {
            "url": "https://api.github.com/repos/abelljs/abell/pulls/163",
            "html_url": "https://github.com/abelljs/abell/pull/163",
            "diff_url": "https://github.com/abelljs/abell/pull/163.diff",
            "patch_url": "https://github.com/abelljs/abell/pull/163.patch",
            "merged_at": null
        },
        "body": "<!---\r\nTo check the checkbox add 'x' inside brackets\r\nE.g:\r\n- [x] Feature\r\n-->\r\n\r\n## What type of PR is this?\r\n\r\n- [x] Feature\r\n- [ ] Bug Fix\r\n- [ ] Refactor\r\n- [ ] Documentation Update\r\n\r\n<!-- Describe what your PR does and steps to check it -->\r\n\r\n## Description\r\n\r\n## Added unit tests?\r\n\r\n- [x] No, I want help in writing tests.\r\n- [ ] No, I want someone else to write tests.\r\n- [ ] No, The addition does not need tests.\r\n- [ ] Yes\r\n\r\nMy Github project link\r\n[abell-demo](https://github.com/timscodebase/abell-demo)\r\n\r\n## [optional] Random GIF to +1 someone's day\r\n[Random Gif](https://media.giphy.com/media/6qdKZFhT0VBm0/giphy.gif)\r\n",
        "closed_by": null,
        "reactions": {
            "url": "https://api.github.com/repos/abelljs/abell/issues/163/reactions",
            "total_count": 0,
            "+1": 0,
            "-1": 0,
            "laugh": 0,
            "hooray": 0,
            "confused": 0,
            "heart": 0,
            "rocket": 0,
            "eyes": 0
        },
        "timeline_url": "https://api.github.com/repos/abelljs/abell/issues/163/timeline",
        "performed_via_github_app": null,
        "state_reason": null
    },
    {
        "url": "https://api.github.com/repos/abelljs/abell/issues/151",
        "repository_url": "https://api.github.com/repos/abelljs/abell",
        "labels_url": "https://api.github.com/repos/abelljs/abell/issues/151/labels{/name}",
        "comments_url": "https://api.github.com/repos/abelljs/abell/issues/151/comments",
        "events_url": "https://api.github.com/repos/abelljs/abell/issues/151/events",
        "html_url": "https://github.com/abelljs/abell/issues/151",
        "id": 1878611916,
        "node_id": "I_kwDODz8_ps5v-VfM",
        "number": 151,
        "title": "FOUC when CSS is imported from JS",
        "user": {
            "login": "saurabhdaware",
            "id": 30949385,
            "node_id": "MDQ6VXNlcjMwOTQ5Mzg1",
            "avatar_url": "https://avatars.githubusercontent.com/u/30949385?v=4",
            "gravatar_id": "",
            "url": "https://api.github.com/users/saurabhdaware",
            "html_url": "https://github.com/saurabhdaware",
            "followers_url": "https://api.github.com/users/saurabhdaware/followers",
            "following_url": "https://api.github.com/users/saurabhdaware/following{/other_user}",
            "gists_url": "https://api.github.com/users/saurabhdaware/gists{/gist_id}",
            "starred_url": "https://api.github.com/users/saurabhdaware/starred{/owner}{/repo}",
            "subscriptions_url": "https://api.github.com/users/saurabhdaware/subscriptions",
            "organizations_url": "https://api.github.com/users/saurabhdaware/orgs",
            "repos_url": "https://api.github.com/users/saurabhdaware/repos",
            "events_url": "https://api.github.com/users/saurabhdaware/events{/privacy}",
            "received_events_url": "https://api.github.com/users/saurabhdaware/received_events",
            "type": "User",
            "user_view_type": "public",
            "site_admin": false
        },
        "labels": [
            {
                "id": 1986906456,
                "node_id": "MDU6TGFiZWwxOTg2OTA2NDU2",
                "url": "https://api.github.com/repos/abelljs/abell/labels/bug",
                "name": "bug",
                "color": "d73a4a",
                "default": true,
                "description": "Something isn't working"
            },
            {
                "id": 2145112974,
                "node_id": "MDU6TGFiZWwyMTQ1MTEyOTc0",
                "url": "https://api.github.com/repos/abelljs/abell/labels/dev-server",
                "name": "dev-server",
                "color": "33e8bd",
                "default": false,
                "description": "Issue/PR related to dev server"
            },
            {
                "id": 2841754502,
                "node_id": "MDU6TGFiZWwyODQxNzU0NTAy",
                "url": "https://api.github.com/repos/abelljs/abell/labels/v1.0.0",
                "name": "v1.0.0",
                "color": "f9d0c4",
                "default": false,
                "description": "Will be implemented in version 1 of Abell"
            }
        ],
        "state": "open",
        "locked": false,
        "assignee": null,
        "assignees": [],
        "milestone": null,
        "comments": 3,
        "created_at": "2023-09-02T10:56:22Z",
        "updated_at": "2023-11-02T17:22:16Z",
        "closed_at": null,
        "author_association": "MEMBER",
        "sub_issues_summary": {
            "total": 0,
            "completed": 0,
            "percent_completed": 0
        },
        "active_lock_reason": null,
        "body": "The issues seems to come from this - https://github.com/vitejs/vite/issues/8890\r\n\r\nKeeping issue open here as well to know when this gets resolved. Not that important since its only happening in dev and not in prod.\r\n\r\nReproduction: https://stackblitz.com/edit/abell-demdks?file=client-assets/index-client.js (try refreshing the preview page)",
        "closed_by": null,
        "reactions": {
            "url": "https://api.github.com/repos/abelljs/abell/issues/151/reactions",
            "total_count": 0,
            "+1": 0,
            "-1": 0,
            "laugh": 0,
            "hooray": 0,
            "confused": 0,
            "heart": 0,
            "rocket": 0,
            "eyes": 0
        },
        "timeline_url": "https://api.github.com/repos/abelljs/abell/issues/151/timeline",
        "performed_via_github_app": null,
        "state_reason": null
    },
    {
        "url": "https://api.github.com/repos/abelljs/abell/issues/147",
        "repository_url": "https://api.github.com/repos/abelljs/abell",
        "labels_url": "https://api.github.com/repos/abelljs/abell/issues/147/labels{/name}",
        "comments_url": "https://api.github.com/repos/abelljs/abell/issues/147/comments",
        "events_url": "https://api.github.com/repos/abelljs/abell/issues/147/events",
        "html_url": "https://github.com/abelljs/abell/issues/147",
        "id": 1431289511,
        "node_id": "I_kwDODz8_ps5VT76n",
        "number": 147,
        "title": "Multiple Instances of Same CSS Block",
        "user": {
            "login": "saurabhdaware",
            "id": 30949385,
            "node_id": "MDQ6VXNlcjMwOTQ5Mzg1",
            "avatar_url": "https://avatars.githubusercontent.com/u/30949385?v=4",
            "gravatar_id": "",
            "url": "https://api.github.com/users/saurabhdaware",
            "html_url": "https://github.com/saurabhdaware",
            "followers_url": "https://api.github.com/users/saurabhdaware/followers",
            "following_url": "https://api.github.com/users/saurabhdaware/following{/other_user}",
            "gists_url": "https://api.github.com/users/saurabhdaware/gists{/gist_id}",
            "starred_url": "https://api.github.com/users/saurabhdaware/starred{/owner}{/repo}",
            "subscriptions_url": "https://api.github.com/users/saurabhdaware/subscriptions",
            "organizations_url": "https://api.github.com/users/saurabhdaware/orgs",
            "repos_url": "https://api.github.com/users/saurabhdaware/repos",
            "events_url": "https://api.github.com/users/saurabhdaware/events{/privacy}",
            "received_events_url": "https://api.github.com/users/saurabhdaware/received_events",
            "type": "User",
            "user_view_type": "public",
            "site_admin": false
        },
        "labels": [
            {
                "id": 1986906456,
                "node_id": "MDU6TGFiZWwxOTg2OTA2NDU2",
                "url": "https://api.github.com/repos/abelljs/abell/labels/bug",
                "name": "bug",
                "color": "d73a4a",
                "default": true,
                "description": "Something isn't working"
            }
        ],
        "state": "open",
        "locked": false,
        "assignee": null,
        "assignees": [],
        "milestone": null,
        "comments": 1,
        "created_at": "2022-11-01T11:36:54Z",
        "updated_at": "2022-11-01T12:41:04Z",
        "closed_at": null,
        "author_association": "MEMBER",
        "sub_issues_summary": {
            "total": 0,
            "completed": 0,
            "percent_completed": 0
        },
        "active_lock_reason": null,
        "body": "**Describe the bug**\r\n\r\nWhile using a component, if you reuse the component multiple times, it is currently adding inlined CSS of that component multiple times as well\r\n\r\n**To Reproduce**\r\n\r\n- Create a component\r\n- Import it and call it multiple times\r\n\r\n**Expected behavior**\r\n\r\n- I feel we should add it to a separate CSS file and import the css file.\r\n\r\n**Screenshots**\r\n\r\n<!-- If applicable, add screenshots to help explain your problem. -->\r\n\r\n**Specs:**\r\n\r\n- Abell Version:\r\n- Node Version:\r\n- Operating System:\r\n\r\n**Additional context**\r\n\r\n<!-- Add any other context about the problem here. -->\r\n",
        "closed_by": null,
        "reactions": {
            "url": "https://api.github.com/repos/abelljs/abell/issues/147/reactions",
            "total_count": 0,
            "+1": 0,
            "-1": 0,
            "laugh": 0,
            "hooray": 0,
            "confused": 0,
            "heart": 0,
            "rocket": 0,
            "eyes": 0
        },
        "timeline_url": "https://api.github.com/repos/abelljs/abell/issues/147/timeline",
        "performed_via_github_app": null,
        "state_reason": null
    },
    {
        "url": "https://api.github.com/repos/abelljs/abell/issues/144",
        "repository_url": "https://api.github.com/repos/abelljs/abell",
        "labels_url": "https://api.github.com/repos/abelljs/abell/issues/144/labels{/name}",
        "comments_url": "https://api.github.com/repos/abelljs/abell/issues/144/comments",
        "events_url": "https://api.github.com/repos/abelljs/abell/issues/144/events",
        "html_url": "https://github.com/abelljs/abell/issues/144",
        "id": 1417134030,
        "node_id": "I_kwDODz8_ps5Ud7_O",
        "number": 144,
        "title": "Scoped CSS is not applied on build-time generated HTML",
        "user": {
            "login": "saurabhdaware",
            "id": 30949385,
            "node_id": "MDQ6VXNlcjMwOTQ5Mzg1",
            "avatar_url": "https://avatars.githubusercontent.com/u/30949385?v=4",
            "gravatar_id": "",
            "url": "https://api.github.com/users/saurabhdaware",
            "html_url": "https://github.com/saurabhdaware",
            "followers_url": "https://api.github.com/users/saurabhdaware/followers",
            "following_url": "https://api.github.com/users/saurabhdaware/following{/other_user}",
            "gists_url": "https://api.github.com/users/saurabhdaware/gists{/gist_id}",
            "starred_url": "https://api.github.com/users/saurabhdaware/starred{/owner}{/repo}",
            "subscriptions_url": "https://api.github.com/users/saurabhdaware/subscriptions",
            "organizations_url": "https://api.github.com/users/saurabhdaware/orgs",
            "repos_url": "https://api.github.com/users/saurabhdaware/repos",
            "events_url": "https://api.github.com/users/saurabhdaware/events{/privacy}",
            "received_events_url": "https://api.github.com/users/saurabhdaware/received_events",
            "type": "User",
            "user_view_type": "public",
            "site_admin": false
        },
        "labels": [
            {
                "id": 1986906456,
                "node_id": "MDU6TGFiZWwxOTg2OTA2NDU2",
                "url": "https://api.github.com/repos/abelljs/abell/labels/bug",
                "name": "bug",
                "color": "d73a4a",
                "default": true,
                "description": "Something isn't working"
            }
        ],
        "state": "open",
        "locked": false,
        "assignee": null,
        "assignees": [],
        "milestone": null,
        "comments": 0,
        "created_at": "2022-10-20T19:21:18Z",
        "updated_at": "2022-10-20T19:21:18Z",
        "closed_at": null,
        "author_association": "MEMBER",
        "sub_issues_summary": {
            "total": 0,
            "completed": 0,
            "percent_completed": 0
        },
        "active_lock_reason": null,
        "body": "**Describe the bug**\r\n\r\nScoped CSS doesn't work with generated HTML (See the stackblitz example below)\r\n\r\n\r\n**To Reproduce**\r\n\r\nhttps://stackblitz.com/edit/abell-rqqnss?file=index.abell,_navbar.abell\r\n\r\n**Expected behavior**\r\n\r\nThe scoped CSS should be applied on all HTML written inside that component irrespective of how it is generated.\r\n\r\n**Specs:**\r\n\r\n- Abell Version: 1.0.0-alpha.72\r\n- Node Version: any\r\n- Operating System: any\r\n\r\n**Additional context**\r\n\r\nCurrently we're looking for HTML tags in the code and injecting the hash which is used for scoping. \r\n\r\nBecause we're looking for HTML tags before the evaluation, it is only getting applied where we have well defined HTML tags. But for HTML that is generated on build time, that injection of hash doesn't happen.\r\n\r\n",
        "closed_by": null,
        "reactions": {
            "url": "https://api.github.com/repos/abelljs/abell/issues/144/reactions",
            "total_count": 0,
            "+1": 0,
            "-1": 0,
            "laugh": 0,
            "hooray": 0,
            "confused": 0,
            "heart": 0,
            "rocket": 0,
            "eyes": 0
        },
        "timeline_url": "https://api.github.com/repos/abelljs/abell/issues/144/timeline",
        "performed_via_github_app": null,
        "state_reason": null
    },
    {
        "url": "https://api.github.com/repos/abelljs/abell/issues/68",
        "repository_url": "https://api.github.com/repos/abelljs/abell",
        "labels_url": "https://api.github.com/repos/abelljs/abell/issues/68/labels{/name}",
        "comments_url": "https://api.github.com/repos/abelljs/abell/issues/68/comments",
        "events_url": "https://api.github.com/repos/abelljs/abell/issues/68/events",
        "html_url": "https://github.com/abelljs/abell/issues/68",
        "id": 679809558,
        "node_id": "MDU6SXNzdWU2Nzk4MDk1NTg=",
        "number": 68,
        "title": "Benchmarks",
        "user": {
            "login": "pantharshit00",
            "id": 22195362,
            "node_id": "MDQ6VXNlcjIyMTk1MzYy",
            "avatar_url": "https://avatars.githubusercontent.com/u/22195362?v=4",
            "gravatar_id": "",
            "url": "https://api.github.com/users/pantharshit00",
            "html_url": "https://github.com/pantharshit00",
            "followers_url": "https://api.github.com/users/pantharshit00/followers",
            "following_url": "https://api.github.com/users/pantharshit00/following{/other_user}",
            "gists_url": "https://api.github.com/users/pantharshit00/gists{/gist_id}",
            "starred_url": "https://api.github.com/users/pantharshit00/starred{/owner}{/repo}",
            "subscriptions_url": "https://api.github.com/users/pantharshit00/subscriptions",
            "organizations_url": "https://api.github.com/users/pantharshit00/orgs",
            "repos_url": "https://api.github.com/users/pantharshit00/repos",
            "events_url": "https://api.github.com/users/pantharshit00/events{/privacy}",
            "received_events_url": "https://api.github.com/users/pantharshit00/received_events",
            "type": "User",
            "user_view_type": "public",
            "site_admin": false
        },
        "labels": [
            {
                "id": 1986906459,
                "node_id": "MDU6TGFiZWwxOTg2OTA2NDU5",
                "url": "https://api.github.com/repos/abelljs/abell/labels/enhancement",
                "name": "enhancement",
                "color": "E7EBFD",
                "default": true,
                "description": "New feature or request"
            }
        ],
        "state": "open",
        "locked": false,
        "assignee": null,
        "assignees": [],
        "milestone": null,
        "comments": 3,
        "created_at": "2020-08-16T19:15:22Z",
        "updated_at": "2023-09-20T13:24:56Z",
        "closed_at": null,
        "author_association": "MEMBER",
        "sub_issues_summary": {
            "total": 0,
            "completed": 0,
            "percent_completed": 0
        },
        "active_lock_reason": null,
        "body": "Benchmarks are important for monitoring performance of a tool. Since abell is a very core part of every website built with it, we need to make sure abell remains performant and it can provide a good user experience. \r\n\r\nRight now we have no benchmarks for abell and that will remain the case for a while as abell is being shaped but we need to start figuring benchmarks out at some point. We need to decide a proper metric and test other related techs along its line. \r\n\r\nThe most important metric I am interested is build time right now ",
        "closed_by": null,
        "reactions": {
            "url": "https://api.github.com/repos/abelljs/abell/issues/68/reactions",
            "total_count": 1,
            "+1": 0,
            "-1": 0,
            "laugh": 0,
            "hooray": 0,
            "confused": 0,
            "heart": 1,
            "rocket": 0,
            "eyes": 0
        },
        "timeline_url": "https://api.github.com/repos/abelljs/abell/issues/68/timeline",
        "performed_via_github_app": null,
        "state_reason": null
    },
    {
        "url": "https://api.github.com/repos/abelljs/abell/issues/67",
        "repository_url": "https://api.github.com/repos/abelljs/abell",
        "labels_url": "https://api.github.com/repos/abelljs/abell/issues/67/labels{/name}",
        "comments_url": "https://api.github.com/repos/abelljs/abell/issues/67/comments",
        "events_url": "https://api.github.com/repos/abelljs/abell/issues/67/events",
        "html_url": "https://github.com/abelljs/abell/issues/67",
        "id": 679809104,
        "node_id": "MDU6SXNzdWU2Nzk4MDkxMDQ=",
        "number": 67,
        "title": "ESLint plugin for abell",
        "user": {
            "login": "pantharshit00",
            "id": 22195362,
            "node_id": "MDQ6VXNlcjIyMTk1MzYy",
            "avatar_url": "https://avatars.githubusercontent.com/u/22195362?v=4",
            "gravatar_id": "",
            "url": "https://api.github.com/users/pantharshit00",
            "html_url": "https://github.com/pantharshit00",
            "followers_url": "https://api.github.com/users/pantharshit00/followers",
            "following_url": "https://api.github.com/users/pantharshit00/following{/other_user}",
            "gists_url": "https://api.github.com/users/pantharshit00/gists{/gist_id}",
            "starred_url": "https://api.github.com/users/pantharshit00/starred{/owner}{/repo}",
            "subscriptions_url": "https://api.github.com/users/pantharshit00/subscriptions",
            "organizations_url": "https://api.github.com/users/pantharshit00/orgs",
            "repos_url": "https://api.github.com/users/pantharshit00/repos",
            "events_url": "https://api.github.com/users/pantharshit00/events{/privacy}",
            "received_events_url": "https://api.github.com/users/pantharshit00/received_events",
            "type": "User",
            "user_view_type": "public",
            "site_admin": false
        },
        "labels": [
            {
                "id": 1986906459,
                "node_id": "MDU6TGFiZWwxOTg2OTA2NDU5",
                "url": "https://api.github.com/repos/abelljs/abell/labels/enhancement",
                "name": "enhancement",
                "color": "E7EBFD",
                "default": true,
                "description": "New feature or request"
            },
            {
                "id": 2281135633,
                "node_id": "MDU6TGFiZWwyMjgxMTM1NjMz",
                "url": "https://api.github.com/repos/abelljs/abell/labels/future%20plan",
                "name": "future plan",
                "color": "5319e7",
                "default": false,
                "description": "We will explore this in future"
            }
        ],
        "state": "open",
        "locked": false,
        "assignee": null,
        "assignees": [],
        "milestone": null,
        "comments": 3,
        "created_at": "2020-08-16T19:12:34Z",
        "updated_at": "2020-11-09T13:00:21Z",
        "closed_at": null,
        "author_association": "MEMBER",
        "sub_issues_summary": {
            "total": 0,
            "completed": 0,
            "percent_completed": 0
        },
        "active_lock_reason": null,
        "body": "**Is your feature request related to a problem? Please describe.**\r\nESLint is the most popular javascript linter. Since abell is executing a lot of javascript in the `.abell` files, it would be awesome if you can allow eslint to be used with abell\r\n\r\nThis might also allow for a good linting solution for abell altogether\r\n<!-- A clear and concise description of what the problem is.  -->\r\n\r\n**Describe the solution you'd like**\r\nMake a `eslint-plugin-abell` which allows usage of abell files with eslint. \r\n\r\nThis will need a bit more exploration of eslint and we can see if that can even achieve this or not.\r\n<!-- A clear and concise description of what you want to happen. -->\r\n\r\n\r\n\r\n\r\n",
        "closed_by": null,
        "reactions": {
            "url": "https://api.github.com/repos/abelljs/abell/issues/67/reactions",
            "total_count": 0,
            "+1": 0,
            "-1": 0,
            "laugh": 0,
            "hooray": 0,
            "confused": 0,
            "heart": 0,
            "rocket": 0,
            "eyes": 0
        },
        "timeline_url": "https://api.github.com/repos/abelljs/abell/issues/67/timeline",
        "performed_via_github_app": null,
        "state_reason": null
    },
    {
        "url": "https://api.github.com/repos/abelljs/abell/issues/65",
        "repository_url": "https://api.github.com/repos/abelljs/abell",
        "labels_url": "https://api.github.com/repos/abelljs/abell/issues/65/labels{/name}",
        "comments_url": "https://api.github.com/repos/abelljs/abell/issues/65/comments",
        "events_url": "https://api.github.com/repos/abelljs/abell/issues/65/events",
        "html_url": "https://github.com/abelljs/abell/issues/65",
        "id": 679787076,
        "node_id": "MDU6SXNzdWU2Nzk3ODcwNzY=",
        "number": 65,
        "title": "Inlined Markdown",
        "user": {
            "login": "saurabhdaware",
            "id": 30949385,
            "node_id": "MDQ6VXNlcjMwOTQ5Mzg1",
            "avatar_url": "https://avatars.githubusercontent.com/u/30949385?v=4",
            "gravatar_id": "",
            "url": "https://api.github.com/users/saurabhdaware",
            "html_url": "https://github.com/saurabhdaware",
            "followers_url": "https://api.github.com/users/saurabhdaware/followers",
            "following_url": "https://api.github.com/users/saurabhdaware/following{/other_user}",
            "gists_url": "https://api.github.com/users/saurabhdaware/gists{/gist_id}",
            "starred_url": "https://api.github.com/users/saurabhdaware/starred{/owner}{/repo}",
            "subscriptions_url": "https://api.github.com/users/saurabhdaware/subscriptions",
            "organizations_url": "https://api.github.com/users/saurabhdaware/orgs",
            "repos_url": "https://api.github.com/users/saurabhdaware/repos",
            "events_url": "https://api.github.com/users/saurabhdaware/events{/privacy}",
            "received_events_url": "https://api.github.com/users/saurabhdaware/received_events",
            "type": "User",
            "user_view_type": "public",
            "site_admin": false
        },
        "labels": [
            {
                "id": 1986906459,
                "node_id": "MDU6TGFiZWwxOTg2OTA2NDU5",
                "url": "https://api.github.com/repos/abelljs/abell/labels/enhancement",
                "name": "enhancement",
                "color": "E7EBFD",
                "default": true,
                "description": "New feature or request"
            },
            {
                "id": 2034911110,
                "node_id": "MDU6TGFiZWwyMDM0OTExMTEw",
                "url": "https://api.github.com/repos/abelljs/abell/labels/Idea",
                "name": "Idea",
                "color": "bdf981",
                "default": false,
                "description": "A random idea before actually putting it out in code"
            },
            {
                "id": 2279979847,
                "node_id": "MDU6TGFiZWwyMjc5OTc5ODQ3",
                "url": "https://api.github.com/repos/abelljs/abell/labels/Draft",
                "name": "Draft",
                "color": "ffeec9",
                "default": false,
                "description": "Draft idea. Not sure what I am doing with my life"
            },
            {
                "id": 2281135633,
                "node_id": "MDU6TGFiZWwyMjgxMTM1NjMz",
                "url": "https://api.github.com/repos/abelljs/abell/labels/future%20plan",
                "name": "future plan",
                "color": "5319e7",
                "default": false,
                "description": "We will explore this in future"
            }
        ],
        "state": "open",
        "locked": false,
        "assignee": null,
        "assignees": [],
        "milestone": null,
        "comments": 4,
        "created_at": "2020-08-16T16:53:03Z",
        "updated_at": "2020-09-28T09:51:26Z",
        "closed_at": null,
        "author_association": "MEMBER",
        "sub_issues_summary": {
            "total": 0,
            "completed": 0,
            "percent_completed": 0
        },
        "active_lock_reason": null,
        "body": "**Describe the solution you'd like**\r\n\r\n```html\r\n<html>\r\n <body>\r\n   <h2>About Me</h2>\r\n   <AbellMarkdown>\r\n     Hi, I am **Saurabh**. I love making websites. \r\n     You can follow me on [Twitter at saurabhcodes](https://twitter.com/saurabhcodes)\r\n   </AbellMarkdown>\r\n</body>\r\n</html>\r\n```",
        "closed_by": null,
        "reactions": {
            "url": "https://api.github.com/repos/abelljs/abell/issues/65/reactions",
            "total_count": 0,
            "+1": 0,
            "-1": 0,
            "laugh": 0,
            "hooray": 0,
            "confused": 0,
            "heart": 0,
            "rocket": 0,
            "eyes": 0
        },
        "timeline_url": "https://api.github.com/repos/abelljs/abell/issues/65/timeline",
        "performed_via_github_app": null,
        "state_reason": null
    },
    {
        "url": "https://api.github.com/repos/abelljs/abell/issues/41",
        "repository_url": "https://api.github.com/repos/abelljs/abell",
        "labels_url": "https://api.github.com/repos/abelljs/abell/issues/41/labels{/name}",
        "comments_url": "https://api.github.com/repos/abelljs/abell/issues/41/comments",
        "events_url": "https://api.github.com/repos/abelljs/abell/issues/41/events",
        "html_url": "https://github.com/abelljs/abell/issues/41",
        "id": 646973477,
        "node_id": "MDU6SXNzdWU2NDY5NzM0Nzc=",
        "number": 41,
        "title": "Prefetching page on link hovers",
        "user": {
            "login": "saurabhdaware",
            "id": 30949385,
            "node_id": "MDQ6VXNlcjMwOTQ5Mzg1",
            "avatar_url": "https://avatars.githubusercontent.com/u/30949385?v=4",
            "gravatar_id": "",
            "url": "https://api.github.com/users/saurabhdaware",
            "html_url": "https://github.com/saurabhdaware",
            "followers_url": "https://api.github.com/users/saurabhdaware/followers",
            "following_url": "https://api.github.com/users/saurabhdaware/following{/other_user}",
            "gists_url": "https://api.github.com/users/saurabhdaware/gists{/gist_id}",
            "starred_url": "https://api.github.com/users/saurabhdaware/starred{/owner}{/repo}",
            "subscriptions_url": "https://api.github.com/users/saurabhdaware/subscriptions",
            "organizations_url": "https://api.github.com/users/saurabhdaware/orgs",
            "repos_url": "https://api.github.com/users/saurabhdaware/repos",
            "events_url": "https://api.github.com/users/saurabhdaware/events{/privacy}",
            "received_events_url": "https://api.github.com/users/saurabhdaware/received_events",
            "type": "User",
            "user_view_type": "public",
            "site_admin": false
        },
        "labels": [
            {
                "id": 1986906459,
                "node_id": "MDU6TGFiZWwxOTg2OTA2NDU5",
                "url": "https://api.github.com/repos/abelljs/abell/labels/enhancement",
                "name": "enhancement",
                "color": "E7EBFD",
                "default": true,
                "description": "New feature or request"
            },
            {
                "id": 2034911110,
                "node_id": "MDU6TGFiZWwyMDM0OTExMTEw",
                "url": "https://api.github.com/repos/abelljs/abell/labels/Idea",
                "name": "Idea",
                "color": "bdf981",
                "default": false,
                "description": "A random idea before actually putting it out in code"
            },
            {
                "id": 2034912377,
                "node_id": "MDU6TGFiZWwyMDM0OTEyMzc3",
                "url": "https://api.github.com/repos/abelljs/abell/labels/Need%20Feedback",
                "name": "Need Feedback",
                "color": "fff296",
                "default": false,
                "description": "Need feedback on this issue"
            }
        ],
        "state": "open",
        "locked": false,
        "assignee": null,
        "assignees": [],
        "milestone": {
            "url": "https://api.github.com/repos/abelljs/abell/milestones/1",
            "html_url": "https://github.com/abelljs/abell/milestone/1",
            "labels_url": "https://api.github.com/repos/abelljs/abell/milestones/1/labels",
            "id": 5346091,
            "node_id": "MDk6TWlsZXN0b25lNTM0NjA5MQ==",
            "number": 1,
            "title": "v1.0.0",
            "description": "",
            "creator": {
                "login": "saurabhdaware",
                "id": 30949385,
                "node_id": "MDQ6VXNlcjMwOTQ5Mzg1",
                "avatar_url": "https://avatars.githubusercontent.com/u/30949385?v=4",
                "gravatar_id": "",
                "url": "https://api.github.com/users/saurabhdaware",
                "html_url": "https://github.com/saurabhdaware",
                "followers_url": "https://api.github.com/users/saurabhdaware/followers",
                "following_url": "https://api.github.com/users/saurabhdaware/following{/other_user}",
                "gists_url": "https://api.github.com/users/saurabhdaware/gists{/gist_id}",
                "starred_url": "https://api.github.com/users/saurabhdaware/starred{/owner}{/repo}",
                "subscriptions_url": "https://api.github.com/users/saurabhdaware/subscriptions",
                "organizations_url": "https://api.github.com/users/saurabhdaware/orgs",
                "repos_url": "https://api.github.com/users/saurabhdaware/repos",
                "events_url": "https://api.github.com/users/saurabhdaware/events{/privacy}",
                "received_events_url": "https://api.github.com/users/saurabhdaware/received_events",
                "type": "User",
                "user_view_type": "public",
                "site_admin": false
            },
            "open_issues": 2,
            "closed_issues": 25,
            "state": "open",
            "created_at": "2020-04-24T16:36:29Z",
            "updated_at": "2022-10-20T19:37:46Z",
            "due_on": "2020-11-30T08:00:00Z",
            "closed_at": null
        },
        "comments": 12,
        "created_at": "2020-06-28T17:49:48Z",
        "updated_at": "2022-09-28T15:22:19Z",
        "closed_at": null,
        "author_association": "MEMBER",
        "sub_issues_summary": {
            "total": 0,
            "completed": 0,
            "percent_completed": 0
        },
        "active_lock_reason": null,
        "body": "We can add JavaScript that will preload the page if the link to that page is hovered. Gatsby does that and I've seen other websites like DEV.to, Flipkart doing that.\r\n\r\nThis will help us load the pages faster!",
        "closed_by": null,
        "reactions": {
            "url": "https://api.github.com/repos/abelljs/abell/issues/41/reactions",
            "total_count": 0,
            "+1": 0,
            "-1": 0,
            "laugh": 0,
            "hooray": 0,
            "confused": 0,
            "heart": 0,
            "rocket": 0,
            "eyes": 0
        },
        "timeline_url": "https://api.github.com/repos/abelljs/abell/issues/41/timeline",
        "performed_via_github_app": null,
        "state_reason": null
    },
    {
        "url": "https://api.github.com/repos/abelljs/abell/issues/17",
        "repository_url": "https://api.github.com/repos/abelljs/abell",
        "labels_url": "https://api.github.com/repos/abelljs/abell/issues/17/labels{/name}",
        "comments_url": "https://api.github.com/repos/abelljs/abell/issues/17/comments",
        "events_url": "https://api.github.com/repos/abelljs/abell/issues/17/events",
        "html_url": "https://github.com/abelljs/abell/issues/17",
        "id": 623810655,
        "node_id": "MDU6SXNzdWU2MjM4MTA2NTU=",
        "number": 17,
        "title": "i18n out of the box",
        "user": {
            "login": "saurabhdaware",
            "id": 30949385,
            "node_id": "MDQ6VXNlcjMwOTQ5Mzg1",
            "avatar_url": "https://avatars.githubusercontent.com/u/30949385?v=4",
            "gravatar_id": "",
            "url": "https://api.github.com/users/saurabhdaware",
            "html_url": "https://github.com/saurabhdaware",
            "followers_url": "https://api.github.com/users/saurabhdaware/followers",
            "following_url": "https://api.github.com/users/saurabhdaware/following{/other_user}",
            "gists_url": "https://api.github.com/users/saurabhdaware/gists{/gist_id}",
            "starred_url": "https://api.github.com/users/saurabhdaware/starred{/owner}{/repo}",
            "subscriptions_url": "https://api.github.com/users/saurabhdaware/subscriptions",
            "organizations_url": "https://api.github.com/users/saurabhdaware/orgs",
            "repos_url": "https://api.github.com/users/saurabhdaware/repos",
            "events_url": "https://api.github.com/users/saurabhdaware/events{/privacy}",
            "received_events_url": "https://api.github.com/users/saurabhdaware/received_events",
            "type": "User",
            "user_view_type": "public",
            "site_admin": false
        },
        "labels": [
            {
                "id": 1986906459,
                "node_id": "MDU6TGFiZWwxOTg2OTA2NDU5",
                "url": "https://api.github.com/repos/abelljs/abell/labels/enhancement",
                "name": "enhancement",
                "color": "E7EBFD",
                "default": true,
                "description": "New feature or request"
            },
            {
                "id": 2034911110,
                "node_id": "MDU6TGFiZWwyMDM0OTExMTEw",
                "url": "https://api.github.com/repos/abelljs/abell/labels/Idea",
                "name": "Idea",
                "color": "bdf981",
                "default": false,
                "description": "A random idea before actually putting it out in code"
            },
            {
                "id": 2034912377,
                "node_id": "MDU6TGFiZWwyMDM0OTEyMzc3",
                "url": "https://api.github.com/repos/abelljs/abell/labels/Need%20Feedback",
                "name": "Need Feedback",
                "color": "fff296",
                "default": false,
                "description": "Need feedback on this issue"
            },
            {
                "id": 2281135633,
                "node_id": "MDU6TGFiZWwyMjgxMTM1NjMz",
                "url": "https://api.github.com/repos/abelljs/abell/labels/future%20plan",
                "name": "future plan",
                "color": "5319e7",
                "default": false,
                "description": "We will explore this in future"
            }
        ],
        "state": "open",
        "locked": false,
        "assignee": null,
        "assignees": [],
        "milestone": {
            "url": "https://api.github.com/repos/abelljs/abell/milestones/1",
            "html_url": "https://github.com/abelljs/abell/milestone/1",
            "labels_url": "https://api.github.com/repos/abelljs/abell/milestones/1/labels",
            "id": 5346091,
            "node_id": "MDk6TWlsZXN0b25lNTM0NjA5MQ==",
            "number": 1,
            "title": "v1.0.0",
            "description": "",
            "creator": {
                "login": "saurabhdaware",
                "id": 30949385,
                "node_id": "MDQ6VXNlcjMwOTQ5Mzg1",
                "avatar_url": "https://avatars.githubusercontent.com/u/30949385?v=4",
                "gravatar_id": "",
                "url": "https://api.github.com/users/saurabhdaware",
                "html_url": "https://github.com/saurabhdaware",
                "followers_url": "https://api.github.com/users/saurabhdaware/followers",
                "following_url": "https://api.github.com/users/saurabhdaware/following{/other_user}",
                "gists_url": "https://api.github.com/users/saurabhdaware/gists{/gist_id}",
                "starred_url": "https://api.github.com/users/saurabhdaware/starred{/owner}{/repo}",
                "subscriptions_url": "https://api.github.com/users/saurabhdaware/subscriptions",
                "organizations_url": "https://api.github.com/users/saurabhdaware/orgs",
                "repos_url": "https://api.github.com/users/saurabhdaware/repos",
                "events_url": "https://api.github.com/users/saurabhdaware/events{/privacy}",
                "received_events_url": "https://api.github.com/users/saurabhdaware/received_events",
                "type": "User",
                "user_view_type": "public",
                "site_admin": false
            },
            "open_issues": 2,
            "closed_issues": 25,
            "state": "open",
            "created_at": "2020-04-24T16:36:29Z",
            "updated_at": "2022-10-20T19:37:46Z",
            "due_on": "2020-11-30T08:00:00Z",
            "closed_at": null
        },
        "comments": 7,
        "created_at": "2020-05-24T07:12:32Z",
        "updated_at": "2020-09-27T15:07:32Z",
        "closed_at": null,
        "author_association": "MEMBER",
        "sub_issues_summary": {
            "total": 0,
            "completed": 0,
            "percent_completed": 0
        },
        "active_lock_reason": null,
        "body": "If we could have content like this,\r\n```\r\ncontent/\r\n    |- my-cool-blog/\r\n        |- index.md\r\n        |- index_zh-Hans.md\r\n        |- index_hi.md\r\n```\r\n\r\nso if a user prefers Mandarin, he will get content from index_zh-Hans.md (`zh-CN` is the code of Chinese Simplified)",
        "closed_by": null,
        "reactions": {
            "url": "https://api.github.com/repos/abelljs/abell/issues/17/reactions",
            "total_count": 0,
            "+1": 0,
            "-1": 0,
            "laugh": 0,
            "hooray": 0,
            "confused": 0,
            "heart": 0,
            "rocket": 0,
            "eyes": 0
        },
        "timeline_url": "https://api.github.com/repos/abelljs/abell/issues/17/timeline",
        "performed_via_github_app": null,
        "state_reason": null
    }
]