[
    {
        "url": "https://api.github.com/repos/abelljs/official-plugins/issues/3",
        "repository_url": "https://api.github.com/repos/abelljs/official-plugins",
        "labels_url": "https://api.github.com/repos/abelljs/official-plugins/issues/3/labels{/name}",
        "comments_url": "https://api.github.com/repos/abelljs/official-plugins/issues/3/comments",
        "events_url": "https://api.github.com/repos/abelljs/official-plugins/issues/3/events",
        "html_url": "https://github.com/abelljs/official-plugins/issues/3",
        "id": 711804014,
        "node_id": "MDU6SXNzdWU3MTE4MDQwMTQ=",
        "number": 3,
        "title": "Add integration tests for official plugins",
        "user": {
            "login": "pantharshit00",
            "id": 22195362,
            "node_id": "MDQ6VXNlcjIyMTk1MzYy",
            "avatar_url": "https://avatars.githubusercontent.com/u/22195362?v=4",
            "gravatar_id": "",
            "url": "https://api.github.com/users/pantharshit00",
            "html_url": "https://github.com/pantharshit00",
            "followers_url": "https://api.github.com/users/pantharshit00/followers",
            "following_url": "https://api.github.com/users/pantharshit00/following{/other_user}",
            "gists_url": "https://api.github.com/users/pantharshit00/gists{/gist_id}",
            "starred_url": "https://api.github.com/users/pantharshit00/starred{/owner}{/repo}",
            "subscriptions_url": "https://api.github.com/users/pantharshit00/subscriptions",
            "organizations_url": "https://api.github.com/users/pantharshit00/orgs",
            "repos_url": "https://api.github.com/users/pantharshit00/repos",
            "events_url": "https://api.github.com/users/pantharshit00/events{/privacy}",
            "received_events_url": "https://api.github.com/users/pantharshit00/received_events",
            "type": "User",
            "user_view_type": "public",
            "site_admin": false
        },
        "labels": [],
        "state": "open",
        "locked": true,
        "assignee": null,
        "assignees": [],
        "milestone": null,
        "comments": 2,
        "created_at": "2020-09-30T09:13:15Z",
        "updated_at": "2020-09-30T09:52:19Z",
        "closed_at": null,
        "author_association": "MEMBER",
        "sub_issues_summary": {
            "total": 0,
            "completed": 0,
            "percent_completed": 0
        },
        "active_lock_reason": null,
        "body": "Right now the official abell plugins are not tested at all and it would be great if we can add some integration tests there so that we can build more confidence when we change the renderer code. \r\n\r\nI also found that they also lack unit tests per plugin which should also be added but I will value these tests more for now.\r\n\r\nOfficial plugin repo: https://github.com/abelljs/official-plugins\r\n\r\nMore context: https://github.com/abelljs/abell/issues/77#issuecomment-701266336",
        "closed_by": null,
        "reactions": {
            "url": "https://api.github.com/repos/abelljs/official-plugins/issues/3/reactions",
            "total_count": 0,
            "+1": 0,
            "-1": 0,
            "laugh": 0,
            "hooray": 0,
            "confused": 0,
            "heart": 0,
            "rocket": 0,
            "eyes": 0
        },
        "timeline_url": "https://api.github.com/repos/abelljs/official-plugins/issues/3/timeline",
        "performed_via_github_app": null,
        "state_reason": null
    },
    {
        "url": "https://api.github.com/repos/abelljs/official-plugins/issues/2",
        "repository_url": "https://api.github.com/repos/abelljs/official-plugins",
        "labels_url": "https://api.github.com/repos/abelljs/official-plugins/issues/2/labels{/name}",
        "comments_url": "https://api.github.com/repos/abelljs/official-plugins/issues/2/comments",
        "events_url": "https://api.github.com/repos/abelljs/official-plugins/issues/2/events",
        "html_url": "https://github.com/abelljs/official-plugins/issues/2",
        "id": 709773132,
        "node_id": "MDU6SXNzdWU3MDk3NzMxMzI=",
        "number": 2,
        "title": "Add medium.com data to abell-source-medium",
        "user": {
            "login": "saurabhdaware",
            "id": 30949385,
            "node_id": "MDQ6VXNlcjMwOTQ5Mzg1",
            "avatar_url": "https://avatars.githubusercontent.com/u/30949385?v=4",
            "gravatar_id": "",
            "url": "https://api.github.com/users/saurabhdaware",
            "html_url": "https://github.com/saurabhdaware",
            "followers_url": "https://api.github.com/users/saurabhdaware/followers",
            "following_url": "https://api.github.com/users/saurabhdaware/following{/other_user}",
            "gists_url": "https://api.github.com/users/saurabhdaware/gists{/gist_id}",
            "starred_url": "https://api.github.com/users/saurabhdaware/starred{/owner}{/repo}",
            "subscriptions_url": "https://api.github.com/users/saurabhdaware/subscriptions",
            "organizations_url": "https://api.github.com/users/saurabhdaware/orgs",
            "repos_url": "https://api.github.com/users/saurabhdaware/repos",
            "events_url": "https://api.github.com/users/saurabhdaware/events{/privacy}",
            "received_events_url": "https://api.github.com/users/saurabhdaware/received_events",
            "type": "User",
            "user_view_type": "public",
            "site_admin": false
        },
        "labels": [
            {
                "id": 2252222773,
                "node_id": "MDU6TGFiZWwyMjUyMjIyNzcz",
                "url": "https://api.github.com/repos/abelljs/official-plugins/labels/good%20first%20issue",
                "name": "good first issue",
                "color": "7057ff",
                "default": true,
                "description": "Good for newcomers"
            },
            {
                "id": 2382659490,
                "node_id": "MDU6TGFiZWwyMzgyNjU5NDkw",
                "url": "https://api.github.com/repos/abelljs/official-plugins/labels/Hacktoberfest",
                "name": "Hacktoberfest",
                "color": "d4c5f9",
                "default": false,
                "description": "It's a Hacktoberfest issue :D"
            }
        ],
        "state": "open",
        "locked": true,
        "assignee": null,
        "assignees": [],
        "milestone": null,
        "comments": 3,
        "created_at": "2020-09-27T16:43:33Z",
        "updated_at": "2020-09-28T16:35:05Z",
        "closed_at": null,
        "author_association": "MEMBER",
        "sub_issues_summary": {
            "total": 0,
            "completed": 0,
            "percent_completed": 0
        },
        "active_lock_reason": null,
        "body": "I have created a blank package in [abell-source-medium](https://github.com/abelljs/official-plugins/tree/main/abell-source-medium). In [plugin/index.js](https://github.com/abelljs/official-plugins/blob/main/abell-source-medium/plugin/index.js), we have to add a medium.com API that fetches articles, then loop over these articles and call `createContent`.",
        "closed_by": null,
        "reactions": {
            "url": "https://api.github.com/repos/abelljs/official-plugins/issues/2/reactions",
            "total_count": 0,
            "+1": 0,
            "-1": 0,
            "laugh": 0,
            "hooray": 0,
            "confused": 0,
            "heart": 0,
            "rocket": 0,
            "eyes": 0
        },
        "timeline_url": "https://api.github.com/repos/abelljs/official-plugins/issues/2/timeline",
        "performed_via_github_app": null,
        "state_reason": null
    }
]