[
    {
        "url": "https://api.github.com/repos/abelljs/abell-starter-minima/issues/8",
        "repository_url": "https://api.github.com/repos/abelljs/abell-starter-minima",
        "labels_url": "https://api.github.com/repos/abelljs/abell-starter-minima/issues/8/labels{/name}",
        "comments_url": "https://api.github.com/repos/abelljs/abell-starter-minima/issues/8/comments",
        "events_url": "https://api.github.com/repos/abelljs/abell-starter-minima/issues/8/events",
        "html_url": "https://github.com/abelljs/abell-starter-minima/pull/8",
        "id": 918606595,
        "node_id": "MDExOlB1bGxSZXF1ZXN0NjY4MDE4MjY2",
        "number": 8,
        "title": "Bump glob-parent from 5.1.1 to 5.1.2",
        "user": {
            "login": "dependabot[bot]",
            "id": 49699333,
            "node_id": "MDM6Qm90NDk2OTkzMzM=",
            "avatar_url": "https://avatars.githubusercontent.com/in/29110?v=4",
            "gravatar_id": "",
            "url": "https://api.github.com/users/dependabot%5Bbot%5D",
            "html_url": "https://github.com/apps/dependabot",
            "followers_url": "https://api.github.com/users/dependabot%5Bbot%5D/followers",
            "following_url": "https://api.github.com/users/dependabot%5Bbot%5D/following{/other_user}",
            "gists_url": "https://api.github.com/users/dependabot%5Bbot%5D/gists{/gist_id}",
            "starred_url": "https://api.github.com/users/dependabot%5Bbot%5D/starred{/owner}{/repo}",
            "subscriptions_url": "https://api.github.com/users/dependabot%5Bbot%5D/subscriptions",
            "organizations_url": "https://api.github.com/users/dependabot%5Bbot%5D/orgs",
            "repos_url": "https://api.github.com/users/dependabot%5Bbot%5D/repos",
            "events_url": "https://api.github.com/users/dependabot%5Bbot%5D/events{/privacy}",
            "received_events_url": "https://api.github.com/users/dependabot%5Bbot%5D/received_events",
            "type": "Bot",
            "user_view_type": "public",
            "site_admin": false
        },
        "labels": [
            {
                "id": 3043195685,
                "node_id": "MDU6TGFiZWwzMDQzMTk1Njg1",
                "url": "https://api.github.com/repos/abelljs/abell-starter-minima/labels/dependencies",
                "name": "dependencies",
                "color": "0366d6",
                "default": false,
                "description": "Pull requests that update a dependency file"
            }
        ],
        "state": "open",
        "locked": false,
        "assignee": null,
        "assignees": [],
        "milestone": null,
        "comments": 0,
        "created_at": "2021-06-11T11:09:08Z",
        "updated_at": "2021-06-11T11:09:09Z",
        "closed_at": null,
        "author_association": "NONE",
        "sub_issues_summary": {
            "total": 0,
            "completed": 0,
            "percent_completed": 0
        },
        "active_lock_reason": null,
        "draft": false,
        "pull_request": {
            "url": "https://api.github.com/repos/abelljs/abell-starter-minima/pulls/8",
            "html_url": "https://github.com/abelljs/abell-starter-minima/pull/8",
            "diff_url": "https://github.com/abelljs/abell-starter-minima/pull/8.diff",
            "patch_url": "https://github.com/abelljs/abell-starter-minima/pull/8.patch",
            "merged_at": null
        },
        "body": "Bumps [glob-parent](https://github.com/gulpjs/glob-parent) from 5.1.1 to 5.1.2.\n<details>\n<summary>Release notes</summary>\n<p><em>Sourced from <a href=\"https://github.com/gulpjs/glob-parent/releases\">glob-parent's releases</a>.</em></p>\n<blockquote>\n<h2>v5.1.2</h2>\n<h3>Bug Fixes</h3>\n<ul>\n<li>eliminate ReDoS (<a href=\"https://github-redirect.dependabot.com/gulpjs/glob-parent/issues/36\">#36</a>) (<a href=\"https://github.com/gulpjs/glob-parent/commit/f9231168b0041fea3f8f954b3cceb56269fc6366\">f923116</a>)</li>\n</ul>\n</blockquote>\n</details>\n<details>\n<summary>Changelog</summary>\n<p><em>Sourced from <a href=\"https://github.com/gulpjs/glob-parent/blob/main/CHANGELOG.md\">glob-parent's changelog</a>.</em></p>\n<blockquote>\n<h3><a href=\"https://github.com/gulpjs/glob-parent/compare/v5.1.1...v5.1.2\">5.1.2</a> (2021-03-06)</h3>\n<h3>Bug Fixes</h3>\n<ul>\n<li>eliminate ReDoS (<a href=\"https://github-redirect.dependabot.com/gulpjs/glob-parent/issues/36\">#36</a>) (<a href=\"https://github.com/gulpjs/glob-parent/commit/f9231168b0041fea3f8f954b3cceb56269fc6366\">f923116</a>)</li>\n</ul>\n<h2><a href=\"https://www.github.com/gulpjs/glob-parent/compare/v5.1.2...v6.0.0\">6.0.0</a> (2021-05-03)</h2>\n<h3>⚠ BREAKING CHANGES</h3>\n<ul>\n<li>Correct mishandled escaped path separators (<a href=\"https://github-redirect.dependabot.com/gulpjs/glob-parent/issues/34\">#34</a>)</li>\n<li>upgrade scaffold, dropping node &lt;10 support</li>\n</ul>\n<h3>Bug Fixes</h3>\n<ul>\n<li>Correct mishandled escaped path separators (<a href=\"https://github-redirect.dependabot.com/gulpjs/glob-parent/issues/34\">#34</a>) (<a href=\"https://www.github.com/gulpjs/glob-parent/commit/32f6d52663b7addac38d0dff570d8127edf03f47\">32f6d52</a>), closes <a href=\"https://github-redirect.dependabot.com/gulpjs/glob-parent/issues/32\">#32</a></li>\n</ul>\n<h3>Miscellaneous Chores</h3>\n<ul>\n<li>upgrade scaffold, dropping node &lt;10 support (<a href=\"https://www.github.com/gulpjs/glob-parent/commit/e83d0c5a411947cf69eb58f36349db80439c606f\">e83d0c5</a>)</li>\n</ul>\n</blockquote>\n</details>\n<details>\n<summary>Commits</summary>\n<ul>\n<li><a href=\"https://github.com/gulpjs/glob-parent/commit/eb2c439de448c779b450472e591a2bc9e37e9668\"><code>eb2c439</code></a> chore: update changelog</li>\n<li><a href=\"https://github.com/gulpjs/glob-parent/commit/12bcb6c45c942e2d05fc1e6ff5402e72555b54b6\"><code>12bcb6c</code></a> chore: release 5.1.2</li>\n<li><a href=\"https://github.com/gulpjs/glob-parent/commit/f9231168b0041fea3f8f954b3cceb56269fc6366\"><code>f923116</code></a> fix: eliminate ReDoS (<a href=\"https://github-redirect.dependabot.com/gulpjs/glob-parent/issues/36\">#36</a>)</li>\n<li><a href=\"https://github.com/gulpjs/glob-parent/commit/0b014a7962789b2d8f2cf0b6311f40667aecd62c\"><code>0b014a7</code></a> chore: add JSDoc returns information (<a href=\"https://github-redirect.dependabot.com/gulpjs/glob-parent/issues/33\">#33</a>)</li>\n<li><a href=\"https://github.com/gulpjs/glob-parent/commit/2b24ebd64b2a045aa167c825376335555da139fd\"><code>2b24ebd</code></a> chore: generate initial changelog</li>\n<li>See full diff in <a href=\"https://github.com/gulpjs/glob-parent/compare/v5.1.1...v5.1.2\">compare view</a></li>\n</ul>\n</details>\n<br />\n\n\n[![Dependabot compatibility score](https://dependabot-badges.githubapp.com/badges/compatibility_score?dependency-name=glob-parent&package-manager=npm_and_yarn&previous-version=5.1.1&new-version=5.1.2)](https://docs.github.com/en/github/managing-security-vulnerabilities/about-dependabot-security-updates#about-compatibility-scores)\n\nDependabot will resolve any conflicts with this PR as long as you don't alter it yourself. You can also trigger a rebase manually by commenting `@dependabot rebase`.\n\n[//]: # (dependabot-automerge-start)\n[//]: # (dependabot-automerge-end)\n\n---\n\n<details>\n<summary>Dependabot commands and options</summary>\n<br />\n\nYou can trigger Dependabot actions by commenting on this PR:\n- `@dependabot rebase` will rebase this PR\n- `@dependabot recreate` will recreate this PR, overwriting any edits that have been made to it\n- `@dependabot merge` will merge this PR after your CI passes on it\n- `@dependabot squash and merge` will squash and merge this PR after your CI passes on it\n- `@dependabot cancel merge` will cancel a previously requested merge and block automerging\n- `@dependabot reopen` will reopen this PR if it is closed\n- `@dependabot close` will close this PR and stop Dependabot recreating it. You can achieve the same result by closing it manually\n- `@dependabot ignore this major version` will close this PR and stop Dependabot creating any more for this major version (unless you reopen the PR or upgrade to it yourself)\n- `@dependabot ignore this minor version` will close this PR and stop Dependabot creating any more for this minor version (unless you reopen the PR or upgrade to it yourself)\n- `@dependabot ignore this dependency` will close this PR and stop Dependabot creating any more for this dependency (unless you reopen the PR or upgrade to it yourself)\n- `@dependabot use these labels` will set the current labels as the default for future PRs for this repo and language\n- `@dependabot use these reviewers` will set the current reviewers as the default for future PRs for this repo and language\n- `@dependabot use these assignees` will set the current assignees as the default for future PRs for this repo and language\n- `@dependabot use this milestone` will set the current milestone as the default for future PRs for this repo and language\n\nYou can disable automated security fix PRs for this repo from the [Security Alerts page](https://github.com/abelljs/abell-starter-minima/network/alerts).\n\n</details>",
        "closed_by": null,
        "reactions": {
            "url": "https://api.github.com/repos/abelljs/abell-starter-minima/issues/8/reactions",
            "total_count": 0,
            "+1": 0,
            "-1": 0,
            "laugh": 0,
            "hooray": 0,
            "confused": 0,
            "heart": 0,
            "rocket": 0,
            "eyes": 0
        },
        "timeline_url": "https://api.github.com/repos/abelljs/abell-starter-minima/issues/8/timeline",
        "performed_via_github_app": null,
        "state_reason": null
    },
    {
        "url": "https://api.github.com/repos/abelljs/abell-starter-minima/issues/7",
        "repository_url": "https://api.github.com/repos/abelljs/abell-starter-minima",
        "labels_url": "https://api.github.com/repos/abelljs/abell-starter-minima/issues/7/labels{/name}",
        "comments_url": "https://api.github.com/repos/abelljs/abell-starter-minima/issues/7/comments",
        "events_url": "https://api.github.com/repos/abelljs/abell-starter-minima/issues/7/events",
        "html_url": "https://github.com/abelljs/abell-starter-minima/pull/7",
        "id": 906667191,
        "node_id": "MDExOlB1bGxSZXF1ZXN0NjU3NjI1NDAz",
        "number": 7,
        "title": "Bump ws from 7.4.3 to 7.4.6",
        "user": {
            "login": "dependabot[bot]",
            "id": 49699333,
            "node_id": "MDM6Qm90NDk2OTkzMzM=",
            "avatar_url": "https://avatars.githubusercontent.com/in/29110?v=4",
            "gravatar_id": "",
            "url": "https://api.github.com/users/dependabot%5Bbot%5D",
            "html_url": "https://github.com/apps/dependabot",
            "followers_url": "https://api.github.com/users/dependabot%5Bbot%5D/followers",
            "following_url": "https://api.github.com/users/dependabot%5Bbot%5D/following{/other_user}",
            "gists_url": "https://api.github.com/users/dependabot%5Bbot%5D/gists{/gist_id}",
            "starred_url": "https://api.github.com/users/dependabot%5Bbot%5D/starred{/owner}{/repo}",
            "subscriptions_url": "https://api.github.com/users/dependabot%5Bbot%5D/subscriptions",
            "organizations_url": "https://api.github.com/users/dependabot%5Bbot%5D/orgs",
            "repos_url": "https://api.github.com/users/dependabot%5Bbot%5D/repos",
            "events_url": "https://api.github.com/users/dependabot%5Bbot%5D/events{/privacy}",
            "received_events_url": "https://api.github.com/users/dependabot%5Bbot%5D/received_events",
            "type": "Bot",
            "user_view_type": "public",
            "site_admin": false
        },
        "labels": [
            {
                "id": 3043195685,
                "node_id": "MDU6TGFiZWwzMDQzMTk1Njg1",
                "url": "https://api.github.com/repos/abelljs/abell-starter-minima/labels/dependencies",
                "name": "dependencies",
                "color": "0366d6",
                "default": false,
                "description": "Pull requests that update a dependency file"
            }
        ],
        "state": "open",
        "locked": false,
        "assignee": null,
        "assignees": [],
        "milestone": null,
        "comments": 0,
        "created_at": "2021-05-30T07:40:15Z",
        "updated_at": "2021-05-30T07:40:16Z",
        "closed_at": null,
        "author_association": "NONE",
        "sub_issues_summary": {
            "total": 0,
            "completed": 0,
            "percent_completed": 0
        },
        "active_lock_reason": null,
        "draft": false,
        "pull_request": {
            "url": "https://api.github.com/repos/abelljs/abell-starter-minima/pulls/7",
            "html_url": "https://github.com/abelljs/abell-starter-minima/pull/7",
            "diff_url": "https://github.com/abelljs/abell-starter-minima/pull/7.diff",
            "patch_url": "https://github.com/abelljs/abell-starter-minima/pull/7.patch",
            "merged_at": null
        },
        "body": "Bumps [ws](https://github.com/websockets/ws) from 7.4.3 to 7.4.6.\n<details>\n<summary>Release notes</summary>\n<p><em>Sourced from <a href=\"https://github.com/websockets/ws/releases\">ws's releases</a>.</em></p>\n<blockquote>\n<h2>7.4.6</h2>\n<h1>Bug fixes</h1>\n<ul>\n<li>Fixed a ReDoS vulnerability (00c425ec).</li>\n</ul>\n<p>A specially crafted value of the <code>Sec-Websocket-Protocol</code> header could be used\nto significantly slow down a ws server.</p>\n<pre lang=\"js\"><code>for (const length of [1000, 2000, 4000, 8000, 16000, 32000]) {\n  const value = 'b' + ' '.repeat(length) + 'x';\n  const start = process.hrtime.bigint();\n<p>value.trim().split(/ *, */);</p>\n<p>const end = process.hrtime.bigint();</p>\n<p>console.log('length = %d, time = %f ns', length, end - start);\n}\n</code></pre></p>\n<p>The vulnerability was responsibly disclosed along with a fix in private by\n<a href=\"https://github.com/robmcl4\">Robert McLaughlin</a> from University of California, Santa Barbara.</p>\n<p>In vulnerable versions of ws, the issue can be mitigated by reducing the maximum\nallowed length of the request headers using the <a href=\"https://nodejs.org/api/cli.html#cli_max_http_header_size_size\"><code>--max-http-header-size=size</code></a>\nand/or the <a href=\"https://nodejs.org/api/http.html#http_http_createserver_options_requestlistener\"><code>maxHeaderSize</code></a> options.</p>\n<h2>7.4.5</h2>\n<h1>Bug fixes</h1>\n<ul>\n<li>UTF-8 validation is now done even if <code>utf-8-validate</code> is not installed\n(23ba6b29).</li>\n<li>Fixed an edge case where <code>websocket.close()</code> and <code>websocket.terminate()</code> did\nnot close the connection (67e25ff5).</li>\n</ul>\n<h2>7.4.4</h2>\n<h1>Bug fixes</h1>\n<ul>\n<li>Fixed a bug that could cause the process to crash when using the\npermessage-deflate extension (92774377).</li>\n</ul>\n</blockquote>\n</details>\n<details>\n<summary>Commits</summary>\n<ul>\n<li><a href=\"https://github.com/websockets/ws/commit/f5297f7090f6a628832a730187c5b3a06a247f00\"><code>f5297f7</code></a> [dist] 7.4.6</li>\n<li><a href=\"https://github.com/websockets/ws/commit/00c425ec77993773d823f018f64a5c44e17023ff\"><code>00c425e</code></a> [security] Fix ReDoS vulnerability</li>\n<li><a href=\"https://github.com/websockets/ws/commit/990306d1446faf346c76452409a4c11455690514\"><code>990306d</code></a> [lint] Fix prettier error</li>\n<li><a href=\"https://github.com/websockets/ws/commit/32e3a8439b7c8273b44fe1adb5682f529e34d0ba\"><code>32e3a84</code></a> [security] Remove reference to Node Security Project</li>\n<li><a href=\"https://github.com/websockets/ws/commit/8c914d18b86a7d1408884d18eeadae0fa41b0bb5\"><code>8c914d1</code></a> [minor] Fix nits</li>\n<li><a href=\"https://github.com/websockets/ws/commit/fc7e27d12ad0af90ce05302afc85c292024000b4\"><code>fc7e27d</code></a> [ci] Test on node 16</li>\n<li><a href=\"https://github.com/websockets/ws/commit/587c201bfc22c460658ca304d23477fc7ebd2a60\"><code>587c201</code></a> [ci] Do not test on node 15</li>\n<li><a href=\"https://github.com/websockets/ws/commit/f67271079755e79a1ac2b40f3f4efb94ca024539\"><code>f672710</code></a> [dist] 7.4.5</li>\n<li><a href=\"https://github.com/websockets/ws/commit/67e25ff50230d131d76b1061ca0be5c991df161f\"><code>67e25ff</code></a> [fix] Fix case where <code>abortHandshake()</code> does not close the connection</li>\n<li><a href=\"https://github.com/websockets/ws/commit/23ba6b2922f521f2b656891a997ab562b7139dd4\"><code>23ba6b2</code></a> [fix] Make UTF-8 validation work even if utf-8-validate is not installed</li>\n<li>Additional commits viewable in <a href=\"https://github.com/websockets/ws/compare/7.4.3...7.4.6\">compare view</a></li>\n</ul>\n</details>\n<br />\n\n\n[![Dependabot compatibility score](https://dependabot-badges.githubapp.com/badges/compatibility_score?dependency-name=ws&package-manager=npm_and_yarn&previous-version=7.4.3&new-version=7.4.6)](https://docs.github.com/en/github/managing-security-vulnerabilities/about-dependabot-security-updates#about-compatibility-scores)\n\nDependabot will resolve any conflicts with this PR as long as you don't alter it yourself. You can also trigger a rebase manually by commenting `@dependabot rebase`.\n\n[//]: # (dependabot-automerge-start)\n[//]: # (dependabot-automerge-end)\n\n---\n\n<details>\n<summary>Dependabot commands and options</summary>\n<br />\n\nYou can trigger Dependabot actions by commenting on this PR:\n- `@dependabot rebase` will rebase this PR\n- `@dependabot recreate` will recreate this PR, overwriting any edits that have been made to it\n- `@dependabot merge` will merge this PR after your CI passes on it\n- `@dependabot squash and merge` will squash and merge this PR after your CI passes on it\n- `@dependabot cancel merge` will cancel a previously requested merge and block automerging\n- `@dependabot reopen` will reopen this PR if it is closed\n- `@dependabot close` will close this PR and stop Dependabot recreating it. You can achieve the same result by closing it manually\n- `@dependabot ignore this major version` will close this PR and stop Dependabot creating any more for this major version (unless you reopen the PR or upgrade to it yourself)\n- `@dependabot ignore this minor version` will close this PR and stop Dependabot creating any more for this minor version (unless you reopen the PR or upgrade to it yourself)\n- `@dependabot ignore this dependency` will close this PR and stop Dependabot creating any more for this dependency (unless you reopen the PR or upgrade to it yourself)\n- `@dependabot use these labels` will set the current labels as the default for future PRs for this repo and language\n- `@dependabot use these reviewers` will set the current reviewers as the default for future PRs for this repo and language\n- `@dependabot use these assignees` will set the current assignees as the default for future PRs for this repo and language\n- `@dependabot use this milestone` will set the current milestone as the default for future PRs for this repo and language\n\nYou can disable automated security fix PRs for this repo from the [Security Alerts page](https://github.com/abelljs/abell-starter-minima/network/alerts).\n\n</details>",
        "closed_by": null,
        "reactions": {
            "url": "https://api.github.com/repos/abelljs/abell-starter-minima/issues/7/reactions",
            "total_count": 0,
            "+1": 0,
            "-1": 0,
            "laugh": 0,
            "hooray": 0,
            "confused": 0,
            "heart": 0,
            "rocket": 0,
            "eyes": 0
        },
        "timeline_url": "https://api.github.com/repos/abelljs/abell-starter-minima/issues/7/timeline",
        "performed_via_github_app": null,
        "state_reason": null
    }
]