[
    {
        "url": "https://api.github.com/repos/abelljs/integrations/issues/4",
        "repository_url": "https://api.github.com/repos/abelljs/integrations",
        "labels_url": "https://api.github.com/repos/abelljs/integrations/issues/4/labels{/name}",
        "comments_url": "https://api.github.com/repos/abelljs/integrations/issues/4/comments",
        "events_url": "https://api.github.com/repos/abelljs/integrations/issues/4/events",
        "html_url": "https://github.com/abelljs/integrations/issues/4",
        "id": 1954222669,
        "node_id": "I_kwDOKTIdu850exJN",
        "number": 4,
        "title": "Add `with-gluestack` example",
        "user": {
            "login": "saurabhdaware",
            "id": 30949385,
            "node_id": "MDQ6VXNlcjMwOTQ5Mzg1",
            "avatar_url": "https://avatars.githubusercontent.com/u/30949385?v=4",
            "gravatar_id": "",
            "url": "https://api.github.com/users/saurabhdaware",
            "html_url": "https://github.com/saurabhdaware",
            "followers_url": "https://api.github.com/users/saurabhdaware/followers",
            "following_url": "https://api.github.com/users/saurabhdaware/following{/other_user}",
            "gists_url": "https://api.github.com/users/saurabhdaware/gists{/gist_id}",
            "starred_url": "https://api.github.com/users/saurabhdaware/starred{/owner}{/repo}",
            "subscriptions_url": "https://api.github.com/users/saurabhdaware/subscriptions",
            "organizations_url": "https://api.github.com/users/saurabhdaware/orgs",
            "repos_url": "https://api.github.com/users/saurabhdaware/repos",
            "events_url": "https://api.github.com/users/saurabhdaware/events{/privacy}",
            "received_events_url": "https://api.github.com/users/saurabhdaware/received_events",
            "type": "User",
            "user_view_type": "public",
            "site_admin": false
        },
        "labels": [],
        "state": "open",
        "locked": false,
        "assignee": null,
        "assignees": [],
        "milestone": null,
        "comments": 0,
        "created_at": "2023-10-20T12:48:56Z",
        "updated_at": "2023-10-20T12:48:56Z",
        "closed_at": null,
        "author_association": "MEMBER",
        "sub_issues_summary": {
            "total": 0,
            "completed": 0,
            "percent_completed": 0
        },
        "active_lock_reason": null,
        "body": "Would be fun to integrate abell with new https://gluestack.io/",
        "closed_by": null,
        "reactions": {
            "url": "https://api.github.com/repos/abelljs/integrations/issues/4/reactions",
            "total_count": 0,
            "+1": 0,
            "-1": 0,
            "laugh": 0,
            "hooray": 0,
            "confused": 0,
            "heart": 0,
            "rocket": 0,
            "eyes": 0
        },
        "timeline_url": "https://api.github.com/repos/abelljs/integrations/issues/4/timeline",
        "performed_via_github_app": null,
        "state_reason": null
    },
    {
        "url": "https://api.github.com/repos/abelljs/integrations/issues/3",
        "repository_url": "https://api.github.com/repos/abelljs/integrations",
        "labels_url": "https://api.github.com/repos/abelljs/integrations/issues/3/labels{/name}",
        "comments_url": "https://api.github.com/repos/abelljs/integrations/issues/3/comments",
        "events_url": "https://api.github.com/repos/abelljs/integrations/issues/3/events",
        "html_url": "https://github.com/abelljs/integrations/issues/3",
        "id": 1933034335,
        "node_id": "I_kwDOKTIdu85zN8Nf",
        "number": 3,
        "title": "Add `with-tailwind` example",
        "user": {
            "login": "saurabhdaware",
            "id": 30949385,
            "node_id": "MDQ6VXNlcjMwOTQ5Mzg1",
            "avatar_url": "https://avatars.githubusercontent.com/u/30949385?v=4",
            "gravatar_id": "",
            "url": "https://api.github.com/users/saurabhdaware",
            "html_url": "https://github.com/saurabhdaware",
            "followers_url": "https://api.github.com/users/saurabhdaware/followers",
            "following_url": "https://api.github.com/users/saurabhdaware/following{/other_user}",
            "gists_url": "https://api.github.com/users/saurabhdaware/gists{/gist_id}",
            "starred_url": "https://api.github.com/users/saurabhdaware/starred{/owner}{/repo}",
            "subscriptions_url": "https://api.github.com/users/saurabhdaware/subscriptions",
            "organizations_url": "https://api.github.com/users/saurabhdaware/orgs",
            "repos_url": "https://api.github.com/users/saurabhdaware/repos",
            "events_url": "https://api.github.com/users/saurabhdaware/events{/privacy}",
            "received_events_url": "https://api.github.com/users/saurabhdaware/received_events",
            "type": "User",
            "user_view_type": "public",
            "site_admin": false
        },
        "labels": [
            {
                "id": 5958868933,
                "node_id": "LA_kwDOKTIdu88AAAABYy0fxQ",
                "url": "https://api.github.com/repos/abelljs/integrations/labels/good%20first%20issue",
                "name": "good first issue",
                "color": "7057ff",
                "default": true,
                "description": "Good for newcomers"
            }
        ],
        "state": "open",
        "locked": false,
        "assignee": null,
        "assignees": [],
        "milestone": null,
        "comments": 0,
        "created_at": "2023-10-09T13:09:30Z",
        "updated_at": "2023-10-09T13:09:39Z",
        "closed_at": null,
        "author_association": "MEMBER",
        "sub_issues_summary": {
            "total": 0,
            "completed": 0,
            "percent_completed": 0
        },
        "active_lock_reason": null,
        "body": "Integrate Abell with tailwind. You can checkout other examples in repo and [tailwind integration with Vite](https://tailwindcss.com/docs/guides/vite)\r\n\r\n",
        "closed_by": null,
        "reactions": {
            "url": "https://api.github.com/repos/abelljs/integrations/issues/3/reactions",
            "total_count": 0,
            "+1": 0,
            "-1": 0,
            "laugh": 0,
            "hooray": 0,
            "confused": 0,
            "heart": 0,
            "rocket": 0,
            "eyes": 0
        },
        "timeline_url": "https://api.github.com/repos/abelljs/integrations/issues/3/timeline",
        "performed_via_github_app": null,
        "state_reason": null
    },
    {
        "url": "https://api.github.com/repos/abelljs/integrations/issues/2",
        "repository_url": "https://api.github.com/repos/abelljs/integrations",
        "labels_url": "https://api.github.com/repos/abelljs/integrations/issues/2/labels{/name}",
        "comments_url": "https://api.github.com/repos/abelljs/integrations/issues/2/comments",
        "events_url": "https://api.github.com/repos/abelljs/integrations/issues/2/events",
        "html_url": "https://github.com/abelljs/integrations/issues/2",
        "id": 1932857488,
        "node_id": "I_kwDOKTIdu85zNRCQ",
        "number": 2,
        "title": "Add `with-angular` example",
        "user": {
            "login": "saurabhdaware",
            "id": 30949385,
            "node_id": "MDQ6VXNlcjMwOTQ5Mzg1",
            "avatar_url": "https://avatars.githubusercontent.com/u/30949385?v=4",
            "gravatar_id": "",
            "url": "https://api.github.com/users/saurabhdaware",
            "html_url": "https://github.com/saurabhdaware",
            "followers_url": "https://api.github.com/users/saurabhdaware/followers",
            "following_url": "https://api.github.com/users/saurabhdaware/following{/other_user}",
            "gists_url": "https://api.github.com/users/saurabhdaware/gists{/gist_id}",
            "starred_url": "https://api.github.com/users/saurabhdaware/starred{/owner}{/repo}",
            "subscriptions_url": "https://api.github.com/users/saurabhdaware/subscriptions",
            "organizations_url": "https://api.github.com/users/saurabhdaware/orgs",
            "repos_url": "https://api.github.com/users/saurabhdaware/repos",
            "events_url": "https://api.github.com/users/saurabhdaware/events{/privacy}",
            "received_events_url": "https://api.github.com/users/saurabhdaware/received_events",
            "type": "User",
            "user_view_type": "public",
            "site_admin": false
        },
        "labels": [],
        "state": "open",
        "locked": false,
        "assignee": null,
        "assignees": [],
        "milestone": null,
        "comments": 1,
        "created_at": "2023-10-09T11:28:41Z",
        "updated_at": "2023-10-09T12:21:11Z",
        "closed_at": null,
        "author_association": "MEMBER",
        "sub_issues_summary": {
            "total": 0,
            "completed": 0,
            "percent_completed": 0
        },
        "active_lock_reason": null,
        "body": "Integrate Abell with Angular. You can checkout other examples in repo and README of this repo to get some idea.\r\n\r\n",
        "closed_by": null,
        "reactions": {
            "url": "https://api.github.com/repos/abelljs/integrations/issues/2/reactions",
            "total_count": 0,
            "+1": 0,
            "-1": 0,
            "laugh": 0,
            "hooray": 0,
            "confused": 0,
            "heart": 0,
            "rocket": 0,
            "eyes": 0
        },
        "timeline_url": "https://api.github.com/repos/abelljs/integrations/issues/2/timeline",
        "performed_via_github_app": null,
        "state_reason": null
    },
    {
        "url": "https://api.github.com/repos/abelljs/integrations/issues/1",
        "repository_url": "https://api.github.com/repos/abelljs/integrations",
        "labels_url": "https://api.github.com/repos/abelljs/integrations/issues/1/labels{/name}",
        "comments_url": "https://api.github.com/repos/abelljs/integrations/issues/1/comments",
        "events_url": "https://api.github.com/repos/abelljs/integrations/issues/1/events",
        "html_url": "https://github.com/abelljs/integrations/issues/1",
        "id": 1932856111,
        "node_id": "I_kwDOKTIdu85zNQsv",
        "number": 1,
        "title": "Add `with-svelte` example",
        "user": {
            "login": "saurabhdaware",
            "id": 30949385,
            "node_id": "MDQ6VXNlcjMwOTQ5Mzg1",
            "avatar_url": "https://avatars.githubusercontent.com/u/30949385?v=4",
            "gravatar_id": "",
            "url": "https://api.github.com/users/saurabhdaware",
            "html_url": "https://github.com/saurabhdaware",
            "followers_url": "https://api.github.com/users/saurabhdaware/followers",
            "following_url": "https://api.github.com/users/saurabhdaware/following{/other_user}",
            "gists_url": "https://api.github.com/users/saurabhdaware/gists{/gist_id}",
            "starred_url": "https://api.github.com/users/saurabhdaware/starred{/owner}{/repo}",
            "subscriptions_url": "https://api.github.com/users/saurabhdaware/subscriptions",
            "organizations_url": "https://api.github.com/users/saurabhdaware/orgs",
            "repos_url": "https://api.github.com/users/saurabhdaware/repos",
            "events_url": "https://api.github.com/users/saurabhdaware/events{/privacy}",
            "received_events_url": "https://api.github.com/users/saurabhdaware/received_events",
            "type": "User",
            "user_view_type": "public",
            "site_admin": false
        },
        "labels": [
            {
                "id": 5958868933,
                "node_id": "LA_kwDOKTIdu88AAAABYy0fxQ",
                "url": "https://api.github.com/repos/abelljs/integrations/labels/good%20first%20issue",
                "name": "good first issue",
                "color": "7057ff",
                "default": true,
                "description": "Good for newcomers"
            }
        ],
        "state": "open",
        "locked": false,
        "assignee": null,
        "assignees": [],
        "milestone": null,
        "comments": 0,
        "created_at": "2023-10-09T11:27:48Z",
        "updated_at": "2023-10-09T11:27:48Z",
        "closed_at": null,
        "author_association": "MEMBER",
        "sub_issues_summary": {
            "total": 0,
            "completed": 0,
            "percent_completed": 0
        },
        "active_lock_reason": null,
        "body": "Integrate Abell with svelte. You can checkout other examples in repo and README of this repo to get some idea.",
        "closed_by": null,
        "reactions": {
            "url": "https://api.github.com/repos/abelljs/integrations/issues/1/reactions",
            "total_count": 0,
            "+1": 0,
            "-1": 0,
            "laugh": 0,
            "hooray": 0,
            "confused": 0,
            "heart": 0,
            "rocket": 0,
            "eyes": 0
        },
        "timeline_url": "https://api.github.com/repos/abelljs/integrations/issues/1/timeline",
        "performed_via_github_app": null,
        "state_reason": null
    }
]