[
    {
        "url": "https://api.github.com/repos/AcheronProject/Tsuki/issues/4",
        "repository_url": "https://api.github.com/repos/AcheronProject/Tsuki",
        "labels_url": "https://api.github.com/repos/AcheronProject/Tsuki/issues/4/labels{/name}",
        "comments_url": "https://api.github.com/repos/AcheronProject/Tsuki/issues/4/comments",
        "events_url": "https://api.github.com/repos/AcheronProject/Tsuki/issues/4/events",
        "html_url": "https://github.com/AcheronProject/Tsuki/issues/4",
        "id": 1005892546,
        "node_id": "I_kwDODJc2zc479LPC",
        "number": 4,
        "title": "USB DBus+ & DBus- backwards at USB-C port",
        "user": {
            "login": "MasterSpoon",
            "id": 84671859,
            "node_id": "MDQ6VXNlcjg0NjcxODU5",
            "avatar_url": "https://avatars.githubusercontent.com/u/84671859?v=4",
            "gravatar_id": "",
            "url": "https://api.github.com/users/MasterSpoon",
            "html_url": "https://github.com/MasterSpoon",
            "followers_url": "https://api.github.com/users/MasterSpoon/followers",
            "following_url": "https://api.github.com/users/MasterSpoon/following{/other_user}",
            "gists_url": "https://api.github.com/users/MasterSpoon/gists{/gist_id}",
            "starred_url": "https://api.github.com/users/MasterSpoon/starred{/owner}{/repo}",
            "subscriptions_url": "https://api.github.com/users/MasterSpoon/subscriptions",
            "organizations_url": "https://api.github.com/users/MasterSpoon/orgs",
            "repos_url": "https://api.github.com/users/MasterSpoon/repos",
            "events_url": "https://api.github.com/users/MasterSpoon/events{/privacy}",
            "received_events_url": "https://api.github.com/users/MasterSpoon/received_events",
            "type": "User",
            "user_view_type": "public",
            "site_admin": false
        },
        "labels": [],
        "state": "open",
        "locked": false,
        "assignee": null,
        "assignees": [],
        "milestone": null,
        "comments": 1,
        "created_at": "2021-09-23T22:17:06Z",
        "updated_at": "2021-09-29T16:51:08Z",
        "closed_at": null,
        "author_association": "NONE",
        "sub_issues_summary": {
            "total": 0,
            "completed": 0,
            "percent_completed": 0
        },
        "active_lock_reason": null,
        "body": " USB A7 (DN1) & B7 (DN2) going to DBus+ which then goes to D+ then to PA12 - USB_DP\r\nUSB A6 (DP1) & B6 (DP2) going to DBus- which then goes to D- then to PA11 - USB_DM\r\n\r\nThese should be reversed with DBus+ going to A6 / B6 and DBus- going to A7 / B\r\n![usb-c_Tsuki](https://user-images.githubusercontent.com/84671859/134591324-035ba647-1384-4885-bbb7-71ebc1484b68.png)\r\n7",
        "closed_by": null,
        "reactions": {
            "url": "https://api.github.com/repos/AcheronProject/Tsuki/issues/4/reactions",
            "total_count": 0,
            "+1": 0,
            "-1": 0,
            "laugh": 0,
            "hooray": 0,
            "confused": 0,
            "heart": 0,
            "rocket": 0,
            "eyes": 0
        },
        "timeline_url": "https://api.github.com/repos/AcheronProject/Tsuki/issues/4/timeline",
        "performed_via_github_app": null,
        "state_reason": null
    },
    {
        "url": "https://api.github.com/repos/AcheronProject/Tsuki/issues/2",
        "repository_url": "https://api.github.com/repos/AcheronProject/Tsuki",
        "labels_url": "https://api.github.com/repos/AcheronProject/Tsuki/issues/2/labels{/name}",
        "comments_url": "https://api.github.com/repos/AcheronProject/Tsuki/issues/2/comments",
        "events_url": "https://api.github.com/repos/AcheronProject/Tsuki/issues/2/events",
        "html_url": "https://github.com/AcheronProject/Tsuki/issues/2",
        "id": 719397851,
        "node_id": "MDU6SXNzdWU3MTkzOTc4NTE=",
        "number": 2,
        "title": "3.3V Line Routing Issue",
        "user": {
            "login": "pseudobacon",
            "id": 12183854,
            "node_id": "MDQ6VXNlcjEyMTgzODU0",
            "avatar_url": "https://avatars.githubusercontent.com/u/12183854?v=4",
            "gravatar_id": "",
            "url": "https://api.github.com/users/pseudobacon",
            "html_url": "https://github.com/pseudobacon",
            "followers_url": "https://api.github.com/users/pseudobacon/followers",
            "following_url": "https://api.github.com/users/pseudobacon/following{/other_user}",
            "gists_url": "https://api.github.com/users/pseudobacon/gists{/gist_id}",
            "starred_url": "https://api.github.com/users/pseudobacon/starred{/owner}{/repo}",
            "subscriptions_url": "https://api.github.com/users/pseudobacon/subscriptions",
            "organizations_url": "https://api.github.com/users/pseudobacon/orgs",
            "repos_url": "https://api.github.com/users/pseudobacon/repos",
            "events_url": "https://api.github.com/users/pseudobacon/events{/privacy}",
            "received_events_url": "https://api.github.com/users/pseudobacon/received_events",
            "type": "User",
            "user_view_type": "public",
            "site_admin": false
        },
        "labels": [],
        "state": "open",
        "locked": false,
        "assignee": null,
        "assignees": [],
        "milestone": null,
        "comments": 0,
        "created_at": "2020-10-12T13:51:17Z",
        "updated_at": "2020-10-12T13:51:17Z",
        "closed_at": null,
        "author_association": "NONE",
        "sub_issues_summary": {
            "total": 0,
            "completed": 0,
            "percent_completed": 0
        },
        "active_lock_reason": null,
        "body": "So I submitted this PCB for printing and noticed that the 3.3V line is crossing a ground hole near RL63\r\n\r\n![image](https://user-images.githubusercontent.com/12183854/95754024-2c4e2280-0cee-11eb-911b-2e36a295d63c.png)\r\n\r\nSimply shifting this to the left a bit should resolve it",
        "closed_by": null,
        "reactions": {
            "url": "https://api.github.com/repos/AcheronProject/Tsuki/issues/2/reactions",
            "total_count": 1,
            "+1": 1,
            "-1": 0,
            "laugh": 0,
            "hooray": 0,
            "confused": 0,
            "heart": 0,
            "rocket": 0,
            "eyes": 0
        },
        "timeline_url": "https://api.github.com/repos/AcheronProject/Tsuki/issues/2/timeline",
        "performed_via_github_app": null,
        "state_reason": null
    }
]