[
    {
        "url": "https://api.github.com/repos/AcheronProject/AcheronDocs/issues/12",
        "repository_url": "https://api.github.com/repos/AcheronProject/AcheronDocs",
        "labels_url": "https://api.github.com/repos/AcheronProject/AcheronDocs/issues/12/labels{/name}",
        "comments_url": "https://api.github.com/repos/AcheronProject/AcheronDocs/issues/12/comments",
        "events_url": "https://api.github.com/repos/AcheronProject/AcheronDocs/issues/12/events",
        "html_url": "https://github.com/AcheronProject/AcheronDocs/issues/12",
        "id": 1738289944,
        "node_id": "I_kwDOClVpyM5nnDMY",
        "number": 12,
        "title": "Crystal frequency instructions ambiguous and incomplete",
        "user": {
            "login": "ax00b3",
            "id": 45945817,
            "node_id": "MDQ6VXNlcjQ1OTQ1ODE3",
            "avatar_url": "https://avatars.githubusercontent.com/u/45945817?v=4",
            "gravatar_id": "",
            "url": "https://api.github.com/users/ax00b3",
            "html_url": "https://github.com/ax00b3",
            "followers_url": "https://api.github.com/users/ax00b3/followers",
            "following_url": "https://api.github.com/users/ax00b3/following{/other_user}",
            "gists_url": "https://api.github.com/users/ax00b3/gists{/gist_id}",
            "starred_url": "https://api.github.com/users/ax00b3/starred{/owner}{/repo}",
            "subscriptions_url": "https://api.github.com/users/ax00b3/subscriptions",
            "organizations_url": "https://api.github.com/users/ax00b3/orgs",
            "repos_url": "https://api.github.com/users/ax00b3/repos",
            "events_url": "https://api.github.com/users/ax00b3/events{/privacy}",
            "received_events_url": "https://api.github.com/users/ax00b3/received_events",
            "type": "User",
            "user_view_type": "public",
            "site_admin": false
        },
        "labels": [],
        "state": "open",
        "locked": false,
        "assignee": null,
        "assignees": [],
        "milestone": null,
        "comments": 0,
        "created_at": "2023-06-02T14:17:08Z",
        "updated_at": "2023-06-02T14:17:08Z",
        "closed_at": null,
        "author_association": "NONE",
        "sub_issues_summary": {
            "total": 0,
            "completed": 0,
            "percent_completed": 0
        },
        "active_lock_reason": null,
        "body": "The docs state that we should stick to an 8MHz crystal and then change the values for the PLL M,Q,N,P multiplicators, but change them to what?\r\n\r\nFurthermore, the docs direct the user to check the firmware for some keyboard that makes no reference to these values, leaving the user in the dark.\r\n\r\nSo far I found the following in a completely unrelated keyboard:\r\n```\r\n#define STM32_PLLM_VALUE                    4\r\n#define STM32_PLLN_VALUE                    96\r\n#define STM32_PLLP_VALUE                    2\r\n#define STM32_PLLQ_VALUE                    4\r\n```\r\n\r\nBut I don't know if those values apply to our case. What should the correct values be?",
        "closed_by": null,
        "reactions": {
            "url": "https://api.github.com/repos/AcheronProject/AcheronDocs/issues/12/reactions",
            "total_count": 0,
            "+1": 0,
            "-1": 0,
            "laugh": 0,
            "hooray": 0,
            "confused": 0,
            "heart": 0,
            "rocket": 0,
            "eyes": 0
        },
        "timeline_url": "https://api.github.com/repos/AcheronProject/AcheronDocs/issues/12/timeline",
        "performed_via_github_app": null,
        "state_reason": null
    },
    {
        "url": "https://api.github.com/repos/AcheronProject/AcheronDocs/issues/11",
        "repository_url": "https://api.github.com/repos/AcheronProject/AcheronDocs",
        "labels_url": "https://api.github.com/repos/AcheronProject/AcheronDocs/issues/11/labels{/name}",
        "comments_url": "https://api.github.com/repos/AcheronProject/AcheronDocs/issues/11/comments",
        "events_url": "https://api.github.com/repos/AcheronProject/AcheronDocs/issues/11/events",
        "html_url": "https://github.com/AcheronProject/AcheronDocs/issues/11",
        "id": 1424215000,
        "node_id": "I_kwDOClVpyM5U48vY",
        "number": 11,
        "title": "Image links broken",
        "user": {
            "login": "mcp292",
            "id": 49123398,
            "node_id": "MDQ6VXNlcjQ5MTIzMzk4",
            "avatar_url": "https://avatars.githubusercontent.com/u/49123398?v=4",
            "gravatar_id": "",
            "url": "https://api.github.com/users/mcp292",
            "html_url": "https://github.com/mcp292",
            "followers_url": "https://api.github.com/users/mcp292/followers",
            "following_url": "https://api.github.com/users/mcp292/following{/other_user}",
            "gists_url": "https://api.github.com/users/mcp292/gists{/gist_id}",
            "starred_url": "https://api.github.com/users/mcp292/starred{/owner}{/repo}",
            "subscriptions_url": "https://api.github.com/users/mcp292/subscriptions",
            "organizations_url": "https://api.github.com/users/mcp292/orgs",
            "repos_url": "https://api.github.com/users/mcp292/repos",
            "events_url": "https://api.github.com/users/mcp292/events{/privacy}",
            "received_events_url": "https://api.github.com/users/mcp292/received_events",
            "type": "User",
            "user_view_type": "public",
            "site_admin": false
        },
        "labels": [],
        "state": "open",
        "locked": false,
        "assignee": null,
        "assignees": [],
        "milestone": null,
        "comments": 0,
        "created_at": "2022-10-26T15:02:49Z",
        "updated_at": "2022-10-26T15:02:49Z",
        "closed_at": null,
        "author_association": "NONE",
        "sub_issues_summary": {
            "total": 0,
            "completed": 0,
            "percent_completed": 0
        },
        "active_lock_reason": null,
        "body": "Here:\r\nhttps://github.com/AcheronProject/AcheronDocs/blob/main/docs/reset_article_1/reset_article_1.md\r\n\r\nAnd subsequently in this article praising your design:\r\nhttp://acheronproject.com/reset_article_1/reset_article_1/",
        "closed_by": null,
        "reactions": {
            "url": "https://api.github.com/repos/AcheronProject/AcheronDocs/issues/11/reactions",
            "total_count": 0,
            "+1": 0,
            "-1": 0,
            "laugh": 0,
            "hooray": 0,
            "confused": 0,
            "heart": 0,
            "rocket": 0,
            "eyes": 0
        },
        "timeline_url": "https://api.github.com/repos/AcheronProject/AcheronDocs/issues/11/timeline",
        "performed_via_github_app": null,
        "state_reason": null
    },
    {
        "url": "https://api.github.com/repos/AcheronProject/AcheronDocs/issues/10",
        "repository_url": "https://api.github.com/repos/AcheronProject/AcheronDocs",
        "labels_url": "https://api.github.com/repos/AcheronProject/AcheronDocs/issues/10/labels{/name}",
        "comments_url": "https://api.github.com/repos/AcheronProject/AcheronDocs/issues/10/comments",
        "events_url": "https://api.github.com/repos/AcheronProject/AcheronDocs/issues/10/events",
        "html_url": "https://github.com/AcheronProject/AcheronDocs/pull/10",
        "id": 1324270152,
        "node_id": "PR_kwDOClVpyM48bFdP",
        "number": 10,
        "title": "Fix broken link",
        "user": {
            "login": "coquizen",
            "id": 16412897,
            "node_id": "MDQ6VXNlcjE2NDEyODk3",
            "avatar_url": "https://avatars.githubusercontent.com/u/16412897?v=4",
            "gravatar_id": "",
            "url": "https://api.github.com/users/coquizen",
            "html_url": "https://github.com/coquizen",
            "followers_url": "https://api.github.com/users/coquizen/followers",
            "following_url": "https://api.github.com/users/coquizen/following{/other_user}",
            "gists_url": "https://api.github.com/users/coquizen/gists{/gist_id}",
            "starred_url": "https://api.github.com/users/coquizen/starred{/owner}{/repo}",
            "subscriptions_url": "https://api.github.com/users/coquizen/subscriptions",
            "organizations_url": "https://api.github.com/users/coquizen/orgs",
            "repos_url": "https://api.github.com/users/coquizen/repos",
            "events_url": "https://api.github.com/users/coquizen/events{/privacy}",
            "received_events_url": "https://api.github.com/users/coquizen/received_events",
            "type": "User",
            "user_view_type": "public",
            "site_admin": false
        },
        "labels": [],
        "state": "open",
        "locked": false,
        "assignee": null,
        "assignees": [],
        "milestone": null,
        "comments": 0,
        "created_at": "2022-08-01T11:30:55Z",
        "updated_at": "2022-08-01T11:30:55Z",
        "closed_at": null,
        "author_association": "NONE",
        "sub_issues_summary": {
            "total": 0,
            "completed": 0,
            "percent_completed": 0
        },
        "active_lock_reason": null,
        "draft": false,
        "pull_request": {
            "url": "https://api.github.com/repos/AcheronProject/AcheronDocs/pulls/10",
            "html_url": "https://github.com/AcheronProject/AcheronDocs/pull/10",
            "diff_url": "https://github.com/AcheronProject/AcheronDocs/pull/10.diff",
            "patch_url": "https://github.com/AcheronProject/AcheronDocs/pull/10.patch",
            "merged_at": null
        },
        "body": null,
        "closed_by": null,
        "reactions": {
            "url": "https://api.github.com/repos/AcheronProject/AcheronDocs/issues/10/reactions",
            "total_count": 0,
            "+1": 0,
            "-1": 0,
            "laugh": 0,
            "hooray": 0,
            "confused": 0,
            "heart": 0,
            "rocket": 0,
            "eyes": 0
        },
        "timeline_url": "https://api.github.com/repos/AcheronProject/AcheronDocs/issues/10/timeline",
        "performed_via_github_app": null,
        "state_reason": null
    },
    {
        "url": "https://api.github.com/repos/AcheronProject/AcheronDocs/issues/9",
        "repository_url": "https://api.github.com/repos/AcheronProject/AcheronDocs",
        "labels_url": "https://api.github.com/repos/AcheronProject/AcheronDocs/issues/9/labels{/name}",
        "comments_url": "https://api.github.com/repos/AcheronProject/AcheronDocs/issues/9/comments",
        "events_url": "https://api.github.com/repos/AcheronProject/AcheronDocs/issues/9/events",
        "html_url": "https://github.com/AcheronProject/AcheronDocs/issues/9",
        "id": 1228743141,
        "node_id": "I_kwDOClVpyM5JPSHl",
        "number": 9,
        "title": "\"Leave unpopulated\" obligatory or optional?",
        "user": {
            "login": "rgbpcb",
            "id": 96442821,
            "node_id": "U_kgDOBb-ZxQ",
            "avatar_url": "https://avatars.githubusercontent.com/u/96442821?v=4",
            "gravatar_id": "",
            "url": "https://api.github.com/users/rgbpcb",
            "html_url": "https://github.com/rgbpcb",
            "followers_url": "https://api.github.com/users/rgbpcb/followers",
            "following_url": "https://api.github.com/users/rgbpcb/following{/other_user}",
            "gists_url": "https://api.github.com/users/rgbpcb/gists{/gist_id}",
            "starred_url": "https://api.github.com/users/rgbpcb/starred{/owner}{/repo}",
            "subscriptions_url": "https://api.github.com/users/rgbpcb/subscriptions",
            "organizations_url": "https://api.github.com/users/rgbpcb/orgs",
            "repos_url": "https://api.github.com/users/rgbpcb/repos",
            "events_url": "https://api.github.com/users/rgbpcb/events{/privacy}",
            "received_events_url": "https://api.github.com/users/rgbpcb/received_events",
            "type": "User",
            "user_view_type": "public",
            "site_admin": false
        },
        "labels": [],
        "state": "open",
        "locked": false,
        "assignee": null,
        "assignees": [],
        "milestone": null,
        "comments": 0,
        "created_at": "2022-05-07T23:12:16Z",
        "updated_at": "2022-05-07T23:12:16Z",
        "closed_at": null,
        "author_association": "NONE",
        "sub_issues_summary": {
            "total": 0,
            "completed": 0,
            "percent_completed": 0
        },
        "active_lock_reason": null,
        "body": "Do any of the footprints listed as \"Leave unpopulated\" at https://www.acheronproject.com/joker_mcus/joker/ *have* to be left unpopulated due to potential conflicts with the respective MCU, or are all of them allowed to be populated even if they aren't needed?\r\n\r\nMaybe \"Leave unpopulated\" (which sounds like an imperative) can be replaced by something like \"Can (but doesn't have to) be left unpopulated\" or \"Optional (i.e. can be left unpopulated)\" to make that clear.\r\n\r\nThank you!",
        "closed_by": null,
        "reactions": {
            "url": "https://api.github.com/repos/AcheronProject/AcheronDocs/issues/9/reactions",
            "total_count": 0,
            "+1": 0,
            "-1": 0,
            "laugh": 0,
            "hooray": 0,
            "confused": 0,
            "heart": 0,
            "rocket": 0,
            "eyes": 0
        },
        "timeline_url": "https://api.github.com/repos/AcheronProject/AcheronDocs/issues/9/timeline",
        "performed_via_github_app": null,
        "state_reason": null
    },
    {
        "url": "https://api.github.com/repos/AcheronProject/AcheronDocs/issues/8",
        "repository_url": "https://api.github.com/repos/AcheronProject/AcheronDocs",
        "labels_url": "https://api.github.com/repos/AcheronProject/AcheronDocs/issues/8/labels{/name}",
        "comments_url": "https://api.github.com/repos/AcheronProject/AcheronDocs/issues/8/comments",
        "events_url": "https://api.github.com/repos/AcheronProject/AcheronDocs/issues/8/events",
        "html_url": "https://github.com/AcheronProject/AcheronDocs/pull/8",
        "id": 1088311079,
        "node_id": "PR_kwDOClVpyM4wQotM",
        "number": 8,
        "title": "reset_article_1: spelling corrections",
        "user": {
            "login": "hanetzer",
            "id": 2760645,
            "node_id": "MDQ6VXNlcjI3NjA2NDU=",
            "avatar_url": "https://avatars.githubusercontent.com/u/2760645?v=4",
            "gravatar_id": "",
            "url": "https://api.github.com/users/hanetzer",
            "html_url": "https://github.com/hanetzer",
            "followers_url": "https://api.github.com/users/hanetzer/followers",
            "following_url": "https://api.github.com/users/hanetzer/following{/other_user}",
            "gists_url": "https://api.github.com/users/hanetzer/gists{/gist_id}",
            "starred_url": "https://api.github.com/users/hanetzer/starred{/owner}{/repo}",
            "subscriptions_url": "https://api.github.com/users/hanetzer/subscriptions",
            "organizations_url": "https://api.github.com/users/hanetzer/orgs",
            "repos_url": "https://api.github.com/users/hanetzer/repos",
            "events_url": "https://api.github.com/users/hanetzer/events{/privacy}",
            "received_events_url": "https://api.github.com/users/hanetzer/received_events",
            "type": "User",
            "user_view_type": "public",
            "site_admin": false
        },
        "labels": [],
        "state": "open",
        "locked": false,
        "assignee": null,
        "assignees": [],
        "milestone": null,
        "comments": 0,
        "created_at": "2021-12-24T10:48:06Z",
        "updated_at": "2021-12-24T10:48:06Z",
        "closed_at": null,
        "author_association": "NONE",
        "sub_issues_summary": {
            "total": 0,
            "completed": 0,
            "percent_completed": 0
        },
        "active_lock_reason": null,
        "draft": false,
        "pull_request": {
            "url": "https://api.github.com/repos/AcheronProject/AcheronDocs/pulls/8",
            "html_url": "https://github.com/AcheronProject/AcheronDocs/pull/8",
            "diff_url": "https://github.com/AcheronProject/AcheronDocs/pull/8.diff",
            "patch_url": "https://github.com/AcheronProject/AcheronDocs/pull/8.patch",
            "merged_at": null
        },
        "body": "Standardized on en_gb spelling as best as I, an en_us speaker, could\r\nfigure, due to the use of the word favour.\r\n\r\nSigned-off-by: Marty E. Plummer <hanetzer@startmail.com>",
        "closed_by": null,
        "reactions": {
            "url": "https://api.github.com/repos/AcheronProject/AcheronDocs/issues/8/reactions",
            "total_count": 0,
            "+1": 0,
            "-1": 0,
            "laugh": 0,
            "hooray": 0,
            "confused": 0,
            "heart": 0,
            "rocket": 0,
            "eyes": 0
        },
        "timeline_url": "https://api.github.com/repos/AcheronProject/AcheronDocs/issues/8/timeline",
        "performed_via_github_app": null,
        "state_reason": null
    },
    {
        "url": "https://api.github.com/repos/AcheronProject/AcheronDocs/issues/7",
        "repository_url": "https://api.github.com/repos/AcheronProject/AcheronDocs",
        "labels_url": "https://api.github.com/repos/AcheronProject/AcheronDocs/issues/7/labels{/name}",
        "comments_url": "https://api.github.com/repos/AcheronProject/AcheronDocs/issues/7/comments",
        "events_url": "https://api.github.com/repos/AcheronProject/AcheronDocs/issues/7/events",
        "html_url": "https://github.com/AcheronProject/AcheronDocs/issues/7",
        "id": 1006658641,
        "node_id": "I_kwDOClVpyM48AGRR",
        "number": 7,
        "title": "Apollo87H documentation lists incompatible MCUs",
        "user": {
            "login": "taylorzane",
            "id": 5092987,
            "node_id": "MDQ6VXNlcjUwOTI5ODc=",
            "avatar_url": "https://avatars.githubusercontent.com/u/5092987?v=4",
            "gravatar_id": "",
            "url": "https://api.github.com/users/taylorzane",
            "html_url": "https://github.com/taylorzane",
            "followers_url": "https://api.github.com/users/taylorzane/followers",
            "following_url": "https://api.github.com/users/taylorzane/following{/other_user}",
            "gists_url": "https://api.github.com/users/taylorzane/gists{/gist_id}",
            "starred_url": "https://api.github.com/users/taylorzane/starred{/owner}{/repo}",
            "subscriptions_url": "https://api.github.com/users/taylorzane/subscriptions",
            "organizations_url": "https://api.github.com/users/taylorzane/orgs",
            "repos_url": "https://api.github.com/users/taylorzane/repos",
            "events_url": "https://api.github.com/users/taylorzane/events{/privacy}",
            "received_events_url": "https://api.github.com/users/taylorzane/received_events",
            "type": "User",
            "user_view_type": "public",
            "site_admin": false
        },
        "labels": [],
        "state": "open",
        "locked": false,
        "assignee": null,
        "assignees": [],
        "milestone": null,
        "comments": 0,
        "created_at": "2021-09-24T16:59:31Z",
        "updated_at": "2021-09-24T16:59:31Z",
        "closed_at": null,
        "author_association": "NONE",
        "sub_issues_summary": {
            "total": 0,
            "completed": 0,
            "percent_completed": 0
        },
        "active_lock_reason": null,
        "body": "## Issue\r\n\r\nThe Apollo87H (based on the multi-MCU/Joker MCU approach) lists a couple MCUs that do not support USB device mode.\r\n\r\nSee [here](https://github.com/AcheronProject/AcheronDocs/blob/main/docs/pcbs/apollo/apollo87h.md#technical-information-release-gamma).\r\n\r\nBoth the STM32F303C8T6 and STM32F303C6T6 MCUs do not support USB device mode per their datasheet. I have attached them below.\r\n\r\n[stm32f303c6.pdf](https://github.com/AcheronProject/AcheronDocs/files/7227330/stm32f303c6.pdf)\r\n[stm32f303c8.pdf](https://github.com/AcheronProject/AcheronDocs/files/7227332/stm32f303c8.pdf)\r\n\r\nPlease note that the STM32F072C8x6 MCUs _do_ support USB device mode.\r\n\r\n[stm32f072c8.pdf](https://github.com/AcheronProject/AcheronDocs/files/7227351/stm32f072c8.pdf)\r\n\r\n## Suggested Resolution\r\n\r\n1. Remove the STM32F303C8T6 and STM32F303C6T6 from the list of compatible processors\r\n2. _or_ put them in a separate section explicitly stating that they are incompatible.",
        "closed_by": null,
        "reactions": {
            "url": "https://api.github.com/repos/AcheronProject/AcheronDocs/issues/7/reactions",
            "total_count": 0,
            "+1": 0,
            "-1": 0,
            "laugh": 0,
            "hooray": 0,
            "confused": 0,
            "heart": 0,
            "rocket": 0,
            "eyes": 0
        },
        "timeline_url": "https://api.github.com/repos/AcheronProject/AcheronDocs/issues/7/timeline",
        "performed_via_github_app": null,
        "state_reason": null
    }
]