[
    {
        "url": "https://api.github.com/repos/AcheronProject/AlexandriaLibrary/issues/12",
        "repository_url": "https://api.github.com/repos/AcheronProject/AlexandriaLibrary",
        "labels_url": "https://api.github.com/repos/AcheronProject/AlexandriaLibrary/issues/12/labels{/name}",
        "comments_url": "https://api.github.com/repos/AcheronProject/AlexandriaLibrary/issues/12/comments",
        "events_url": "https://api.github.com/repos/AcheronProject/AlexandriaLibrary/issues/12/events",
        "html_url": "https://github.com/AcheronProject/AlexandriaLibrary/pull/12",
        "id": 1077291151,
        "node_id": "PR_kwDOCXtoQs4vs4zH",
        "number": 12,
        "title": "cleanup bad refs, add missing models",
        "user": {
            "login": "coquizen",
            "id": 16412897,
            "node_id": "MDQ6VXNlcjE2NDEyODk3",
            "avatar_url": "https://avatars.githubusercontent.com/u/16412897?v=4",
            "gravatar_id": "",
            "url": "https://api.github.com/users/coquizen",
            "html_url": "https://github.com/coquizen",
            "followers_url": "https://api.github.com/users/coquizen/followers",
            "following_url": "https://api.github.com/users/coquizen/following{/other_user}",
            "gists_url": "https://api.github.com/users/coquizen/gists{/gist_id}",
            "starred_url": "https://api.github.com/users/coquizen/starred{/owner}{/repo}",
            "subscriptions_url": "https://api.github.com/users/coquizen/subscriptions",
            "organizations_url": "https://api.github.com/users/coquizen/orgs",
            "repos_url": "https://api.github.com/users/coquizen/repos",
            "events_url": "https://api.github.com/users/coquizen/events{/privacy}",
            "received_events_url": "https://api.github.com/users/coquizen/received_events",
            "type": "User",
            "user_view_type": "public",
            "site_admin": false
        },
        "labels": [],
        "state": "open",
        "locked": false,
        "assignee": null,
        "assignees": [],
        "milestone": null,
        "comments": 0,
        "created_at": "2021-12-10T22:49:07Z",
        "updated_at": "2022-05-20T22:41:04Z",
        "closed_at": null,
        "author_association": "CONTRIBUTOR",
        "sub_issues_summary": {
            "total": 0,
            "completed": 0,
            "percent_completed": 0
        },
        "active_lock_reason": null,
        "draft": false,
        "pull_request": {
            "url": "https://api.github.com/repos/AcheronProject/AlexandriaLibrary/pulls/12",
            "html_url": "https://github.com/AcheronProject/AlexandriaLibrary/pull/12",
            "diff_url": "https://github.com/AcheronProject/AlexandriaLibrary/pull/12.diff",
            "patch_url": "https://github.com/AcheronProject/AlexandriaLibrary/pull/12.patch",
            "merged_at": null
        },
        "body": "For the footprints in `acheron_MXH.pretty`, Kailh Hotswap and Cherry Switch models have been added (with their associated STEP files included). By default, the cherry switch models are hidden. This assumption can easily be changed:\r\n\r\n```sh\r\ncd footprints/acheron_MXH.pretty/footprints/acheron_MHX.pretty\r\nrg hide -l | xargs sed -i 's/ hide//g'\r\n```\r\n\r\nAdded some other step files that were referenced and fixed their references as well. ",
        "closed_by": null,
        "reactions": {
            "url": "https://api.github.com/repos/AcheronProject/AlexandriaLibrary/issues/12/reactions",
            "total_count": 0,
            "+1": 0,
            "-1": 0,
            "laugh": 0,
            "hooray": 0,
            "confused": 0,
            "heart": 0,
            "rocket": 0,
            "eyes": 0
        },
        "timeline_url": "https://api.github.com/repos/AcheronProject/AlexandriaLibrary/issues/12/timeline",
        "performed_via_github_app": null,
        "state_reason": null
    }
]