[
    {
        "url": "https://api.github.com/repos/ActivityWatch/aw-watcher-spotify/issues/28",
        "repository_url": "https://api.github.com/repos/ActivityWatch/aw-watcher-spotify",
        "labels_url": "https://api.github.com/repos/ActivityWatch/aw-watcher-spotify/issues/28/labels{/name}",
        "comments_url": "https://api.github.com/repos/ActivityWatch/aw-watcher-spotify/issues/28/comments",
        "events_url": "https://api.github.com/repos/ActivityWatch/aw-watcher-spotify/issues/28/events",
        "html_url": "https://github.com/ActivityWatch/aw-watcher-spotify/issues/28",
        "id": 2769520026,
        "node_id": "I_kwDOBW8JW86lE4Wa",
        "number": 28,
        "title": "Couldn't write token to cache",
        "user": {
            "login": "anghenfil",
            "id": 9025415,
            "node_id": "MDQ6VXNlcjkwMjU0MTU=",
            "avatar_url": "https://avatars.githubusercontent.com/u/9025415?v=4",
            "gravatar_id": "",
            "url": "https://api.github.com/users/anghenfil",
            "html_url": "https://github.com/anghenfil",
            "followers_url": "https://api.github.com/users/anghenfil/followers",
            "following_url": "https://api.github.com/users/anghenfil/following{/other_user}",
            "gists_url": "https://api.github.com/users/anghenfil/gists{/gist_id}",
            "starred_url": "https://api.github.com/users/anghenfil/starred{/owner}{/repo}",
            "subscriptions_url": "https://api.github.com/users/anghenfil/subscriptions",
            "organizations_url": "https://api.github.com/users/anghenfil/orgs",
            "repos_url": "https://api.github.com/users/anghenfil/repos",
            "events_url": "https://api.github.com/users/anghenfil/events{/privacy}",
            "received_events_url": "https://api.github.com/users/anghenfil/received_events",
            "type": "User",
            "user_view_type": "public",
            "site_admin": false
        },
        "labels": [],
        "state": "open",
        "locked": false,
        "assignee": null,
        "assignees": [],
        "milestone": null,
        "comments": 0,
        "created_at": "2025-01-06T00:09:15Z",
        "updated_at": "2025-01-06T00:09:15Z",
        "closed_at": null,
        "author_association": "NONE",
        "sub_issues_summary": {
            "total": 0,
            "completed": 0,
            "percent_completed": 0
        },
        "active_lock_reason": null,
        "body": "Hey,\r\n\r\nafter configuring and starting aw-watcher-spotify, I get the error WARNING:spotipy.cache_handler:Couldn't write token to cache at: .cache-anghenfil\r\n\r\nAnd when playing a song the it results in a 403 Client Error: Forbidden for url error.\r\n\r\nBest anghenfil",
        "closed_by": null,
        "reactions": {
            "url": "https://api.github.com/repos/ActivityWatch/aw-watcher-spotify/issues/28/reactions",
            "total_count": 0,
            "+1": 0,
            "-1": 0,
            "laugh": 0,
            "hooray": 0,
            "confused": 0,
            "heart": 0,
            "rocket": 0,
            "eyes": 0
        },
        "timeline_url": "https://api.github.com/repos/ActivityWatch/aw-watcher-spotify/issues/28/timeline",
        "performed_via_github_app": null,
        "state_reason": null
    },
    {
        "url": "https://api.github.com/repos/ActivityWatch/aw-watcher-spotify/issues/25",
        "repository_url": "https://api.github.com/repos/ActivityWatch/aw-watcher-spotify",
        "labels_url": "https://api.github.com/repos/ActivityWatch/aw-watcher-spotify/issues/25/labels{/name}",
        "comments_url": "https://api.github.com/repos/ActivityWatch/aw-watcher-spotify/issues/25/comments",
        "events_url": "https://api.github.com/repos/ActivityWatch/aw-watcher-spotify/issues/25/events",
        "html_url": "https://github.com/ActivityWatch/aw-watcher-spotify/issues/25",
        "id": 2034407868,
        "node_id": "I_kwDOBW8JW855Qpm8",
        "number": 25,
        "title": "Run inside a container?",
        "user": {
            "login": "rwjack",
            "id": 59068073,
            "node_id": "MDQ6VXNlcjU5MDY4MDcz",
            "avatar_url": "https://avatars.githubusercontent.com/u/59068073?v=4",
            "gravatar_id": "",
            "url": "https://api.github.com/users/rwjack",
            "html_url": "https://github.com/rwjack",
            "followers_url": "https://api.github.com/users/rwjack/followers",
            "following_url": "https://api.github.com/users/rwjack/following{/other_user}",
            "gists_url": "https://api.github.com/users/rwjack/gists{/gist_id}",
            "starred_url": "https://api.github.com/users/rwjack/starred{/owner}{/repo}",
            "subscriptions_url": "https://api.github.com/users/rwjack/subscriptions",
            "organizations_url": "https://api.github.com/users/rwjack/orgs",
            "repos_url": "https://api.github.com/users/rwjack/repos",
            "events_url": "https://api.github.com/users/rwjack/events{/privacy}",
            "received_events_url": "https://api.github.com/users/rwjack/received_events",
            "type": "User",
            "user_view_type": "public",
            "site_admin": false
        },
        "labels": [],
        "state": "open",
        "locked": false,
        "assignee": null,
        "assignees": [],
        "milestone": null,
        "comments": 0,
        "created_at": "2023-12-10T15:04:47Z",
        "updated_at": "2023-12-10T15:04:47Z",
        "closed_at": null,
        "author_association": "NONE",
        "sub_issues_summary": {
            "total": 0,
            "completed": 0,
            "percent_completed": 0
        },
        "active_lock_reason": null,
        "body": "I want to keep this running constantly on my server, even though it won't be able to save data to the AW server on my machines, I figure I could have a bucket on my server, which gathers all the data, so I can import it to one of my AW servers at any point in time.\r\n\r\nRunning the container I got this:\r\n\r\n```\r\nINFO:spotipy.oauth2:User authentication requires interaction with your web browser. Once you enter your credentials and give authorization, you will be redirected to a url.  Paste that url you were directed to to complete the authorization.\r\nINFO:spotipy.oauth2:Opened https://accounts.spotify.com/authorize?client_id=[REDACTED]&response_type=code&redirect_uri=http%3A%2F%2Flocalhost%3A8088&scope=user-read-currently-playing in your \r\nWARNING:aw_client.client:Not connected to server, 0 requests in queue\r\nWARNING:aw_client.client:Not connected to server, 0 requests in queue\r\n```\r\n\r\nAny ideas how to implement this correctly? Here are my docker files:\r\n\r\n```\r\nversion: \"3\"\r\n\r\nservices:\r\n\r\n  watcher-spotify:\r\n    build:\r\n      context: .\r\n      dockerfile: Dockerfile\r\n    image: local/aw-spotify:v2023.12\r\n    restart: unless-stopped\r\n\r\n    container_name: watcher-spotify\r\n    hostname: watcher-spotify\r\n\r\n    volumes:\r\n      - ./config.toml:/app/.config/activitywatch/aw-watcher-spotify/aw-watcher-spotify.toml\r\n\r\n```\r\n\r\n```\r\nFROM python:alpine\r\n\r\nWORKDIR /app\r\n\r\nARG NAME=container\r\nARG UID=1050\r\nARG GID=1050\r\nRUN addgroup --gid $GID $NAME\r\nRUN adduser \\\r\n        --disabled-password \\\r\n        --home \"$(pwd)\" \\\r\n        --uid $UID \\\r\n        --ingroup $NAME \\\r\n        --shell /bin/sh \\\r\n        \"$NAME\"\r\nUSER $NAME\r\n\r\nRUN mkdir -p .config/activitywatch/aw-client\r\n\r\nCOPY aw-watcher-spotify ./\r\n\r\nRUN pip install .\r\n\r\nCMD python aw_watcher_spotify/main.py\r\n```",
        "closed_by": null,
        "reactions": {
            "url": "https://api.github.com/repos/ActivityWatch/aw-watcher-spotify/issues/25/reactions",
            "total_count": 0,
            "+1": 0,
            "-1": 0,
            "laugh": 0,
            "hooray": 0,
            "confused": 0,
            "heart": 0,
            "rocket": 0,
            "eyes": 0
        },
        "timeline_url": "https://api.github.com/repos/ActivityWatch/aw-watcher-spotify/issues/25/timeline",
        "performed_via_github_app": null,
        "state_reason": null
    },
    {
        "url": "https://api.github.com/repos/ActivityWatch/aw-watcher-spotify/issues/24",
        "repository_url": "https://api.github.com/repos/ActivityWatch/aw-watcher-spotify",
        "labels_url": "https://api.github.com/repos/ActivityWatch/aw-watcher-spotify/issues/24/labels{/name}",
        "comments_url": "https://api.github.com/repos/ActivityWatch/aw-watcher-spotify/issues/24/comments",
        "events_url": "https://api.github.com/repos/ActivityWatch/aw-watcher-spotify/issues/24/events",
        "html_url": "https://github.com/ActivityWatch/aw-watcher-spotify/issues/24",
        "id": 1871358786,
        "node_id": "I_kwDOBW8JW85viqtC",
        "number": 24,
        "title": "How to visualize?",
        "user": {
            "login": "BLACK4585",
            "id": 71935902,
            "node_id": "MDQ6VXNlcjcxOTM1OTAy",
            "avatar_url": "https://avatars.githubusercontent.com/u/71935902?v=4",
            "gravatar_id": "",
            "url": "https://api.github.com/users/BLACK4585",
            "html_url": "https://github.com/BLACK4585",
            "followers_url": "https://api.github.com/users/BLACK4585/followers",
            "following_url": "https://api.github.com/users/BLACK4585/following{/other_user}",
            "gists_url": "https://api.github.com/users/BLACK4585/gists{/gist_id}",
            "starred_url": "https://api.github.com/users/BLACK4585/starred{/owner}{/repo}",
            "subscriptions_url": "https://api.github.com/users/BLACK4585/subscriptions",
            "organizations_url": "https://api.github.com/users/BLACK4585/orgs",
            "repos_url": "https://api.github.com/users/BLACK4585/repos",
            "events_url": "https://api.github.com/users/BLACK4585/events{/privacy}",
            "received_events_url": "https://api.github.com/users/BLACK4585/received_events",
            "type": "User",
            "user_view_type": "public",
            "site_admin": false
        },
        "labels": [],
        "state": "open",
        "locked": false,
        "assignee": null,
        "assignees": [],
        "milestone": null,
        "comments": 0,
        "created_at": "2023-08-29T10:27:57Z",
        "updated_at": "2023-08-29T10:27:57Z",
        "closed_at": null,
        "author_association": "NONE",
        "sub_issues_summary": {
            "total": 0,
            "completed": 0,
            "percent_completed": 0
        },
        "active_lock_reason": null,
        "body": "I tried adding the widget in the ActivityWatch Dashboard by adding a custom visualization with `aw-watcher-spotify` but it can't find anything.",
        "closed_by": null,
        "reactions": {
            "url": "https://api.github.com/repos/ActivityWatch/aw-watcher-spotify/issues/24/reactions",
            "total_count": 0,
            "+1": 0,
            "-1": 0,
            "laugh": 0,
            "hooray": 0,
            "confused": 0,
            "heart": 0,
            "rocket": 0,
            "eyes": 0
        },
        "timeline_url": "https://api.github.com/repos/ActivityWatch/aw-watcher-spotify/issues/24/timeline",
        "performed_via_github_app": null,
        "state_reason": null
    },
    {
        "url": "https://api.github.com/repos/ActivityWatch/aw-watcher-spotify/issues/21",
        "repository_url": "https://api.github.com/repos/ActivityWatch/aw-watcher-spotify",
        "labels_url": "https://api.github.com/repos/ActivityWatch/aw-watcher-spotify/issues/21/labels{/name}",
        "comments_url": "https://api.github.com/repos/ActivityWatch/aw-watcher-spotify/issues/21/comments",
        "events_url": "https://api.github.com/repos/ActivityWatch/aw-watcher-spotify/issues/21/events",
        "html_url": "https://github.com/ActivityWatch/aw-watcher-spotify/issues/21",
        "id": 1402716076,
        "node_id": "I_kwDOBW8JW85Tm7-s",
        "number": 21,
        "title": "ActivityPub integration",
        "user": {
            "login": "xplosionmind",
            "id": 42862428,
            "node_id": "MDQ6VXNlcjQyODYyNDI4",
            "avatar_url": "https://avatars.githubusercontent.com/u/42862428?v=4",
            "gravatar_id": "",
            "url": "https://api.github.com/users/xplosionmind",
            "html_url": "https://github.com/xplosionmind",
            "followers_url": "https://api.github.com/users/xplosionmind/followers",
            "following_url": "https://api.github.com/users/xplosionmind/following{/other_user}",
            "gists_url": "https://api.github.com/users/xplosionmind/gists{/gist_id}",
            "starred_url": "https://api.github.com/users/xplosionmind/starred{/owner}{/repo}",
            "subscriptions_url": "https://api.github.com/users/xplosionmind/subscriptions",
            "organizations_url": "https://api.github.com/users/xplosionmind/orgs",
            "repos_url": "https://api.github.com/users/xplosionmind/repos",
            "events_url": "https://api.github.com/users/xplosionmind/events{/privacy}",
            "received_events_url": "https://api.github.com/users/xplosionmind/received_events",
            "type": "User",
            "user_view_type": "public",
            "site_admin": false
        },
        "labels": [],
        "state": "open",
        "locked": false,
        "assignee": null,
        "assignees": [],
        "milestone": null,
        "comments": 1,
        "created_at": "2022-10-10T07:26:52Z",
        "updated_at": "2022-10-22T21:57:00Z",
        "closed_at": null,
        "author_association": "NONE",
        "sub_issues_summary": {
            "total": 0,
            "completed": 0,
            "percent_completed": 0
        },
        "active_lock_reason": null,
        "body": "How cool would it be if through [ActivityPub](https://activitypub.rocks) the song currently being played could be shared on the [Fediverse](https://en.wikipedia.org/wiki/Fediverse)?",
        "closed_by": null,
        "reactions": {
            "url": "https://api.github.com/repos/ActivityWatch/aw-watcher-spotify/issues/21/reactions",
            "total_count": 2,
            "+1": 2,
            "-1": 0,
            "laugh": 0,
            "hooray": 0,
            "confused": 0,
            "heart": 0,
            "rocket": 0,
            "eyes": 0
        },
        "timeline_url": "https://api.github.com/repos/ActivityWatch/aw-watcher-spotify/issues/21/timeline",
        "performed_via_github_app": null,
        "state_reason": null
    },
    {
        "url": "https://api.github.com/repos/ActivityWatch/aw-watcher-spotify/issues/20",
        "repository_url": "https://api.github.com/repos/ActivityWatch/aw-watcher-spotify",
        "labels_url": "https://api.github.com/repos/ActivityWatch/aw-watcher-spotify/issues/20/labels{/name}",
        "comments_url": "https://api.github.com/repos/ActivityWatch/aw-watcher-spotify/issues/20/comments",
        "events_url": "https://api.github.com/repos/ActivityWatch/aw-watcher-spotify/issues/20/events",
        "html_url": "https://github.com/ActivityWatch/aw-watcher-spotify/issues/20",
        "id": 1402316296,
        "node_id": "I_kwDOBW8JW85TlaYI",
        "number": 20,
        "title": "Issues installing ",
        "user": {
            "login": "wirescarryingme",
            "id": 104281294,
            "node_id": "U_kgDOBjc0zg",
            "avatar_url": "https://avatars.githubusercontent.com/u/104281294?v=4",
            "gravatar_id": "",
            "url": "https://api.github.com/users/wirescarryingme",
            "html_url": "https://github.com/wirescarryingme",
            "followers_url": "https://api.github.com/users/wirescarryingme/followers",
            "following_url": "https://api.github.com/users/wirescarryingme/following{/other_user}",
            "gists_url": "https://api.github.com/users/wirescarryingme/gists{/gist_id}",
            "starred_url": "https://api.github.com/users/wirescarryingme/starred{/owner}{/repo}",
            "subscriptions_url": "https://api.github.com/users/wirescarryingme/subscriptions",
            "organizations_url": "https://api.github.com/users/wirescarryingme/orgs",
            "repos_url": "https://api.github.com/users/wirescarryingme/repos",
            "events_url": "https://api.github.com/users/wirescarryingme/events{/privacy}",
            "received_events_url": "https://api.github.com/users/wirescarryingme/received_events",
            "type": "User",
            "user_view_type": "public",
            "site_admin": false
        },
        "labels": [],
        "state": "open",
        "locked": false,
        "assignee": null,
        "assignees": [],
        "milestone": null,
        "comments": 0,
        "created_at": "2022-10-09T15:54:45Z",
        "updated_at": "2022-10-09T15:54:45Z",
        "closed_at": null,
        "author_association": "NONE",
        "sub_issues_summary": {
            "total": 0,
            "completed": 0,
            "percent_completed": 0
        },
        "active_lock_reason": null,
        "body": "I am on windows ten. I created the spotify API token and I tried to install this watcher using python but it didn't work, I tried to install using the cmd and heres what I got: \r\n\r\npython: can't open file 'C:\\\\Users\\\\user\\\\aw-watcher-spotify\\\\main.py': [Errno 2] No such file or directory\r\n\r\nHow do I fix his error in the installation process? ",
        "closed_by": null,
        "reactions": {
            "url": "https://api.github.com/repos/ActivityWatch/aw-watcher-spotify/issues/20/reactions",
            "total_count": 0,
            "+1": 0,
            "-1": 0,
            "laugh": 0,
            "hooray": 0,
            "confused": 0,
            "heart": 0,
            "rocket": 0,
            "eyes": 0
        },
        "timeline_url": "https://api.github.com/repos/ActivityWatch/aw-watcher-spotify/issues/20/timeline",
        "performed_via_github_app": null,
        "state_reason": null
    },
    {
        "url": "https://api.github.com/repos/ActivityWatch/aw-watcher-spotify/issues/17",
        "repository_url": "https://api.github.com/repos/ActivityWatch/aw-watcher-spotify",
        "labels_url": "https://api.github.com/repos/ActivityWatch/aw-watcher-spotify/issues/17/labels{/name}",
        "comments_url": "https://api.github.com/repos/ActivityWatch/aw-watcher-spotify/issues/17/comments",
        "events_url": "https://api.github.com/repos/ActivityWatch/aw-watcher-spotify/issues/17/events",
        "html_url": "https://github.com/ActivityWatch/aw-watcher-spotify/issues/17",
        "id": 1097421579,
        "node_id": "I_kwDOBW8JW85BaVML",
        "number": 17,
        "title": "Not finding username, client_id or client_secret properly?",
        "user": {
            "login": "PAK90",
            "id": 1844422,
            "node_id": "MDQ6VXNlcjE4NDQ0MjI=",
            "avatar_url": "https://avatars.githubusercontent.com/u/1844422?v=4",
            "gravatar_id": "",
            "url": "https://api.github.com/users/PAK90",
            "html_url": "https://github.com/PAK90",
            "followers_url": "https://api.github.com/users/PAK90/followers",
            "following_url": "https://api.github.com/users/PAK90/following{/other_user}",
            "gists_url": "https://api.github.com/users/PAK90/gists{/gist_id}",
            "starred_url": "https://api.github.com/users/PAK90/starred{/owner}{/repo}",
            "subscriptions_url": "https://api.github.com/users/PAK90/subscriptions",
            "organizations_url": "https://api.github.com/users/PAK90/orgs",
            "repos_url": "https://api.github.com/users/PAK90/repos",
            "events_url": "https://api.github.com/users/PAK90/events{/privacy}",
            "received_events_url": "https://api.github.com/users/PAK90/received_events",
            "type": "User",
            "user_view_type": "public",
            "site_admin": false
        },
        "labels": [],
        "state": "open",
        "locked": false,
        "assignee": null,
        "assignees": [],
        "milestone": null,
        "comments": 5,
        "created_at": "2022-01-10T03:34:04Z",
        "updated_at": "2022-10-20T14:46:06Z",
        "closed_at": null,
        "author_association": "NONE",
        "sub_issues_summary": {
            "total": 0,
            "completed": 0,
            "percent_completed": 0
        },
        "active_lock_reason": null,
        "body": "I filled out the config aw-watcher-spotify.toml file but when I do `python aw_watcher_spotify/main.py` it says one of those fields isn't specified in the config file. I copied the id and secret right from spotify's dev dashboard. I put a meaningless username in because I'm not sure where to get that from, is there a 'proper' username I should be using?",
        "closed_by": null,
        "reactions": {
            "url": "https://api.github.com/repos/ActivityWatch/aw-watcher-spotify/issues/17/reactions",
            "total_count": 0,
            "+1": 0,
            "-1": 0,
            "laugh": 0,
            "hooray": 0,
            "confused": 0,
            "heart": 0,
            "rocket": 0,
            "eyes": 0
        },
        "timeline_url": "https://api.github.com/repos/ActivityWatch/aw-watcher-spotify/issues/17/timeline",
        "performed_via_github_app": null,
        "state_reason": null
    },
    {
        "url": "https://api.github.com/repos/ActivityWatch/aw-watcher-spotify/issues/13",
        "repository_url": "https://api.github.com/repos/ActivityWatch/aw-watcher-spotify",
        "labels_url": "https://api.github.com/repos/ActivityWatch/aw-watcher-spotify/issues/13/labels{/name}",
        "comments_url": "https://api.github.com/repos/ActivityWatch/aw-watcher-spotify/issues/13/comments",
        "events_url": "https://api.github.com/repos/ActivityWatch/aw-watcher-spotify/issues/13/events",
        "html_url": "https://github.com/ActivityWatch/aw-watcher-spotify/issues/13",
        "id": 702403757,
        "node_id": "MDU6SXNzdWU3MDI0MDM3NTc=",
        "number": 13,
        "title": "Aw-Watcher-Spotify data not visible in ActivityWatcher",
        "user": {
            "login": "B1zguy",
            "id": 6235689,
            "node_id": "MDQ6VXNlcjYyMzU2ODk=",
            "avatar_url": "https://avatars.githubusercontent.com/u/6235689?v=4",
            "gravatar_id": "",
            "url": "https://api.github.com/users/B1zguy",
            "html_url": "https://github.com/B1zguy",
            "followers_url": "https://api.github.com/users/B1zguy/followers",
            "following_url": "https://api.github.com/users/B1zguy/following{/other_user}",
            "gists_url": "https://api.github.com/users/B1zguy/gists{/gist_id}",
            "starred_url": "https://api.github.com/users/B1zguy/starred{/owner}{/repo}",
            "subscriptions_url": "https://api.github.com/users/B1zguy/subscriptions",
            "organizations_url": "https://api.github.com/users/B1zguy/orgs",
            "repos_url": "https://api.github.com/users/B1zguy/repos",
            "events_url": "https://api.github.com/users/B1zguy/events{/privacy}",
            "received_events_url": "https://api.github.com/users/B1zguy/received_events",
            "type": "User",
            "user_view_type": "public",
            "site_admin": false
        },
        "labels": [],
        "state": "open",
        "locked": false,
        "assignee": null,
        "assignees": [],
        "milestone": null,
        "comments": 4,
        "created_at": "2020-09-16T02:45:53Z",
        "updated_at": "2022-05-17T02:15:51Z",
        "closed_at": null,
        "author_association": "NONE",
        "sub_issues_summary": {
            "total": 0,
            "completed": 0,
            "percent_completed": 0
        },
        "active_lock_reason": null,
        "body": "I seemed to have correctly followed the instructions in the README. Program works when running `poetry run aw-watcher-spotify`, yet no data seems to be appearing in the ActivityWatcher webapp. Is there a step I've missed?\r\n\r\nI've also noticed the program not as a module/watcher in the menubar, perhaps I need to add it there. How would I do that?\r\n\r\nI'm running this all on MacOS Catalina (10.15.6). Thanks in advance!",
        "closed_by": null,
        "reactions": {
            "url": "https://api.github.com/repos/ActivityWatch/aw-watcher-spotify/issues/13/reactions",
            "total_count": 1,
            "+1": 1,
            "-1": 0,
            "laugh": 0,
            "hooray": 0,
            "confused": 0,
            "heart": 0,
            "rocket": 0,
            "eyes": 0
        },
        "timeline_url": "https://api.github.com/repos/ActivityWatch/aw-watcher-spotify/issues/13/timeline",
        "performed_via_github_app": null,
        "state_reason": null
    },
    {
        "url": "https://api.github.com/repos/ActivityWatch/aw-watcher-spotify/issues/9",
        "repository_url": "https://api.github.com/repos/ActivityWatch/aw-watcher-spotify",
        "labels_url": "https://api.github.com/repos/ActivityWatch/aw-watcher-spotify/issues/9/labels{/name}",
        "comments_url": "https://api.github.com/repos/ActivityWatch/aw-watcher-spotify/issues/9/comments",
        "events_url": "https://api.github.com/repos/ActivityWatch/aw-watcher-spotify/issues/9/events",
        "html_url": "https://github.com/ActivityWatch/aw-watcher-spotify/issues/9",
        "id": 358815320,
        "node_id": "MDU6SXNzdWUzNTg4MTUzMjA=",
        "number": 9,
        "title": "Run from command line on startup + add module visibility in system tray icon",
        "user": {
            "login": "VirenMohindra",
            "id": 10460518,
            "node_id": "MDQ6VXNlcjEwNDYwNTE4",
            "avatar_url": "https://avatars.githubusercontent.com/u/10460518?v=4",
            "gravatar_id": "",
            "url": "https://api.github.com/users/VirenMohindra",
            "html_url": "https://github.com/VirenMohindra",
            "followers_url": "https://api.github.com/users/VirenMohindra/followers",
            "following_url": "https://api.github.com/users/VirenMohindra/following{/other_user}",
            "gists_url": "https://api.github.com/users/VirenMohindra/gists{/gist_id}",
            "starred_url": "https://api.github.com/users/VirenMohindra/starred{/owner}{/repo}",
            "subscriptions_url": "https://api.github.com/users/VirenMohindra/subscriptions",
            "organizations_url": "https://api.github.com/users/VirenMohindra/orgs",
            "repos_url": "https://api.github.com/users/VirenMohindra/repos",
            "events_url": "https://api.github.com/users/VirenMohindra/events{/privacy}",
            "received_events_url": "https://api.github.com/users/VirenMohindra/received_events",
            "type": "User",
            "user_view_type": "public",
            "site_admin": false
        },
        "labels": [],
        "state": "open",
        "locked": false,
        "assignee": null,
        "assignees": [],
        "milestone": null,
        "comments": 3,
        "created_at": "2018-09-10T22:17:00Z",
        "updated_at": "2018-09-11T14:46:13Z",
        "closed_at": null,
        "author_association": "CONTRIBUTOR",
        "sub_issues_summary": {
            "total": 0,
            "completed": 0,
            "percent_completed": 0
        },
        "active_lock_reason": null,
        "body": "What would be the easiest way to run this on startup? A bash script?\r\n\r\n`./aw-qt` is just fantastic, do you think this script should be made executable? Not sure how to proceed.\r\n\r\nAlso, if this can be added to the system tray that would really make it easier to see if its actually running.",
        "closed_by": null,
        "reactions": {
            "url": "https://api.github.com/repos/ActivityWatch/aw-watcher-spotify/issues/9/reactions",
            "total_count": 0,
            "+1": 0,
            "-1": 0,
            "laugh": 0,
            "hooray": 0,
            "confused": 0,
            "heart": 0,
            "rocket": 0,
            "eyes": 0
        },
        "timeline_url": "https://api.github.com/repos/ActivityWatch/aw-watcher-spotify/issues/9/timeline",
        "performed_via_github_app": null,
        "state_reason": null
    },
    {
        "url": "https://api.github.com/repos/ActivityWatch/aw-watcher-spotify/issues/7",
        "repository_url": "https://api.github.com/repos/ActivityWatch/aw-watcher-spotify",
        "labels_url": "https://api.github.com/repos/ActivityWatch/aw-watcher-spotify/issues/7/labels{/name}",
        "comments_url": "https://api.github.com/repos/ActivityWatch/aw-watcher-spotify/issues/7/comments",
        "events_url": "https://api.github.com/repos/ActivityWatch/aw-watcher-spotify/issues/7/events",
        "html_url": "https://github.com/ActivityWatch/aw-watcher-spotify/issues/7",
        "id": 327080433,
        "node_id": "MDU6SXNzdWUzMjcwODA0MzM=",
        "number": 7,
        "title": "API endpoint unreliable",
        "user": {
            "login": "ErikBjare",
            "id": 1405370,
            "node_id": "MDQ6VXNlcjE0MDUzNzA=",
            "avatar_url": "https://avatars.githubusercontent.com/u/1405370?v=4",
            "gravatar_id": "",
            "url": "https://api.github.com/users/ErikBjare",
            "html_url": "https://github.com/ErikBjare",
            "followers_url": "https://api.github.com/users/ErikBjare/followers",
            "following_url": "https://api.github.com/users/ErikBjare/following{/other_user}",
            "gists_url": "https://api.github.com/users/ErikBjare/gists{/gist_id}",
            "starred_url": "https://api.github.com/users/ErikBjare/starred{/owner}{/repo}",
            "subscriptions_url": "https://api.github.com/users/ErikBjare/subscriptions",
            "organizations_url": "https://api.github.com/users/ErikBjare/orgs",
            "repos_url": "https://api.github.com/users/ErikBjare/repos",
            "events_url": "https://api.github.com/users/ErikBjare/events{/privacy}",
            "received_events_url": "https://api.github.com/users/ErikBjare/received_events",
            "type": "User",
            "user_view_type": "public",
            "site_admin": false
        },
        "labels": [],
        "state": "open",
        "locked": false,
        "assignee": null,
        "assignees": [],
        "milestone": null,
        "comments": 0,
        "created_at": "2018-05-28T17:03:01Z",
        "updated_at": "2018-05-28T17:03:14Z",
        "closed_at": null,
        "author_association": "MEMBER",
        "sub_issues_summary": {
            "total": 0,
            "completed": 0,
            "percent_completed": 0
        },
        "active_lock_reason": null,
        "body": "We can't do anything about this, but I just listened to a bunch of music I've never heard before (for hours) and decided to check out the data when I noticed that the Spotify API had been returning the wrong song all along.\r\n\r\nI was using the Linux client, which might be the cause of the bug as it resolved itself when I switched songs on my phone.",
        "closed_by": null,
        "reactions": {
            "url": "https://api.github.com/repos/ActivityWatch/aw-watcher-spotify/issues/7/reactions",
            "total_count": 0,
            "+1": 0,
            "-1": 0,
            "laugh": 0,
            "hooray": 0,
            "confused": 0,
            "heart": 0,
            "rocket": 0,
            "eyes": 0
        },
        "timeline_url": "https://api.github.com/repos/ActivityWatch/aw-watcher-spotify/issues/7/timeline",
        "performed_via_github_app": null,
        "state_reason": null
    },
    {
        "url": "https://api.github.com/repos/ActivityWatch/aw-watcher-spotify/issues/6",
        "repository_url": "https://api.github.com/repos/ActivityWatch/aw-watcher-spotify",
        "labels_url": "https://api.github.com/repos/ActivityWatch/aw-watcher-spotify/issues/6/labels{/name}",
        "comments_url": "https://api.github.com/repos/ActivityWatch/aw-watcher-spotify/issues/6/comments",
        "events_url": "https://api.github.com/repos/ActivityWatch/aw-watcher-spotify/issues/6/events",
        "html_url": "https://github.com/ActivityWatch/aw-watcher-spotify/issues/6",
        "id": 313632126,
        "node_id": "MDU6SXNzdWUzMTM2MzIxMjY=",
        "number": 6,
        "title": "Suddenly stops getting currently playing track",
        "user": {
            "login": "ErikBjare",
            "id": 1405370,
            "node_id": "MDQ6VXNlcjE0MDUzNzA=",
            "avatar_url": "https://avatars.githubusercontent.com/u/1405370?v=4",
            "gravatar_id": "",
            "url": "https://api.github.com/users/ErikBjare",
            "html_url": "https://github.com/ErikBjare",
            "followers_url": "https://api.github.com/users/ErikBjare/followers",
            "following_url": "https://api.github.com/users/ErikBjare/following{/other_user}",
            "gists_url": "https://api.github.com/users/ErikBjare/gists{/gist_id}",
            "starred_url": "https://api.github.com/users/ErikBjare/starred{/owner}{/repo}",
            "subscriptions_url": "https://api.github.com/users/ErikBjare/subscriptions",
            "organizations_url": "https://api.github.com/users/ErikBjare/orgs",
            "repos_url": "https://api.github.com/users/ErikBjare/repos",
            "events_url": "https://api.github.com/users/ErikBjare/events{/privacy}",
            "received_events_url": "https://api.github.com/users/ErikBjare/received_events",
            "type": "User",
            "user_view_type": "public",
            "site_admin": false
        },
        "labels": [],
        "state": "open",
        "locked": false,
        "assignee": null,
        "assignees": [],
        "milestone": null,
        "comments": 1,
        "created_at": "2018-04-12T08:48:22Z",
        "updated_at": "2018-05-28T18:43:51Z",
        "closed_at": null,
        "author_association": "MEMBER",
        "sub_issues_summary": {
            "total": 0,
            "completed": 0,
            "percent_completed": 0
        },
        "active_lock_reason": null,
        "body": "So I've been running this on a server for a while now, and noticed how my currently playing song wasn't showing up (just \"Waiting for track to start playing\"). Weird, restarted and it worked again. No idea what could be the cause but it had been in that state for 20 days it seems so not a good sign.",
        "closed_by": null,
        "reactions": {
            "url": "https://api.github.com/repos/ActivityWatch/aw-watcher-spotify/issues/6/reactions",
            "total_count": 0,
            "+1": 0,
            "-1": 0,
            "laugh": 0,
            "hooray": 0,
            "confused": 0,
            "heart": 0,
            "rocket": 0,
            "eyes": 0
        },
        "timeline_url": "https://api.github.com/repos/ActivityWatch/aw-watcher-spotify/issues/6/timeline",
        "performed_via_github_app": null,
        "state_reason": null
    },
    {
        "url": "https://api.github.com/repos/ActivityWatch/aw-watcher-spotify/issues/4",
        "repository_url": "https://api.github.com/repos/ActivityWatch/aw-watcher-spotify",
        "labels_url": "https://api.github.com/repos/ActivityWatch/aw-watcher-spotify/issues/4/labels{/name}",
        "comments_url": "https://api.github.com/repos/ActivityWatch/aw-watcher-spotify/issues/4/comments",
        "events_url": "https://api.github.com/repos/ActivityWatch/aw-watcher-spotify/issues/4/events",
        "html_url": "https://github.com/ActivityWatch/aw-watcher-spotify/issues/4",
        "id": 254109244,
        "node_id": "MDU6SXNzdWUyNTQxMDkyNDQ=",
        "number": 4,
        "title": "Better management of API keys",
        "user": {
            "login": "ErikBjare",
            "id": 1405370,
            "node_id": "MDQ6VXNlcjE0MDUzNzA=",
            "avatar_url": "https://avatars.githubusercontent.com/u/1405370?v=4",
            "gravatar_id": "",
            "url": "https://api.github.com/users/ErikBjare",
            "html_url": "https://github.com/ErikBjare",
            "followers_url": "https://api.github.com/users/ErikBjare/followers",
            "following_url": "https://api.github.com/users/ErikBjare/following{/other_user}",
            "gists_url": "https://api.github.com/users/ErikBjare/gists{/gist_id}",
            "starred_url": "https://api.github.com/users/ErikBjare/starred{/owner}{/repo}",
            "subscriptions_url": "https://api.github.com/users/ErikBjare/subscriptions",
            "organizations_url": "https://api.github.com/users/ErikBjare/orgs",
            "repos_url": "https://api.github.com/users/ErikBjare/repos",
            "events_url": "https://api.github.com/users/ErikBjare/events{/privacy}",
            "received_events_url": "https://api.github.com/users/ErikBjare/received_events",
            "type": "User",
            "user_view_type": "public",
            "site_admin": false
        },
        "labels": [],
        "state": "open",
        "locked": false,
        "assignee": null,
        "assignees": [],
        "milestone": null,
        "comments": 0,
        "created_at": "2017-08-30T19:27:40Z",
        "updated_at": "2018-03-06T11:46:21Z",
        "closed_at": null,
        "author_association": "MEMBER",
        "sub_issues_summary": {
            "total": 0,
            "completed": 0,
            "percent_completed": 0
        },
        "active_lock_reason": null,
        "body": "aw-watcher-spotify can be a bit fiddly to set up. \r\n\r\n - [x] The README needs clear usage instructions\r\n - [ ] We could probably benefit from making the authentication experience easier",
        "closed_by": null,
        "reactions": {
            "url": "https://api.github.com/repos/ActivityWatch/aw-watcher-spotify/issues/4/reactions",
            "total_count": 0,
            "+1": 0,
            "-1": 0,
            "laugh": 0,
            "hooray": 0,
            "confused": 0,
            "heart": 0,
            "rocket": 0,
            "eyes": 0
        },
        "timeline_url": "https://api.github.com/repos/ActivityWatch/aw-watcher-spotify/issues/4/timeline",
        "performed_via_github_app": null,
        "state_reason": null
    },
    {
        "url": "https://api.github.com/repos/ActivityWatch/aw-watcher-spotify/issues/2",
        "repository_url": "https://api.github.com/repos/ActivityWatch/aw-watcher-spotify",
        "labels_url": "https://api.github.com/repos/ActivityWatch/aw-watcher-spotify/issues/2/labels{/name}",
        "comments_url": "https://api.github.com/repos/ActivityWatch/aw-watcher-spotify/issues/2/comments",
        "events_url": "https://api.github.com/repos/ActivityWatch/aw-watcher-spotify/issues/2/events",
        "html_url": "https://github.com/ActivityWatch/aw-watcher-spotify/issues/2",
        "id": 232039253,
        "node_id": "MDU6SXNzdWUyMzIwMzkyNTM=",
        "number": 2,
        "title": "JSONDecodeError",
        "user": {
            "login": "ErikBjare",
            "id": 1405370,
            "node_id": "MDQ6VXNlcjE0MDUzNzA=",
            "avatar_url": "https://avatars.githubusercontent.com/u/1405370?v=4",
            "gravatar_id": "",
            "url": "https://api.github.com/users/ErikBjare",
            "html_url": "https://github.com/ErikBjare",
            "followers_url": "https://api.github.com/users/ErikBjare/followers",
            "following_url": "https://api.github.com/users/ErikBjare/following{/other_user}",
            "gists_url": "https://api.github.com/users/ErikBjare/gists{/gist_id}",
            "starred_url": "https://api.github.com/users/ErikBjare/starred{/owner}{/repo}",
            "subscriptions_url": "https://api.github.com/users/ErikBjare/subscriptions",
            "organizations_url": "https://api.github.com/users/ErikBjare/orgs",
            "repos_url": "https://api.github.com/users/ErikBjare/repos",
            "events_url": "https://api.github.com/users/ErikBjare/events{/privacy}",
            "received_events_url": "https://api.github.com/users/ErikBjare/received_events",
            "type": "User",
            "user_view_type": "public",
            "site_admin": false
        },
        "labels": [],
        "state": "open",
        "locked": false,
        "assignee": null,
        "assignees": [],
        "milestone": null,
        "comments": 0,
        "created_at": "2017-05-29T14:34:40Z",
        "updated_at": "2017-05-29T14:34:40Z",
        "closed_at": null,
        "author_association": "MEMBER",
        "sub_issues_summary": {
            "total": 0,
            "completed": 0,
            "percent_completed": 0
        },
        "active_lock_reason": null,
        "body": "Had run fine for a few days, then this happened...\r\n\r\nObviously we got a null-response somehow, might need to catch the exception and retry.\r\n\r\n```\r\nTraceback (most recent call last):...\r\n  File \"/usr/lib/python3.5/runpy.py\", line 184, in _run_module_as_main\r\n    \"__main__\", mod_spec)\r\n  File \"/usr/lib/python3.5/runpy.py\", line 85, in _run_code\r\n    exec(code, run_globals)\r\n  File \"/home/erb/Programming/activitywatch/other/aw-watcher-spotify/aw_watcher_spotify/__main__.py\", line 8, in <module>\r\n    aw_watcher_spotify.main()\r\n  File \"/home/erb/Programming/activitywatch/other/aw-watcher-spotify/aw_watcher_spotify/main.py\", line 114, in main\r\n    track = get_current_track(sp)\r\n  File \"/home/erb/Programming/activitywatch/other/aw-watcher-spotify/aw_watcher_spotify/main.py\", line 33, in get_current_track\r\n    current_track = sp.current_user_playing_track()\r\n  File \"/home/erb/Programming/activitywatch/other/aw-watcher-spotify/aw_watcher_spotify/main.py\", line 24, in patch_current_track\r\n    return self._get('me/player/currently-playing')\r\n  File \"/home/erb/.local/lib/python3.5/site-packages/spotipy/client.py\", line 146, in _get\r\n    return self._internal_call('GET', url, payload, kwargs)\r\n  File \"/home/erb/.local/lib/python3.5/site-packages/spotipy/client.py\", line 123, in _internal_call\r\n    -1, '%s:\\n %s' % (r.url, r.json()['error']['message']),\r\n  File \"/home/erb/.local/lib/python3.5/site-packages/requests/models.py\", line 885, in json\r\n    return complexjson.loads(self.text, **kwargs)\r\n  File \"/usr/lib/python3.5/json/__init__.py\", line 319, in loads\r\n    return _default_decoder.decode(s)\r\n  File \"/usr/lib/python3.5/json/decoder.py\", line 339, in decode\r\n    obj, end = self.raw_decode(s, idx=_w(s, 0).end())\r\n  File \"/usr/lib/python3.5/json/decoder.py\", line 357, in raw_decode\r\n    raise JSONDecodeError(\"Expecting value\", s, err.value) from None\r\njson.decoder.JSONDecodeError: Expecting value: line 1 column 1 (char 0)\r\n```",
        "closed_by": null,
        "reactions": {
            "url": "https://api.github.com/repos/ActivityWatch/aw-watcher-spotify/issues/2/reactions",
            "total_count": 0,
            "+1": 0,
            "-1": 0,
            "laugh": 0,
            "hooray": 0,
            "confused": 0,
            "heart": 0,
            "rocket": 0,
            "eyes": 0
        },
        "timeline_url": "https://api.github.com/repos/ActivityWatch/aw-watcher-spotify/issues/2/timeline",
        "performed_via_github_app": null,
        "state_reason": null
    }
]