[
    {
        "url": "https://api.github.com/repos/ActivityWatch/aw-watcher-x11/issues/3",
        "repository_url": "https://api.github.com/repos/ActivityWatch/aw-watcher-x11",
        "labels_url": "https://api.github.com/repos/ActivityWatch/aw-watcher-x11/issues/3/labels{/name}",
        "comments_url": "https://api.github.com/repos/ActivityWatch/aw-watcher-x11/issues/3/comments",
        "events_url": "https://api.github.com/repos/ActivityWatch/aw-watcher-x11/issues/3/events",
        "html_url": "https://github.com/ActivityWatch/aw-watcher-x11/issues/3",
        "id": 170910028,
        "node_id": "MDU6SXNzdWUxNzA5MTAwMjg=",
        "number": 3,
        "title": "Duration field",
        "user": {
            "login": "johan-bjareholt",
            "id": 1398500,
            "node_id": "MDQ6VXNlcjEzOTg1MDA=",
            "avatar_url": "https://avatars.githubusercontent.com/u/1398500?v=4",
            "gravatar_id": "",
            "url": "https://api.github.com/users/johan-bjareholt",
            "html_url": "https://github.com/johan-bjareholt",
            "followers_url": "https://api.github.com/users/johan-bjareholt/followers",
            "following_url": "https://api.github.com/users/johan-bjareholt/following{/other_user}",
            "gists_url": "https://api.github.com/users/johan-bjareholt/gists{/gist_id}",
            "starred_url": "https://api.github.com/users/johan-bjareholt/starred{/owner}{/repo}",
            "subscriptions_url": "https://api.github.com/users/johan-bjareholt/subscriptions",
            "organizations_url": "https://api.github.com/users/johan-bjareholt/orgs",
            "repos_url": "https://api.github.com/users/johan-bjareholt/repos",
            "events_url": "https://api.github.com/users/johan-bjareholt/events{/privacy}",
            "received_events_url": "https://api.github.com/users/johan-bjareholt/received_events",
            "type": "User",
            "user_view_type": "public",
            "site_admin": false
        },
        "labels": [],
        "state": "open",
        "locked": true,
        "assignee": null,
        "assignees": [],
        "milestone": null,
        "comments": 0,
        "created_at": "2016-08-12T16:32:46Z",
        "updated_at": "2016-08-12T16:32:46Z",
        "closed_at": null,
        "author_association": "MEMBER",
        "sub_issues_summary": {
            "total": 0,
            "completed": 0,
            "percent_completed": 0
        },
        "active_lock_reason": null,
        "body": "Currently we only set timestamps, we need to set duration properly or else the data will be ugly to analyze\n",
        "closed_by": null,
        "reactions": {
            "url": "https://api.github.com/repos/ActivityWatch/aw-watcher-x11/issues/3/reactions",
            "total_count": 0,
            "+1": 0,
            "-1": 0,
            "laugh": 0,
            "hooray": 0,
            "confused": 0,
            "heart": 0,
            "rocket": 0,
            "eyes": 0
        },
        "timeline_url": "https://api.github.com/repos/ActivityWatch/aw-watcher-x11/issues/3/timeline",
        "performed_via_github_app": null,
        "state_reason": null
    },
    {
        "url": "https://api.github.com/repos/ActivityWatch/aw-watcher-x11/issues/2",
        "repository_url": "https://api.github.com/repos/ActivityWatch/aw-watcher-x11",
        "labels_url": "https://api.github.com/repos/ActivityWatch/aw-watcher-x11/issues/2/labels{/name}",
        "comments_url": "https://api.github.com/repos/ActivityWatch/aw-watcher-x11/issues/2/comments",
        "events_url": "https://api.github.com/repos/ActivityWatch/aw-watcher-x11/issues/2/events",
        "html_url": "https://github.com/ActivityWatch/aw-watcher-x11/issues/2",
        "id": 170906162,
        "node_id": "MDU6SXNzdWUxNzA5MDYxNjI=",
        "number": 2,
        "title": "Handle invalid xprop requests",
        "user": {
            "login": "johan-bjareholt",
            "id": 1398500,
            "node_id": "MDQ6VXNlcjEzOTg1MDA=",
            "avatar_url": "https://avatars.githubusercontent.com/u/1398500?v=4",
            "gravatar_id": "",
            "url": "https://api.github.com/users/johan-bjareholt",
            "html_url": "https://github.com/johan-bjareholt",
            "followers_url": "https://api.github.com/users/johan-bjareholt/followers",
            "following_url": "https://api.github.com/users/johan-bjareholt/following{/other_user}",
            "gists_url": "https://api.github.com/users/johan-bjareholt/gists{/gist_id}",
            "starred_url": "https://api.github.com/users/johan-bjareholt/starred{/owner}{/repo}",
            "subscriptions_url": "https://api.github.com/users/johan-bjareholt/subscriptions",
            "organizations_url": "https://api.github.com/users/johan-bjareholt/orgs",
            "repos_url": "https://api.github.com/users/johan-bjareholt/repos",
            "events_url": "https://api.github.com/users/johan-bjareholt/events{/privacy}",
            "received_events_url": "https://api.github.com/users/johan-bjareholt/received_events",
            "type": "User",
            "user_view_type": "public",
            "site_admin": false
        },
        "labels": [],
        "state": "open",
        "locked": true,
        "assignee": null,
        "assignees": [],
        "milestone": null,
        "comments": 0,
        "created_at": "2016-08-12T16:11:20Z",
        "updated_at": "2016-08-12T16:11:20Z",
        "closed_at": null,
        "author_association": "MEMBER",
        "sub_issues_summary": {
            "total": 0,
            "completed": 0,
            "percent_completed": 0
        },
        "active_lock_reason": null,
        "body": "Sometimes aw-watcher-x11 receives invalid requests from xprop, this needs to be handled\n\n```\nX Error of failed request:  BadWindow (invalid Window parameter)\n  Major opcode of failed request:  21 (X_ListProperties)\n  Resource id in failed request:  0x2a0000a\n  Serial number of failed request:  12\n  Current serial number in output stream:  12\nERROR:aw-watcher-x11:Exception thrown while trying to get active window: list index out of range\nTraceback (most recent call last):\n  File \"/home/johan/Programming/activitywatch/aw-watcher-x11/aw_watcher_x11/x11.py\", line 124, in main\n    current_window = get_windows([active_window_id], active_window_id)[0]\n  File \"/home/johan/Programming/activitywatch/aw-watcher-x11/aw_watcher_x11/x11.py\", line 95, in get_windows\n    return [get_window(wid, active_window=(wid == active_window_id)) for wid in wids]\n  File \"/home/johan/Programming/activitywatch/aw-watcher-x11/aw_watcher_x11/x11.py\", line 95, in <listcomp>\n    return [get_window(wid, active_window=(wid == active_window_id)) for wid in wids]\n  File \"/home/johan/Programming/activitywatch/aw-watcher-x11/aw_watcher_x11/x11.py\", line 83, in get_window\n    \"name\": get_xprop_field_str(\"WM_NAME\", s),\n  File \"/home/johan/Programming/activitywatch/aw-watcher-x11/aw_watcher_x11/x11.py\", line 63, in get_xprop_field_str\n    return get_xprop_field(fieldname, xprop_output)[0].strip('\"')\nIndexError: list index out of range\n\n```\n",
        "closed_by": null,
        "reactions": {
            "url": "https://api.github.com/repos/ActivityWatch/aw-watcher-x11/issues/2/reactions",
            "total_count": 0,
            "+1": 0,
            "-1": 0,
            "laugh": 0,
            "hooray": 0,
            "confused": 0,
            "heart": 0,
            "rocket": 0,
            "eyes": 0
        },
        "timeline_url": "https://api.github.com/repos/ActivityWatch/aw-watcher-x11/issues/2/timeline",
        "performed_via_github_app": null,
        "state_reason": null
    },
    {
        "url": "https://api.github.com/repos/ActivityWatch/aw-watcher-x11/issues/1",
        "repository_url": "https://api.github.com/repos/ActivityWatch/aw-watcher-x11",
        "labels_url": "https://api.github.com/repos/ActivityWatch/aw-watcher-x11/issues/1/labels{/name}",
        "comments_url": "https://api.github.com/repos/ActivityWatch/aw-watcher-x11/issues/1/comments",
        "events_url": "https://api.github.com/repos/ActivityWatch/aw-watcher-x11/issues/1/events",
        "html_url": "https://github.com/ActivityWatch/aw-watcher-x11/issues/1",
        "id": 164630559,
        "node_id": "MDU6SXNzdWUxNjQ2MzA1NTk=",
        "number": 1,
        "title": "Verify that xprop is installed",
        "user": {
            "login": "johan-bjareholt",
            "id": 1398500,
            "node_id": "MDQ6VXNlcjEzOTg1MDA=",
            "avatar_url": "https://avatars.githubusercontent.com/u/1398500?v=4",
            "gravatar_id": "",
            "url": "https://api.github.com/users/johan-bjareholt",
            "html_url": "https://github.com/johan-bjareholt",
            "followers_url": "https://api.github.com/users/johan-bjareholt/followers",
            "following_url": "https://api.github.com/users/johan-bjareholt/following{/other_user}",
            "gists_url": "https://api.github.com/users/johan-bjareholt/gists{/gist_id}",
            "starred_url": "https://api.github.com/users/johan-bjareholt/starred{/owner}{/repo}",
            "subscriptions_url": "https://api.github.com/users/johan-bjareholt/subscriptions",
            "organizations_url": "https://api.github.com/users/johan-bjareholt/orgs",
            "repos_url": "https://api.github.com/users/johan-bjareholt/repos",
            "events_url": "https://api.github.com/users/johan-bjareholt/events{/privacy}",
            "received_events_url": "https://api.github.com/users/johan-bjareholt/received_events",
            "type": "User",
            "user_view_type": "public",
            "site_admin": false
        },
        "labels": [],
        "state": "open",
        "locked": true,
        "assignee": null,
        "assignees": [],
        "milestone": null,
        "comments": 0,
        "created_at": "2016-07-08T22:49:52Z",
        "updated_at": "2016-07-08T22:49:52Z",
        "closed_at": null,
        "author_association": "MEMBER",
        "sub_issues_summary": {
            "total": 0,
            "completed": 0,
            "percent_completed": 0
        },
        "active_lock_reason": null,
        "body": "xprop is not a requirement for X, we need to check that it is installed and give a graceful error if it isn't installed.\n",
        "closed_by": null,
        "reactions": {
            "url": "https://api.github.com/repos/ActivityWatch/aw-watcher-x11/issues/1/reactions",
            "total_count": 0,
            "+1": 0,
            "-1": 0,
            "laugh": 0,
            "hooray": 0,
            "confused": 0,
            "heart": 0,
            "rocket": 0,
            "eyes": 0
        },
        "timeline_url": "https://api.github.com/repos/ActivityWatch/aw-watcher-x11/issues/1/timeline",
        "performed_via_github_app": null,
        "state_reason": null
    }
]