[
    {
        "url": "https://api.github.com/repos/ActivityWatch/aw-watcher-chromecast/issues/2",
        "repository_url": "https://api.github.com/repos/ActivityWatch/aw-watcher-chromecast",
        "labels_url": "https://api.github.com/repos/ActivityWatch/aw-watcher-chromecast/issues/2/labels{/name}",
        "comments_url": "https://api.github.com/repos/ActivityWatch/aw-watcher-chromecast/issues/2/comments",
        "events_url": "https://api.github.com/repos/ActivityWatch/aw-watcher-chromecast/issues/2/events",
        "html_url": "https://github.com/ActivityWatch/aw-watcher-chromecast/issues/2",
        "id": 259300313,
        "node_id": "MDU6SXNzdWUyNTkzMDAzMTM=",
        "number": 2,
        "title": "Fix actual ActivityWatch support",
        "user": {
            "login": "ErikBjare",
            "id": 1405370,
            "node_id": "MDQ6VXNlcjE0MDUzNzA=",
            "avatar_url": "https://avatars.githubusercontent.com/u/1405370?v=4",
            "gravatar_id": "",
            "url": "https://api.github.com/users/ErikBjare",
            "html_url": "https://github.com/ErikBjare",
            "followers_url": "https://api.github.com/users/ErikBjare/followers",
            "following_url": "https://api.github.com/users/ErikBjare/following{/other_user}",
            "gists_url": "https://api.github.com/users/ErikBjare/gists{/gist_id}",
            "starred_url": "https://api.github.com/users/ErikBjare/starred{/owner}{/repo}",
            "subscriptions_url": "https://api.github.com/users/ErikBjare/subscriptions",
            "organizations_url": "https://api.github.com/users/ErikBjare/orgs",
            "repos_url": "https://api.github.com/users/ErikBjare/repos",
            "events_url": "https://api.github.com/users/ErikBjare/events{/privacy}",
            "received_events_url": "https://api.github.com/users/ErikBjare/received_events",
            "type": "User",
            "user_view_type": "public",
            "site_admin": false
        },
        "labels": [],
        "state": "open",
        "locked": false,
        "assignee": null,
        "assignees": [],
        "milestone": null,
        "comments": 0,
        "created_at": "2017-09-20T20:59:54Z",
        "updated_at": "2017-09-20T20:59:54Z",
        "closed_at": null,
        "author_association": "MEMBER",
        "sub_issues_summary": {
            "total": 0,
            "completed": 0,
            "percent_completed": 0
        },
        "active_lock_reason": null,
        "body": "We're polling the Chromecast API, but we aren't sending it anywhere else than `stdout`.\r\n\r\nThat should be an easy and worthwhile fix.",
        "closed_by": null,
        "reactions": {
            "url": "https://api.github.com/repos/ActivityWatch/aw-watcher-chromecast/issues/2/reactions",
            "total_count": 0,
            "+1": 0,
            "-1": 0,
            "laugh": 0,
            "hooray": 0,
            "confused": 0,
            "heart": 0,
            "rocket": 0,
            "eyes": 0
        },
        "timeline_url": "https://api.github.com/repos/ActivityWatch/aw-watcher-chromecast/issues/2/timeline",
        "performed_via_github_app": null,
        "state_reason": null
    },
    {
        "url": "https://api.github.com/repos/ActivityWatch/aw-watcher-chromecast/issues/1",
        "repository_url": "https://api.github.com/repos/ActivityWatch/aw-watcher-chromecast",
        "labels_url": "https://api.github.com/repos/ActivityWatch/aw-watcher-chromecast/issues/1/labels{/name}",
        "comments_url": "https://api.github.com/repos/ActivityWatch/aw-watcher-chromecast/issues/1/comments",
        "events_url": "https://api.github.com/repos/ActivityWatch/aw-watcher-chromecast/issues/1/events",
        "html_url": "https://github.com/ActivityWatch/aw-watcher-chromecast/issues/1",
        "id": 259299678,
        "node_id": "MDU6SXNzdWUyNTkyOTk2Nzg=",
        "number": 1,
        "title": "How does Android TV work?",
        "user": {
            "login": "ErikBjare",
            "id": 1405370,
            "node_id": "MDQ6VXNlcjE0MDUzNzA=",
            "avatar_url": "https://avatars.githubusercontent.com/u/1405370?v=4",
            "gravatar_id": "",
            "url": "https://api.github.com/users/ErikBjare",
            "html_url": "https://github.com/ErikBjare",
            "followers_url": "https://api.github.com/users/ErikBjare/followers",
            "following_url": "https://api.github.com/users/ErikBjare/following{/other_user}",
            "gists_url": "https://api.github.com/users/ErikBjare/gists{/gist_id}",
            "starred_url": "https://api.github.com/users/ErikBjare/starred{/owner}{/repo}",
            "subscriptions_url": "https://api.github.com/users/ErikBjare/subscriptions",
            "organizations_url": "https://api.github.com/users/ErikBjare/orgs",
            "repos_url": "https://api.github.com/users/ErikBjare/repos",
            "events_url": "https://api.github.com/users/ErikBjare/events{/privacy}",
            "received_events_url": "https://api.github.com/users/ErikBjare/received_events",
            "type": "User",
            "user_view_type": "public",
            "site_admin": false
        },
        "labels": [],
        "state": "open",
        "locked": false,
        "assignee": null,
        "assignees": [],
        "milestone": null,
        "comments": 0,
        "created_at": "2017-09-20T20:57:36Z",
        "updated_at": "2017-09-20T20:57:36Z",
        "closed_at": null,
        "author_association": "MEMBER",
        "sub_issues_summary": {
            "total": 0,
            "completed": 0,
            "percent_completed": 0
        },
        "active_lock_reason": null,
        "body": "I recently bought and yesterday received a [Mi Box](http://www.mi.com/en/mibox/) that is essentially a Android TV device which also supports Cast (I guess most of them do?). It is however unclear how it behaves with the cast API in some minor ways. For instance: Can I see through the API if someone is playing YouTube using the remote? (not using casting)",
        "closed_by": null,
        "reactions": {
            "url": "https://api.github.com/repos/ActivityWatch/aw-watcher-chromecast/issues/1/reactions",
            "total_count": 0,
            "+1": 0,
            "-1": 0,
            "laugh": 0,
            "hooray": 0,
            "confused": 0,
            "heart": 0,
            "rocket": 0,
            "eyes": 0
        },
        "timeline_url": "https://api.github.com/repos/ActivityWatch/aw-watcher-chromecast/issues/1/timeline",
        "performed_via_github_app": null,
        "state_reason": null
    }
]