[
    {
        "url": "https://api.github.com/repos/ActivityWatch/aw-watcher-tmux/issues/1",
        "repository_url": "https://api.github.com/repos/ActivityWatch/aw-watcher-tmux",
        "labels_url": "https://api.github.com/repos/ActivityWatch/aw-watcher-tmux/issues/1/labels{/name}",
        "comments_url": "https://api.github.com/repos/ActivityWatch/aw-watcher-tmux/issues/1/comments",
        "events_url": "https://api.github.com/repos/ActivityWatch/aw-watcher-tmux/issues/1/events",
        "html_url": "https://github.com/ActivityWatch/aw-watcher-tmux/issues/1",
        "id": 394930203,
        "node_id": "MDU6SXNzdWUzOTQ5MzAyMDM=",
        "number": 1,
        "title": "Default port seems not to be standard and payload format may have changed",
        "user": {
            "login": "geekpete",
            "id": 2070843,
            "node_id": "MDQ6VXNlcjIwNzA4NDM=",
            "avatar_url": "https://avatars.githubusercontent.com/u/2070843?v=4",
            "gravatar_id": "",
            "url": "https://api.github.com/users/geekpete",
            "html_url": "https://github.com/geekpete",
            "followers_url": "https://api.github.com/users/geekpete/followers",
            "following_url": "https://api.github.com/users/geekpete/following{/other_user}",
            "gists_url": "https://api.github.com/users/geekpete/gists{/gist_id}",
            "starred_url": "https://api.github.com/users/geekpete/starred{/owner}{/repo}",
            "subscriptions_url": "https://api.github.com/users/geekpete/subscriptions",
            "organizations_url": "https://api.github.com/users/geekpete/orgs",
            "repos_url": "https://api.github.com/users/geekpete/repos",
            "events_url": "https://api.github.com/users/geekpete/events{/privacy}",
            "received_events_url": "https://api.github.com/users/geekpete/received_events",
            "type": "User",
            "user_view_type": "public",
            "site_admin": false
        },
        "labels": [],
        "state": "open",
        "locked": true,
        "assignee": null,
        "assignees": [],
        "milestone": null,
        "comments": 4,
        "created_at": "2018-12-31T05:11:50Z",
        "updated_at": "2019-02-17T18:46:02Z",
        "closed_at": null,
        "author_association": "NONE",
        "sub_issues_summary": {
            "total": 0,
            "completed": 0,
            "percent_completed": 0
        },
        "active_lock_reason": null,
        "body": "5666 isn't an open port when running the latest ActivityWatch on OSX.\r\n\r\nAdjusting to 5600 then shows:\r\n\r\n```\r\n{\r\n  \"errors\": {\r\n    \"timestamp\": \"'timestamp' is a required property\"\r\n  },\r\n  \"message\": \"Input payload validation failed\"\r\n}\r\n```",
        "closed_by": null,
        "reactions": {
            "url": "https://api.github.com/repos/ActivityWatch/aw-watcher-tmux/issues/1/reactions",
            "total_count": 1,
            "+1": 1,
            "-1": 0,
            "laugh": 0,
            "hooray": 0,
            "confused": 0,
            "heart": 0,
            "rocket": 0,
            "eyes": 0
        },
        "timeline_url": "https://api.github.com/repos/ActivityWatch/aw-watcher-tmux/issues/1/timeline",
        "performed_via_github_app": null,
        "state_reason": null
    }
]