[
    {
        "url": "https://api.github.com/repos/ActivityWatch/aw-client/issues/80",
        "repository_url": "https://api.github.com/repos/ActivityWatch/aw-client",
        "labels_url": "https://api.github.com/repos/ActivityWatch/aw-client/issues/80/labels{/name}",
        "comments_url": "https://api.github.com/repos/ActivityWatch/aw-client/issues/80/comments",
        "events_url": "https://api.github.com/repos/ActivityWatch/aw-client/issues/80/events",
        "html_url": "https://github.com/ActivityWatch/aw-client/pull/80",
        "id": 2028182011,
        "node_id": "PR_kwDOA2N29M5hSNub",
        "number": 80,
        "title": "ci: poetry caching and `python-version-file`",
        "user": {
            "login": "ErikBjare",
            "id": 1405370,
            "node_id": "MDQ6VXNlcjE0MDUzNzA=",
            "avatar_url": "https://avatars.githubusercontent.com/u/1405370?v=4",
            "gravatar_id": "",
            "url": "https://api.github.com/users/ErikBjare",
            "html_url": "https://github.com/ErikBjare",
            "followers_url": "https://api.github.com/users/ErikBjare/followers",
            "following_url": "https://api.github.com/users/ErikBjare/following{/other_user}",
            "gists_url": "https://api.github.com/users/ErikBjare/gists{/gist_id}",
            "starred_url": "https://api.github.com/users/ErikBjare/starred{/owner}{/repo}",
            "subscriptions_url": "https://api.github.com/users/ErikBjare/subscriptions",
            "organizations_url": "https://api.github.com/users/ErikBjare/orgs",
            "repos_url": "https://api.github.com/users/ErikBjare/repos",
            "events_url": "https://api.github.com/users/ErikBjare/events{/privacy}",
            "received_events_url": "https://api.github.com/users/ErikBjare/received_events",
            "type": "User",
            "user_view_type": "public",
            "site_admin": false
        },
        "labels": [],
        "state": "open",
        "locked": false,
        "assignee": null,
        "assignees": [],
        "milestone": null,
        "comments": 0,
        "created_at": "2023-12-06T10:03:56Z",
        "updated_at": "2024-09-29T18:08:26Z",
        "closed_at": null,
        "author_association": "MEMBER",
        "sub_issues_summary": {
            "total": 0,
            "completed": 0,
            "percent_completed": 0
        },
        "active_lock_reason": null,
        "draft": false,
        "pull_request": {
            "url": "https://api.github.com/repos/ActivityWatch/aw-client/pulls/80",
            "html_url": "https://github.com/ActivityWatch/aw-client/pull/80",
            "diff_url": "https://github.com/ActivityWatch/aw-client/pull/80.diff",
            "patch_url": "https://github.com/ActivityWatch/aw-client/pull/80.patch",
            "merged_at": null
        },
        "body": "Waiting for: https://github.com/actions/setup-python/pull/775",
        "closed_by": null,
        "reactions": {
            "url": "https://api.github.com/repos/ActivityWatch/aw-client/issues/80/reactions",
            "total_count": 0,
            "+1": 0,
            "-1": 0,
            "laugh": 0,
            "hooray": 0,
            "confused": 0,
            "heart": 0,
            "rocket": 0,
            "eyes": 0
        },
        "timeline_url": "https://api.github.com/repos/ActivityWatch/aw-client/issues/80/timeline",
        "performed_via_github_app": null,
        "state_reason": null
    },
    {
        "url": "https://api.github.com/repos/ActivityWatch/aw-client/issues/78",
        "repository_url": "https://api.github.com/repos/ActivityWatch/aw-client",
        "labels_url": "https://api.github.com/repos/ActivityWatch/aw-client/issues/78/labels{/name}",
        "comments_url": "https://api.github.com/repos/ActivityWatch/aw-client/issues/78/comments",
        "events_url": "https://api.github.com/repos/ActivityWatch/aw-client/issues/78/events",
        "html_url": "https://github.com/ActivityWatch/aw-client/pull/78",
        "id": 1896847296,
        "node_id": "PR_kwDOA2N29M5aW6PR",
        "number": 78,
        "title": "Return Event objects from insert_event(s) methods",
        "user": {
            "login": "Jackenmen",
            "id": 6032823,
            "node_id": "MDQ6VXNlcjYwMzI4MjM=",
            "avatar_url": "https://avatars.githubusercontent.com/u/6032823?v=4",
            "gravatar_id": "",
            "url": "https://api.github.com/users/Jackenmen",
            "html_url": "https://github.com/Jackenmen",
            "followers_url": "https://api.github.com/users/Jackenmen/followers",
            "following_url": "https://api.github.com/users/Jackenmen/following{/other_user}",
            "gists_url": "https://api.github.com/users/Jackenmen/gists{/gist_id}",
            "starred_url": "https://api.github.com/users/Jackenmen/starred{/owner}{/repo}",
            "subscriptions_url": "https://api.github.com/users/Jackenmen/subscriptions",
            "organizations_url": "https://api.github.com/users/Jackenmen/orgs",
            "repos_url": "https://api.github.com/users/Jackenmen/repos",
            "events_url": "https://api.github.com/users/Jackenmen/events{/privacy}",
            "received_events_url": "https://api.github.com/users/Jackenmen/received_events",
            "type": "User",
            "user_view_type": "public",
            "site_admin": false
        },
        "labels": [],
        "state": "open",
        "locked": false,
        "assignee": null,
        "assignees": [],
        "milestone": null,
        "comments": 0,
        "created_at": "2023-09-14T15:42:54Z",
        "updated_at": "2024-09-29T18:08:26Z",
        "closed_at": null,
        "author_association": "NONE",
        "sub_issues_summary": {
            "total": 0,
            "completed": 0,
            "percent_completed": 0
        },
        "active_lock_reason": null,
        "draft": false,
        "pull_request": {
            "url": "https://api.github.com/repos/ActivityWatch/aw-client/pulls/78",
            "html_url": "https://github.com/ActivityWatch/aw-client/pull/78",
            "diff_url": "https://github.com/ActivityWatch/aw-client/pull/78.diff",
            "patch_url": "https://github.com/ActivityWatch/aw-client/pull/78.patch",
            "merged_at": null
        },
        "body": "Fixes #77 \r\n\r\nLet me know here or in the mentioned issue whether there are any other methods that you would like me to modify.",
        "closed_by": null,
        "reactions": {
            "url": "https://api.github.com/repos/ActivityWatch/aw-client/issues/78/reactions",
            "total_count": 0,
            "+1": 0,
            "-1": 0,
            "laugh": 0,
            "hooray": 0,
            "confused": 0,
            "heart": 0,
            "rocket": 0,
            "eyes": 0
        },
        "timeline_url": "https://api.github.com/repos/ActivityWatch/aw-client/issues/78/timeline",
        "performed_via_github_app": null,
        "state_reason": null
    },
    {
        "url": "https://api.github.com/repos/ActivityWatch/aw-client/issues/77",
        "repository_url": "https://api.github.com/repos/ActivityWatch/aw-client",
        "labels_url": "https://api.github.com/repos/ActivityWatch/aw-client/issues/77/labels{/name}",
        "comments_url": "https://api.github.com/repos/ActivityWatch/aw-client/issues/77/comments",
        "events_url": "https://api.github.com/repos/ActivityWatch/aw-client/issues/77/events",
        "html_url": "https://github.com/ActivityWatch/aw-client/issues/77",
        "id": 1896843591,
        "node_id": "I_kwDOA2N29M5xD4lH",
        "number": 77,
        "title": "Return response data from insert_event(s) methods",
        "user": {
            "login": "Jackenmen",
            "id": 6032823,
            "node_id": "MDQ6VXNlcjYwMzI4MjM=",
            "avatar_url": "https://avatars.githubusercontent.com/u/6032823?v=4",
            "gravatar_id": "",
            "url": "https://api.github.com/users/Jackenmen",
            "html_url": "https://github.com/Jackenmen",
            "followers_url": "https://api.github.com/users/Jackenmen/followers",
            "following_url": "https://api.github.com/users/Jackenmen/following{/other_user}",
            "gists_url": "https://api.github.com/users/Jackenmen/gists{/gist_id}",
            "starred_url": "https://api.github.com/users/Jackenmen/starred{/owner}{/repo}",
            "subscriptions_url": "https://api.github.com/users/Jackenmen/subscriptions",
            "organizations_url": "https://api.github.com/users/Jackenmen/orgs",
            "repos_url": "https://api.github.com/users/Jackenmen/repos",
            "events_url": "https://api.github.com/users/Jackenmen/events{/privacy}",
            "received_events_url": "https://api.github.com/users/Jackenmen/received_events",
            "type": "User",
            "user_view_type": "public",
            "site_admin": false
        },
        "labels": [],
        "state": "open",
        "locked": false,
        "assignee": null,
        "assignees": [],
        "milestone": null,
        "comments": 0,
        "created_at": "2023-09-14T15:40:39Z",
        "updated_at": "2023-09-14T15:40:39Z",
        "closed_at": null,
        "author_association": "NONE",
        "sub_issues_summary": {
            "total": 0,
            "completed": 0,
            "percent_completed": 0
        },
        "active_lock_reason": null,
        "body": "Perhaps there are more cases where this makes sense but this one in particular would be great to have.",
        "closed_by": null,
        "reactions": {
            "url": "https://api.github.com/repos/ActivityWatch/aw-client/issues/77/reactions",
            "total_count": 0,
            "+1": 0,
            "-1": 0,
            "laugh": 0,
            "hooray": 0,
            "confused": 0,
            "heart": 0,
            "rocket": 0,
            "eyes": 0
        },
        "timeline_url": "https://api.github.com/repos/ActivityWatch/aw-client/issues/77/timeline",
        "performed_via_github_app": null,
        "state_reason": null
    },
    {
        "url": "https://api.github.com/repos/ActivityWatch/aw-client/issues/74",
        "repository_url": "https://api.github.com/repos/ActivityWatch/aw-client",
        "labels_url": "https://api.github.com/repos/ActivityWatch/aw-client/issues/74/labels{/name}",
        "comments_url": "https://api.github.com/repos/ActivityWatch/aw-client/issues/74/comments",
        "events_url": "https://api.github.com/repos/ActivityWatch/aw-client/issues/74/events",
        "html_url": "https://github.com/ActivityWatch/aw-client/pull/74",
        "id": 1760399322,
        "node_id": "PR_kwDOA2N29M5TLbCl",
        "number": 74,
        "title": "Allow one to specify server endpoint in config",
        "user": {
            "login": "shouya",
            "id": 526598,
            "node_id": "MDQ6VXNlcjUyNjU5OA==",
            "avatar_url": "https://avatars.githubusercontent.com/u/526598?v=4",
            "gravatar_id": "",
            "url": "https://api.github.com/users/shouya",
            "html_url": "https://github.com/shouya",
            "followers_url": "https://api.github.com/users/shouya/followers",
            "following_url": "https://api.github.com/users/shouya/following{/other_user}",
            "gists_url": "https://api.github.com/users/shouya/gists{/gist_id}",
            "starred_url": "https://api.github.com/users/shouya/starred{/owner}{/repo}",
            "subscriptions_url": "https://api.github.com/users/shouya/subscriptions",
            "organizations_url": "https://api.github.com/users/shouya/orgs",
            "repos_url": "https://api.github.com/users/shouya/repos",
            "events_url": "https://api.github.com/users/shouya/events{/privacy}",
            "received_events_url": "https://api.github.com/users/shouya/received_events",
            "type": "User",
            "user_view_type": "public",
            "site_admin": false
        },
        "labels": [],
        "state": "open",
        "locked": false,
        "assignee": null,
        "assignees": [],
        "milestone": null,
        "comments": 0,
        "created_at": "2023-06-16T11:05:21Z",
        "updated_at": "2024-09-29T18:08:26Z",
        "closed_at": null,
        "author_association": "NONE",
        "sub_issues_summary": {
            "total": 0,
            "completed": 0,
            "percent_completed": 0
        },
        "active_lock_reason": null,
        "draft": false,
        "pull_request": {
            "url": "https://api.github.com/repos/ActivityWatch/aw-client/pulls/74",
            "html_url": "https://github.com/ActivityWatch/aw-client/pull/74",
            "diff_url": "https://github.com/ActivityWatch/aw-client/pull/74.diff",
            "patch_url": "https://github.com/ActivityWatch/aw-client/pull/74.patch",
            "merged_at": null
        },
        "body": "I'm experimenting running aw-server-rust from my home k8s network, with a tls enabled ingress. However, when I trying point my local aw-client to the server I find no success - the config doesn't seem to allow me to specify an https endpoint address. Peeking into the code seems to indicate that the endpoint is hard-coded by stitching up a default protocol, and the host, port from config.\r\n\r\nI guess there is no reason that it cannot support https, so I patched the source code like this. Now it worked perfectly for me. Would you like to accept it to the upstream?",
        "closed_by": null,
        "reactions": {
            "url": "https://api.github.com/repos/ActivityWatch/aw-client/issues/74/reactions",
            "total_count": 0,
            "+1": 0,
            "-1": 0,
            "laugh": 0,
            "hooray": 0,
            "confused": 0,
            "heart": 0,
            "rocket": 0,
            "eyes": 0
        },
        "timeline_url": "https://api.github.com/repos/ActivityWatch/aw-client/issues/74/timeline",
        "performed_via_github_app": null,
        "state_reason": null
    },
    {
        "url": "https://api.github.com/repos/ActivityWatch/aw-client/issues/67",
        "repository_url": "https://api.github.com/repos/ActivityWatch/aw-client",
        "labels_url": "https://api.github.com/repos/ActivityWatch/aw-client/issues/67/labels{/name}",
        "comments_url": "https://api.github.com/repos/ActivityWatch/aw-client/issues/67/comments",
        "events_url": "https://api.github.com/repos/ActivityWatch/aw-client/issues/67/events",
        "html_url": "https://github.com/ActivityWatch/aw-client/pull/67",
        "id": 1352490905,
        "node_id": "PR_kwDOA2N29M494QFW",
        "number": 67,
        "title": "Add matrix clients to Comms::IM list",
        "user": {
            "login": "hooger",
            "id": 12232146,
            "node_id": "MDQ6VXNlcjEyMjMyMTQ2",
            "avatar_url": "https://avatars.githubusercontent.com/u/12232146?v=4",
            "gravatar_id": "",
            "url": "https://api.github.com/users/hooger",
            "html_url": "https://github.com/hooger",
            "followers_url": "https://api.github.com/users/hooger/followers",
            "following_url": "https://api.github.com/users/hooger/following{/other_user}",
            "gists_url": "https://api.github.com/users/hooger/gists{/gist_id}",
            "starred_url": "https://api.github.com/users/hooger/starred{/owner}{/repo}",
            "subscriptions_url": "https://api.github.com/users/hooger/subscriptions",
            "organizations_url": "https://api.github.com/users/hooger/orgs",
            "repos_url": "https://api.github.com/users/hooger/repos",
            "events_url": "https://api.github.com/users/hooger/events{/privacy}",
            "received_events_url": "https://api.github.com/users/hooger/received_events",
            "type": "User",
            "user_view_type": "public",
            "site_admin": false
        },
        "labels": [],
        "state": "open",
        "locked": false,
        "assignee": null,
        "assignees": [],
        "milestone": null,
        "comments": 0,
        "created_at": "2022-08-26T16:38:57Z",
        "updated_at": "2024-09-29T18:08:26Z",
        "closed_at": null,
        "author_association": "NONE",
        "sub_issues_summary": {
            "total": 0,
            "completed": 0,
            "percent_completed": 0
        },
        "active_lock_reason": null,
        "draft": false,
        "pull_request": {
            "url": "https://api.github.com/repos/ActivityWatch/aw-client/pulls/67",
            "html_url": "https://github.com/ActivityWatch/aw-client/pull/67",
            "diff_url": "https://github.com/ActivityWatch/aw-client/pull/67.diff",
            "patch_url": "https://github.com/ActivityWatch/aw-client/pull/67.patch",
            "merged_at": null
        },
        "body": "Element and NeoChat are added to the list.",
        "closed_by": null,
        "reactions": {
            "url": "https://api.github.com/repos/ActivityWatch/aw-client/issues/67/reactions",
            "total_count": 0,
            "+1": 0,
            "-1": 0,
            "laugh": 0,
            "hooray": 0,
            "confused": 0,
            "heart": 0,
            "rocket": 0,
            "eyes": 0
        },
        "timeline_url": "https://api.github.com/repos/ActivityWatch/aw-client/issues/67/timeline",
        "performed_via_github_app": null,
        "state_reason": null
    },
    {
        "url": "https://api.github.com/repos/ActivityWatch/aw-client/issues/41",
        "repository_url": "https://api.github.com/repos/ActivityWatch/aw-client",
        "labels_url": "https://api.github.com/repos/ActivityWatch/aw-client/issues/41/labels{/name}",
        "comments_url": "https://api.github.com/repos/ActivityWatch/aw-client/issues/41/comments",
        "events_url": "https://api.github.com/repos/ActivityWatch/aw-client/issues/41/events",
        "html_url": "https://github.com/ActivityWatch/aw-client/issues/41",
        "id": 417427046,
        "node_id": "MDU6SXNzdWU0MTc0MjcwNDY=",
        "number": 41,
        "title": "Better support systems running with a proxy",
        "user": {
            "login": "johan-bjareholt",
            "id": 1398500,
            "node_id": "MDQ6VXNlcjEzOTg1MDA=",
            "avatar_url": "https://avatars.githubusercontent.com/u/1398500?v=4",
            "gravatar_id": "",
            "url": "https://api.github.com/users/johan-bjareholt",
            "html_url": "https://github.com/johan-bjareholt",
            "followers_url": "https://api.github.com/users/johan-bjareholt/followers",
            "following_url": "https://api.github.com/users/johan-bjareholt/following{/other_user}",
            "gists_url": "https://api.github.com/users/johan-bjareholt/gists{/gist_id}",
            "starred_url": "https://api.github.com/users/johan-bjareholt/starred{/owner}{/repo}",
            "subscriptions_url": "https://api.github.com/users/johan-bjareholt/subscriptions",
            "organizations_url": "https://api.github.com/users/johan-bjareholt/orgs",
            "repos_url": "https://api.github.com/users/johan-bjareholt/repos",
            "events_url": "https://api.github.com/users/johan-bjareholt/events{/privacy}",
            "received_events_url": "https://api.github.com/users/johan-bjareholt/received_events",
            "type": "User",
            "user_view_type": "public",
            "site_admin": false
        },
        "labels": [],
        "state": "open",
        "locked": false,
        "assignee": null,
        "assignees": [],
        "milestone": null,
        "comments": 5,
        "created_at": "2019-03-05T18:02:10Z",
        "updated_at": "2020-11-12T15:06:44Z",
        "closed_at": null,
        "author_association": "MEMBER",
        "sub_issues_summary": {
            "total": 0,
            "completed": 0,
            "percent_completed": 0
        },
        "active_lock_reason": null,
        "body": "Should we add a config option for proxy or should we ignore the systems default proxy?\r\n\r\nhttps://github.com/ActivityWatch/activitywatch/issues/266",
        "closed_by": null,
        "reactions": {
            "url": "https://api.github.com/repos/ActivityWatch/aw-client/issues/41/reactions",
            "total_count": 0,
            "+1": 0,
            "-1": 0,
            "laugh": 0,
            "hooray": 0,
            "confused": 0,
            "heart": 0,
            "rocket": 0,
            "eyes": 0
        },
        "timeline_url": "https://api.github.com/repos/ActivityWatch/aw-client/issues/41/timeline",
        "performed_via_github_app": null,
        "state_reason": null
    },
    {
        "url": "https://api.github.com/repos/ActivityWatch/aw-client/issues/37",
        "repository_url": "https://api.github.com/repos/ActivityWatch/aw-client",
        "labels_url": "https://api.github.com/repos/ActivityWatch/aw-client/issues/37/labels{/name}",
        "comments_url": "https://api.github.com/repos/ActivityWatch/aw-client/issues/37/comments",
        "events_url": "https://api.github.com/repos/ActivityWatch/aw-client/issues/37/events",
        "html_url": "https://github.com/ActivityWatch/aw-client/issues/37",
        "id": 337949346,
        "node_id": "MDU6SXNzdWUzMzc5NDkzNDY=",
        "number": 37,
        "title": "Cannot create_bucket with queued=True",
        "user": {
            "login": "Otto-AA",
            "id": 21040751,
            "node_id": "MDQ6VXNlcjIxMDQwNzUx",
            "avatar_url": "https://avatars.githubusercontent.com/u/21040751?v=4",
            "gravatar_id": "",
            "url": "https://api.github.com/users/Otto-AA",
            "html_url": "https://github.com/Otto-AA",
            "followers_url": "https://api.github.com/users/Otto-AA/followers",
            "following_url": "https://api.github.com/users/Otto-AA/following{/other_user}",
            "gists_url": "https://api.github.com/users/Otto-AA/gists{/gist_id}",
            "starred_url": "https://api.github.com/users/Otto-AA/starred{/owner}{/repo}",
            "subscriptions_url": "https://api.github.com/users/Otto-AA/subscriptions",
            "organizations_url": "https://api.github.com/users/Otto-AA/orgs",
            "repos_url": "https://api.github.com/users/Otto-AA/repos",
            "events_url": "https://api.github.com/users/Otto-AA/events{/privacy}",
            "received_events_url": "https://api.github.com/users/Otto-AA/received_events",
            "type": "User",
            "user_view_type": "public",
            "site_admin": false
        },
        "labels": [],
        "state": "open",
        "locked": false,
        "assignee": null,
        "assignees": [],
        "milestone": null,
        "comments": 11,
        "created_at": "2018-07-03T15:28:10Z",
        "updated_at": "2018-07-04T12:48:20Z",
        "closed_at": null,
        "author_association": "NONE",
        "sub_issues_summary": {
            "total": 0,
            "completed": 0,
            "percent_completed": 0
        },
        "active_lock_reason": null,
        "body": "When using `queued=True` the client doesn't send the create_bucket request to the server.\r\n\r\n### Steps to reproduce:\r\n1. Start aw-server in testing mode: `aw-server --testing --verbose`\r\n\r\n2. Run following python script:\r\n```python\r\nfrom aw_client import ActivityWatchClient\r\nclient = ActivityWatchClient(\"test-client\", True)\r\nclient.create_bucket('test-bucket_{}'.format(client.hostname), event_type='test-event-type', queued=True)\r\n```\r\n\r\n### Expected behaviour\r\nA bucket is created.\r\n\r\n### Context\r\n- Ubuntu 18.04 LTS\r\n- python3\r\n- Versions: unknown (can look up if necessary)",
        "closed_by": null,
        "reactions": {
            "url": "https://api.github.com/repos/ActivityWatch/aw-client/issues/37/reactions",
            "total_count": 0,
            "+1": 0,
            "-1": 0,
            "laugh": 0,
            "hooray": 0,
            "confused": 0,
            "heart": 0,
            "rocket": 0,
            "eyes": 0
        },
        "timeline_url": "https://api.github.com/repos/ActivityWatch/aw-client/issues/37/timeline",
        "performed_via_github_app": null,
        "state_reason": null
    },
    {
        "url": "https://api.github.com/repos/ActivityWatch/aw-client/issues/32",
        "repository_url": "https://api.github.com/repos/ActivityWatch/aw-client",
        "labels_url": "https://api.github.com/repos/ActivityWatch/aw-client/issues/32/labels{/name}",
        "comments_url": "https://api.github.com/repos/ActivityWatch/aw-client/issues/32/comments",
        "events_url": "https://api.github.com/repos/ActivityWatch/aw-client/issues/32/events",
        "html_url": "https://github.com/ActivityWatch/aw-client/issues/32",
        "id": 322503065,
        "node_id": "MDU6SXNzdWUzMjI1MDMwNjU=",
        "number": 32,
        "title": "Send heartbeats from queue as batches",
        "user": {
            "login": "johan-bjareholt",
            "id": 1398500,
            "node_id": "MDQ6VXNlcjEzOTg1MDA=",
            "avatar_url": "https://avatars.githubusercontent.com/u/1398500?v=4",
            "gravatar_id": "",
            "url": "https://api.github.com/users/johan-bjareholt",
            "html_url": "https://github.com/johan-bjareholt",
            "followers_url": "https://api.github.com/users/johan-bjareholt/followers",
            "following_url": "https://api.github.com/users/johan-bjareholt/following{/other_user}",
            "gists_url": "https://api.github.com/users/johan-bjareholt/gists{/gist_id}",
            "starred_url": "https://api.github.com/users/johan-bjareholt/starred{/owner}{/repo}",
            "subscriptions_url": "https://api.github.com/users/johan-bjareholt/subscriptions",
            "organizations_url": "https://api.github.com/users/johan-bjareholt/orgs",
            "repos_url": "https://api.github.com/users/johan-bjareholt/repos",
            "events_url": "https://api.github.com/users/johan-bjareholt/events{/privacy}",
            "received_events_url": "https://api.github.com/users/johan-bjareholt/received_events",
            "type": "User",
            "user_view_type": "public",
            "site_admin": false
        },
        "labels": [
            {
                "id": 362450106,
                "node_id": "MDU6TGFiZWwzNjI0NTAxMDY=",
                "url": "https://api.github.com/repos/ActivityWatch/aw-client/labels/enhancement",
                "name": "enhancement",
                "color": "84b6eb",
                "default": true,
                "description": null
            }
        ],
        "state": "open",
        "locked": false,
        "assignee": null,
        "assignees": [],
        "milestone": null,
        "comments": 0,
        "created_at": "2018-05-12T11:14:11Z",
        "updated_at": "2018-05-12T11:14:11Z",
        "closed_at": null,
        "author_association": "MEMBER",
        "sub_issues_summary": {
            "total": 0,
            "completed": 0,
            "percent_completed": 0
        },
        "active_lock_reason": null,
        "body": "Will improve performance greatly when the queue is long",
        "closed_by": null,
        "reactions": {
            "url": "https://api.github.com/repos/ActivityWatch/aw-client/issues/32/reactions",
            "total_count": 0,
            "+1": 0,
            "-1": 0,
            "laugh": 0,
            "hooray": 0,
            "confused": 0,
            "heart": 0,
            "rocket": 0,
            "eyes": 0
        },
        "timeline_url": "https://api.github.com/repos/ActivityWatch/aw-client/issues/32/timeline",
        "performed_via_github_app": null,
        "state_reason": null
    },
    {
        "url": "https://api.github.com/repos/ActivityWatch/aw-client/issues/24",
        "repository_url": "https://api.github.com/repos/ActivityWatch/aw-client",
        "labels_url": "https://api.github.com/repos/ActivityWatch/aw-client/issues/24/labels{/name}",
        "comments_url": "https://api.github.com/repos/ActivityWatch/aw-client/issues/24/comments",
        "events_url": "https://api.github.com/repos/ActivityWatch/aw-client/issues/24/events",
        "html_url": "https://github.com/ActivityWatch/aw-client/issues/24",
        "id": 273131066,
        "node_id": "MDU6SXNzdWUyNzMxMzEwNjY=",
        "number": 24,
        "title": "Implement some \"wait for queue to empty\" call",
        "user": {
            "login": "johan-bjareholt",
            "id": 1398500,
            "node_id": "MDQ6VXNlcjEzOTg1MDA=",
            "avatar_url": "https://avatars.githubusercontent.com/u/1398500?v=4",
            "gravatar_id": "",
            "url": "https://api.github.com/users/johan-bjareholt",
            "html_url": "https://github.com/johan-bjareholt",
            "followers_url": "https://api.github.com/users/johan-bjareholt/followers",
            "following_url": "https://api.github.com/users/johan-bjareholt/following{/other_user}",
            "gists_url": "https://api.github.com/users/johan-bjareholt/gists{/gist_id}",
            "starred_url": "https://api.github.com/users/johan-bjareholt/starred{/owner}{/repo}",
            "subscriptions_url": "https://api.github.com/users/johan-bjareholt/subscriptions",
            "organizations_url": "https://api.github.com/users/johan-bjareholt/orgs",
            "repos_url": "https://api.github.com/users/johan-bjareholt/repos",
            "events_url": "https://api.github.com/users/johan-bjareholt/events{/privacy}",
            "received_events_url": "https://api.github.com/users/johan-bjareholt/received_events",
            "type": "User",
            "user_view_type": "public",
            "site_admin": false
        },
        "labels": [
            {
                "id": 362450106,
                "node_id": "MDU6TGFiZWwzNjI0NTAxMDY=",
                "url": "https://api.github.com/repos/ActivityWatch/aw-client/labels/enhancement",
                "name": "enhancement",
                "color": "84b6eb",
                "default": true,
                "description": null
            }
        ],
        "state": "open",
        "locked": false,
        "assignee": null,
        "assignees": [],
        "milestone": null,
        "comments": 0,
        "created_at": "2017-11-11T08:55:05Z",
        "updated_at": "2017-11-11T08:56:00Z",
        "closed_at": null,
        "author_association": "MEMBER",
        "sub_issues_summary": {
            "total": 0,
            "completed": 0,
            "percent_completed": 0
        },
        "active_lock_reason": null,
        "body": "Currently the example watcher waits for 1 second to make sure that the events are dispatched from the queue, would be nice if we could have a \"wait for queue to empty\" function which waits for the queue to empty if connected and instantly return if queue isn't running.",
        "closed_by": null,
        "reactions": {
            "url": "https://api.github.com/repos/ActivityWatch/aw-client/issues/24/reactions",
            "total_count": 1,
            "+1": 1,
            "-1": 0,
            "laugh": 0,
            "hooray": 0,
            "confused": 0,
            "heart": 0,
            "rocket": 0,
            "eyes": 0
        },
        "timeline_url": "https://api.github.com/repos/ActivityWatch/aw-client/issues/24/timeline",
        "performed_via_github_app": null,
        "state_reason": null
    },
    {
        "url": "https://api.github.com/repos/ActivityWatch/aw-client/issues/8",
        "repository_url": "https://api.github.com/repos/ActivityWatch/aw-client",
        "labels_url": "https://api.github.com/repos/ActivityWatch/aw-client/issues/8/labels{/name}",
        "comments_url": "https://api.github.com/repos/ActivityWatch/aw-client/issues/8/comments",
        "events_url": "https://api.github.com/repos/ActivityWatch/aw-client/issues/8/events",
        "html_url": "https://github.com/ActivityWatch/aw-client/issues/8",
        "id": 210304305,
        "node_id": "MDU6SXNzdWUyMTAzMDQzMDU=",
        "number": 8,
        "title": "Crashes if no space left on device",
        "user": {
            "login": "ErikBjare",
            "id": 1405370,
            "node_id": "MDQ6VXNlcjE0MDUzNzA=",
            "avatar_url": "https://avatars.githubusercontent.com/u/1405370?v=4",
            "gravatar_id": "",
            "url": "https://api.github.com/users/ErikBjare",
            "html_url": "https://github.com/ErikBjare",
            "followers_url": "https://api.github.com/users/ErikBjare/followers",
            "following_url": "https://api.github.com/users/ErikBjare/following{/other_user}",
            "gists_url": "https://api.github.com/users/ErikBjare/gists{/gist_id}",
            "starred_url": "https://api.github.com/users/ErikBjare/starred{/owner}{/repo}",
            "subscriptions_url": "https://api.github.com/users/ErikBjare/subscriptions",
            "organizations_url": "https://api.github.com/users/ErikBjare/orgs",
            "repos_url": "https://api.github.com/users/ErikBjare/repos",
            "events_url": "https://api.github.com/users/ErikBjare/events{/privacy}",
            "received_events_url": "https://api.github.com/users/ErikBjare/received_events",
            "type": "User",
            "user_view_type": "public",
            "site_admin": false
        },
        "labels": [],
        "state": "open",
        "locked": false,
        "assignee": null,
        "assignees": [],
        "milestone": null,
        "comments": 2,
        "created_at": "2017-02-26T09:55:44Z",
        "updated_at": "2017-07-17T14:38:01Z",
        "closed_at": null,
        "author_association": "MEMBER",
        "sub_issues_summary": {
            "total": 0,
            "completed": 0,
            "percent_completed": 0
        },
        "active_lock_reason": null,
        "body": "I got an `OSError` at line 166 and 146 when diskspace ran out temporarily.",
        "closed_by": null,
        "reactions": {
            "url": "https://api.github.com/repos/ActivityWatch/aw-client/issues/8/reactions",
            "total_count": 0,
            "+1": 0,
            "-1": 0,
            "laugh": 0,
            "hooray": 0,
            "confused": 0,
            "heart": 0,
            "rocket": 0,
            "eyes": 0
        },
        "timeline_url": "https://api.github.com/repos/ActivityWatch/aw-client/issues/8/timeline",
        "performed_via_github_app": null,
        "state_reason": null
    },
    {
        "url": "https://api.github.com/repos/ActivityWatch/aw-client/issues/7",
        "repository_url": "https://api.github.com/repos/ActivityWatch/aw-client",
        "labels_url": "https://api.github.com/repos/ActivityWatch/aw-client/issues/7/labels{/name}",
        "comments_url": "https://api.github.com/repos/ActivityWatch/aw-client/issues/7/comments",
        "events_url": "https://api.github.com/repos/ActivityWatch/aw-client/issues/7/events",
        "html_url": "https://github.com/ActivityWatch/aw-client/issues/7",
        "id": 204543421,
        "node_id": "MDU6SXNzdWUyMDQ1NDM0MjE=",
        "number": 7,
        "title": "Many heartbeats and a unavailable server might lead to queue clogging",
        "user": {
            "login": "ErikBjare",
            "id": 1405370,
            "node_id": "MDQ6VXNlcjE0MDUzNzA=",
            "avatar_url": "https://avatars.githubusercontent.com/u/1405370?v=4",
            "gravatar_id": "",
            "url": "https://api.github.com/users/ErikBjare",
            "html_url": "https://github.com/ErikBjare",
            "followers_url": "https://api.github.com/users/ErikBjare/followers",
            "following_url": "https://api.github.com/users/ErikBjare/following{/other_user}",
            "gists_url": "https://api.github.com/users/ErikBjare/gists{/gist_id}",
            "starred_url": "https://api.github.com/users/ErikBjare/starred{/owner}{/repo}",
            "subscriptions_url": "https://api.github.com/users/ErikBjare/subscriptions",
            "organizations_url": "https://api.github.com/users/ErikBjare/orgs",
            "repos_url": "https://api.github.com/users/ErikBjare/repos",
            "events_url": "https://api.github.com/users/ErikBjare/events{/privacy}",
            "received_events_url": "https://api.github.com/users/ErikBjare/received_events",
            "type": "User",
            "user_view_type": "public",
            "site_admin": false
        },
        "labels": [],
        "state": "open",
        "locked": false,
        "assignee": null,
        "assignees": [],
        "milestone": null,
        "comments": 0,
        "created_at": "2017-02-01T10:14:47Z",
        "updated_at": "2017-02-01T10:14:55Z",
        "closed_at": null,
        "author_association": "MEMBER",
        "sub_issues_summary": {
            "total": 0,
            "completed": 0,
            "percent_completed": 0
        },
        "active_lock_reason": null,
        "body": "See discussion here: https://github.com/ActivityWatch/aw-client/pull/6#discussion_r98689662",
        "closed_by": null,
        "reactions": {
            "url": "https://api.github.com/repos/ActivityWatch/aw-client/issues/7/reactions",
            "total_count": 0,
            "+1": 0,
            "-1": 0,
            "laugh": 0,
            "hooray": 0,
            "confused": 0,
            "heart": 0,
            "rocket": 0,
            "eyes": 0
        },
        "timeline_url": "https://api.github.com/repos/ActivityWatch/aw-client/issues/7/timeline",
        "performed_via_github_app": null,
        "state_reason": null
    }
]