[
    {
        "url": "https://api.github.com/repos/AFLplusplus/qemuafl/issues/52",
        "repository_url": "https://api.github.com/repos/AFLplusplus/qemuafl",
        "labels_url": "https://api.github.com/repos/AFLplusplus/qemuafl/issues/52/labels{/name}",
        "comments_url": "https://api.github.com/repos/AFLplusplus/qemuafl/issues/52/comments",
        "events_url": "https://api.github.com/repos/AFLplusplus/qemuafl/issues/52/events",
        "html_url": "https://github.com/AFLplusplus/qemuafl/issues/52",
        "id": 1769628007,
        "node_id": "I_kwDOEKZXy85pemFn",
        "number": 52,
        "title": "Binaries compiled with musl break afl-qemu-trace forkserver behaviour.",
        "user": {
            "login": "forky2",
            "id": 63731115,
            "node_id": "MDQ6VXNlcjYzNzMxMTE1",
            "avatar_url": "https://avatars.githubusercontent.com/u/63731115?v=4",
            "gravatar_id": "",
            "url": "https://api.github.com/users/forky2",
            "html_url": "https://github.com/forky2",
            "followers_url": "https://api.github.com/users/forky2/followers",
            "following_url": "https://api.github.com/users/forky2/following{/other_user}",
            "gists_url": "https://api.github.com/users/forky2/gists{/gist_id}",
            "starred_url": "https://api.github.com/users/forky2/starred{/owner}{/repo}",
            "subscriptions_url": "https://api.github.com/users/forky2/subscriptions",
            "organizations_url": "https://api.github.com/users/forky2/orgs",
            "repos_url": "https://api.github.com/users/forky2/repos",
            "events_url": "https://api.github.com/users/forky2/events{/privacy}",
            "received_events_url": "https://api.github.com/users/forky2/received_events",
            "type": "User",
            "user_view_type": "public",
            "site_admin": false
        },
        "labels": [],
        "state": "open",
        "locked": false,
        "assignee": null,
        "assignees": [],
        "milestone": null,
        "comments": 0,
        "created_at": "2023-06-22T12:59:44Z",
        "updated_at": "2023-06-22T12:59:44Z",
        "closed_at": null,
        "author_association": "NONE",
        "sub_issues_summary": {
            "total": 0,
            "completed": 0,
            "percent_completed": 0
        },
        "active_lock_reason": null,
        "body": "When a target static musl binary is run with AFL_ENTRYPOINT defined, all non-crashing test inputs will produce a crash after a crashing test input is run.\r\n\r\n## Cause\r\n\r\nUnlike GLIBC which will always make a syscall to gettid for its TID, musl caches a thread's TID in the TLS. This is fine for normal fork operations as musl will update the TLS after the fork with a syscall to gettid. However, in the magical case where QEMU is forking the process unbeknownst to the guest process, the child process will keep an invalid TID and use it in calls such as `tkill(int tid, int sig)`.\r\n\r\n## Remediation\r\n\r\nWhilst we might prefer that musl had not implemented its TID recording in this way I don't think this is a musl bug. I propose that the syscall translation in qemuafl modifies such spurious syscalls so that they behave as intended.\r\n\r\nBy way of example:\r\n* Say the QEMU forkserver parent TID is 10 just before forking.\r\n* And the QEMU forkserver child TID is 15 just after forking.\r\n* Keep these two values in globals so that when a call to __safe_tkill() is made\r\n  * the value of arg1 is compared to parent TID.\r\n  * if and only if they are equal, arg1 is replaced with the recorded value of\r\n    child TID.\r\n\r\nI have done a proof of concept of this which is successful at resolving the issue, but it is a bit messy.\r\n\r\nI've only tested a fix for tkill in linux-user. I've not done it for other syscalls that take a TID nor have I looked into bsd-user.\r\n\r\n## Issue repository\r\n\r\nI've created a [repository ](https://github.com/forky2/qemuafl-musl-tid-issue) to demonstrate the issue.",
        "closed_by": null,
        "reactions": {
            "url": "https://api.github.com/repos/AFLplusplus/qemuafl/issues/52/reactions",
            "total_count": 0,
            "+1": 0,
            "-1": 0,
            "laugh": 0,
            "hooray": 0,
            "confused": 0,
            "heart": 0,
            "rocket": 0,
            "eyes": 0
        },
        "timeline_url": "https://api.github.com/repos/AFLplusplus/qemuafl/issues/52/timeline",
        "performed_via_github_app": null,
        "state_reason": null
    },
    {
        "url": "https://api.github.com/repos/AFLplusplus/qemuafl/issues/51",
        "repository_url": "https://api.github.com/repos/AFLplusplus/qemuafl",
        "labels_url": "https://api.github.com/repos/AFLplusplus/qemuafl/issues/51/labels{/name}",
        "comments_url": "https://api.github.com/repos/AFLplusplus/qemuafl/issues/51/comments",
        "events_url": "https://api.github.com/repos/AFLplusplus/qemuafl/issues/51/events",
        "html_url": "https://github.com/AFLplusplus/qemuafl/pull/51",
        "id": 1761582300,
        "node_id": "PR_kwDOEKZXy85TPeun",
        "number": 51,
        "title": "Fix parent refcount (huge memory leak) on non-last thread exit",
        "user": {
            "login": "kotee4ko",
            "id": 62266948,
            "node_id": "MDQ6VXNlcjYyMjY2OTQ4",
            "avatar_url": "https://avatars.githubusercontent.com/u/62266948?v=4",
            "gravatar_id": "",
            "url": "https://api.github.com/users/kotee4ko",
            "html_url": "https://github.com/kotee4ko",
            "followers_url": "https://api.github.com/users/kotee4ko/followers",
            "following_url": "https://api.github.com/users/kotee4ko/following{/other_user}",
            "gists_url": "https://api.github.com/users/kotee4ko/gists{/gist_id}",
            "starred_url": "https://api.github.com/users/kotee4ko/starred{/owner}{/repo}",
            "subscriptions_url": "https://api.github.com/users/kotee4ko/subscriptions",
            "organizations_url": "https://api.github.com/users/kotee4ko/orgs",
            "repos_url": "https://api.github.com/users/kotee4ko/repos",
            "events_url": "https://api.github.com/users/kotee4ko/events{/privacy}",
            "received_events_url": "https://api.github.com/users/kotee4ko/received_events",
            "type": "User",
            "user_view_type": "public",
            "site_admin": false
        },
        "labels": [],
        "state": "open",
        "locked": false,
        "assignee": null,
        "assignees": [],
        "milestone": null,
        "comments": 7,
        "created_at": "2023-06-17T01:57:49Z",
        "updated_at": "2024-09-24T07:43:20Z",
        "closed_at": null,
        "author_association": "NONE",
        "sub_issues_summary": {
            "total": 0,
            "completed": 0,
            "percent_completed": 0
        },
        "active_lock_reason": null,
        "draft": false,
        "pull_request": {
            "url": "https://api.github.com/repos/AFLplusplus/qemuafl/pulls/51",
            "html_url": "https://github.com/AFLplusplus/qemuafl/pull/51",
            "diff_url": "https://github.com/AFLplusplus/qemuafl/pull/51.diff",
            "patch_url": "https://github.com/AFLplusplus/qemuafl/pull/51.patch",
            "merged_at": null
        },
        "body": "fix it plz",
        "closed_by": null,
        "reactions": {
            "url": "https://api.github.com/repos/AFLplusplus/qemuafl/issues/51/reactions",
            "total_count": 0,
            "+1": 0,
            "-1": 0,
            "laugh": 0,
            "hooray": 0,
            "confused": 0,
            "heart": 0,
            "rocket": 0,
            "eyes": 0
        },
        "timeline_url": "https://api.github.com/repos/AFLplusplus/qemuafl/issues/51/timeline",
        "performed_via_github_app": null,
        "state_reason": null
    },
    {
        "url": "https://api.github.com/repos/AFLplusplus/qemuafl/issues/48",
        "repository_url": "https://api.github.com/repos/AFLplusplus/qemuafl",
        "labels_url": "https://api.github.com/repos/AFLplusplus/qemuafl/issues/48/labels{/name}",
        "comments_url": "https://api.github.com/repos/AFLplusplus/qemuafl/issues/48/comments",
        "events_url": "https://api.github.com/repos/AFLplusplus/qemuafl/issues/48/events",
        "html_url": "https://github.com/AFLplusplus/qemuafl/issues/48",
        "id": 1680532463,
        "node_id": "I_kwDOEKZXy85kKuPv",
        "number": 48,
        "title": "Update QEMU base to 8.1",
        "user": {
            "login": "XVilka",
            "id": 203261,
            "node_id": "MDQ6VXNlcjIwMzI2MQ==",
            "avatar_url": "https://avatars.githubusercontent.com/u/203261?v=4",
            "gravatar_id": "",
            "url": "https://api.github.com/users/XVilka",
            "html_url": "https://github.com/XVilka",
            "followers_url": "https://api.github.com/users/XVilka/followers",
            "following_url": "https://api.github.com/users/XVilka/following{/other_user}",
            "gists_url": "https://api.github.com/users/XVilka/gists{/gist_id}",
            "starred_url": "https://api.github.com/users/XVilka/starred{/owner}{/repo}",
            "subscriptions_url": "https://api.github.com/users/XVilka/subscriptions",
            "organizations_url": "https://api.github.com/users/XVilka/orgs",
            "repos_url": "https://api.github.com/users/XVilka/repos",
            "events_url": "https://api.github.com/users/XVilka/events{/privacy}",
            "received_events_url": "https://api.github.com/users/XVilka/received_events",
            "type": "User",
            "user_view_type": "public",
            "site_admin": false
        },
        "labels": [
            {
                "id": 2200998033,
                "node_id": "MDU6TGFiZWwyMjAwOTk4MDMz",
                "url": "https://api.github.com/repos/AFLplusplus/qemuafl/labels/enhancement",
                "name": "enhancement",
                "color": "a2eeef",
                "default": true,
                "description": "New feature or request"
            },
            {
                "id": 2200998038,
                "node_id": "MDU6TGFiZWwyMjAwOTk4MDM4",
                "url": "https://api.github.com/repos/AFLplusplus/qemuafl/labels/help%20wanted",
                "name": "help wanted",
                "color": "008672",
                "default": true,
                "description": "Extra attention is needed"
            }
        ],
        "state": "open",
        "locked": false,
        "assignee": null,
        "assignees": [],
        "milestone": null,
        "comments": 2,
        "created_at": "2023-04-24T06:15:56Z",
        "updated_at": "2023-08-29T04:27:06Z",
        "closed_at": null,
        "author_association": "NONE",
        "sub_issues_summary": {
            "total": 0,
            "completed": 0,
            "percent_completed": 0
        },
        "active_lock_reason": null,
        "body": "There are many useful improvements, in target emulation precision, LoongArch support, better portability and TCG plugins.",
        "closed_by": null,
        "reactions": {
            "url": "https://api.github.com/repos/AFLplusplus/qemuafl/issues/48/reactions",
            "total_count": 0,
            "+1": 0,
            "-1": 0,
            "laugh": 0,
            "hooray": 0,
            "confused": 0,
            "heart": 0,
            "rocket": 0,
            "eyes": 0
        },
        "timeline_url": "https://api.github.com/repos/AFLplusplus/qemuafl/issues/48/timeline",
        "performed_via_github_app": null,
        "state_reason": null
    },
    {
        "url": "https://api.github.com/repos/AFLplusplus/qemuafl/issues/32",
        "repository_url": "https://api.github.com/repos/AFLplusplus/qemuafl",
        "labels_url": "https://api.github.com/repos/AFLplusplus/qemuafl/issues/32/labels{/name}",
        "comments_url": "https://api.github.com/repos/AFLplusplus/qemuafl/issues/32/comments",
        "events_url": "https://api.github.com/repos/AFLplusplus/qemuafl/issues/32/events",
        "html_url": "https://github.com/AFLplusplus/qemuafl/issues/32",
        "id": 1253485960,
        "node_id": "I_kwDOEKZXy85Ktq2I",
        "number": 32,
        "title": "Assertion `mmap(__ag_high_shadow, (0xdfff0000fffULL), 0x1 | 0x2, 0x02 | 0x10 | 0x04000 | 0x20, -1, 0) != ((void *) -1)' failed.",
        "user": {
            "login": "ohofox",
            "id": 105396099,
            "node_id": "U_kgDOBkg3gw",
            "avatar_url": "https://avatars.githubusercontent.com/u/105396099?v=4",
            "gravatar_id": "",
            "url": "https://api.github.com/users/ohofox",
            "html_url": "https://github.com/ohofox",
            "followers_url": "https://api.github.com/users/ohofox/followers",
            "following_url": "https://api.github.com/users/ohofox/following{/other_user}",
            "gists_url": "https://api.github.com/users/ohofox/gists{/gist_id}",
            "starred_url": "https://api.github.com/users/ohofox/starred{/owner}{/repo}",
            "subscriptions_url": "https://api.github.com/users/ohofox/subscriptions",
            "organizations_url": "https://api.github.com/users/ohofox/orgs",
            "repos_url": "https://api.github.com/users/ohofox/repos",
            "events_url": "https://api.github.com/users/ohofox/events{/privacy}",
            "received_events_url": "https://api.github.com/users/ohofox/received_events",
            "type": "User",
            "user_view_type": "public",
            "site_admin": false
        },
        "labels": [],
        "state": "open",
        "locked": false,
        "assignee": null,
        "assignees": [],
        "milestone": null,
        "comments": 5,
        "created_at": "2022-05-31T08:05:34Z",
        "updated_at": "2022-05-31T15:36:13Z",
        "closed_at": null,
        "author_association": "NONE",
        "sub_issues_summary": {
            "total": 0,
            "completed": 0,
            "percent_completed": 0
        },
        "active_lock_reason": null,
        "body": "Thank you for this great project! Currently I'm trying to use afl++ in qemu mode. Everything is OK when I run it on Ubuntu 20.04. However, when I run qemu mode on my CentOS server, and when I set the AFL_USE_QASAN environment option to turn on QASAN module, the assertion error occurs.  The assert triggered on line https://github.com/AFLplusplus/qemuafl/blob/master/qemuafl/asan-giovese-inl.h#L110\r\nThis is the configuration of my CentOS server:\r\n```\r\n# uname -a\r\nLinux admin1 3.10.0-957.el7.x86_64 #1 SMP Thu Nov 8 23:39:32 UTC 2018 x86_64 x86_64 x86_64 GNU/Linux\r\n#lsb_release\r\nLSB Version:    :core-4.1-amd64:core-4.1-noarch:cxx-4.1-amd64:cxx-4.1-noarch:desktop-4.1-amd64:desktop-4.1-noarch:languages-4.1-amd64:languages-4.1-noarch:printing-4.1-amd64:printing-4.1-noarch\r\n# cat /proc/meminfo\r\nMemTotal:       196503520 kB\r\nMemFree:          707560 kB\r\nMemAvailable:   161477888 kB\r\nBuffers:          722940 kB\r\nCached:         154016044 kB\r\nSwapCached:          624 kB\r\nActive:         71413936 kB\r\nInactive:       91871344 kB\r\nActive(anon):    7943012 kB\r\nInactive(anon):  4921596 kB\r\nActive(file):   63470924 kB\r\nInactive(file): 86949748 kB\r\nUnevictable:      136352 kB\r\nMlocked:        23091216 kB\r\nSwapTotal:       8388604 kB\r\nSwapFree:        8368380 kB\r\nDirty:               732 kB\r\nWriteback:             0 kB\r\nAnonPages:       8682552 kB\r\nMapped:           275244 kB\r\nShmem:           4312876 kB\r\nSlab:           19835304 kB\r\nSReclaimable:   11100756 kB\r\nSUnreclaim:      8734548 kB\r\nKernelStack:       78576 kB\r\nPageTables:        60492 kB\r\nNFS_Unstable:          0 kB\r\nBounce:                0 kB\r\nWritebackTmp:          0 kB\r\nCommitLimit:    197031980 kB\r\nCommitted_AS:   43361680 kB\r\nVmallocTotal:   34359738367 kB\r\nVmallocUsed:     2332624 kB\r\nVmallocChunk:   34256197332 kB\r\nHardwareCorrupted:     0 kB\r\nAnonHugePages:   7141376 kB\r\nCmaTotal:              0 kB\r\nCmaFree:               0 kB\r\nHugePages_Total:       0\r\nHugePages_Free:        0\r\nHugePages_Rsvd:        0\r\nHugePages_Surp:        0\r\nHugepagesize:       2048 kB\r\nDirectMap4k:     1999244 kB\r\nDirectMap2M:    60559360 kB\r\nDirectMap1G:    139460608 kB\r\n```\r\nAlso I write a simple mmap test program, the same assertion error occurs\r\n```\r\n#cat mmap.c\r\n#include <sys/mman.h>\r\n#include <stdio.h>\r\n#include <assert.h>\r\n\r\n#define handle_error(msg) \\\r\n    do { perror(msg); exit(EXIT_FAILURE); } while (0)\r\n\r\n#define HIGH_SHADOW_ADDR ((void*)0x02008fff7000ULL)\r\n#define HIGH_SHADOW_SIZE (0xdfff0000fffULL)\r\n\r\nvoid* __ag_high_shadow = HIGH_SHADOW_ADDR;\r\n\r\nint\r\nmain(int argc, char *argv[])\r\n{\r\n  printf(\"__ag_high_shadow=%p,HIGH_SHADOW_SIZE=%llu\\n\", __ag_high_shadow, HIGH_SHADOW_SIZE);\r\n  void * ret = mmap(__ag_high_shadow, HIGH_SHADOW_SIZE, PROT_READ | PROT_WRITE,\r\n              MAP_PRIVATE | MAP_FIXED | MAP_NORESERVE | MAP_ANON, -1, 0);\r\n  if (ret == MAP_FAILED) perror(\"mmap\");\r\n\r\n  return 0;\r\n}\r\n# gcc mmap.c -o mmap & ./mmap\r\n[1] 125079\r\n__ag_high_shadow=0x2008fff7000,HIGH_SHADOW_SIZE=15392894357503\r\nmmap: Cannot allocate memory\r\n\r\n```\r\n\r\nI am sure that there is enough memory space, but why the mmap with the options failed with `Cannot allocate memory` on the CentOS system? \r\nThanks a lot for any suggestions.\r\n",
        "closed_by": null,
        "reactions": {
            "url": "https://api.github.com/repos/AFLplusplus/qemuafl/issues/32/reactions",
            "total_count": 0,
            "+1": 0,
            "-1": 0,
            "laugh": 0,
            "hooray": 0,
            "confused": 0,
            "heart": 0,
            "rocket": 0,
            "eyes": 0
        },
        "timeline_url": "https://api.github.com/repos/AFLplusplus/qemuafl/issues/32/timeline",
        "performed_via_github_app": null,
        "state_reason": null
    },
    {
        "url": "https://api.github.com/repos/AFLplusplus/qemuafl/issues/31",
        "repository_url": "https://api.github.com/repos/AFLplusplus/qemuafl",
        "labels_url": "https://api.github.com/repos/AFLplusplus/qemuafl/issues/31/labels{/name}",
        "comments_url": "https://api.github.com/repos/AFLplusplus/qemuafl/issues/31/comments",
        "events_url": "https://api.github.com/repos/AFLplusplus/qemuafl/issues/31/events",
        "html_url": "https://github.com/AFLplusplus/qemuafl/issues/31",
        "id": 1213573953,
        "node_id": "I_kwDOEKZXy85IVatB",
        "number": 31,
        "title": "qasan aarch64 will hang when show ABORTING",
        "user": {
            "login": "candou1611",
            "id": 36059457,
            "node_id": "MDQ6VXNlcjM2MDU5NDU3",
            "avatar_url": "https://avatars.githubusercontent.com/u/36059457?v=4",
            "gravatar_id": "",
            "url": "https://api.github.com/users/candou1611",
            "html_url": "https://github.com/candou1611",
            "followers_url": "https://api.github.com/users/candou1611/followers",
            "following_url": "https://api.github.com/users/candou1611/following{/other_user}",
            "gists_url": "https://api.github.com/users/candou1611/gists{/gist_id}",
            "starred_url": "https://api.github.com/users/candou1611/starred{/owner}{/repo}",
            "subscriptions_url": "https://api.github.com/users/candou1611/subscriptions",
            "organizations_url": "https://api.github.com/users/candou1611/orgs",
            "repos_url": "https://api.github.com/users/candou1611/repos",
            "events_url": "https://api.github.com/users/candou1611/events{/privacy}",
            "received_events_url": "https://api.github.com/users/candou1611/received_events",
            "type": "User",
            "user_view_type": "public",
            "site_admin": false
        },
        "labels": [],
        "state": "open",
        "locked": false,
        "assignee": null,
        "assignees": [],
        "milestone": null,
        "comments": 1,
        "created_at": "2022-04-24T07:32:03Z",
        "updated_at": "2024-06-11T21:36:56Z",
        "closed_at": null,
        "author_association": "NONE",
        "sub_issues_summary": {
            "total": 0,
            "completed": 0,
            "percent_completed": 0
        },
        "active_lock_reason": null,
        "body": "There is simple code\r\n```\r\nint main(int argc, char **argv) {\r\n  UNUSED_PARAMETER(argc);\r\n  UNUSED_PARAMETER(argv);\r\n  char buf[3];\r\n  memset(buf, 0, 3);\r\n  read(0, buf, 3);\r\n\r\n  if (buf[0] == 'c') {\r\n    printf(\"hit buf0\\n\");\r\n    if (buf[1] == 'r') {\r\n        printf(\"hit buf1\\n\");\r\n        if (buf[2] == 'a') {\r\n            printf(\"hit buf2\\n\");\r\n            //test('D');\r\n            //abort();\r\n            char *buf = malloc(10);\r\n            free(buf);\r\n            free(buf);\r\n        }\r\n    }\r\n  }\r\n  return 0;\r\n}\r\n```\r\naarch64-linux-gnu-gcc test.c -o test\r\n\r\nAFL_USE_QASAN=1 ./afl-qemu-trace ./test <<< \"crash\"\r\n\r\nqasan may detect a UAF AddressSanitizer, but it will hang when show ABORTING.\r\n",
        "closed_by": null,
        "reactions": {
            "url": "https://api.github.com/repos/AFLplusplus/qemuafl/issues/31/reactions",
            "total_count": 0,
            "+1": 0,
            "-1": 0,
            "laugh": 0,
            "hooray": 0,
            "confused": 0,
            "heart": 0,
            "rocket": 0,
            "eyes": 0
        },
        "timeline_url": "https://api.github.com/repos/AFLplusplus/qemuafl/issues/31/timeline",
        "performed_via_github_app": null,
        "state_reason": null
    },
    {
        "url": "https://api.github.com/repos/AFLplusplus/qemuafl/issues/28",
        "repository_url": "https://api.github.com/repos/AFLplusplus/qemuafl",
        "labels_url": "https://api.github.com/repos/AFLplusplus/qemuafl/issues/28/labels{/name}",
        "comments_url": "https://api.github.com/repos/AFLplusplus/qemuafl/issues/28/comments",
        "events_url": "https://api.github.com/repos/AFLplusplus/qemuafl/issues/28/events",
        "html_url": "https://github.com/AFLplusplus/qemuafl/issues/28",
        "id": 1062148188,
        "node_id": "I_kwDOEKZXy84_Txhc",
        "number": 28,
        "title": "aarch64 qasan_shadow_stack address error",
        "user": {
            "login": "uncr4ck4ble",
            "id": 21138101,
            "node_id": "MDQ6VXNlcjIxMTM4MTAx",
            "avatar_url": "https://avatars.githubusercontent.com/u/21138101?v=4",
            "gravatar_id": "",
            "url": "https://api.github.com/users/uncr4ck4ble",
            "html_url": "https://github.com/uncr4ck4ble",
            "followers_url": "https://api.github.com/users/uncr4ck4ble/followers",
            "following_url": "https://api.github.com/users/uncr4ck4ble/following{/other_user}",
            "gists_url": "https://api.github.com/users/uncr4ck4ble/gists{/gist_id}",
            "starred_url": "https://api.github.com/users/uncr4ck4ble/starred{/owner}{/repo}",
            "subscriptions_url": "https://api.github.com/users/uncr4ck4ble/subscriptions",
            "organizations_url": "https://api.github.com/users/uncr4ck4ble/orgs",
            "repos_url": "https://api.github.com/users/uncr4ck4ble/repos",
            "events_url": "https://api.github.com/users/uncr4ck4ble/events{/privacy}",
            "received_events_url": "https://api.github.com/users/uncr4ck4ble/received_events",
            "type": "User",
            "user_view_type": "public",
            "site_admin": false
        },
        "labels": [],
        "state": "open",
        "locked": false,
        "assignee": null,
        "assignees": [],
        "milestone": null,
        "comments": 0,
        "created_at": "2021-11-24T08:42:42Z",
        "updated_at": "2021-11-24T08:42:42Z",
        "closed_at": null,
        "author_association": "NONE",
        "sub_issues_summary": {
            "total": 0,
            "completed": 0,
            "percent_completed": 0
        },
        "active_lock_reason": null,
        "body": " gen_helper_qasan_shadow_stack_push(tcg_const_tl(s->pc_curr));    \r\ngen_helper_qasan_shadow_stack_pop(cpu_reg(s, 30));     //linker register  address will not equel  pushed address \r\n\r\n```\r\n\r\nvoid HELPER(qasan_shadow_stack_pop)(target_ulong ptr) {\r\n\r\n#if defined(TARGET_ARM)\r\n  ptr &= ~1;\r\n\r\n#endif\r\n#if defined (TARGET_AARCH64)   //simple fix ,make stack frame right\r\n  ptr -= 4;      \r\n#endif\r\n  ...\r\n}\r\n\r\n```\r\n ",
        "closed_by": null,
        "reactions": {
            "url": "https://api.github.com/repos/AFLplusplus/qemuafl/issues/28/reactions",
            "total_count": 0,
            "+1": 0,
            "-1": 0,
            "laugh": 0,
            "hooray": 0,
            "confused": 0,
            "heart": 0,
            "rocket": 0,
            "eyes": 0
        },
        "timeline_url": "https://api.github.com/repos/AFLplusplus/qemuafl/issues/28/timeline",
        "performed_via_github_app": null,
        "state_reason": null
    },
    {
        "url": "https://api.github.com/repos/AFLplusplus/qemuafl/issues/15",
        "repository_url": "https://api.github.com/repos/AFLplusplus/qemuafl",
        "labels_url": "https://api.github.com/repos/AFLplusplus/qemuafl/issues/15/labels{/name}",
        "comments_url": "https://api.github.com/repos/AFLplusplus/qemuafl/issues/15/comments",
        "events_url": "https://api.github.com/repos/AFLplusplus/qemuafl/issues/15/events",
        "html_url": "https://github.com/AFLplusplus/qemuafl/issues/15",
        "id": 813939492,
        "node_id": "MDU6SXNzdWU4MTM5Mzk0OTI=",
        "number": 15,
        "title": "qemu_mode does not build with STATIC=1",
        "user": {
            "login": "hexcoder-",
            "id": 8208996,
            "node_id": "MDQ6VXNlcjgyMDg5OTY=",
            "avatar_url": "https://avatars.githubusercontent.com/u/8208996?v=4",
            "gravatar_id": "",
            "url": "https://api.github.com/users/hexcoder-",
            "html_url": "https://github.com/hexcoder-",
            "followers_url": "https://api.github.com/users/hexcoder-/followers",
            "following_url": "https://api.github.com/users/hexcoder-/following{/other_user}",
            "gists_url": "https://api.github.com/users/hexcoder-/gists{/gist_id}",
            "starred_url": "https://api.github.com/users/hexcoder-/starred{/owner}{/repo}",
            "subscriptions_url": "https://api.github.com/users/hexcoder-/subscriptions",
            "organizations_url": "https://api.github.com/users/hexcoder-/orgs",
            "repos_url": "https://api.github.com/users/hexcoder-/repos",
            "events_url": "https://api.github.com/users/hexcoder-/events{/privacy}",
            "received_events_url": "https://api.github.com/users/hexcoder-/received_events",
            "type": "User",
            "user_view_type": "public",
            "site_admin": false
        },
        "labels": [],
        "state": "open",
        "locked": false,
        "assignee": null,
        "assignees": [],
        "milestone": null,
        "comments": 2,
        "created_at": "2021-02-22T23:04:20Z",
        "updated_at": "2021-12-01T09:02:55Z",
        "closed_at": null,
        "author_association": "MEMBER",
        "sub_issues_summary": {
            "total": 0,
            "completed": 0,
            "percent_completed": 0
        },
        "active_lock_reason": null,
        "body": "On a current Arch Linux x86_64 and aarch64 `make STATIC=1 binary-only` gives:\r\n```\r\n[*] Performing basic sanity checks...\r\n[+] All checks passed!\r\n[*] Making sure qemuafl is checked out\r\n[*] initializing qemuafl submodule\r\nSubmodule path 'qemuafl': checked out '213f3b27dd099ef352181c48cd75c0f20a73e3f0'\r\n[+] Got qemuafl.\r\n[*] Checking out e36a30ebca\r\nPrevious HEAD position was 213f3b27dd qasan shadow error on 32 bits hosts\r\nHEAD is now at e36a30ebca AFL_G2h default to g2h_untagged as workaround\r\n[*] Making sure imported headers matches\r\n[*] Configuring QEMU for ...\r\nBuilding for CPU target x86_64\r\nBuilding STATIC binary\r\nUsing './build' as the directory for build output\r\n\r\nERROR: sizeof(size_t) doesn't match GLIB_SIZEOF_SIZE_T.\r\n       You probably need to set PKG_CONFIG_LIBDIR\r\n       to point to the right pkg-config files for your\r\n       build target\r\n```\r\nSince building without `STATIC=1` succeeds, pkg-config files are probably generally ok.\r\nThe problem is here instead: static libs `libgthtread-2.0` and `libglib-2.0` were missing. \r\nThe configure script is written in such a way, that it does not show the real problem unfortunately.",
        "closed_by": null,
        "reactions": {
            "url": "https://api.github.com/repos/AFLplusplus/qemuafl/issues/15/reactions",
            "total_count": 0,
            "+1": 0,
            "-1": 0,
            "laugh": 0,
            "hooray": 0,
            "confused": 0,
            "heart": 0,
            "rocket": 0,
            "eyes": 0
        },
        "timeline_url": "https://api.github.com/repos/AFLplusplus/qemuafl/issues/15/timeline",
        "performed_via_github_app": null,
        "state_reason": null
    },
    {
        "url": "https://api.github.com/repos/AFLplusplus/qemuafl/issues/7",
        "repository_url": "https://api.github.com/repos/AFLplusplus/qemuafl",
        "labels_url": "https://api.github.com/repos/AFLplusplus/qemuafl/issues/7/labels{/name}",
        "comments_url": "https://api.github.com/repos/AFLplusplus/qemuafl/issues/7/comments",
        "events_url": "https://api.github.com/repos/AFLplusplus/qemuafl/issues/7/events",
        "html_url": "https://github.com/AFLplusplus/qemuafl/issues/7",
        "id": 745074932,
        "node_id": "MDU6SXNzdWU3NDUwNzQ5MzI=",
        "number": 7,
        "title": "Add ability to generate a drcov trace",
        "user": {
            "login": "wizche",
            "id": 1062939,
            "node_id": "MDQ6VXNlcjEwNjI5Mzk=",
            "avatar_url": "https://avatars.githubusercontent.com/u/1062939?v=4",
            "gravatar_id": "",
            "url": "https://api.github.com/users/wizche",
            "html_url": "https://github.com/wizche",
            "followers_url": "https://api.github.com/users/wizche/followers",
            "following_url": "https://api.github.com/users/wizche/following{/other_user}",
            "gists_url": "https://api.github.com/users/wizche/gists{/gist_id}",
            "starred_url": "https://api.github.com/users/wizche/starred{/owner}{/repo}",
            "subscriptions_url": "https://api.github.com/users/wizche/subscriptions",
            "organizations_url": "https://api.github.com/users/wizche/orgs",
            "repos_url": "https://api.github.com/users/wizche/repos",
            "events_url": "https://api.github.com/users/wizche/events{/privacy}",
            "received_events_url": "https://api.github.com/users/wizche/received_events",
            "type": "User",
            "user_view_type": "public",
            "site_admin": false
        },
        "labels": [
            {
                "id": 2200998033,
                "node_id": "MDU6TGFiZWwyMjAwOTk4MDMz",
                "url": "https://api.github.com/repos/AFLplusplus/qemuafl/labels/enhancement",
                "name": "enhancement",
                "color": "a2eeef",
                "default": true,
                "description": "New feature or request"
            }
        ],
        "state": "open",
        "locked": false,
        "assignee": null,
        "assignees": [],
        "milestone": null,
        "comments": 0,
        "created_at": "2020-11-17T20:45:42Z",
        "updated_at": "2021-02-01T09:09:23Z",
        "closed_at": null,
        "author_association": "NONE",
        "sub_issues_summary": {
            "total": 0,
            "completed": 0,
            "percent_completed": 0
        },
        "active_lock_reason": null,
        "body": "Using the tracing facility would be cool if you can pass something like `AFL_QEMU_DRCOV_TRACE=\"/tmp/trace.drcov\"` and qemu will trace the execution with `-trace exec_tb` and, once done, it convert the trace into drcov format like in https://github.com/RobertBuhren/qemutrace2drcov/blob/master/qemutrace2drcov.py that u can drop into lighthouse.\r\n\r\nWhat u think?\r\n",
        "closed_by": null,
        "reactions": {
            "url": "https://api.github.com/repos/AFLplusplus/qemuafl/issues/7/reactions",
            "total_count": 0,
            "+1": 0,
            "-1": 0,
            "laugh": 0,
            "hooray": 0,
            "confused": 0,
            "heart": 0,
            "rocket": 0,
            "eyes": 0
        },
        "timeline_url": "https://api.github.com/repos/AFLplusplus/qemuafl/issues/7/timeline",
        "performed_via_github_app": null,
        "state_reason": null
    },
    {
        "url": "https://api.github.com/repos/AFLplusplus/qemuafl/issues/1",
        "repository_url": "https://api.github.com/repos/AFLplusplus/qemuafl",
        "labels_url": "https://api.github.com/repos/AFLplusplus/qemuafl/issues/1/labels{/name}",
        "comments_url": "https://api.github.com/repos/AFLplusplus/qemuafl/issues/1/comments",
        "events_url": "https://api.github.com/repos/AFLplusplus/qemuafl/issues/1/events",
        "html_url": "https://github.com/AFLplusplus/qemuafl/issues/1",
        "id": 690246566,
        "node_id": "MDU6SXNzdWU2OTAyNDY1NjY=",
        "number": 1,
        "title": "qemu cmplog+persistent mode race condition",
        "user": {
            "login": "vanhauser-thc",
            "id": 7396244,
            "node_id": "MDQ6VXNlcjczOTYyNDQ=",
            "avatar_url": "https://avatars.githubusercontent.com/u/7396244?v=4",
            "gravatar_id": "",
            "url": "https://api.github.com/users/vanhauser-thc",
            "html_url": "https://github.com/vanhauser-thc",
            "followers_url": "https://api.github.com/users/vanhauser-thc/followers",
            "following_url": "https://api.github.com/users/vanhauser-thc/following{/other_user}",
            "gists_url": "https://api.github.com/users/vanhauser-thc/gists{/gist_id}",
            "starred_url": "https://api.github.com/users/vanhauser-thc/starred{/owner}{/repo}",
            "subscriptions_url": "https://api.github.com/users/vanhauser-thc/subscriptions",
            "organizations_url": "https://api.github.com/users/vanhauser-thc/orgs",
            "repos_url": "https://api.github.com/users/vanhauser-thc/repos",
            "events_url": "https://api.github.com/users/vanhauser-thc/events{/privacy}",
            "received_events_url": "https://api.github.com/users/vanhauser-thc/received_events",
            "type": "User",
            "user_view_type": "public",
            "site_admin": false
        },
        "labels": [
            {
                "id": 2200998028,
                "node_id": "MDU6TGFiZWwyMjAwOTk4MDI4",
                "url": "https://api.github.com/repos/AFLplusplus/qemuafl/labels/bug",
                "name": "bug",
                "color": "d73a4a",
                "default": true,
                "description": "Something isn't working"
            }
        ],
        "state": "open",
        "locked": false,
        "assignee": {
            "login": "andreafioraldi",
            "id": 16168186,
            "node_id": "MDQ6VXNlcjE2MTY4MTg2",
            "avatar_url": "https://avatars.githubusercontent.com/u/16168186?v=4",
            "gravatar_id": "",
            "url": "https://api.github.com/users/andreafioraldi",
            "html_url": "https://github.com/andreafioraldi",
            "followers_url": "https://api.github.com/users/andreafioraldi/followers",
            "following_url": "https://api.github.com/users/andreafioraldi/following{/other_user}",
            "gists_url": "https://api.github.com/users/andreafioraldi/gists{/gist_id}",
            "starred_url": "https://api.github.com/users/andreafioraldi/starred{/owner}{/repo}",
            "subscriptions_url": "https://api.github.com/users/andreafioraldi/subscriptions",
            "organizations_url": "https://api.github.com/users/andreafioraldi/orgs",
            "repos_url": "https://api.github.com/users/andreafioraldi/repos",
            "events_url": "https://api.github.com/users/andreafioraldi/events{/privacy}",
            "received_events_url": "https://api.github.com/users/andreafioraldi/received_events",
            "type": "User",
            "user_view_type": "public",
            "site_admin": false
        },
        "assignees": [
            {
                "login": "andreafioraldi",
                "id": 16168186,
                "node_id": "MDQ6VXNlcjE2MTY4MTg2",
                "avatar_url": "https://avatars.githubusercontent.com/u/16168186?v=4",
                "gravatar_id": "",
                "url": "https://api.github.com/users/andreafioraldi",
                "html_url": "https://github.com/andreafioraldi",
                "followers_url": "https://api.github.com/users/andreafioraldi/followers",
                "following_url": "https://api.github.com/users/andreafioraldi/following{/other_user}",
                "gists_url": "https://api.github.com/users/andreafioraldi/gists{/gist_id}",
                "starred_url": "https://api.github.com/users/andreafioraldi/starred{/owner}{/repo}",
                "subscriptions_url": "https://api.github.com/users/andreafioraldi/subscriptions",
                "organizations_url": "https://api.github.com/users/andreafioraldi/orgs",
                "repos_url": "https://api.github.com/users/andreafioraldi/repos",
                "events_url": "https://api.github.com/users/andreafioraldi/events{/privacy}",
                "received_events_url": "https://api.github.com/users/andreafioraldi/received_events",
                "type": "User",
                "user_view_type": "public",
                "site_admin": false
            }
        ],
        "milestone": null,
        "comments": 0,
        "created_at": "2020-09-01T15:38:28Z",
        "updated_at": "2020-09-01T15:38:45Z",
        "closed_at": null,
        "author_association": "MEMBER",
        "sub_issues_summary": {
            "total": 0,
            "completed": 0,
            "percent_completed": 0
        },
        "active_lock_reason": null,
        "body": "In qemu_mode (3.1.1 and 5.1), when the cmplog mode is used together with persistent mode, a race condition can happen that leads to afl-fuzz unable to communicate to that cmplog target forkserver.\r\n\r\nThe race condition only occurs in low CPU issues, e.g. in docker containers that have a --cpus=1 setting.\r\n\r\nas a temporary workaround persistent mode is deactivated in qemu_mode 5.1, 3.11 has no workaround.",
        "closed_by": null,
        "reactions": {
            "url": "https://api.github.com/repos/AFLplusplus/qemuafl/issues/1/reactions",
            "total_count": 0,
            "+1": 0,
            "-1": 0,
            "laugh": 0,
            "hooray": 0,
            "confused": 0,
            "heart": 0,
            "rocket": 0,
            "eyes": 0
        },
        "timeline_url": "https://api.github.com/repos/AFLplusplus/qemuafl/issues/1/timeline",
        "performed_via_github_app": null,
        "state_reason": null
    }
]