[
    {
        "url": "https://api.github.com/repos/AFLplusplus/LibAFL-legacy/issues/44",
        "repository_url": "https://api.github.com/repos/AFLplusplus/LibAFL-legacy",
        "labels_url": "https://api.github.com/repos/AFLplusplus/LibAFL-legacy/issues/44/labels{/name}",
        "comments_url": "https://api.github.com/repos/AFLplusplus/LibAFL-legacy/issues/44/comments",
        "events_url": "https://api.github.com/repos/AFLplusplus/LibAFL-legacy/issues/44/events",
        "html_url": "https://github.com/AFLplusplus/LibAFL-legacy/issues/44",
        "id": 716430593,
        "node_id": "MDU6SXNzdWU3MTY0MzA1OTM=",
        "number": 44,
        "title": "Crash analysis - more info about crash in/from LibAFL",
        "user": {
            "login": "marcinguy",
            "id": 20355405,
            "node_id": "MDQ6VXNlcjIwMzU1NDA1",
            "avatar_url": "https://avatars.githubusercontent.com/u/20355405?v=4",
            "gravatar_id": "",
            "url": "https://api.github.com/users/marcinguy",
            "html_url": "https://github.com/marcinguy",
            "followers_url": "https://api.github.com/users/marcinguy/followers",
            "following_url": "https://api.github.com/users/marcinguy/following{/other_user}",
            "gists_url": "https://api.github.com/users/marcinguy/gists{/gist_id}",
            "starred_url": "https://api.github.com/users/marcinguy/starred{/owner}{/repo}",
            "subscriptions_url": "https://api.github.com/users/marcinguy/subscriptions",
            "organizations_url": "https://api.github.com/users/marcinguy/orgs",
            "repos_url": "https://api.github.com/users/marcinguy/repos",
            "events_url": "https://api.github.com/users/marcinguy/events{/privacy}",
            "received_events_url": "https://api.github.com/users/marcinguy/received_events",
            "type": "User",
            "user_view_type": "public",
            "site_admin": false
        },
        "labels": [],
        "state": "open",
        "locked": true,
        "assignee": null,
        "assignees": [],
        "milestone": null,
        "comments": 2,
        "created_at": "2020-10-07T11:07:30Z",
        "updated_at": "2020-10-08T07:37:33Z",
        "closed_at": null,
        "author_association": "NONE",
        "sub_issues_summary": {
            "total": 0,
            "completed": 0,
            "percent_completed": 0
        },
        "active_lock_reason": null,
        "body": "Wrote a harness to fuzz a lib using LibAFL.\r\n\r\nI get a crash within LibAFL, but cannot reproduce it outside LibAFL (almost identical harness ... outside LibAFL I added just main() function)\r\n\r\nWould be great if LibAFL could save stacktrace, registers along the crashfile etc during the observed crash to debug it.\r\n\r\nCould be that it is an issue in my harness or LibAFL.\r\n\r\nHaving this info would help to debug issues with harnesses, also for other projects and other users.\r\n\r\nThanks,\r\n\r\nP.S Cool project\r\n",
        "closed_by": null,
        "reactions": {
            "url": "https://api.github.com/repos/AFLplusplus/LibAFL-legacy/issues/44/reactions",
            "total_count": 0,
            "+1": 0,
            "-1": 0,
            "laugh": 0,
            "hooray": 0,
            "confused": 0,
            "heart": 0,
            "rocket": 0,
            "eyes": 0
        },
        "timeline_url": "https://api.github.com/repos/AFLplusplus/LibAFL-legacy/issues/44/timeline",
        "performed_via_github_app": null,
        "state_reason": null
    },
    {
        "url": "https://api.github.com/repos/AFLplusplus/LibAFL-legacy/issues/43",
        "repository_url": "https://api.github.com/repos/AFLplusplus/LibAFL-legacy",
        "labels_url": "https://api.github.com/repos/AFLplusplus/LibAFL-legacy/issues/43/labels{/name}",
        "comments_url": "https://api.github.com/repos/AFLplusplus/LibAFL-legacy/issues/43/comments",
        "events_url": "https://api.github.com/repos/AFLplusplus/LibAFL-legacy/issues/43/events",
        "html_url": "https://github.com/AFLplusplus/LibAFL-legacy/issues/43",
        "id": 715126925,
        "node_id": "MDU6SXNzdWU3MTUxMjY5MjU=",
        "number": 43,
        "title": "Build system",
        "user": {
            "login": "andreafioraldi",
            "id": 16168186,
            "node_id": "MDQ6VXNlcjE2MTY4MTg2",
            "avatar_url": "https://avatars.githubusercontent.com/u/16168186?v=4",
            "gravatar_id": "",
            "url": "https://api.github.com/users/andreafioraldi",
            "html_url": "https://github.com/andreafioraldi",
            "followers_url": "https://api.github.com/users/andreafioraldi/followers",
            "following_url": "https://api.github.com/users/andreafioraldi/following{/other_user}",
            "gists_url": "https://api.github.com/users/andreafioraldi/gists{/gist_id}",
            "starred_url": "https://api.github.com/users/andreafioraldi/starred{/owner}{/repo}",
            "subscriptions_url": "https://api.github.com/users/andreafioraldi/subscriptions",
            "organizations_url": "https://api.github.com/users/andreafioraldi/orgs",
            "repos_url": "https://api.github.com/users/andreafioraldi/repos",
            "events_url": "https://api.github.com/users/andreafioraldi/events{/privacy}",
            "received_events_url": "https://api.github.com/users/andreafioraldi/received_events",
            "type": "User",
            "user_view_type": "public",
            "site_admin": false
        },
        "labels": [],
        "state": "open",
        "locked": true,
        "assignee": null,
        "assignees": [],
        "milestone": null,
        "comments": 6,
        "created_at": "2020-10-05T20:07:38Z",
        "updated_at": "2020-10-06T08:16:38Z",
        "closed_at": null,
        "author_association": "MEMBER",
        "sub_issues_summary": {
            "total": 0,
            "completed": 0,
            "percent_completed": 0
        },
        "active_lock_reason": null,
        "body": "If libafl has to be multi platform, we cannot really use just GNU makefiles.\r\n\r\nI propose meson as it was recently adopted by QEMU it and seems a sane build system, more than cmake for sure.\r\n\r\nWe can maintain both meson files and raw makefiles for linux/bsd if needed.",
        "closed_by": null,
        "reactions": {
            "url": "https://api.github.com/repos/AFLplusplus/LibAFL-legacy/issues/43/reactions",
            "total_count": 1,
            "+1": 1,
            "-1": 0,
            "laugh": 0,
            "hooray": 0,
            "confused": 0,
            "heart": 0,
            "rocket": 0,
            "eyes": 0
        },
        "timeline_url": "https://api.github.com/repos/AFLplusplus/LibAFL-legacy/issues/43/timeline",
        "performed_via_github_app": null,
        "state_reason": null
    },
    {
        "url": "https://api.github.com/repos/AFLplusplus/LibAFL-legacy/issues/28",
        "repository_url": "https://api.github.com/repos/AFLplusplus/LibAFL-legacy",
        "labels_url": "https://api.github.com/repos/AFLplusplus/LibAFL-legacy/issues/28/labels{/name}",
        "comments_url": "https://api.github.com/repos/AFLplusplus/LibAFL-legacy/issues/28/comments",
        "events_url": "https://api.github.com/repos/AFLplusplus/LibAFL-legacy/issues/28/events",
        "html_url": "https://github.com/AFLplusplus/LibAFL-legacy/issues/28",
        "id": 691532718,
        "node_id": "MDU6SXNzdWU2OTE1MzI3MTg=",
        "number": 28,
        "title": "Rust Bindings",
        "user": {
            "login": "domenukk",
            "id": 297744,
            "node_id": "MDQ6VXNlcjI5Nzc0NA==",
            "avatar_url": "https://avatars.githubusercontent.com/u/297744?v=4",
            "gravatar_id": "",
            "url": "https://api.github.com/users/domenukk",
            "html_url": "https://github.com/domenukk",
            "followers_url": "https://api.github.com/users/domenukk/followers",
            "following_url": "https://api.github.com/users/domenukk/following{/other_user}",
            "gists_url": "https://api.github.com/users/domenukk/gists{/gist_id}",
            "starred_url": "https://api.github.com/users/domenukk/starred{/owner}{/repo}",
            "subscriptions_url": "https://api.github.com/users/domenukk/subscriptions",
            "organizations_url": "https://api.github.com/users/domenukk/orgs",
            "repos_url": "https://api.github.com/users/domenukk/repos",
            "events_url": "https://api.github.com/users/domenukk/events{/privacy}",
            "received_events_url": "https://api.github.com/users/domenukk/received_events",
            "type": "User",
            "user_view_type": "public",
            "site_admin": false
        },
        "labels": [],
        "state": "open",
        "locked": true,
        "assignee": null,
        "assignees": [],
        "milestone": null,
        "comments": 1,
        "created_at": "2020-09-03T00:40:05Z",
        "updated_at": "2020-09-03T08:50:56Z",
        "closed_at": null,
        "author_association": "MEMBER",
        "sub_issues_summary": {
            "total": 0,
            "completed": 0,
            "percent_completed": 0
        },
        "active_lock_reason": null,
        "body": "We need a nice way to use LibAFL from Rust.\r\n",
        "closed_by": null,
        "reactions": {
            "url": "https://api.github.com/repos/AFLplusplus/LibAFL-legacy/issues/28/reactions",
            "total_count": 0,
            "+1": 0,
            "-1": 0,
            "laugh": 0,
            "hooray": 0,
            "confused": 0,
            "heart": 0,
            "rocket": 0,
            "eyes": 0
        },
        "timeline_url": "https://api.github.com/repos/AFLplusplus/LibAFL-legacy/issues/28/timeline",
        "performed_via_github_app": null,
        "state_reason": null
    },
    {
        "url": "https://api.github.com/repos/AFLplusplus/LibAFL-legacy/issues/27",
        "repository_url": "https://api.github.com/repos/AFLplusplus/LibAFL-legacy",
        "labels_url": "https://api.github.com/repos/AFLplusplus/LibAFL-legacy/issues/27/labels{/name}",
        "comments_url": "https://api.github.com/repos/AFLplusplus/LibAFL-legacy/issues/27/comments",
        "events_url": "https://api.github.com/repos/AFLplusplus/LibAFL-legacy/issues/27/events",
        "html_url": "https://github.com/AFLplusplus/LibAFL-legacy/issues/27",
        "id": 691532573,
        "node_id": "MDU6SXNzdWU2OTE1MzI1NzM=",
        "number": 27,
        "title": "C++ Bindings",
        "user": {
            "login": "domenukk",
            "id": 297744,
            "node_id": "MDQ6VXNlcjI5Nzc0NA==",
            "avatar_url": "https://avatars.githubusercontent.com/u/297744?v=4",
            "gravatar_id": "",
            "url": "https://api.github.com/users/domenukk",
            "html_url": "https://github.com/domenukk",
            "followers_url": "https://api.github.com/users/domenukk/followers",
            "following_url": "https://api.github.com/users/domenukk/following{/other_user}",
            "gists_url": "https://api.github.com/users/domenukk/gists{/gist_id}",
            "starred_url": "https://api.github.com/users/domenukk/starred{/owner}{/repo}",
            "subscriptions_url": "https://api.github.com/users/domenukk/subscriptions",
            "organizations_url": "https://api.github.com/users/domenukk/orgs",
            "repos_url": "https://api.github.com/users/domenukk/repos",
            "events_url": "https://api.github.com/users/domenukk/events{/privacy}",
            "received_events_url": "https://api.github.com/users/domenukk/received_events",
            "type": "User",
            "user_view_type": "public",
            "site_admin": false
        },
        "labels": [],
        "state": "open",
        "locked": true,
        "assignee": null,
        "assignees": [],
        "milestone": null,
        "comments": 1,
        "created_at": "2020-09-03T00:39:42Z",
        "updated_at": "2020-09-08T13:15:38Z",
        "closed_at": null,
        "author_association": "MEMBER",
        "sub_issues_summary": {
            "total": 0,
            "completed": 0,
            "percent_completed": 0
        },
        "active_lock_reason": null,
        "body": "We need a nice way to interface with LibAFL from C++.",
        "closed_by": null,
        "reactions": {
            "url": "https://api.github.com/repos/AFLplusplus/LibAFL-legacy/issues/27/reactions",
            "total_count": 0,
            "+1": 0,
            "-1": 0,
            "laugh": 0,
            "hooray": 0,
            "confused": 0,
            "heart": 0,
            "rocket": 0,
            "eyes": 0
        },
        "timeline_url": "https://api.github.com/repos/AFLplusplus/LibAFL-legacy/issues/27/timeline",
        "performed_via_github_app": null,
        "state_reason": null
    },
    {
        "url": "https://api.github.com/repos/AFLplusplus/LibAFL-legacy/issues/25",
        "repository_url": "https://api.github.com/repos/AFLplusplus/LibAFL-legacy",
        "labels_url": "https://api.github.com/repos/AFLplusplus/LibAFL-legacy/issues/25/labels{/name}",
        "comments_url": "https://api.github.com/repos/AFLplusplus/LibAFL-legacy/issues/25/comments",
        "events_url": "https://api.github.com/repos/AFLplusplus/LibAFL-legacy/issues/25/events",
        "html_url": "https://github.com/AFLplusplus/LibAFL-legacy/issues/25",
        "id": 691511114,
        "node_id": "MDU6SXNzdWU2OTE1MTExMTQ=",
        "number": 25,
        "title": "Autogenerate Docs & more Documentation",
        "user": {
            "login": "domenukk",
            "id": 297744,
            "node_id": "MDQ6VXNlcjI5Nzc0NA==",
            "avatar_url": "https://avatars.githubusercontent.com/u/297744?v=4",
            "gravatar_id": "",
            "url": "https://api.github.com/users/domenukk",
            "html_url": "https://github.com/domenukk",
            "followers_url": "https://api.github.com/users/domenukk/followers",
            "following_url": "https://api.github.com/users/domenukk/following{/other_user}",
            "gists_url": "https://api.github.com/users/domenukk/gists{/gist_id}",
            "starred_url": "https://api.github.com/users/domenukk/starred{/owner}{/repo}",
            "subscriptions_url": "https://api.github.com/users/domenukk/subscriptions",
            "organizations_url": "https://api.github.com/users/domenukk/orgs",
            "repos_url": "https://api.github.com/users/domenukk/repos",
            "events_url": "https://api.github.com/users/domenukk/events{/privacy}",
            "received_events_url": "https://api.github.com/users/domenukk/received_events",
            "type": "User",
            "user_view_type": "public",
            "site_admin": false
        },
        "labels": [],
        "state": "open",
        "locked": true,
        "assignee": null,
        "assignees": [],
        "milestone": null,
        "comments": 1,
        "created_at": "2020-09-02T23:47:29Z",
        "updated_at": "2020-09-03T08:20:08Z",
        "closed_at": null,
        "author_association": "MEMBER",
        "sub_issues_summary": {
            "total": 0,
            "completed": 0,
            "percent_completed": 0
        },
        "active_lock_reason": null,
        "body": "Right now all doc is inside the code.\r\nWe should set up a [sphinx instance](https://www.sphinx-doc.org/en/master/) or some other nice way to make the API browseable.\r\nTo get started with sphinx, there is [this project](https://github.com/jnikula/hawkmoth)  (not super actively maintained) which may just be enough or [this blog post](https://devblogs.microsoft.com/cppblog/clear-functional-c-documentation-with-sphinx-breathe-doxygen-cmake/) that seems to be a bit more work, going through doxygen first. \r\nI didn't find a way to get the sphinx thing going directly, without additional tools, but maybe there's an easy way.\r\n\r\nOnce we decided on a documentation format, we can start writing more docu.",
        "closed_by": null,
        "reactions": {
            "url": "https://api.github.com/repos/AFLplusplus/LibAFL-legacy/issues/25/reactions",
            "total_count": 0,
            "+1": 0,
            "-1": 0,
            "laugh": 0,
            "hooray": 0,
            "confused": 0,
            "heart": 0,
            "rocket": 0,
            "eyes": 0
        },
        "timeline_url": "https://api.github.com/repos/AFLplusplus/LibAFL-legacy/issues/25/timeline",
        "performed_via_github_app": null,
        "state_reason": null
    },
    {
        "url": "https://api.github.com/repos/AFLplusplus/LibAFL-legacy/issues/22",
        "repository_url": "https://api.github.com/repos/AFLplusplus/LibAFL-legacy",
        "labels_url": "https://api.github.com/repos/AFLplusplus/LibAFL-legacy/issues/22/labels{/name}",
        "comments_url": "https://api.github.com/repos/AFLplusplus/LibAFL-legacy/issues/22/comments",
        "events_url": "https://api.github.com/repos/AFLplusplus/LibAFL-legacy/issues/22/events",
        "html_url": "https://github.com/AFLplusplus/LibAFL-legacy/issues/22",
        "id": 691208195,
        "node_id": "MDU6SXNzdWU2OTEyMDgxOTU=",
        "number": 22,
        "title": "AFL++ Custom Mutator Support",
        "user": {
            "login": "domenukk",
            "id": 297744,
            "node_id": "MDQ6VXNlcjI5Nzc0NA==",
            "avatar_url": "https://avatars.githubusercontent.com/u/297744?v=4",
            "gravatar_id": "",
            "url": "https://api.github.com/users/domenukk",
            "html_url": "https://github.com/domenukk",
            "followers_url": "https://api.github.com/users/domenukk/followers",
            "following_url": "https://api.github.com/users/domenukk/following{/other_user}",
            "gists_url": "https://api.github.com/users/domenukk/gists{/gist_id}",
            "starred_url": "https://api.github.com/users/domenukk/starred{/owner}{/repo}",
            "subscriptions_url": "https://api.github.com/users/domenukk/subscriptions",
            "organizations_url": "https://api.github.com/users/domenukk/orgs",
            "repos_url": "https://api.github.com/users/domenukk/repos",
            "events_url": "https://api.github.com/users/domenukk/events{/privacy}",
            "received_events_url": "https://api.github.com/users/domenukk/received_events",
            "type": "User",
            "user_view_type": "public",
            "site_admin": false
        },
        "labels": [],
        "state": "open",
        "locked": true,
        "assignee": null,
        "assignees": [],
        "milestone": null,
        "comments": 0,
        "created_at": "2020-09-02T17:05:05Z",
        "updated_at": "2020-09-02T17:05:05Z",
        "closed_at": null,
        "author_association": "MEMBER",
        "sub_issues_summary": {
            "total": 0,
            "completed": 0,
            "percent_completed": 0
        },
        "active_lock_reason": null,
        "body": "Right now LibAFL only supports its own, internal, mutators at build time. It may be beneficial to add a wrapper around the current mutators that can interface with existing Custom Mutators (at least those in C).",
        "closed_by": null,
        "reactions": {
            "url": "https://api.github.com/repos/AFLplusplus/LibAFL-legacy/issues/22/reactions",
            "total_count": 0,
            "+1": 0,
            "-1": 0,
            "laugh": 0,
            "hooray": 0,
            "confused": 0,
            "heart": 0,
            "rocket": 0,
            "eyes": 0
        },
        "timeline_url": "https://api.github.com/repos/AFLplusplus/LibAFL-legacy/issues/22/timeline",
        "performed_via_github_app": null,
        "state_reason": null
    },
    {
        "url": "https://api.github.com/repos/AFLplusplus/LibAFL-legacy/issues/20",
        "repository_url": "https://api.github.com/repos/AFLplusplus/LibAFL-legacy",
        "labels_url": "https://api.github.com/repos/AFLplusplus/LibAFL-legacy/issues/20/labels{/name}",
        "comments_url": "https://api.github.com/repos/AFLplusplus/LibAFL-legacy/issues/20/comments",
        "events_url": "https://api.github.com/repos/AFLplusplus/LibAFL-legacy/issues/20/events",
        "html_url": "https://github.com/AFLplusplus/LibAFL-legacy/issues/20",
        "id": 690809837,
        "node_id": "MDU6SXNzdWU2OTA4MDk4Mzc=",
        "number": 20,
        "title": "Oracle class",
        "user": {
            "login": "andreafioraldi",
            "id": 16168186,
            "node_id": "MDQ6VXNlcjE2MTY4MTg2",
            "avatar_url": "https://avatars.githubusercontent.com/u/16168186?v=4",
            "gravatar_id": "",
            "url": "https://api.github.com/users/andreafioraldi",
            "html_url": "https://github.com/andreafioraldi",
            "followers_url": "https://api.github.com/users/andreafioraldi/followers",
            "following_url": "https://api.github.com/users/andreafioraldi/following{/other_user}",
            "gists_url": "https://api.github.com/users/andreafioraldi/gists{/gist_id}",
            "starred_url": "https://api.github.com/users/andreafioraldi/starred{/owner}{/repo}",
            "subscriptions_url": "https://api.github.com/users/andreafioraldi/subscriptions",
            "organizations_url": "https://api.github.com/users/andreafioraldi/orgs",
            "repos_url": "https://api.github.com/users/andreafioraldi/repos",
            "events_url": "https://api.github.com/users/andreafioraldi/events{/privacy}",
            "received_events_url": "https://api.github.com/users/andreafioraldi/received_events",
            "type": "User",
            "user_view_type": "public",
            "site_admin": false
        },
        "labels": [],
        "state": "open",
        "locked": true,
        "assignee": null,
        "assignees": [],
        "milestone": null,
        "comments": 1,
        "created_at": "2020-09-02T08:03:13Z",
        "updated_at": "2020-09-02T09:03:41Z",
        "closed_at": null,
        "author_association": "MEMBER",
        "sub_issues_summary": {
            "total": 0,
            "completed": 0,
            "percent_completed": 0
        },
        "active_lock_reason": null,
        "body": "A fuzzer can look for something different than crashes. Think about timeouts for instance.\r\n\r\nThe oracle class looks at observation channels, similarly to feedback, but it decides if the testcase is crashing, not if it is interesting.\r\nFor regular fuzzing, you should define the exit code of a process as an observation channel. To make the AFL oracle, you need two observation channels that are the exit code and the coverage map.\r\n\r\nThe dedup (you can choose also that dedup is part of oracle, not a separate entity) take a crashing input, look at observation channels and say of a crash worth saving (not a duplicate). in AFL this just uses the feedback to see if the crash triggers new coverage.\r\n\r\nFor timeout, the oracle will use the coverage and the timing observation channels. I hope it is clear.",
        "closed_by": null,
        "reactions": {
            "url": "https://api.github.com/repos/AFLplusplus/LibAFL-legacy/issues/20/reactions",
            "total_count": 1,
            "+1": 1,
            "-1": 0,
            "laugh": 0,
            "hooray": 0,
            "confused": 0,
            "heart": 0,
            "rocket": 0,
            "eyes": 0
        },
        "timeline_url": "https://api.github.com/repos/AFLplusplus/LibAFL-legacy/issues/20/timeline",
        "performed_via_github_app": null,
        "state_reason": null
    },
    {
        "url": "https://api.github.com/repos/AFLplusplus/LibAFL-legacy/issues/19",
        "repository_url": "https://api.github.com/repos/AFLplusplus/LibAFL-legacy",
        "labels_url": "https://api.github.com/repos/AFLplusplus/LibAFL-legacy/issues/19/labels{/name}",
        "comments_url": "https://api.github.com/repos/AFLplusplus/LibAFL-legacy/issues/19/comments",
        "events_url": "https://api.github.com/repos/AFLplusplus/LibAFL-legacy/issues/19/events",
        "html_url": "https://github.com/AFLplusplus/LibAFL-legacy/issues/19",
        "id": 690804478,
        "node_id": "MDU6SXNzdWU2OTA4MDQ0Nzg=",
        "number": 19,
        "title": "Directory format",
        "user": {
            "login": "andreafioraldi",
            "id": 16168186,
            "node_id": "MDQ6VXNlcjE2MTY4MTg2",
            "avatar_url": "https://avatars.githubusercontent.com/u/16168186?v=4",
            "gravatar_id": "",
            "url": "https://api.github.com/users/andreafioraldi",
            "html_url": "https://github.com/andreafioraldi",
            "followers_url": "https://api.github.com/users/andreafioraldi/followers",
            "following_url": "https://api.github.com/users/andreafioraldi/following{/other_user}",
            "gists_url": "https://api.github.com/users/andreafioraldi/gists{/gist_id}",
            "starred_url": "https://api.github.com/users/andreafioraldi/starred{/owner}{/repo}",
            "subscriptions_url": "https://api.github.com/users/andreafioraldi/subscriptions",
            "organizations_url": "https://api.github.com/users/andreafioraldi/orgs",
            "repos_url": "https://api.github.com/users/andreafioraldi/repos",
            "events_url": "https://api.github.com/users/andreafioraldi/events{/privacy}",
            "received_events_url": "https://api.github.com/users/andreafioraldi/received_events",
            "type": "User",
            "user_view_type": "public",
            "site_admin": false
        },
        "labels": [],
        "state": "open",
        "locked": true,
        "assignee": null,
        "assignees": [],
        "milestone": null,
        "comments": 0,
        "created_at": "2020-09-02T07:54:27Z",
        "updated_at": "2020-09-02T07:54:27Z",
        "closed_at": null,
        "author_association": "MEMBER",
        "sub_issues_summary": {
            "total": 0,
            "completed": 0,
            "percent_completed": 0
        },
        "active_lock_reason": null,
        "body": "We have entities (eg executor) and for each entity we will provide some implementations into libafl (eg inmemoryexecutor and forkserverexecutor). These implementations are part of the library, they should not be in the example folder.\r\n\r\nI propose to create a subfolder in include and src for each entity and place into them a main file with the asbtract class and the other implementations.\r\n\r\nFor instance.\r\n\r\ninclude/executor/executor.h contains only the abstract class\r\ninclude/executor/in_memory_executor.h contains the implementation\r\n\r\nsame for src/\r\n\r\nBtw just look at FFF",
        "closed_by": null,
        "reactions": {
            "url": "https://api.github.com/repos/AFLplusplus/LibAFL-legacy/issues/19/reactions",
            "total_count": 0,
            "+1": 0,
            "-1": 0,
            "laugh": 0,
            "hooray": 0,
            "confused": 0,
            "heart": 0,
            "rocket": 0,
            "eyes": 0
        },
        "timeline_url": "https://api.github.com/repos/AFLplusplus/LibAFL-legacy/issues/19/timeline",
        "performed_via_github_app": null,
        "state_reason": null
    },
    {
        "url": "https://api.github.com/repos/AFLplusplus/LibAFL-legacy/issues/16",
        "repository_url": "https://api.github.com/repos/AFLplusplus/LibAFL-legacy",
        "labels_url": "https://api.github.com/repos/AFLplusplus/LibAFL-legacy/issues/16/labels{/name}",
        "comments_url": "https://api.github.com/repos/AFLplusplus/LibAFL-legacy/issues/16/comments",
        "events_url": "https://api.github.com/repos/AFLplusplus/LibAFL-legacy/issues/16/events",
        "html_url": "https://github.com/AFLplusplus/LibAFL-legacy/issues/16",
        "id": 690457740,
        "node_id": "MDU6SXNzdWU2OTA0NTc3NDA=",
        "number": 16,
        "title": "Get some CI going",
        "user": {
            "login": "domenukk",
            "id": 297744,
            "node_id": "MDQ6VXNlcjI5Nzc0NA==",
            "avatar_url": "https://avatars.githubusercontent.com/u/297744?v=4",
            "gravatar_id": "",
            "url": "https://api.github.com/users/domenukk",
            "html_url": "https://github.com/domenukk",
            "followers_url": "https://api.github.com/users/domenukk/followers",
            "following_url": "https://api.github.com/users/domenukk/following{/other_user}",
            "gists_url": "https://api.github.com/users/domenukk/gists{/gist_id}",
            "starred_url": "https://api.github.com/users/domenukk/starred{/owner}{/repo}",
            "subscriptions_url": "https://api.github.com/users/domenukk/subscriptions",
            "organizations_url": "https://api.github.com/users/domenukk/orgs",
            "repos_url": "https://api.github.com/users/domenukk/repos",
            "events_url": "https://api.github.com/users/domenukk/events{/privacy}",
            "received_events_url": "https://api.github.com/users/domenukk/received_events",
            "type": "User",
            "user_view_type": "public",
            "site_admin": false
        },
        "labels": [],
        "state": "open",
        "locked": true,
        "assignee": null,
        "assignees": [],
        "milestone": null,
        "comments": 2,
        "created_at": "2020-09-01T21:22:30Z",
        "updated_at": "2020-09-02T08:31:39Z",
        "closed_at": null,
        "author_association": "MEMBER",
        "sub_issues_summary": {
            "total": 0,
            "completed": 0,
            "percent_completed": 0
        },
        "active_lock_reason": null,
        "body": "Right now, we don't have any CI for LibAFL.\r\nHowever, we do have unittests and examples that can pose as test cases. These should be added to Travis, similar to AFL++.",
        "closed_by": null,
        "reactions": {
            "url": "https://api.github.com/repos/AFLplusplus/LibAFL-legacy/issues/16/reactions",
            "total_count": 0,
            "+1": 0,
            "-1": 0,
            "laugh": 0,
            "hooray": 0,
            "confused": 0,
            "heart": 0,
            "rocket": 0,
            "eyes": 0
        },
        "timeline_url": "https://api.github.com/repos/AFLplusplus/LibAFL-legacy/issues/16/timeline",
        "performed_via_github_app": null,
        "state_reason": null
    },
    {
        "url": "https://api.github.com/repos/AFLplusplus/LibAFL-legacy/issues/15",
        "repository_url": "https://api.github.com/repos/AFLplusplus/LibAFL-legacy",
        "labels_url": "https://api.github.com/repos/AFLplusplus/LibAFL-legacy/issues/15/labels{/name}",
        "comments_url": "https://api.github.com/repos/AFLplusplus/LibAFL-legacy/issues/15/comments",
        "events_url": "https://api.github.com/repos/AFLplusplus/LibAFL-legacy/issues/15/events",
        "html_url": "https://github.com/AFLplusplus/LibAFL-legacy/issues/15",
        "id": 690456597,
        "node_id": "MDU6SXNzdWU2OTA0NTY1OTc=",
        "number": 15,
        "title": "Add Dictionary/Extras Support",
        "user": {
            "login": "domenukk",
            "id": 297744,
            "node_id": "MDQ6VXNlcjI5Nzc0NA==",
            "avatar_url": "https://avatars.githubusercontent.com/u/297744?v=4",
            "gravatar_id": "",
            "url": "https://api.github.com/users/domenukk",
            "html_url": "https://github.com/domenukk",
            "followers_url": "https://api.github.com/users/domenukk/followers",
            "following_url": "https://api.github.com/users/domenukk/following{/other_user}",
            "gists_url": "https://api.github.com/users/domenukk/gists{/gist_id}",
            "starred_url": "https://api.github.com/users/domenukk/starred{/owner}{/repo}",
            "subscriptions_url": "https://api.github.com/users/domenukk/subscriptions",
            "organizations_url": "https://api.github.com/users/domenukk/orgs",
            "repos_url": "https://api.github.com/users/domenukk/repos",
            "events_url": "https://api.github.com/users/domenukk/events{/privacy}",
            "received_events_url": "https://api.github.com/users/domenukk/received_events",
            "type": "User",
            "user_view_type": "public",
            "site_admin": false
        },
        "labels": [],
        "state": "open",
        "locked": true,
        "assignee": null,
        "assignees": [],
        "milestone": null,
        "comments": 8,
        "created_at": "2020-09-01T21:21:14Z",
        "updated_at": "2020-10-04T18:50:35Z",
        "closed_at": null,
        "author_association": "MEMBER",
        "sub_issues_summary": {
            "total": 0,
            "completed": 0,
            "percent_completed": 0
        },
        "active_lock_reason": null,
        "body": "The main feature lacking in LibAFL right now is Extas support.\r\nThis includes the dictionary extras, you would pass to AFL using `-x`, but also autoextras added during fuzzing, as well as the compile-time autodict feature in AFL LTO builds, and eventually even cmplog.\r\nThe important pieces of code are in https://github.com/AFLplusplus/AFLplusplus/blob/stable/src/afl-fuzz-extras.c",
        "closed_by": null,
        "reactions": {
            "url": "https://api.github.com/repos/AFLplusplus/LibAFL-legacy/issues/15/reactions",
            "total_count": 0,
            "+1": 0,
            "-1": 0,
            "laugh": 0,
            "hooray": 0,
            "confused": 0,
            "heart": 0,
            "rocket": 0,
            "eyes": 0
        },
        "timeline_url": "https://api.github.com/repos/AFLplusplus/LibAFL-legacy/issues/15/timeline",
        "performed_via_github_app": null,
        "state_reason": null
    },
    {
        "url": "https://api.github.com/repos/AFLplusplus/LibAFL-legacy/issues/2",
        "repository_url": "https://api.github.com/repos/AFLplusplus/LibAFL-legacy",
        "labels_url": "https://api.github.com/repos/AFLplusplus/LibAFL-legacy/issues/2/labels{/name}",
        "comments_url": "https://api.github.com/repos/AFLplusplus/LibAFL-legacy/issues/2/comments",
        "events_url": "https://api.github.com/repos/AFLplusplus/LibAFL-legacy/issues/2/events",
        "html_url": "https://github.com/AFLplusplus/LibAFL-legacy/issues/2",
        "id": 633226715,
        "node_id": "MDU6SXNzdWU2MzMyMjY3MTU=",
        "number": 2,
        "title": "Possible PoC Usecases",
        "user": {
            "login": "domenukk",
            "id": 297744,
            "node_id": "MDQ6VXNlcjI5Nzc0NA==",
            "avatar_url": "https://avatars.githubusercontent.com/u/297744?v=4",
            "gravatar_id": "",
            "url": "https://api.github.com/users/domenukk",
            "html_url": "https://github.com/domenukk",
            "followers_url": "https://api.github.com/users/domenukk/followers",
            "following_url": "https://api.github.com/users/domenukk/following{/other_user}",
            "gists_url": "https://api.github.com/users/domenukk/gists{/gist_id}",
            "starred_url": "https://api.github.com/users/domenukk/starred{/owner}{/repo}",
            "subscriptions_url": "https://api.github.com/users/domenukk/subscriptions",
            "organizations_url": "https://api.github.com/users/domenukk/orgs",
            "repos_url": "https://api.github.com/users/domenukk/repos",
            "events_url": "https://api.github.com/users/domenukk/events{/privacy}",
            "received_events_url": "https://api.github.com/users/domenukk/received_events",
            "type": "User",
            "user_view_type": "public",
            "site_admin": false
        },
        "labels": [],
        "state": "open",
        "locked": true,
        "assignee": null,
        "assignees": [],
        "milestone": null,
        "comments": 1,
        "created_at": "2020-06-07T09:16:37Z",
        "updated_at": "2020-06-07T09:24:12Z",
        "closed_at": null,
        "author_association": "MEMBER",
        "sub_issues_summary": {
            "total": 0,
            "completed": 0,
            "percent_completed": 0
        },
        "active_lock_reason": null,
        "body": "We can collect some use cases here that would be nice to make possible using libAFL. \r\n\r\nI'll start with a \"proper\" untracer support \r\nhttps://twitter.com/buherator/status/1269396963998543872?s=19\r\nTaking away breakpoints as they are hit also means that subsequent runs are not reproducible. \r\nSubsequent runs with the same input should be considered successful on \"no new coverage\". Instead of \"same hash\". ",
        "closed_by": null,
        "reactions": {
            "url": "https://api.github.com/repos/AFLplusplus/LibAFL-legacy/issues/2/reactions",
            "total_count": 0,
            "+1": 0,
            "-1": 0,
            "laugh": 0,
            "hooray": 0,
            "confused": 0,
            "heart": 0,
            "rocket": 0,
            "eyes": 0
        },
        "timeline_url": "https://api.github.com/repos/AFLplusplus/LibAFL-legacy/issues/2/timeline",
        "performed_via_github_app": null,
        "state_reason": null
    }
]