[
    {
        "url": "https://api.github.com/repos/AFLplusplus/libafl_fuzzbench/issues/14",
        "repository_url": "https://api.github.com/repos/AFLplusplus/libafl_fuzzbench",
        "labels_url": "https://api.github.com/repos/AFLplusplus/libafl_fuzzbench/issues/14/labels{/name}",
        "comments_url": "https://api.github.com/repos/AFLplusplus/libafl_fuzzbench/issues/14/comments",
        "events_url": "https://api.github.com/repos/AFLplusplus/libafl_fuzzbench/issues/14/events",
        "html_url": "https://github.com/AFLplusplus/libafl_fuzzbench/issues/14",
        "id": 2549926418,
        "node_id": "I_kwDOGybX2c6X_MoS",
        "number": 14,
        "title": "Grimoire stops running after a few snapshots in FuzzBench",
        "user": {
            "login": "renatahodovan",
            "id": 3356404,
            "node_id": "MDQ6VXNlcjMzNTY0MDQ=",
            "avatar_url": "https://avatars.githubusercontent.com/u/3356404?v=4",
            "gravatar_id": "",
            "url": "https://api.github.com/users/renatahodovan",
            "html_url": "https://github.com/renatahodovan",
            "followers_url": "https://api.github.com/users/renatahodovan/followers",
            "following_url": "https://api.github.com/users/renatahodovan/following{/other_user}",
            "gists_url": "https://api.github.com/users/renatahodovan/gists{/gist_id}",
            "starred_url": "https://api.github.com/users/renatahodovan/starred{/owner}{/repo}",
            "subscriptions_url": "https://api.github.com/users/renatahodovan/subscriptions",
            "organizations_url": "https://api.github.com/users/renatahodovan/orgs",
            "repos_url": "https://api.github.com/users/renatahodovan/repos",
            "events_url": "https://api.github.com/users/renatahodovan/events{/privacy}",
            "received_events_url": "https://api.github.com/users/renatahodovan/received_events",
            "type": "User",
            "user_view_type": "public",
            "site_admin": false
        },
        "labels": [],
        "state": "open",
        "locked": false,
        "assignee": null,
        "assignees": [],
        "milestone": null,
        "comments": 6,
        "created_at": "2024-09-26T08:43:58Z",
        "updated_at": "2024-10-21T13:14:13Z",
        "closed_at": null,
        "author_association": "NONE",
        "sub_issues_summary": {
            "total": 0,
            "completed": 0,
            "percent_completed": 0
        },
        "active_lock_reason": null,
        "body": "I'm trying to run a FuzzBench experiment on the mruby target after applying https://github.com/google/fuzzbench/pull/2048 and https://github.com/AFLplusplus/libafl_fuzzbench/pull/13. After applying these patches, the experiment starts successfully, and I get reasonable results from the first few snapshots (the corpus directories contain Ruby-like test cases, and the coverage increases).\r\n\r\nHowever, after several snapshots, it seems that nothing happens anymore. I receive some heartbeat messages in the log, but the corpus directories remain empty, and the coverage stops increasing. This issue occurred in all 5 out of 5 trials after 30 to 60 minutes of fuzzing.\r\n\r\nMy guess is that there's an issue with the crash, timeout, or restart handling of the SUT (even though it appears to be similar to other grammar-aware fuzzer implementations like Nautilus, Gramatron, and token-level fuzzers, which work fine). Alternatively, it could be a problem with the mutator implementation. Unfortunately, I'm not familiar with Rust or the Grimoire implementation.\r\n\r\nHas anyone faced a similar issue or have any idea what might be happening here?",
        "closed_by": null,
        "reactions": {
            "url": "https://api.github.com/repos/AFLplusplus/libafl_fuzzbench/issues/14/reactions",
            "total_count": 0,
            "+1": 0,
            "-1": 0,
            "laugh": 0,
            "hooray": 0,
            "confused": 0,
            "heart": 0,
            "rocket": 0,
            "eyes": 0
        },
        "timeline_url": "https://api.github.com/repos/AFLplusplus/libafl_fuzzbench/issues/14/timeline",
        "performed_via_github_app": null,
        "state_reason": null
    }
]