[
    {
        "url": "https://api.github.com/repos/AFLplusplus/unicornafl/issues/30",
        "repository_url": "https://api.github.com/repos/AFLplusplus/unicornafl",
        "labels_url": "https://api.github.com/repos/AFLplusplus/unicornafl/issues/30/labels{/name}",
        "comments_url": "https://api.github.com/repos/AFLplusplus/unicornafl/issues/30/comments",
        "events_url": "https://api.github.com/repos/AFLplusplus/unicornafl/issues/30/events",
        "html_url": "https://github.com/AFLplusplus/unicornafl/issues/30",
        "id": 2770637276,
        "node_id": "I_kwDOGdBHO86lJJHc",
        "number": 30,
        "title": "COMPCOV off-by-one (or more!), index overflowing map",
        "user": {
            "login": "AlLongley",
            "id": 6256295,
            "node_id": "MDQ6VXNlcjYyNTYyOTU=",
            "avatar_url": "https://avatars.githubusercontent.com/u/6256295?v=4",
            "gravatar_id": "",
            "url": "https://api.github.com/users/AlLongley",
            "html_url": "https://github.com/AlLongley",
            "followers_url": "https://api.github.com/users/AlLongley/followers",
            "following_url": "https://api.github.com/users/AlLongley/following{/other_user}",
            "gists_url": "https://api.github.com/users/AlLongley/gists{/gist_id}",
            "starred_url": "https://api.github.com/users/AlLongley/starred{/owner}{/repo}",
            "subscriptions_url": "https://api.github.com/users/AlLongley/subscriptions",
            "organizations_url": "https://api.github.com/users/AlLongley/orgs",
            "repos_url": "https://api.github.com/users/AlLongley/repos",
            "events_url": "https://api.github.com/users/AlLongley/events{/privacy}",
            "received_events_url": "https://api.github.com/users/AlLongley/received_events",
            "type": "User",
            "user_view_type": "public",
            "site_admin": false
        },
        "labels": [],
        "state": "open",
        "locked": false,
        "assignee": null,
        "assignees": [],
        "milestone": null,
        "comments": 2,
        "created_at": "2025-01-06T13:14:01Z",
        "updated_at": "2025-01-06T15:45:07Z",
        "closed_at": null,
        "author_association": "NONE",
        "sub_issues_summary": {
            "total": 0,
            "completed": 0,
            "percent_completed": 0
        },
        "active_lock_reason": null,
        "body": "I have managed to trigger a buffer overflow in my Qiling target if `_uc_hook_sub_impl_64` is called with a `cur_loc` close to, but less than the total `MAP_SIZE`.  I believe the per-byte comparison \"+\" offsets push it over, incrementing an index beyond the map's buffer itself.\r\n\r\nTake for example the following values:\r\n\r\n```\r\nMAP_SIZE = afl_inst_rms_ = 0x10000\r\ncur_loc = 0xffff\r\nafl_prev_loc_ = 0x3777\r\n```\r\n\r\nhttps://github.com/AFLplusplus/unicornafl/blob/2abdcd3c796042eaf62ed03e57bcd4199d12b935/unicornafl.cpp#L367-L370\r\n\r\n\r\nThe resulting incremented `afl_area_ptr_` index is: 0x13772, overflowing the MAP_SIZE by a lot, losing a coverage point and potentially crashing the target.\r\n\r\nI can see there's a check to attempt to avoid this before the individual byte checks are called, should the comparison instead be `>= (ucafl->afl_inst_rms_-6))` or similar ?\r\n\r\nhttps://github.com/AFLplusplus/unicornafl/blob/2abdcd3c796042eaf62ed03e57bcd4199d12b935/unicornafl.cpp#L418",
        "closed_by": null,
        "reactions": {
            "url": "https://api.github.com/repos/AFLplusplus/unicornafl/issues/30/reactions",
            "total_count": 0,
            "+1": 0,
            "-1": 0,
            "laugh": 0,
            "hooray": 0,
            "confused": 0,
            "heart": 0,
            "rocket": 0,
            "eyes": 0
        },
        "timeline_url": "https://api.github.com/repos/AFLplusplus/unicornafl/issues/30/timeline",
        "performed_via_github_app": null,
        "state_reason": null
    },
    {
        "url": "https://api.github.com/repos/AFLplusplus/unicornafl/issues/24",
        "repository_url": "https://api.github.com/repos/AFLplusplus/unicornafl",
        "labels_url": "https://api.github.com/repos/AFLplusplus/unicornafl/issues/24/labels{/name}",
        "comments_url": "https://api.github.com/repos/AFLplusplus/unicornafl/issues/24/comments",
        "events_url": "https://api.github.com/repos/AFLplusplus/unicornafl/issues/24/events",
        "html_url": "https://github.com/AFLplusplus/unicornafl/issues/24",
        "id": 2229112820,
        "node_id": "I_kwDOGdBHO86E3Y_0",
        "number": 24,
        "title": "Build fails due to some issue in unicorn_afl ",
        "user": {
            "login": "nishant412",
            "id": 31319032,
            "node_id": "MDQ6VXNlcjMxMzE5MDMy",
            "avatar_url": "https://avatars.githubusercontent.com/u/31319032?v=4",
            "gravatar_id": "",
            "url": "https://api.github.com/users/nishant412",
            "html_url": "https://github.com/nishant412",
            "followers_url": "https://api.github.com/users/nishant412/followers",
            "following_url": "https://api.github.com/users/nishant412/following{/other_user}",
            "gists_url": "https://api.github.com/users/nishant412/gists{/gist_id}",
            "starred_url": "https://api.github.com/users/nishant412/starred{/owner}{/repo}",
            "subscriptions_url": "https://api.github.com/users/nishant412/subscriptions",
            "organizations_url": "https://api.github.com/users/nishant412/orgs",
            "repos_url": "https://api.github.com/users/nishant412/repos",
            "events_url": "https://api.github.com/users/nishant412/events{/privacy}",
            "received_events_url": "https://api.github.com/users/nishant412/received_events",
            "type": "User",
            "user_view_type": "public",
            "site_admin": false
        },
        "labels": [],
        "state": "open",
        "locked": false,
        "assignee": null,
        "assignees": [],
        "milestone": null,
        "comments": 1,
        "created_at": "2023-10-17T20:23:21Z",
        "updated_at": "2024-04-06T06:57:42Z",
        "closed_at": null,
        "author_association": "NONE",
        "sub_issues_summary": {
            "total": 0,
            "completed": 0,
            "percent_completed": 0
        },
        "active_lock_reason": null,
        "body": "I am trying to build AFLplusplus from source following the instructions on here - https://github.com/AFLplusplus/AFLplusplus/blob/stable/docs/INSTALL.md \r\n\r\nWhen I run `make distrib ` it seems to error out during unicorn_mode build stage. Here is what I observed:\r\n\r\n> [ 94%] Built target sample_x86\r\n> make[3]: Leaving directory '/home/nb-ap@THP.LOCAL/Tools/AFLplusplus/unicorn_mode/unicornafl/unicorn/build'\r\n> make[2]: *** [Makefile:146: all] Error 2\r\n> make[2]: Leaving directory '/home/nb-ap@THP.LOCAL/Tools/AFLplusplus/unicorn_mode/unicornafl/unicorn/build'\r\n> make[1]: *** [Makefile:11: unicorn/build/libunicorn-common.a] Error 2\r\n> make[1]: Leaving directory '/home/nb-ap@THP.LOCAL/Tools/AFLplusplus/unicorn_mode/unicornafl'\r\n> make: [GNUmakefile:651: distrib] Error 1 (ignored)\r\n> \r\n\r\nAny suggestions on how to resolve this? I am running Ubuntu 22.04.1 LTS on a x86_64 machine\r\n\r\nEdit : Looking at the output logs better, I realize this is where the errors start \r\n\r\n> [ 93%] Building C object CMakeFiles/sample_x86.dir/samples/sample_x86.c.o\r\n> make[4]: Entering directory '/home/nb-ap@THP.LOCAL/Tools/AFLplusplus/unicorn_mode/unicornafl/unicorn/build'\r\n> [ 93%] Building C object CMakeFiles/sample_x86_32_gdt_and_seg_regs.dir/samples/sample_x86_32_gdt_and_seg_regs.c.o\r\n> make[4]: Entering directory '/home/nb-ap@THP.LOCAL/Tools/AFLplusplus/unicorn_mode/unicornafl/unicorn/build'\r\n> [ 93%] Building C object CMakeFiles/sample_batch_reg.dir/samples/sample_batch_reg.c.o\r\n> make[4]: Entering directory '/home/nb-ap@THP.LOCAL/Tools/AFLplusplus/unicorn_mode/unicornafl/unicorn/build'\r\n> @Syntax error in archive script, line 1\r\n> /usr/bin/ar: /home/nb-ap: No such file or directory\r\n> @make[4]: *** [CMakeFiles/bundling_target.dir/build.make:73: libunicorn.a] Error 9\r\n\r\nI am guessing the arguments to the call to `ar` don't have quotes correctly, coz it seems to ignore my home directory name after the `@` . Where should I edit to fix this?",
        "closed_by": null,
        "reactions": {
            "url": "https://api.github.com/repos/AFLplusplus/unicornafl/issues/24/reactions",
            "total_count": 0,
            "+1": 0,
            "-1": 0,
            "laugh": 0,
            "hooray": 0,
            "confused": 0,
            "heart": 0,
            "rocket": 0,
            "eyes": 0
        },
        "timeline_url": "https://api.github.com/repos/AFLplusplus/unicornafl/issues/24/timeline",
        "performed_via_github_app": null,
        "state_reason": null
    },
    {
        "url": "https://api.github.com/repos/AFLplusplus/unicornafl/issues/4",
        "repository_url": "https://api.github.com/repos/AFLplusplus/unicornafl",
        "labels_url": "https://api.github.com/repos/AFLplusplus/unicornafl/issues/4/labels{/name}",
        "comments_url": "https://api.github.com/repos/AFLplusplus/unicornafl/issues/4/comments",
        "events_url": "https://api.github.com/repos/AFLplusplus/unicornafl/issues/4/events",
        "html_url": "https://github.com/AFLplusplus/unicornafl/issues/4",
        "id": 1119271251,
        "node_id": "I_kwDOGdBHO85CtrlT",
        "number": 4,
        "title": "Qiling + unicornafl seems like can't find an easy integer overflow",
        "user": {
            "login": "dzonerzy",
            "id": 16840842,
            "node_id": "MDQ6VXNlcjE2ODQwODQy",
            "avatar_url": "https://avatars.githubusercontent.com/u/16840842?v=4",
            "gravatar_id": "",
            "url": "https://api.github.com/users/dzonerzy",
            "html_url": "https://github.com/dzonerzy",
            "followers_url": "https://api.github.com/users/dzonerzy/followers",
            "following_url": "https://api.github.com/users/dzonerzy/following{/other_user}",
            "gists_url": "https://api.github.com/users/dzonerzy/gists{/gist_id}",
            "starred_url": "https://api.github.com/users/dzonerzy/starred{/owner}{/repo}",
            "subscriptions_url": "https://api.github.com/users/dzonerzy/subscriptions",
            "organizations_url": "https://api.github.com/users/dzonerzy/orgs",
            "repos_url": "https://api.github.com/users/dzonerzy/repos",
            "events_url": "https://api.github.com/users/dzonerzy/events{/privacy}",
            "received_events_url": "https://api.github.com/users/dzonerzy/received_events",
            "type": "User",
            "user_view_type": "public",
            "site_admin": false
        },
        "labels": [],
        "state": "open",
        "locked": false,
        "assignee": {
            "login": "wtdcode",
            "id": 30623163,
            "node_id": "MDQ6VXNlcjMwNjIzMTYz",
            "avatar_url": "https://avatars.githubusercontent.com/u/30623163?v=4",
            "gravatar_id": "",
            "url": "https://api.github.com/users/wtdcode",
            "html_url": "https://github.com/wtdcode",
            "followers_url": "https://api.github.com/users/wtdcode/followers",
            "following_url": "https://api.github.com/users/wtdcode/following{/other_user}",
            "gists_url": "https://api.github.com/users/wtdcode/gists{/gist_id}",
            "starred_url": "https://api.github.com/users/wtdcode/starred{/owner}{/repo}",
            "subscriptions_url": "https://api.github.com/users/wtdcode/subscriptions",
            "organizations_url": "https://api.github.com/users/wtdcode/orgs",
            "repos_url": "https://api.github.com/users/wtdcode/repos",
            "events_url": "https://api.github.com/users/wtdcode/events{/privacy}",
            "received_events_url": "https://api.github.com/users/wtdcode/received_events",
            "type": "User",
            "user_view_type": "public",
            "site_admin": false
        },
        "assignees": [
            {
                "login": "wtdcode",
                "id": 30623163,
                "node_id": "MDQ6VXNlcjMwNjIzMTYz",
                "avatar_url": "https://avatars.githubusercontent.com/u/30623163?v=4",
                "gravatar_id": "",
                "url": "https://api.github.com/users/wtdcode",
                "html_url": "https://github.com/wtdcode",
                "followers_url": "https://api.github.com/users/wtdcode/followers",
                "following_url": "https://api.github.com/users/wtdcode/following{/other_user}",
                "gists_url": "https://api.github.com/users/wtdcode/gists{/gist_id}",
                "starred_url": "https://api.github.com/users/wtdcode/starred{/owner}{/repo}",
                "subscriptions_url": "https://api.github.com/users/wtdcode/subscriptions",
                "organizations_url": "https://api.github.com/users/wtdcode/orgs",
                "repos_url": "https://api.github.com/users/wtdcode/repos",
                "events_url": "https://api.github.com/users/wtdcode/events{/privacy}",
                "received_events_url": "https://api.github.com/users/wtdcode/received_events",
                "type": "User",
                "user_view_type": "public",
                "site_admin": false
            }
        ],
        "milestone": null,
        "comments": 7,
        "created_at": "2022-01-31T10:55:31Z",
        "updated_at": "2024-11-11T18:08:45Z",
        "closed_at": null,
        "author_association": "NONE",
        "sub_issues_summary": {
            "total": 0,
            "completed": 0,
            "percent_completed": 0
        },
        "active_lock_reason": null,
        "body": "Basically i created a vulnerable binary and linked it against uclib-ng (arm-eabihf), below the source code:\r\n\r\n```c\r\n#include <stdio.h>\r\n#include <stdlib.h>\r\n#include <string.h>\r\n\r\n\r\nchar* c_readfile(char *filename, size_t *filesize)\r\n{\r\n   char *buffer = NULL;\r\n   int read_size;\r\n   FILE *handler = fopen(filename, \"rb\");\r\n   if (handler)\r\n   {\r\n       fseek(handler, 0, SEEK_END);\r\n       *filesize = ftell(handler);\r\n       rewind(handler);\r\n       buffer = (char*) malloc(sizeof(char) * (*filesize + 1) );\r\n       read_size = fread(buffer, sizeof(char), *filesize, handler);\r\n       // buffer[filesize] = '\\0';\r\n       if (*filesize != read_size)\r\n       {\r\n           free(buffer);\r\n           buffer = NULL;\r\n       }\r\n       fclose(handler);\r\n    }\r\n    return buffer;\r\n}\r\n\r\ntypedef enum {\r\n\tSTYPE_ANGELO = 0xdeadbeef,\r\n\tSTYPE_JACK = 0xcafebabe,\r\n\tSTYPE_DZONERZY = 0xc00fc00f,\r\n\tSTYPE_INVALID = -1\r\n} stype_t;\r\n\r\n\r\ntypedef char byte;\r\ntypedef unsigned char ubyte;\r\n\r\ntypedef struct {\r\n\tstype_t Kind;\r\n\tshort Length;\r\n\tchar * Buffer;\r\n} content_t, *pcontent_t;\r\n\r\npcontent_t parse_data(unsigned char * buffer, size_t buf_len) {\r\n\tpcontent_t data = (pcontent_t) malloc(sizeof(content_t));\r\n\tdata->Kind = STYPE_INVALID;\r\n\tdata->Length = 0;\r\n\tdata->Buffer = NULL;\r\n\tsize_t counter = 0;\r\n\twhile(counter < buf_len) {\r\n\t\tunsigned long long kind = *(unsigned long long *)(buffer + counter);\r\n\t\tswitch(kind) {\r\n\t\t\tcase STYPE_ANGELO:\r\n\t\t\t\tprintf(\"Got kind ANGELO!\\n\");\r\n\t\t\t\tdata->Kind = kind;\r\n\t\t\t\tbreak;\r\n\t\t\tcase STYPE_JACK:\r\n\t\t\t\tprintf(\"Got kind JACK!\\n\");\r\n\t\t\t\tdata->Kind = kind;\r\n\t\t\t\tbreak;\r\n\t\t\tcase STYPE_DZONERZY:\r\n\t\t\t\tprintf(\"Got kind DZONERZY!\\n\");\r\n                                data->Kind = kind;\r\n\t\t\t\tbreak;\r\n\t\t\tdefault:\r\n\t\t\t\tprintf(\"Invalid kind 0x%llx\\n\", kind);\r\n\t\t\t\texit(0);\r\n\t\t}\r\n\t\tcounter += sizeof(kind);\r\n\t\tdata->Length = *(short *)(buffer + counter);\r\n\t\tcounter += sizeof(data->Length);\r\n\t\tprintf(\"Got size: 0x%x\\n\", data->Length, (short)(data->Length));\r\n\t\tif((short)(data->Length + 1) > 32) { // integer overflow happen here\r\n\t\t\tprintf(\"invalid length > 32\\n\");\r\n\t\t\texit(0);\r\n\t\t}else{\r\n\t\t\tdata->Buffer = malloc(32);\r\n\t\t\tmemset(data->Buffer, 0, data->Length);\r\n\t\t\tmemcpy(data->Buffer, (buffer + counter), data->Length);\r\n\t\t}\r\n\t\tcounter += data->Length;\r\n\t\tprintf(\"counter = %d\\n\",counter);\r\n\t}\r\n\treturn data;\r\n}\r\n\r\n\r\nint main(int argc, char ** argv) {\r\n\tif(argc == 2) {\r\n\t\tchar * inputfile = argv[1];\r\n\t\tprintf(\"Using input file: %s\\n\", inputfile);\r\n\t\tsize_t filesize = 0;\r\n\t\tunsigned char *buffer = c_readfile(inputfile, &filesize);\r\n\t\tif(!buffer) {\r\n\t\t\tprintf(\"Invalid file specified!\\n\");\r\n\t\t\texit(-1);\r\n\t\t}\r\n\t\tprintf(\"Got file %lu bytes, start parsing\\n\", filesize);\r\n\t\tpcontent_t ret = parse_data(buffer, filesize);\r\n\t\tprintf(\"Kind: 0x%llx Length: 0x%08x Buffer: %p\\n\", ret->Kind, ret->Length, ret->Buffer);\r\n\t}else{\r\n\t\tprintf(\"Usage: %s <input>\\n\", argv[0]);\r\n\t\treturn -1;\r\n\t}\r\n\r\n\treturn 0;\r\n}\r\n```\r\n\r\nThen i created a simple qiling script which make first a snapshot the use the snapshot to fuzz the parsing function\r\n\r\n```python\r\nimport os\r\nimport signal\r\nimport sys\r\nimport qiling.core\r\nfrom qiling import *\r\nfrom qiling.const import QL_VERBOSE\r\nimport unicornafl\r\n\r\n\r\ndef snap(ql: qiling.core.Qiling):\r\n    r0 = ql.reg.read(\"r0\")\r\n    size = ql.reg.read(\"r1\")\r\n    mem = ql.mem.read(r0, size)\r\n    # just a check to see if r0 is pointing to the expected buffer\r\n    print(mem)\r\n    ql.save(snapshot=\"snap.bin\")\r\n    exit(0)\r\n\r\n\r\ndef start_afl(ql: qiling.core.Qiling, input_file):\r\n    def place_input_callback(uc: unicornafl.Uc, fuzzed: bytes, persistent_round: int, data):\r\n        # r0 is a pointer to fuzzed input\r\n        # r1 is the buffer length\r\n        allocated_mem = ql.mem.map_anywhere(len(fuzzed))\r\n        # write the fuzzed input to the allocated memory\r\n        ql.mem.write(allocated_mem, fuzzed)\r\n        # overwrite r0 pointer with the new buffer location\r\n        ql.reg.write(\"r0\", allocated_mem)\r\n        # update buffer length\r\n        ql.reg.write(\"r1\", len(fuzzed))\r\n        return True\r\n    try:\r\n        if not ql.uc.afl_fuzz(input_file=input_file,\r\n                              place_input_callback=place_input_callback,\r\n                              exits=[ql.os.exit_point]):\r\n            print(\"Ran once without AFL attached.\")\r\n            exit(0)\r\n    except unicornafl.UcAflError as ex:\r\n        if ex != unicornafl.UC_AFL_RET_CALLED_TWICE:\r\n            raise\r\n\r\n\r\ndef my_syscall_write(ql: Qiling, write_fd, write_buf, write_count, *args, **kw):\r\n    data = ql.mem.read(write_buf, write_count)\r\n    # disable printing\r\n    # print(data.decode(), end=\"\")\r\n    return write_count\r\n\r\n\r\ndef mem_read_write(ql: Qiling, size, addr, value, unk):\r\n    if not ql.mem.is_mapped(addr, size):\r\n        os.abort()\r\n\r\n\r\ndef abort(ql, int_code):\r\n    os.kill(os.getpid(), signal.SIGSEGV)\r\n\r\n\r\ndef emulate(path, rootfs, input_file):\r\n    ql = Qiling(path, rootfs, verbose=QL_VERBOSE.DEBUG)\r\n    # This is done only the first time to save snapshot\r\n    # ql.hook_address(snap, address=0x00010b30)\r\n    # ql.run()\r\n\r\n    ql.restore(snapshot=\"./snap.bin\")  # restore the snapshot right before calling the parse function\r\n    ql.hook_address(start_afl, 0x00010b30, user_data=input_file)  # hook right before the parsing function and place\r\n    # fuzzed input in memory\r\n    ql.set_syscall(0x4, my_syscall_write)  # disable stdout/stderr printing\r\n    ql.hook_mem_write(mem_read_write)  # hook memory to check if we are writing on unallocated memory\r\n\r\n    try:\r\n        ql.emu_start(begin=0x00010b30, end=0x0010b34)\r\n    except:\r\n        abort(ql, 0)\r\n\r\n\r\nif __name__ == \"__main__\":\r\n    unicornafl.monkeypatch()\r\n    if len(sys.argv) == 2:\r\n        emulate([\"./test\", \"\"], \"./rootfs\", sys.argv[1])\r\n    else:\r\n        print(f\"Usage {sys.argv[0]} <input>\")\r\n```\r\n\r\nAnyway seems like after 5 completed cycles it still can't find the vulnerable path, while forcing it into place_input_callback just works fine and make afl register the crash.\r\n\r\n\r\nI run afl with\r\n\r\n`AFL_DEBUG=1 afl-fuzz -D -U -i input/ -o output/ -- python3 main.py @@`\r\n\r\n[test-arm.tar.gz](https://github.com/AFLplusplus/unicornafl/files/7970150/test-arm.tar.gz)\r\n\r\n```\r\n┌─ process timing ────────────────────────────────────┬─ overall results ────┐\r\n│        run time : 0 days, 0 hrs, 21 min, 3 sec      │  cycles done : 25    │ <- 25 cycles completed :(\r\n│   last new find : 0 days, 0 hrs, 20 min, 53 sec     │ corpus count : 16    │\r\n│last saved crash : none seen yet                     │saved crashes : 0     │\r\n│ last saved hang : none seen yet                     │  saved hangs : 0     │\r\n├─ cycle progress ─────────────────────┬─ map coverage┴──────────────────────┤\r\n│  now processing : 4.311 (25.0%)      │    map density : 0.63% / 0.68%      │\r\n│  runs timed out : 0 (0.00%)          │ count coverage : 1.22 bits/tuple    │\r\n├─ stage progress ─────────────────────┼─ findings in depth ─────────────────┤\r\n│  now trying : havoc                  │ favored items : 8 (50.00%)          │\r\n│ stage execs : 58/145 (40.00%)        │  new edges on : 8 (50.00%)          │\r\n│ total execs : 133k                   │ total crashes : 0 (0 saved)         │\r\n│  exec speed : 102.7/sec              │  total tmouts : 0 (0 saved)         │\r\n├─ fuzzing strategy yields ────────────┴─────────────┬─ item geometry ───────┤\r\n│   bit flips : 1/704, 0/689, 0/659                  │    levels : 2         │\r\n│  byte flips : 0/88, 0/73, 0/43                     │   pending : 1         │\r\n│ arithmetics : 0/4927, 0/977, 0/19                  │  pend fav : 0         │\r\n│  known ints : 8/398, 6/1849, 0/1888                │ own finds : 15        │\r\n│  dictionary : 0/0, 0/0, 0/0                        │  imported : 0         │\r\n│havoc/splice : 0/73.8k, 0/47.3k                     │ stability : 100.00%   │\r\n│py/custom/rq : unused, unused, unused, unused       ├───────────────────────┘\r\n│    trim/eff : 92.26%/27, 0.00%                     │          [cpu000:100%]\r\n└────────────────────────────────────────────────────┘\r\n```",
        "closed_by": null,
        "reactions": {
            "url": "https://api.github.com/repos/AFLplusplus/unicornafl/issues/4/reactions",
            "total_count": 0,
            "+1": 0,
            "-1": 0,
            "laugh": 0,
            "hooray": 0,
            "confused": 0,
            "heart": 0,
            "rocket": 0,
            "eyes": 0
        },
        "timeline_url": "https://api.github.com/repos/AFLplusplus/unicornafl/issues/4/timeline",
        "performed_via_github_app": null,
        "state_reason": null
    }
]