[
    {
        "url": "https://api.github.com/repos/AfricArxiv/indigenous-knowledge/issues/2",
        "repository_url": "https://api.github.com/repos/AfricArxiv/indigenous-knowledge",
        "labels_url": "https://api.github.com/repos/AfricArxiv/indigenous-knowledge/issues/2/labels{/name}",
        "comments_url": "https://api.github.com/repos/AfricArxiv/indigenous-knowledge/issues/2/comments",
        "events_url": "https://api.github.com/repos/AfricArxiv/indigenous-knowledge/issues/2/events",
        "html_url": "https://github.com/AfricArxiv/indigenous-knowledge/issues/2",
        "id": 554361800,
        "node_id": "MDU6SXNzdWU1NTQzNjE4MDA=",
        "number": 2,
        "title": "website update",
        "user": {
            "login": "johav",
            "id": 13553996,
            "node_id": "MDQ6VXNlcjEzNTUzOTk2",
            "avatar_url": "https://avatars.githubusercontent.com/u/13553996?v=4",
            "gravatar_id": "",
            "url": "https://api.github.com/users/johav",
            "html_url": "https://github.com/johav",
            "followers_url": "https://api.github.com/users/johav/followers",
            "following_url": "https://api.github.com/users/johav/following{/other_user}",
            "gists_url": "https://api.github.com/users/johav/gists{/gist_id}",
            "starred_url": "https://api.github.com/users/johav/starred{/owner}{/repo}",
            "subscriptions_url": "https://api.github.com/users/johav/subscriptions",
            "organizations_url": "https://api.github.com/users/johav/orgs",
            "repos_url": "https://api.github.com/users/johav/repos",
            "events_url": "https://api.github.com/users/johav/events{/privacy}",
            "received_events_url": "https://api.github.com/users/johav/received_events",
            "type": "User",
            "user_view_type": "public",
            "site_admin": false
        },
        "labels": [],
        "state": "open",
        "locked": false,
        "assignee": null,
        "assignees": [],
        "milestone": null,
        "comments": 0,
        "created_at": "2020-01-23T19:36:02Z",
        "updated_at": "2020-01-23T19:36:02Z",
        "closed_at": null,
        "author_association": "MEMBER",
        "sub_issues_summary": {
            "total": 0,
            "completed": 0,
            "percent_completed": 0
        },
        "active_lock_reason": null,
        "body": "once we are clear about the strategy within AfricArXiv we can update the website text on https://info.africarxiv.org/indigenous-knowledge/",
        "closed_by": null,
        "reactions": {
            "url": "https://api.github.com/repos/AfricArxiv/indigenous-knowledge/issues/2/reactions",
            "total_count": 0,
            "+1": 0,
            "-1": 0,
            "laugh": 0,
            "hooray": 0,
            "confused": 0,
            "heart": 0,
            "rocket": 0,
            "eyes": 0
        },
        "timeline_url": "https://api.github.com/repos/AfricArxiv/indigenous-knowledge/issues/2/timeline",
        "performed_via_github_app": null,
        "state_reason": null
    },
    {
        "url": "https://api.github.com/repos/AfricArxiv/indigenous-knowledge/issues/1",
        "repository_url": "https://api.github.com/repos/AfricArxiv/indigenous-knowledge",
        "labels_url": "https://api.github.com/repos/AfricArxiv/indigenous-knowledge/issues/1/labels{/name}",
        "comments_url": "https://api.github.com/repos/AfricArxiv/indigenous-knowledge/issues/1/comments",
        "events_url": "https://api.github.com/repos/AfricArxiv/indigenous-knowledge/issues/1/events",
        "html_url": "https://github.com/AfricArxiv/indigenous-knowledge/issues/1",
        "id": 554355165,
        "node_id": "MDU6SXNzdWU1NTQzNTUxNjU=",
        "number": 1,
        "title": "plan activities for indigenous communities and scientists",
        "user": {
            "login": "johav",
            "id": 13553996,
            "node_id": "MDQ6VXNlcjEzNTUzOTk2",
            "avatar_url": "https://avatars.githubusercontent.com/u/13553996?v=4",
            "gravatar_id": "",
            "url": "https://api.github.com/users/johav",
            "html_url": "https://github.com/johav",
            "followers_url": "https://api.github.com/users/johav/followers",
            "following_url": "https://api.github.com/users/johav/following{/other_user}",
            "gists_url": "https://api.github.com/users/johav/gists{/gist_id}",
            "starred_url": "https://api.github.com/users/johav/starred{/owner}{/repo}",
            "subscriptions_url": "https://api.github.com/users/johav/subscriptions",
            "organizations_url": "https://api.github.com/users/johav/orgs",
            "repos_url": "https://api.github.com/users/johav/repos",
            "events_url": "https://api.github.com/users/johav/events{/privacy}",
            "received_events_url": "https://api.github.com/users/johav/received_events",
            "type": "User",
            "user_view_type": "public",
            "site_admin": false
        },
        "labels": [],
        "state": "open",
        "locked": false,
        "assignee": {
            "login": "Johanssen",
            "id": 7679952,
            "node_id": "MDQ6VXNlcjc2Nzk5NTI=",
            "avatar_url": "https://avatars.githubusercontent.com/u/7679952?v=4",
            "gravatar_id": "",
            "url": "https://api.github.com/users/Johanssen",
            "html_url": "https://github.com/Johanssen",
            "followers_url": "https://api.github.com/users/Johanssen/followers",
            "following_url": "https://api.github.com/users/Johanssen/following{/other_user}",
            "gists_url": "https://api.github.com/users/Johanssen/gists{/gist_id}",
            "starred_url": "https://api.github.com/users/Johanssen/starred{/owner}{/repo}",
            "subscriptions_url": "https://api.github.com/users/Johanssen/subscriptions",
            "organizations_url": "https://api.github.com/users/Johanssen/orgs",
            "repos_url": "https://api.github.com/users/Johanssen/repos",
            "events_url": "https://api.github.com/users/Johanssen/events{/privacy}",
            "received_events_url": "https://api.github.com/users/Johanssen/received_events",
            "type": "User",
            "user_view_type": "public",
            "site_admin": false
        },
        "assignees": [
            {
                "login": "Johanssen",
                "id": 7679952,
                "node_id": "MDQ6VXNlcjc2Nzk5NTI=",
                "avatar_url": "https://avatars.githubusercontent.com/u/7679952?v=4",
                "gravatar_id": "",
                "url": "https://api.github.com/users/Johanssen",
                "html_url": "https://github.com/Johanssen",
                "followers_url": "https://api.github.com/users/Johanssen/followers",
                "following_url": "https://api.github.com/users/Johanssen/following{/other_user}",
                "gists_url": "https://api.github.com/users/Johanssen/gists{/gist_id}",
                "starred_url": "https://api.github.com/users/Johanssen/starred{/owner}{/repo}",
                "subscriptions_url": "https://api.github.com/users/Johanssen/subscriptions",
                "organizations_url": "https://api.github.com/users/Johanssen/orgs",
                "repos_url": "https://api.github.com/users/Johanssen/repos",
                "events_url": "https://api.github.com/users/Johanssen/events{/privacy}",
                "received_events_url": "https://api.github.com/users/Johanssen/received_events",
                "type": "User",
                "user_view_type": "public",
                "site_admin": false
            },
            {
                "login": "johav",
                "id": 13553996,
                "node_id": "MDQ6VXNlcjEzNTUzOTk2",
                "avatar_url": "https://avatars.githubusercontent.com/u/13553996?v=4",
                "gravatar_id": "",
                "url": "https://api.github.com/users/johav",
                "html_url": "https://github.com/johav",
                "followers_url": "https://api.github.com/users/johav/followers",
                "following_url": "https://api.github.com/users/johav/following{/other_user}",
                "gists_url": "https://api.github.com/users/johav/gists{/gist_id}",
                "starred_url": "https://api.github.com/users/johav/starred{/owner}{/repo}",
                "subscriptions_url": "https://api.github.com/users/johav/subscriptions",
                "organizations_url": "https://api.github.com/users/johav/orgs",
                "repos_url": "https://api.github.com/users/johav/repos",
                "events_url": "https://api.github.com/users/johav/events{/privacy}",
                "received_events_url": "https://api.github.com/users/johav/received_events",
                "type": "User",
                "user_view_type": "public",
                "site_admin": false
            },
            {
                "login": "JustinyAhin",
                "id": 33403964,
                "node_id": "MDQ6VXNlcjMzNDAzOTY0",
                "avatar_url": "https://avatars.githubusercontent.com/u/33403964?v=4",
                "gravatar_id": "",
                "url": "https://api.github.com/users/JustinyAhin",
                "html_url": "https://github.com/JustinyAhin",
                "followers_url": "https://api.github.com/users/JustinyAhin/followers",
                "following_url": "https://api.github.com/users/JustinyAhin/following{/other_user}",
                "gists_url": "https://api.github.com/users/JustinyAhin/gists{/gist_id}",
                "starred_url": "https://api.github.com/users/JustinyAhin/starred{/owner}{/repo}",
                "subscriptions_url": "https://api.github.com/users/JustinyAhin/subscriptions",
                "organizations_url": "https://api.github.com/users/JustinyAhin/orgs",
                "repos_url": "https://api.github.com/users/JustinyAhin/repos",
                "events_url": "https://api.github.com/users/JustinyAhin/events{/privacy}",
                "received_events_url": "https://api.github.com/users/JustinyAhin/received_events",
                "type": "User",
                "user_view_type": "public",
                "site_admin": false
            },
            {
                "login": "digcurator",
                "id": 39802307,
                "node_id": "MDQ6VXNlcjM5ODAyMzA3",
                "avatar_url": "https://avatars.githubusercontent.com/u/39802307?v=4",
                "gravatar_id": "",
                "url": "https://api.github.com/users/digcurator",
                "html_url": "https://github.com/digcurator",
                "followers_url": "https://api.github.com/users/digcurator/followers",
                "following_url": "https://api.github.com/users/digcurator/following{/other_user}",
                "gists_url": "https://api.github.com/users/digcurator/gists{/gist_id}",
                "starred_url": "https://api.github.com/users/digcurator/starred{/owner}{/repo}",
                "subscriptions_url": "https://api.github.com/users/digcurator/subscriptions",
                "organizations_url": "https://api.github.com/users/digcurator/orgs",
                "repos_url": "https://api.github.com/users/digcurator/repos",
                "events_url": "https://api.github.com/users/digcurator/events{/privacy}",
                "received_events_url": "https://api.github.com/users/digcurator/received_events",
                "type": "User",
                "user_view_type": "public",
                "site_admin": false
            }
        ],
        "milestone": null,
        "comments": 0,
        "created_at": "2020-01-23T19:22:41Z",
        "updated_at": "2020-01-29T08:48:18Z",
        "closed_at": null,
        "author_association": "MEMBER",
        "sub_issues_summary": {
            "total": 0,
            "completed": 0,
            "percent_completed": 0
        },
        "active_lock_reason": null,
        "body": "- [ ] team building\r\n- AfricArXiv: Greg, Obanda, …\r\n- collaborators: Sai, Nikka (US based), …..\r\n\r\n- [ ] [draft proposa](https://docs.google.com/document/d/1VDZVtxwkM_QAFetJcYkFVn2Oa-UQZ0ZD97SHlGKZiUI/edit#)l\r\n\r\n- [ ] outreach to potential collaborators and institutions\r\n\r\n- [ ] finances: budgeting & fundraising",
        "closed_by": null,
        "reactions": {
            "url": "https://api.github.com/repos/AfricArxiv/indigenous-knowledge/issues/1/reactions",
            "total_count": 0,
            "+1": 0,
            "-1": 0,
            "laugh": 0,
            "hooray": 0,
            "confused": 0,
            "heart": 0,
            "rocket": 0,
            "eyes": 0
        },
        "timeline_url": "https://api.github.com/repos/AfricArxiv/indigenous-knowledge/issues/1/timeline",
        "performed_via_github_app": null,
        "state_reason": null
    }
]