[
    {
        "url": "https://api.github.com/repos/AfricArxiv/community-engagement/issues/18",
        "repository_url": "https://api.github.com/repos/AfricArxiv/community-engagement",
        "labels_url": "https://api.github.com/repos/AfricArxiv/community-engagement/issues/18/labels{/name}",
        "comments_url": "https://api.github.com/repos/AfricArxiv/community-engagement/issues/18/comments",
        "events_url": "https://api.github.com/repos/AfricArxiv/community-engagement/issues/18/events",
        "html_url": "https://github.com/AfricArxiv/community-engagement/issues/18",
        "id": 618842194,
        "node_id": "MDU6SXNzdWU2MTg4NDIxOTQ=",
        "number": 18,
        "title": "OSF tweet bot / rss feed",
        "user": {
            "login": "johav",
            "id": 13553996,
            "node_id": "MDQ6VXNlcjEzNTUzOTk2",
            "avatar_url": "https://avatars.githubusercontent.com/u/13553996?v=4",
            "gravatar_id": "",
            "url": "https://api.github.com/users/johav",
            "html_url": "https://github.com/johav",
            "followers_url": "https://api.github.com/users/johav/followers",
            "following_url": "https://api.github.com/users/johav/following{/other_user}",
            "gists_url": "https://api.github.com/users/johav/gists{/gist_id}",
            "starred_url": "https://api.github.com/users/johav/starred{/owner}{/repo}",
            "subscriptions_url": "https://api.github.com/users/johav/subscriptions",
            "organizations_url": "https://api.github.com/users/johav/orgs",
            "repos_url": "https://api.github.com/users/johav/repos",
            "events_url": "https://api.github.com/users/johav/events{/privacy}",
            "received_events_url": "https://api.github.com/users/johav/received_events",
            "type": "User",
            "user_view_type": "public",
            "site_admin": false
        },
        "labels": [],
        "state": "open",
        "locked": false,
        "assignee": null,
        "assignees": [],
        "milestone": null,
        "comments": 0,
        "created_at": "2020-05-15T09:48:05Z",
        "updated_at": "2020-05-17T09:23:53Z",
        "closed_at": null,
        "author_association": "MEMBER",
        "sub_issues_summary": {
            "total": 0,
            "completed": 0,
            "percent_completed": 0
        },
        "active_lock_reason": null,
        "body": "Thanks to @johav johav we have been given access to a snipet of preprint server bot code https://github.com/JeffSpies/osfpreprints-feed/blob/master/main.py\r\nI am having a look at it as it needs to be redeployed with adjustments  made to include AfricArxiv,  also @johav's contact has alluded to the fact that such changes may come with a tiny bit of cost. Johav's contact has graciously indicated very kindly that he would be happy to sponsor our deployment as he could probably make use of it too\r\na possible collaboration.\r\n\r\n_Originally posted by @LOkelo in https://github.com/AfricArxiv/website/issues/4#issuecomment-628518639_\r\n\r\n>> https://osfpreprints-feed.glitch.me/africarxiv.rss",
        "closed_by": null,
        "reactions": {
            "url": "https://api.github.com/repos/AfricArxiv/community-engagement/issues/18/reactions",
            "total_count": 0,
            "+1": 0,
            "-1": 0,
            "laugh": 0,
            "hooray": 0,
            "confused": 0,
            "heart": 0,
            "rocket": 0,
            "eyes": 0
        },
        "timeline_url": "https://api.github.com/repos/AfricArxiv/community-engagement/issues/18/timeline",
        "performed_via_github_app": null,
        "state_reason": null
    },
    {
        "url": "https://api.github.com/repos/AfricArxiv/community-engagement/issues/17",
        "repository_url": "https://api.github.com/repos/AfricArxiv/community-engagement",
        "labels_url": "https://api.github.com/repos/AfricArxiv/community-engagement/issues/17/labels{/name}",
        "comments_url": "https://api.github.com/repos/AfricArxiv/community-engagement/issues/17/comments",
        "events_url": "https://api.github.com/repos/AfricArxiv/community-engagement/issues/17/events",
        "html_url": "https://github.com/AfricArxiv/community-engagement/issues/17",
        "id": 581313359,
        "node_id": "MDU6SXNzdWU1ODEzMTMzNTk=",
        "number": 17,
        "title": "PSA collab",
        "user": {
            "login": "johav",
            "id": 13553996,
            "node_id": "MDQ6VXNlcjEzNTUzOTk2",
            "avatar_url": "https://avatars.githubusercontent.com/u/13553996?v=4",
            "gravatar_id": "",
            "url": "https://api.github.com/users/johav",
            "html_url": "https://github.com/johav",
            "followers_url": "https://api.github.com/users/johav/followers",
            "following_url": "https://api.github.com/users/johav/following{/other_user}",
            "gists_url": "https://api.github.com/users/johav/gists{/gist_id}",
            "starred_url": "https://api.github.com/users/johav/starred{/owner}{/repo}",
            "subscriptions_url": "https://api.github.com/users/johav/subscriptions",
            "organizations_url": "https://api.github.com/users/johav/orgs",
            "repos_url": "https://api.github.com/users/johav/repos",
            "events_url": "https://api.github.com/users/johav/events{/privacy}",
            "received_events_url": "https://api.github.com/users/johav/received_events",
            "type": "User",
            "user_view_type": "public",
            "site_admin": false
        },
        "labels": [],
        "state": "open",
        "locked": false,
        "assignee": {
            "login": "schnarrd",
            "id": 5552513,
            "node_id": "MDQ6VXNlcjU1NTI1MTM=",
            "avatar_url": "https://avatars.githubusercontent.com/u/5552513?v=4",
            "gravatar_id": "",
            "url": "https://api.github.com/users/schnarrd",
            "html_url": "https://github.com/schnarrd",
            "followers_url": "https://api.github.com/users/schnarrd/followers",
            "following_url": "https://api.github.com/users/schnarrd/following{/other_user}",
            "gists_url": "https://api.github.com/users/schnarrd/gists{/gist_id}",
            "starred_url": "https://api.github.com/users/schnarrd/starred{/owner}{/repo}",
            "subscriptions_url": "https://api.github.com/users/schnarrd/subscriptions",
            "organizations_url": "https://api.github.com/users/schnarrd/orgs",
            "repos_url": "https://api.github.com/users/schnarrd/repos",
            "events_url": "https://api.github.com/users/schnarrd/events{/privacy}",
            "received_events_url": "https://api.github.com/users/schnarrd/received_events",
            "type": "User",
            "user_view_type": "public",
            "site_admin": false
        },
        "assignees": [
            {
                "login": "schnarrd",
                "id": 5552513,
                "node_id": "MDQ6VXNlcjU1NTI1MTM=",
                "avatar_url": "https://avatars.githubusercontent.com/u/5552513?v=4",
                "gravatar_id": "",
                "url": "https://api.github.com/users/schnarrd",
                "html_url": "https://github.com/schnarrd",
                "followers_url": "https://api.github.com/users/schnarrd/followers",
                "following_url": "https://api.github.com/users/schnarrd/following{/other_user}",
                "gists_url": "https://api.github.com/users/schnarrd/gists{/gist_id}",
                "starred_url": "https://api.github.com/users/schnarrd/starred{/owner}{/repo}",
                "subscriptions_url": "https://api.github.com/users/schnarrd/subscriptions",
                "organizations_url": "https://api.github.com/users/schnarrd/orgs",
                "repos_url": "https://api.github.com/users/schnarrd/repos",
                "events_url": "https://api.github.com/users/schnarrd/events{/privacy}",
                "received_events_url": "https://api.github.com/users/schnarrd/received_events",
                "type": "User",
                "user_view_type": "public",
                "site_admin": false
            },
            {
                "login": "johav",
                "id": 13553996,
                "node_id": "MDQ6VXNlcjEzNTUzOTk2",
                "avatar_url": "https://avatars.githubusercontent.com/u/13553996?v=4",
                "gravatar_id": "",
                "url": "https://api.github.com/users/johav",
                "html_url": "https://github.com/johav",
                "followers_url": "https://api.github.com/users/johav/followers",
                "following_url": "https://api.github.com/users/johav/following{/other_user}",
                "gists_url": "https://api.github.com/users/johav/gists{/gist_id}",
                "starred_url": "https://api.github.com/users/johav/starred{/owner}{/repo}",
                "subscriptions_url": "https://api.github.com/users/johav/subscriptions",
                "organizations_url": "https://api.github.com/users/johav/orgs",
                "repos_url": "https://api.github.com/users/johav/repos",
                "events_url": "https://api.github.com/users/johav/events{/privacy}",
                "received_events_url": "https://api.github.com/users/johav/received_events",
                "type": "User",
                "user_view_type": "public",
                "site_admin": false
            }
        ],
        "milestone": null,
        "comments": 1,
        "created_at": "2020-03-14T18:15:22Z",
        "updated_at": "2020-03-16T08:34:21Z",
        "closed_at": null,
        "author_association": "MEMBER",
        "sub_issues_summary": {
            "total": 0,
            "completed": 0,
            "percent_completed": 0
        },
        "active_lock_reason": null,
        "body": "For details see [github.com/AfricArxiv/…/Psychological-Science.md](https://github.com/AfricArxiv/community-engagement/blob/master/Psychological-Science.md)\r\nBlogpost: [africarxiv.org/join-the-psychological-science-accelerator/](https://info.africarxiv.org/join-the-psychological-science-accelerator/)\r\n\r\n**Next steps**\r\n\r\n- [ ] design a survey (Google Form) to collect contacts of African psychology scientists\r\n\r\n- [ ] preprint submission guidelines\r\n",
        "closed_by": null,
        "reactions": {
            "url": "https://api.github.com/repos/AfricArxiv/community-engagement/issues/17/reactions",
            "total_count": 0,
            "+1": 0,
            "-1": 0,
            "laugh": 0,
            "hooray": 0,
            "confused": 0,
            "heart": 0,
            "rocket": 0,
            "eyes": 0
        },
        "timeline_url": "https://api.github.com/repos/AfricArxiv/community-engagement/issues/17/timeline",
        "performed_via_github_app": null,
        "state_reason": null
    },
    {
        "url": "https://api.github.com/repos/AfricArxiv/community-engagement/issues/16",
        "repository_url": "https://api.github.com/repos/AfricArxiv/community-engagement",
        "labels_url": "https://api.github.com/repos/AfricArxiv/community-engagement/issues/16/labels{/name}",
        "comments_url": "https://api.github.com/repos/AfricArxiv/community-engagement/issues/16/comments",
        "events_url": "https://api.github.com/repos/AfricArxiv/community-engagement/issues/16/events",
        "html_url": "https://github.com/AfricArxiv/community-engagement/issues/16",
        "id": 580427993,
        "node_id": "MDU6SXNzdWU1ODA0Mjc5OTM=",
        "number": 16,
        "title": "HowTo GitHub for new community members",
        "user": {
            "login": "johav",
            "id": 13553996,
            "node_id": "MDQ6VXNlcjEzNTUzOTk2",
            "avatar_url": "https://avatars.githubusercontent.com/u/13553996?v=4",
            "gravatar_id": "",
            "url": "https://api.github.com/users/johav",
            "html_url": "https://github.com/johav",
            "followers_url": "https://api.github.com/users/johav/followers",
            "following_url": "https://api.github.com/users/johav/following{/other_user}",
            "gists_url": "https://api.github.com/users/johav/gists{/gist_id}",
            "starred_url": "https://api.github.com/users/johav/starred{/owner}{/repo}",
            "subscriptions_url": "https://api.github.com/users/johav/subscriptions",
            "organizations_url": "https://api.github.com/users/johav/orgs",
            "repos_url": "https://api.github.com/users/johav/repos",
            "events_url": "https://api.github.com/users/johav/events{/privacy}",
            "received_events_url": "https://api.github.com/users/johav/received_events",
            "type": "User",
            "user_view_type": "public",
            "site_admin": false
        },
        "labels": [],
        "state": "open",
        "locked": false,
        "assignee": {
            "login": "Johanssen",
            "id": 7679952,
            "node_id": "MDQ6VXNlcjc2Nzk5NTI=",
            "avatar_url": "https://avatars.githubusercontent.com/u/7679952?v=4",
            "gravatar_id": "",
            "url": "https://api.github.com/users/Johanssen",
            "html_url": "https://github.com/Johanssen",
            "followers_url": "https://api.github.com/users/Johanssen/followers",
            "following_url": "https://api.github.com/users/Johanssen/following{/other_user}",
            "gists_url": "https://api.github.com/users/Johanssen/gists{/gist_id}",
            "starred_url": "https://api.github.com/users/Johanssen/starred{/owner}{/repo}",
            "subscriptions_url": "https://api.github.com/users/Johanssen/subscriptions",
            "organizations_url": "https://api.github.com/users/Johanssen/orgs",
            "repos_url": "https://api.github.com/users/Johanssen/repos",
            "events_url": "https://api.github.com/users/Johanssen/events{/privacy}",
            "received_events_url": "https://api.github.com/users/Johanssen/received_events",
            "type": "User",
            "user_view_type": "public",
            "site_admin": false
        },
        "assignees": [
            {
                "login": "Johanssen",
                "id": 7679952,
                "node_id": "MDQ6VXNlcjc2Nzk5NTI=",
                "avatar_url": "https://avatars.githubusercontent.com/u/7679952?v=4",
                "gravatar_id": "",
                "url": "https://api.github.com/users/Johanssen",
                "html_url": "https://github.com/Johanssen",
                "followers_url": "https://api.github.com/users/Johanssen/followers",
                "following_url": "https://api.github.com/users/Johanssen/following{/other_user}",
                "gists_url": "https://api.github.com/users/Johanssen/gists{/gist_id}",
                "starred_url": "https://api.github.com/users/Johanssen/starred{/owner}{/repo}",
                "subscriptions_url": "https://api.github.com/users/Johanssen/subscriptions",
                "organizations_url": "https://api.github.com/users/Johanssen/orgs",
                "repos_url": "https://api.github.com/users/Johanssen/repos",
                "events_url": "https://api.github.com/users/Johanssen/events{/privacy}",
                "received_events_url": "https://api.github.com/users/Johanssen/received_events",
                "type": "User",
                "user_view_type": "public",
                "site_admin": false
            },
            {
                "login": "mahmoudibrahim",
                "id": 9306949,
                "node_id": "MDQ6VXNlcjkzMDY5NDk=",
                "avatar_url": "https://avatars.githubusercontent.com/u/9306949?v=4",
                "gravatar_id": "",
                "url": "https://api.github.com/users/mahmoudibrahim",
                "html_url": "https://github.com/mahmoudibrahim",
                "followers_url": "https://api.github.com/users/mahmoudibrahim/followers",
                "following_url": "https://api.github.com/users/mahmoudibrahim/following{/other_user}",
                "gists_url": "https://api.github.com/users/mahmoudibrahim/gists{/gist_id}",
                "starred_url": "https://api.github.com/users/mahmoudibrahim/starred{/owner}{/repo}",
                "subscriptions_url": "https://api.github.com/users/mahmoudibrahim/subscriptions",
                "organizations_url": "https://api.github.com/users/mahmoudibrahim/orgs",
                "repos_url": "https://api.github.com/users/mahmoudibrahim/repos",
                "events_url": "https://api.github.com/users/mahmoudibrahim/events{/privacy}",
                "received_events_url": "https://api.github.com/users/mahmoudibrahim/received_events",
                "type": "User",
                "user_view_type": "public",
                "site_admin": false
            },
            {
                "login": "Ludee",
                "id": 14353512,
                "node_id": "MDQ6VXNlcjE0MzUzNTEy",
                "avatar_url": "https://avatars.githubusercontent.com/u/14353512?v=4",
                "gravatar_id": "",
                "url": "https://api.github.com/users/Ludee",
                "html_url": "https://github.com/Ludee",
                "followers_url": "https://api.github.com/users/Ludee/followers",
                "following_url": "https://api.github.com/users/Ludee/following{/other_user}",
                "gists_url": "https://api.github.com/users/Ludee/gists{/gist_id}",
                "starred_url": "https://api.github.com/users/Ludee/starred{/owner}{/repo}",
                "subscriptions_url": "https://api.github.com/users/Ludee/subscriptions",
                "organizations_url": "https://api.github.com/users/Ludee/orgs",
                "repos_url": "https://api.github.com/users/Ludee/repos",
                "events_url": "https://api.github.com/users/Ludee/events{/privacy}",
                "received_events_url": "https://api.github.com/users/Ludee/received_events",
                "type": "User",
                "user_view_type": "public",
                "site_admin": false
            }
        ],
        "milestone": null,
        "comments": 0,
        "created_at": "2020-03-13T07:46:53Z",
        "updated_at": "2020-03-13T07:46:53Z",
        "closed_at": null,
        "author_association": "MEMBER",
        "sub_issues_summary": {
            "total": 0,
            "completed": 0,
            "percent_completed": 0
        },
        "active_lock_reason": null,
        "body": "Let's build a file with introductory notes and links to tutorials on how to use git / GitHub / GitLab for new community members who join our team.\r\n\r\nOur idea/plan thus far was to have a healthy mix of gDocs and Sheets and documentation here in GitHub. Is there a best practice to link the two systems? IMO, the easiest would be to just add urls to gDocs in the repos files and vice versa.\r\n\r\nShould we start this in gDocs or here as (*.md) ?",
        "closed_by": null,
        "reactions": {
            "url": "https://api.github.com/repos/AfricArxiv/community-engagement/issues/16/reactions",
            "total_count": 0,
            "+1": 0,
            "-1": 0,
            "laugh": 0,
            "hooray": 0,
            "confused": 0,
            "heart": 0,
            "rocket": 0,
            "eyes": 0
        },
        "timeline_url": "https://api.github.com/repos/AfricArxiv/community-engagement/issues/16/timeline",
        "performed_via_github_app": null,
        "state_reason": null
    },
    {
        "url": "https://api.github.com/repos/AfricArxiv/community-engagement/issues/15",
        "repository_url": "https://api.github.com/repos/AfricArxiv/community-engagement",
        "labels_url": "https://api.github.com/repos/AfricArxiv/community-engagement/issues/15/labels{/name}",
        "comments_url": "https://api.github.com/repos/AfricArxiv/community-engagement/issues/15/comments",
        "events_url": "https://api.github.com/repos/AfricArxiv/community-engagement/issues/15/events",
        "html_url": "https://github.com/AfricArxiv/community-engagement/issues/15",
        "id": 578391328,
        "node_id": "MDU6SXNzdWU1NzgzOTEzMjg=",
        "number": 15,
        "title": "AfricArXiv outreach through Pint of Science Kenya (Collabo)",
        "user": {
            "login": "Johanssen",
            "id": 7679952,
            "node_id": "MDQ6VXNlcjc2Nzk5NTI=",
            "avatar_url": "https://avatars.githubusercontent.com/u/7679952?v=4",
            "gravatar_id": "",
            "url": "https://api.github.com/users/Johanssen",
            "html_url": "https://github.com/Johanssen",
            "followers_url": "https://api.github.com/users/Johanssen/followers",
            "following_url": "https://api.github.com/users/Johanssen/following{/other_user}",
            "gists_url": "https://api.github.com/users/Johanssen/gists{/gist_id}",
            "starred_url": "https://api.github.com/users/Johanssen/starred{/owner}{/repo}",
            "subscriptions_url": "https://api.github.com/users/Johanssen/subscriptions",
            "organizations_url": "https://api.github.com/users/Johanssen/orgs",
            "repos_url": "https://api.github.com/users/Johanssen/repos",
            "events_url": "https://api.github.com/users/Johanssen/events{/privacy}",
            "received_events_url": "https://api.github.com/users/Johanssen/received_events",
            "type": "User",
            "user_view_type": "public",
            "site_admin": false
        },
        "labels": [],
        "state": "open",
        "locked": false,
        "assignee": {
            "login": "Johanssen",
            "id": 7679952,
            "node_id": "MDQ6VXNlcjc2Nzk5NTI=",
            "avatar_url": "https://avatars.githubusercontent.com/u/7679952?v=4",
            "gravatar_id": "",
            "url": "https://api.github.com/users/Johanssen",
            "html_url": "https://github.com/Johanssen",
            "followers_url": "https://api.github.com/users/Johanssen/followers",
            "following_url": "https://api.github.com/users/Johanssen/following{/other_user}",
            "gists_url": "https://api.github.com/users/Johanssen/gists{/gist_id}",
            "starred_url": "https://api.github.com/users/Johanssen/starred{/owner}{/repo}",
            "subscriptions_url": "https://api.github.com/users/Johanssen/subscriptions",
            "organizations_url": "https://api.github.com/users/Johanssen/orgs",
            "repos_url": "https://api.github.com/users/Johanssen/repos",
            "events_url": "https://api.github.com/users/Johanssen/events{/privacy}",
            "received_events_url": "https://api.github.com/users/Johanssen/received_events",
            "type": "User",
            "user_view_type": "public",
            "site_admin": false
        },
        "assignees": [
            {
                "login": "Johanssen",
                "id": 7679952,
                "node_id": "MDQ6VXNlcjc2Nzk5NTI=",
                "avatar_url": "https://avatars.githubusercontent.com/u/7679952?v=4",
                "gravatar_id": "",
                "url": "https://api.github.com/users/Johanssen",
                "html_url": "https://github.com/Johanssen",
                "followers_url": "https://api.github.com/users/Johanssen/followers",
                "following_url": "https://api.github.com/users/Johanssen/following{/other_user}",
                "gists_url": "https://api.github.com/users/Johanssen/gists{/gist_id}",
                "starred_url": "https://api.github.com/users/Johanssen/starred{/owner}{/repo}",
                "subscriptions_url": "https://api.github.com/users/Johanssen/subscriptions",
                "organizations_url": "https://api.github.com/users/Johanssen/orgs",
                "repos_url": "https://api.github.com/users/Johanssen/repos",
                "events_url": "https://api.github.com/users/Johanssen/events{/privacy}",
                "received_events_url": "https://api.github.com/users/Johanssen/received_events",
                "type": "User",
                "user_view_type": "public",
                "site_admin": false
            },
            {
                "login": "johav",
                "id": 13553996,
                "node_id": "MDQ6VXNlcjEzNTUzOTk2",
                "avatar_url": "https://avatars.githubusercontent.com/u/13553996?v=4",
                "gravatar_id": "",
                "url": "https://api.github.com/users/johav",
                "html_url": "https://github.com/johav",
                "followers_url": "https://api.github.com/users/johav/followers",
                "following_url": "https://api.github.com/users/johav/following{/other_user}",
                "gists_url": "https://api.github.com/users/johav/gists{/gist_id}",
                "starred_url": "https://api.github.com/users/johav/starred{/owner}{/repo}",
                "subscriptions_url": "https://api.github.com/users/johav/subscriptions",
                "organizations_url": "https://api.github.com/users/johav/orgs",
                "repos_url": "https://api.github.com/users/johav/repos",
                "events_url": "https://api.github.com/users/johav/events{/privacy}",
                "received_events_url": "https://api.github.com/users/johav/received_events",
                "type": "User",
                "user_view_type": "public",
                "site_admin": false
            }
        ],
        "milestone": null,
        "comments": 1,
        "created_at": "2020-03-10T07:40:51Z",
        "updated_at": "2020-03-15T18:07:29Z",
        "closed_at": null,
        "author_association": "COLLABORATOR",
        "sub_issues_summary": {
            "total": 0,
            "completed": 0,
            "percent_completed": 0
        },
        "active_lock_reason": null,
        "body": "# Action Points:\r\n- Promotional materials for AfricArXiv \r\n- Include AfricArXiv one pager and action button in blogpost to Pint of Science Kenya attendees\r\n- Identify a target audience for AfricArXiv within the Pint of Science Community \r\n",
        "closed_by": null,
        "reactions": {
            "url": "https://api.github.com/repos/AfricArxiv/community-engagement/issues/15/reactions",
            "total_count": 0,
            "+1": 0,
            "-1": 0,
            "laugh": 0,
            "hooray": 0,
            "confused": 0,
            "heart": 0,
            "rocket": 0,
            "eyes": 0
        },
        "timeline_url": "https://api.github.com/repos/AfricArxiv/community-engagement/issues/15/timeline",
        "performed_via_github_app": null,
        "state_reason": null
    },
    {
        "url": "https://api.github.com/repos/AfricArxiv/community-engagement/issues/14",
        "repository_url": "https://api.github.com/repos/AfricArxiv/community-engagement",
        "labels_url": "https://api.github.com/repos/AfricArxiv/community-engagement/issues/14/labels{/name}",
        "comments_url": "https://api.github.com/repos/AfricArxiv/community-engagement/issues/14/comments",
        "events_url": "https://api.github.com/repos/AfricArxiv/community-engagement/issues/14/events",
        "html_url": "https://github.com/AfricArxiv/community-engagement/issues/14",
        "id": 571428385,
        "node_id": "MDU6SXNzdWU1NzE0MjgzODU=",
        "number": 14,
        "title": "blog post on Open Access and agriculture / cattle farming",
        "user": {
            "login": "johav",
            "id": 13553996,
            "node_id": "MDQ6VXNlcjEzNTUzOTk2",
            "avatar_url": "https://avatars.githubusercontent.com/u/13553996?v=4",
            "gravatar_id": "",
            "url": "https://api.github.com/users/johav",
            "html_url": "https://github.com/johav",
            "followers_url": "https://api.github.com/users/johav/followers",
            "following_url": "https://api.github.com/users/johav/following{/other_user}",
            "gists_url": "https://api.github.com/users/johav/gists{/gist_id}",
            "starred_url": "https://api.github.com/users/johav/starred{/owner}{/repo}",
            "subscriptions_url": "https://api.github.com/users/johav/subscriptions",
            "organizations_url": "https://api.github.com/users/johav/orgs",
            "repos_url": "https://api.github.com/users/johav/repos",
            "events_url": "https://api.github.com/users/johav/events{/privacy}",
            "received_events_url": "https://api.github.com/users/johav/received_events",
            "type": "User",
            "user_view_type": "public",
            "site_admin": false
        },
        "labels": [],
        "state": "open",
        "locked": false,
        "assignee": null,
        "assignees": [],
        "milestone": null,
        "comments": 0,
        "created_at": "2020-02-26T14:37:42Z",
        "updated_at": "2020-02-26T14:37:42Z",
        "closed_at": null,
        "author_association": "MEMBER",
        "sub_issues_summary": {
            "total": 0,
            "completed": 0,
            "percent_completed": 0
        },
        "active_lock_reason": null,
        "body": "- possible mentioning of https://www.landolakesinc.com/Blog/January-2018/land-o-lakes-feed-partnership-kenya-international",
        "closed_by": null,
        "reactions": {
            "url": "https://api.github.com/repos/AfricArxiv/community-engagement/issues/14/reactions",
            "total_count": 0,
            "+1": 0,
            "-1": 0,
            "laugh": 0,
            "hooray": 0,
            "confused": 0,
            "heart": 0,
            "rocket": 0,
            "eyes": 0
        },
        "timeline_url": "https://api.github.com/repos/AfricArxiv/community-engagement/issues/14/timeline",
        "performed_via_github_app": null,
        "state_reason": null
    },
    {
        "url": "https://api.github.com/repos/AfricArxiv/community-engagement/issues/13",
        "repository_url": "https://api.github.com/repos/AfricArxiv/community-engagement",
        "labels_url": "https://api.github.com/repos/AfricArxiv/community-engagement/issues/13/labels{/name}",
        "comments_url": "https://api.github.com/repos/AfricArxiv/community-engagement/issues/13/comments",
        "events_url": "https://api.github.com/repos/AfricArxiv/community-engagement/issues/13/events",
        "html_url": "https://github.com/AfricArxiv/community-engagement/issues/13",
        "id": 570403732,
        "node_id": "MDU6SXNzdWU1NzA0MDM3MzI=",
        "number": 13,
        "title": "African Science Literacy collaboration",
        "user": {
            "login": "johav",
            "id": 13553996,
            "node_id": "MDQ6VXNlcjEzNTUzOTk2",
            "avatar_url": "https://avatars.githubusercontent.com/u/13553996?v=4",
            "gravatar_id": "",
            "url": "https://api.github.com/users/johav",
            "html_url": "https://github.com/johav",
            "followers_url": "https://api.github.com/users/johav/followers",
            "following_url": "https://api.github.com/users/johav/following{/other_user}",
            "gists_url": "https://api.github.com/users/johav/gists{/gist_id}",
            "starred_url": "https://api.github.com/users/johav/starred{/owner}{/repo}",
            "subscriptions_url": "https://api.github.com/users/johav/subscriptions",
            "organizations_url": "https://api.github.com/users/johav/orgs",
            "repos_url": "https://api.github.com/users/johav/repos",
            "events_url": "https://api.github.com/users/johav/events{/privacy}",
            "received_events_url": "https://api.github.com/users/johav/received_events",
            "type": "User",
            "user_view_type": "public",
            "site_admin": false
        },
        "labels": [],
        "state": "open",
        "locked": false,
        "assignee": {
            "login": "Johanssen",
            "id": 7679952,
            "node_id": "MDQ6VXNlcjc2Nzk5NTI=",
            "avatar_url": "https://avatars.githubusercontent.com/u/7679952?v=4",
            "gravatar_id": "",
            "url": "https://api.github.com/users/Johanssen",
            "html_url": "https://github.com/Johanssen",
            "followers_url": "https://api.github.com/users/Johanssen/followers",
            "following_url": "https://api.github.com/users/Johanssen/following{/other_user}",
            "gists_url": "https://api.github.com/users/Johanssen/gists{/gist_id}",
            "starred_url": "https://api.github.com/users/Johanssen/starred{/owner}{/repo}",
            "subscriptions_url": "https://api.github.com/users/Johanssen/subscriptions",
            "organizations_url": "https://api.github.com/users/Johanssen/orgs",
            "repos_url": "https://api.github.com/users/Johanssen/repos",
            "events_url": "https://api.github.com/users/Johanssen/events{/privacy}",
            "received_events_url": "https://api.github.com/users/Johanssen/received_events",
            "type": "User",
            "user_view_type": "public",
            "site_admin": false
        },
        "assignees": [
            {
                "login": "Johanssen",
                "id": 7679952,
                "node_id": "MDQ6VXNlcjc2Nzk5NTI=",
                "avatar_url": "https://avatars.githubusercontent.com/u/7679952?v=4",
                "gravatar_id": "",
                "url": "https://api.github.com/users/Johanssen",
                "html_url": "https://github.com/Johanssen",
                "followers_url": "https://api.github.com/users/Johanssen/followers",
                "following_url": "https://api.github.com/users/Johanssen/following{/other_user}",
                "gists_url": "https://api.github.com/users/Johanssen/gists{/gist_id}",
                "starred_url": "https://api.github.com/users/Johanssen/starred{/owner}{/repo}",
                "subscriptions_url": "https://api.github.com/users/Johanssen/subscriptions",
                "organizations_url": "https://api.github.com/users/Johanssen/orgs",
                "repos_url": "https://api.github.com/users/Johanssen/repos",
                "events_url": "https://api.github.com/users/Johanssen/events{/privacy}",
                "received_events_url": "https://api.github.com/users/Johanssen/received_events",
                "type": "User",
                "user_view_type": "public",
                "site_admin": false
            }
        ],
        "milestone": null,
        "comments": 0,
        "created_at": "2020-02-25T08:45:43Z",
        "updated_at": "2020-02-25T08:45:43Z",
        "closed_at": null,
        "author_association": "MEMBER",
        "sub_issues_summary": {
            "total": 0,
            "completed": 0,
            "percent_completed": 0
        },
        "active_lock_reason": null,
        "body": "The links to preprint manuscripts that have made it to peer reviewed published articles many of which focus on Nigeria:\r\n- https://osf.io/preprints/africarxiv/ahv2t/ (to be updated to version of journal record)\r\n- https://osf.io/preprints/africarxiv/4txsb/ \r\n- https://osf.io/preprints/africarxiv/7vrpn/\r\n- https://osf.io/preprints/africarxiv/x7w9y/\r\n- https://osf.io/preprints/africarxiv/cxety/\r\n- https://osf.io/preprints/africarxiv/kjz74/\r\n- https://osf.io/preprints/africarxiv/d6ztj/ (to be updated to version of journal record)\r\n- https://osf.io/preprints/africarxiv/y3bp7/ (to be updated to version of journal record)\r\n- https://osf.io/preprints/africarxiv/t3v9a/\r\n- https://osf.io/preprints/africarxiv/prkws/\r\n- https://osf.io/preprints/africarxiv/7vrpn/\r\n- https://osf.io/preprints/africarxiv/jtkn2/\r\n- https://osf.io/preprints/africarxiv/b8ezn/\r\n\r\n- blog post from us\r\n- blog post from ASciLit\r\n\r\n",
        "closed_by": null,
        "reactions": {
            "url": "https://api.github.com/repos/AfricArxiv/community-engagement/issues/13/reactions",
            "total_count": 0,
            "+1": 0,
            "-1": 0,
            "laugh": 0,
            "hooray": 0,
            "confused": 0,
            "heart": 0,
            "rocket": 0,
            "eyes": 0
        },
        "timeline_url": "https://api.github.com/repos/AfricArxiv/community-engagement/issues/13/timeline",
        "performed_via_github_app": null,
        "state_reason": null
    },
    {
        "url": "https://api.github.com/repos/AfricArxiv/community-engagement/issues/12",
        "repository_url": "https://api.github.com/repos/AfricArxiv/community-engagement",
        "labels_url": "https://api.github.com/repos/AfricArxiv/community-engagement/issues/12/labels{/name}",
        "comments_url": "https://api.github.com/repos/AfricArxiv/community-engagement/issues/12/comments",
        "events_url": "https://api.github.com/repos/AfricArxiv/community-engagement/issues/12/events",
        "html_url": "https://github.com/AfricArxiv/community-engagement/issues/12",
        "id": 569524703,
        "node_id": "MDU6SXNzdWU1Njk1MjQ3MDM=",
        "number": 12,
        "title": "FORCE 11 submission",
        "user": {
            "login": "johav",
            "id": 13553996,
            "node_id": "MDQ6VXNlcjEzNTUzOTk2",
            "avatar_url": "https://avatars.githubusercontent.com/u/13553996?v=4",
            "gravatar_id": "",
            "url": "https://api.github.com/users/johav",
            "html_url": "https://github.com/johav",
            "followers_url": "https://api.github.com/users/johav/followers",
            "following_url": "https://api.github.com/users/johav/following{/other_user}",
            "gists_url": "https://api.github.com/users/johav/gists{/gist_id}",
            "starred_url": "https://api.github.com/users/johav/starred{/owner}{/repo}",
            "subscriptions_url": "https://api.github.com/users/johav/subscriptions",
            "organizations_url": "https://api.github.com/users/johav/orgs",
            "repos_url": "https://api.github.com/users/johav/repos",
            "events_url": "https://api.github.com/users/johav/events{/privacy}",
            "received_events_url": "https://api.github.com/users/johav/received_events",
            "type": "User",
            "user_view_type": "public",
            "site_admin": false
        },
        "labels": [],
        "state": "open",
        "locked": false,
        "assignee": {
            "login": "aldirdiri",
            "id": 29212808,
            "node_id": "MDQ6VXNlcjI5MjEyODA4",
            "avatar_url": "https://avatars.githubusercontent.com/u/29212808?v=4",
            "gravatar_id": "",
            "url": "https://api.github.com/users/aldirdiri",
            "html_url": "https://github.com/aldirdiri",
            "followers_url": "https://api.github.com/users/aldirdiri/followers",
            "following_url": "https://api.github.com/users/aldirdiri/following{/other_user}",
            "gists_url": "https://api.github.com/users/aldirdiri/gists{/gist_id}",
            "starred_url": "https://api.github.com/users/aldirdiri/starred{/owner}{/repo}",
            "subscriptions_url": "https://api.github.com/users/aldirdiri/subscriptions",
            "organizations_url": "https://api.github.com/users/aldirdiri/orgs",
            "repos_url": "https://api.github.com/users/aldirdiri/repos",
            "events_url": "https://api.github.com/users/aldirdiri/events{/privacy}",
            "received_events_url": "https://api.github.com/users/aldirdiri/received_events",
            "type": "User",
            "user_view_type": "public",
            "site_admin": false
        },
        "assignees": [
            {
                "login": "aldirdiri",
                "id": 29212808,
                "node_id": "MDQ6VXNlcjI5MjEyODA4",
                "avatar_url": "https://avatars.githubusercontent.com/u/29212808?v=4",
                "gravatar_id": "",
                "url": "https://api.github.com/users/aldirdiri",
                "html_url": "https://github.com/aldirdiri",
                "followers_url": "https://api.github.com/users/aldirdiri/followers",
                "following_url": "https://api.github.com/users/aldirdiri/following{/other_user}",
                "gists_url": "https://api.github.com/users/aldirdiri/gists{/gist_id}",
                "starred_url": "https://api.github.com/users/aldirdiri/starred{/owner}{/repo}",
                "subscriptions_url": "https://api.github.com/users/aldirdiri/subscriptions",
                "organizations_url": "https://api.github.com/users/aldirdiri/orgs",
                "repos_url": "https://api.github.com/users/aldirdiri/repos",
                "events_url": "https://api.github.com/users/aldirdiri/events{/privacy}",
                "received_events_url": "https://api.github.com/users/aldirdiri/received_events",
                "type": "User",
                "user_view_type": "public",
                "site_admin": false
            }
        ],
        "milestone": null,
        "comments": 0,
        "created_at": "2020-02-23T16:55:59Z",
        "updated_at": "2020-02-23T16:55:59Z",
        "closed_at": null,
        "author_association": "MEMBER",
        "sub_issues_summary": {
            "total": 0,
            "completed": 0,
            "percent_completed": 0
        },
        "active_lock_reason": null,
        "body": "- https://www.force11.org/meetings/force2020\r\n\r\n- can we fundraise/crowdfund for 2-3 team members? \r\n- who wants to go?",
        "closed_by": null,
        "reactions": {
            "url": "https://api.github.com/repos/AfricArxiv/community-engagement/issues/12/reactions",
            "total_count": 0,
            "+1": 0,
            "-1": 0,
            "laugh": 0,
            "hooray": 0,
            "confused": 0,
            "heart": 0,
            "rocket": 0,
            "eyes": 0
        },
        "timeline_url": "https://api.github.com/repos/AfricArxiv/community-engagement/issues/12/timeline",
        "performed_via_github_app": null,
        "state_reason": null
    },
    {
        "url": "https://api.github.com/repos/AfricArxiv/community-engagement/issues/11",
        "repository_url": "https://api.github.com/repos/AfricArxiv/community-engagement",
        "labels_url": "https://api.github.com/repos/AfricArxiv/community-engagement/issues/11/labels{/name}",
        "comments_url": "https://api.github.com/repos/AfricArxiv/community-engagement/issues/11/comments",
        "events_url": "https://api.github.com/repos/AfricArxiv/community-engagement/issues/11/events",
        "html_url": "https://github.com/AfricArxiv/community-engagement/issues/11",
        "id": 569407801,
        "node_id": "MDU6SXNzdWU1Njk0MDc4MDE=",
        "number": 11,
        "title": "wikimedia",
        "user": {
            "login": "johav",
            "id": 13553996,
            "node_id": "MDQ6VXNlcjEzNTUzOTk2",
            "avatar_url": "https://avatars.githubusercontent.com/u/13553996?v=4",
            "gravatar_id": "",
            "url": "https://api.github.com/users/johav",
            "html_url": "https://github.com/johav",
            "followers_url": "https://api.github.com/users/johav/followers",
            "following_url": "https://api.github.com/users/johav/following{/other_user}",
            "gists_url": "https://api.github.com/users/johav/gists{/gist_id}",
            "starred_url": "https://api.github.com/users/johav/starred{/owner}{/repo}",
            "subscriptions_url": "https://api.github.com/users/johav/subscriptions",
            "organizations_url": "https://api.github.com/users/johav/orgs",
            "repos_url": "https://api.github.com/users/johav/repos",
            "events_url": "https://api.github.com/users/johav/events{/privacy}",
            "received_events_url": "https://api.github.com/users/johav/received_events",
            "type": "User",
            "user_view_type": "public",
            "site_admin": false
        },
        "labels": [],
        "state": "open",
        "locked": false,
        "assignee": null,
        "assignees": [],
        "milestone": null,
        "comments": 0,
        "created_at": "2020-02-22T23:23:19Z",
        "updated_at": "2020-02-22T23:23:19Z",
        "closed_at": null,
        "author_association": "MEMBER",
        "sub_issues_summary": {
            "total": 0,
            "completed": 0,
            "percent_completed": 0
        },
        "active_lock_reason": null,
        "body": "- [ ] add logo to [commons.wikimedia.org](https://commons.wikimedia.org) \r\n\r\n- [ ] check and elaborate [wikidata.org/wiki/Q55313398](https://wikidata.org/wiki/Q55313398)\r\n\r\n- [ ] suggest African countries listed/represented on Scholia to https://kumu.io/access2perspectives/african-digital-research-repositories",
        "closed_by": null,
        "reactions": {
            "url": "https://api.github.com/repos/AfricArxiv/community-engagement/issues/11/reactions",
            "total_count": 1,
            "+1": 1,
            "-1": 0,
            "laugh": 0,
            "hooray": 0,
            "confused": 0,
            "heart": 0,
            "rocket": 0,
            "eyes": 0
        },
        "timeline_url": "https://api.github.com/repos/AfricArxiv/community-engagement/issues/11/timeline",
        "performed_via_github_app": null,
        "state_reason": null
    },
    {
        "url": "https://api.github.com/repos/AfricArxiv/community-engagement/issues/10",
        "repository_url": "https://api.github.com/repos/AfricArxiv/community-engagement",
        "labels_url": "https://api.github.com/repos/AfricArxiv/community-engagement/issues/10/labels{/name}",
        "comments_url": "https://api.github.com/repos/AfricArxiv/community-engagement/issues/10/comments",
        "events_url": "https://api.github.com/repos/AfricArxiv/community-engagement/issues/10/events",
        "html_url": "https://github.com/AfricArxiv/community-engagement/issues/10",
        "id": 569393627,
        "node_id": "MDU6SXNzdWU1NjkzOTM2Mjc=",
        "number": 10,
        "title": "blog post with African Sci Lit",
        "user": {
            "login": "johav",
            "id": 13553996,
            "node_id": "MDQ6VXNlcjEzNTUzOTk2",
            "avatar_url": "https://avatars.githubusercontent.com/u/13553996?v=4",
            "gravatar_id": "",
            "url": "https://api.github.com/users/johav",
            "html_url": "https://github.com/johav",
            "followers_url": "https://api.github.com/users/johav/followers",
            "following_url": "https://api.github.com/users/johav/following{/other_user}",
            "gists_url": "https://api.github.com/users/johav/gists{/gist_id}",
            "starred_url": "https://api.github.com/users/johav/starred{/owner}{/repo}",
            "subscriptions_url": "https://api.github.com/users/johav/subscriptions",
            "organizations_url": "https://api.github.com/users/johav/orgs",
            "repos_url": "https://api.github.com/users/johav/repos",
            "events_url": "https://api.github.com/users/johav/events{/privacy}",
            "received_events_url": "https://api.github.com/users/johav/received_events",
            "type": "User",
            "user_view_type": "public",
            "site_admin": false
        },
        "labels": [],
        "state": "open",
        "locked": false,
        "assignee": {
            "login": "Johanssen",
            "id": 7679952,
            "node_id": "MDQ6VXNlcjc2Nzk5NTI=",
            "avatar_url": "https://avatars.githubusercontent.com/u/7679952?v=4",
            "gravatar_id": "",
            "url": "https://api.github.com/users/Johanssen",
            "html_url": "https://github.com/Johanssen",
            "followers_url": "https://api.github.com/users/Johanssen/followers",
            "following_url": "https://api.github.com/users/Johanssen/following{/other_user}",
            "gists_url": "https://api.github.com/users/Johanssen/gists{/gist_id}",
            "starred_url": "https://api.github.com/users/Johanssen/starred{/owner}{/repo}",
            "subscriptions_url": "https://api.github.com/users/Johanssen/subscriptions",
            "organizations_url": "https://api.github.com/users/Johanssen/orgs",
            "repos_url": "https://api.github.com/users/Johanssen/repos",
            "events_url": "https://api.github.com/users/Johanssen/events{/privacy}",
            "received_events_url": "https://api.github.com/users/Johanssen/received_events",
            "type": "User",
            "user_view_type": "public",
            "site_admin": false
        },
        "assignees": [
            {
                "login": "Johanssen",
                "id": 7679952,
                "node_id": "MDQ6VXNlcjc2Nzk5NTI=",
                "avatar_url": "https://avatars.githubusercontent.com/u/7679952?v=4",
                "gravatar_id": "",
                "url": "https://api.github.com/users/Johanssen",
                "html_url": "https://github.com/Johanssen",
                "followers_url": "https://api.github.com/users/Johanssen/followers",
                "following_url": "https://api.github.com/users/Johanssen/following{/other_user}",
                "gists_url": "https://api.github.com/users/Johanssen/gists{/gist_id}",
                "starred_url": "https://api.github.com/users/Johanssen/starred{/owner}{/repo}",
                "subscriptions_url": "https://api.github.com/users/Johanssen/subscriptions",
                "organizations_url": "https://api.github.com/users/Johanssen/orgs",
                "repos_url": "https://api.github.com/users/Johanssen/repos",
                "events_url": "https://api.github.com/users/Johanssen/events{/privacy}",
                "received_events_url": "https://api.github.com/users/Johanssen/received_events",
                "type": "User",
                "user_view_type": "public",
                "site_admin": false
            }
        ],
        "milestone": null,
        "comments": 1,
        "created_at": "2020-02-22T21:08:48Z",
        "updated_at": "2020-03-18T20:07:10Z",
        "closed_at": null,
        "author_association": "MEMBER",
        "sub_issues_summary": {
            "total": 0,
            "completed": 0,
            "percent_completed": 0
        },
        "active_lock_reason": null,
        "body": "pls refer back tot he email form mahmoud.",
        "closed_by": null,
        "reactions": {
            "url": "https://api.github.com/repos/AfricArxiv/community-engagement/issues/10/reactions",
            "total_count": 0,
            "+1": 0,
            "-1": 0,
            "laugh": 0,
            "hooray": 0,
            "confused": 0,
            "heart": 0,
            "rocket": 0,
            "eyes": 0
        },
        "timeline_url": "https://api.github.com/repos/AfricArxiv/community-engagement/issues/10/timeline",
        "performed_via_github_app": null,
        "state_reason": null
    },
    {
        "url": "https://api.github.com/repos/AfricArxiv/community-engagement/issues/9",
        "repository_url": "https://api.github.com/repos/AfricArxiv/community-engagement",
        "labels_url": "https://api.github.com/repos/AfricArxiv/community-engagement/issues/9/labels{/name}",
        "comments_url": "https://api.github.com/repos/AfricArxiv/community-engagement/issues/9/comments",
        "events_url": "https://api.github.com/repos/AfricArxiv/community-engagement/issues/9/events",
        "html_url": "https://github.com/AfricArxiv/community-engagement/issues/9",
        "id": 569393089,
        "node_id": "MDU6SXNzdWU1NjkzOTMwODk=",
        "number": 9,
        "title": "blog post on OAPEN",
        "user": {
            "login": "johav",
            "id": 13553996,
            "node_id": "MDQ6VXNlcjEzNTUzOTk2",
            "avatar_url": "https://avatars.githubusercontent.com/u/13553996?v=4",
            "gravatar_id": "",
            "url": "https://api.github.com/users/johav",
            "html_url": "https://github.com/johav",
            "followers_url": "https://api.github.com/users/johav/followers",
            "following_url": "https://api.github.com/users/johav/following{/other_user}",
            "gists_url": "https://api.github.com/users/johav/gists{/gist_id}",
            "starred_url": "https://api.github.com/users/johav/starred{/owner}{/repo}",
            "subscriptions_url": "https://api.github.com/users/johav/subscriptions",
            "organizations_url": "https://api.github.com/users/johav/orgs",
            "repos_url": "https://api.github.com/users/johav/repos",
            "events_url": "https://api.github.com/users/johav/events{/privacy}",
            "received_events_url": "https://api.github.com/users/johav/received_events",
            "type": "User",
            "user_view_type": "public",
            "site_admin": false
        },
        "labels": [],
        "state": "open",
        "locked": false,
        "assignee": {
            "login": "Johanssen",
            "id": 7679952,
            "node_id": "MDQ6VXNlcjc2Nzk5NTI=",
            "avatar_url": "https://avatars.githubusercontent.com/u/7679952?v=4",
            "gravatar_id": "",
            "url": "https://api.github.com/users/Johanssen",
            "html_url": "https://github.com/Johanssen",
            "followers_url": "https://api.github.com/users/Johanssen/followers",
            "following_url": "https://api.github.com/users/Johanssen/following{/other_user}",
            "gists_url": "https://api.github.com/users/Johanssen/gists{/gist_id}",
            "starred_url": "https://api.github.com/users/Johanssen/starred{/owner}{/repo}",
            "subscriptions_url": "https://api.github.com/users/Johanssen/subscriptions",
            "organizations_url": "https://api.github.com/users/Johanssen/orgs",
            "repos_url": "https://api.github.com/users/Johanssen/repos",
            "events_url": "https://api.github.com/users/Johanssen/events{/privacy}",
            "received_events_url": "https://api.github.com/users/Johanssen/received_events",
            "type": "User",
            "user_view_type": "public",
            "site_admin": false
        },
        "assignees": [
            {
                "login": "Johanssen",
                "id": 7679952,
                "node_id": "MDQ6VXNlcjc2Nzk5NTI=",
                "avatar_url": "https://avatars.githubusercontent.com/u/7679952?v=4",
                "gravatar_id": "",
                "url": "https://api.github.com/users/Johanssen",
                "html_url": "https://github.com/Johanssen",
                "followers_url": "https://api.github.com/users/Johanssen/followers",
                "following_url": "https://api.github.com/users/Johanssen/following{/other_user}",
                "gists_url": "https://api.github.com/users/Johanssen/gists{/gist_id}",
                "starred_url": "https://api.github.com/users/Johanssen/starred{/owner}{/repo}",
                "subscriptions_url": "https://api.github.com/users/Johanssen/subscriptions",
                "organizations_url": "https://api.github.com/users/Johanssen/orgs",
                "repos_url": "https://api.github.com/users/Johanssen/repos",
                "events_url": "https://api.github.com/users/Johanssen/events{/privacy}",
                "received_events_url": "https://api.github.com/users/Johanssen/received_events",
                "type": "User",
                "user_view_type": "public",
                "site_admin": false
            }
        ],
        "milestone": null,
        "comments": 0,
        "created_at": "2020-02-22T21:04:05Z",
        "updated_at": "2020-02-22T21:04:58Z",
        "closed_at": null,
        "author_association": "MEMBER",
        "sub_issues_summary": {
            "total": 0,
            "completed": 0,
            "percent_completed": 0
        },
        "active_lock_reason": null,
        "body": "to raise awareness to African researchers and scholarly book publishers about the service OAPEN/DOAB offer and how this can assist in improving the discoverability of African scholarly works. Here is a draft text outline we can work on:\r\n\r\n- [ ] draft as Google doc or directly as post on our wp website\r\n\r\n1) 1-2 sentences about scholarly books from and about Africa.\r\n\r\n2) Short descriptions of the following books:\r\nPls add: Author, Book title, ISBN\r\n insert image gallery with selected OAPEN featured books:\r\n- http://www.oapen.org/search?identifier=1006886\r\n- http://www.oapen.org/search?identifier=1004813;keyword=africa*\r\n- http://www.oapen.org/search?identifier=1006707;keyword=africa*\r\n\r\n3) Information for publishers that want to join DOAB: https://www.doabooks.org/doab?func=forPublishers&uiLanguage=en.\r\n\r\n4) Information for publishers that want to join OAPEN: http://oapen.org/content/oapen-services.\r\n\r\n5) send for review to JH",
        "closed_by": null,
        "reactions": {
            "url": "https://api.github.com/repos/AfricArxiv/community-engagement/issues/9/reactions",
            "total_count": 0,
            "+1": 0,
            "-1": 0,
            "laugh": 0,
            "hooray": 0,
            "confused": 0,
            "heart": 0,
            "rocket": 0,
            "eyes": 0
        },
        "timeline_url": "https://api.github.com/repos/AfricArxiv/community-engagement/issues/9/timeline",
        "performed_via_github_app": null,
        "state_reason": null
    },
    {
        "url": "https://api.github.com/repos/AfricArxiv/community-engagement/issues/8",
        "repository_url": "https://api.github.com/repos/AfricArxiv/community-engagement",
        "labels_url": "https://api.github.com/repos/AfricArxiv/community-engagement/issues/8/labels{/name}",
        "comments_url": "https://api.github.com/repos/AfricArxiv/community-engagement/issues/8/comments",
        "events_url": "https://api.github.com/repos/AfricArxiv/community-engagement/issues/8/events",
        "html_url": "https://github.com/AfricArxiv/community-engagement/issues/8",
        "id": 562213432,
        "node_id": "MDU6SXNzdWU1NjIyMTM0MzI=",
        "number": 8,
        "title": "Interview questions / author survey",
        "user": {
            "login": "johav",
            "id": 13553996,
            "node_id": "MDQ6VXNlcjEzNTUzOTk2",
            "avatar_url": "https://avatars.githubusercontent.com/u/13553996?v=4",
            "gravatar_id": "",
            "url": "https://api.github.com/users/johav",
            "html_url": "https://github.com/johav",
            "followers_url": "https://api.github.com/users/johav/followers",
            "following_url": "https://api.github.com/users/johav/following{/other_user}",
            "gists_url": "https://api.github.com/users/johav/gists{/gist_id}",
            "starred_url": "https://api.github.com/users/johav/starred{/owner}{/repo}",
            "subscriptions_url": "https://api.github.com/users/johav/subscriptions",
            "organizations_url": "https://api.github.com/users/johav/orgs",
            "repos_url": "https://api.github.com/users/johav/repos",
            "events_url": "https://api.github.com/users/johav/events{/privacy}",
            "received_events_url": "https://api.github.com/users/johav/received_events",
            "type": "User",
            "user_view_type": "public",
            "site_admin": false
        },
        "labels": [],
        "state": "open",
        "locked": false,
        "assignee": {
            "login": "Johanssen",
            "id": 7679952,
            "node_id": "MDQ6VXNlcjc2Nzk5NTI=",
            "avatar_url": "https://avatars.githubusercontent.com/u/7679952?v=4",
            "gravatar_id": "",
            "url": "https://api.github.com/users/Johanssen",
            "html_url": "https://github.com/Johanssen",
            "followers_url": "https://api.github.com/users/Johanssen/followers",
            "following_url": "https://api.github.com/users/Johanssen/following{/other_user}",
            "gists_url": "https://api.github.com/users/Johanssen/gists{/gist_id}",
            "starred_url": "https://api.github.com/users/Johanssen/starred{/owner}{/repo}",
            "subscriptions_url": "https://api.github.com/users/Johanssen/subscriptions",
            "organizations_url": "https://api.github.com/users/Johanssen/orgs",
            "repos_url": "https://api.github.com/users/Johanssen/repos",
            "events_url": "https://api.github.com/users/Johanssen/events{/privacy}",
            "received_events_url": "https://api.github.com/users/Johanssen/received_events",
            "type": "User",
            "user_view_type": "public",
            "site_admin": false
        },
        "assignees": [
            {
                "login": "Johanssen",
                "id": 7679952,
                "node_id": "MDQ6VXNlcjc2Nzk5NTI=",
                "avatar_url": "https://avatars.githubusercontent.com/u/7679952?v=4",
                "gravatar_id": "",
                "url": "https://api.github.com/users/Johanssen",
                "html_url": "https://github.com/Johanssen",
                "followers_url": "https://api.github.com/users/Johanssen/followers",
                "following_url": "https://api.github.com/users/Johanssen/following{/other_user}",
                "gists_url": "https://api.github.com/users/Johanssen/gists{/gist_id}",
                "starred_url": "https://api.github.com/users/Johanssen/starred{/owner}{/repo}",
                "subscriptions_url": "https://api.github.com/users/Johanssen/subscriptions",
                "organizations_url": "https://api.github.com/users/Johanssen/orgs",
                "repos_url": "https://api.github.com/users/Johanssen/repos",
                "events_url": "https://api.github.com/users/Johanssen/events{/privacy}",
                "received_events_url": "https://api.github.com/users/Johanssen/received_events",
                "type": "User",
                "user_view_type": "public",
                "site_admin": false
            }
        ],
        "milestone": null,
        "comments": 12,
        "created_at": "2020-02-09T17:51:01Z",
        "updated_at": "2020-02-25T15:09:57Z",
        "closed_at": null,
        "author_association": "MEMBER",
        "sub_issues_summary": {
            "total": 0,
            "completed": 0,
            "percent_completed": 0
        },
        "active_lock_reason": null,
        "body": "Should we convert the questions from https://github.com/AfricArxiv/community-engagement/blob/master/user-interview.md into a Google Form?\r\n\r\nAlternatively we could email them as text\r\n\r\n- ask for image upload (profile picture of the author) \r\n- ask for public profile urls (ORCID, ResearchGate, Twitter, Google Scholar, Github\r\n\r\n- next step will be to email our authors one by one to respond to the questions for an interview to be published on the blog",
        "closed_by": {
            "login": "johav",
            "id": 13553996,
            "node_id": "MDQ6VXNlcjEzNTUzOTk2",
            "avatar_url": "https://avatars.githubusercontent.com/u/13553996?v=4",
            "gravatar_id": "",
            "url": "https://api.github.com/users/johav",
            "html_url": "https://github.com/johav",
            "followers_url": "https://api.github.com/users/johav/followers",
            "following_url": "https://api.github.com/users/johav/following{/other_user}",
            "gists_url": "https://api.github.com/users/johav/gists{/gist_id}",
            "starred_url": "https://api.github.com/users/johav/starred{/owner}{/repo}",
            "subscriptions_url": "https://api.github.com/users/johav/subscriptions",
            "organizations_url": "https://api.github.com/users/johav/orgs",
            "repos_url": "https://api.github.com/users/johav/repos",
            "events_url": "https://api.github.com/users/johav/events{/privacy}",
            "received_events_url": "https://api.github.com/users/johav/received_events",
            "type": "User",
            "user_view_type": "public",
            "site_admin": false
        },
        "reactions": {
            "url": "https://api.github.com/repos/AfricArxiv/community-engagement/issues/8/reactions",
            "total_count": 0,
            "+1": 0,
            "-1": 0,
            "laugh": 0,
            "hooray": 0,
            "confused": 0,
            "heart": 0,
            "rocket": 0,
            "eyes": 0
        },
        "timeline_url": "https://api.github.com/repos/AfricArxiv/community-engagement/issues/8/timeline",
        "performed_via_github_app": null,
        "state_reason": null
    },
    {
        "url": "https://api.github.com/repos/AfricArxiv/community-engagement/issues/7",
        "repository_url": "https://api.github.com/repos/AfricArxiv/community-engagement",
        "labels_url": "https://api.github.com/repos/AfricArxiv/community-engagement/issues/7/labels{/name}",
        "comments_url": "https://api.github.com/repos/AfricArxiv/community-engagement/issues/7/comments",
        "events_url": "https://api.github.com/repos/AfricArxiv/community-engagement/issues/7/events",
        "html_url": "https://github.com/AfricArxiv/community-engagement/issues/7",
        "id": 561474581,
        "node_id": "MDU6SXNzdWU1NjE0NzQ1ODE=",
        "number": 7,
        "title": "Africa Science Week",
        "user": {
            "login": "johav",
            "id": 13553996,
            "node_id": "MDQ6VXNlcjEzNTUzOTk2",
            "avatar_url": "https://avatars.githubusercontent.com/u/13553996?v=4",
            "gravatar_id": "",
            "url": "https://api.github.com/users/johav",
            "html_url": "https://github.com/johav",
            "followers_url": "https://api.github.com/users/johav/followers",
            "following_url": "https://api.github.com/users/johav/following{/other_user}",
            "gists_url": "https://api.github.com/users/johav/gists{/gist_id}",
            "starred_url": "https://api.github.com/users/johav/starred{/owner}{/repo}",
            "subscriptions_url": "https://api.github.com/users/johav/subscriptions",
            "organizations_url": "https://api.github.com/users/johav/orgs",
            "repos_url": "https://api.github.com/users/johav/repos",
            "events_url": "https://api.github.com/users/johav/events{/privacy}",
            "received_events_url": "https://api.github.com/users/johav/received_events",
            "type": "User",
            "user_view_type": "public",
            "site_admin": false
        },
        "labels": [],
        "state": "open",
        "locked": false,
        "assignee": null,
        "assignees": [],
        "milestone": null,
        "comments": 0,
        "created_at": "2020-02-07T07:46:17Z",
        "updated_at": "2020-02-07T07:46:17Z",
        "closed_at": null,
        "author_association": "MEMBER",
        "sub_issues_summary": {
            "total": 0,
            "completed": 0,
            "percent_completed": 0
        },
        "active_lock_reason": null,
        "body": "Connect with [asw.nef.org](https://asw.nef.org/)\r\n",
        "closed_by": null,
        "reactions": {
            "url": "https://api.github.com/repos/AfricArxiv/community-engagement/issues/7/reactions",
            "total_count": 0,
            "+1": 0,
            "-1": 0,
            "laugh": 0,
            "hooray": 0,
            "confused": 0,
            "heart": 0,
            "rocket": 0,
            "eyes": 0
        },
        "timeline_url": "https://api.github.com/repos/AfricArxiv/community-engagement/issues/7/timeline",
        "performed_via_github_app": null,
        "state_reason": null
    },
    {
        "url": "https://api.github.com/repos/AfricArxiv/community-engagement/issues/6",
        "repository_url": "https://api.github.com/repos/AfricArxiv/community-engagement",
        "labels_url": "https://api.github.com/repos/AfricArxiv/community-engagement/issues/6/labels{/name}",
        "comments_url": "https://api.github.com/repos/AfricArxiv/community-engagement/issues/6/comments",
        "events_url": "https://api.github.com/repos/AfricArxiv/community-engagement/issues/6/events",
        "html_url": "https://github.com/AfricArxiv/community-engagement/issues/6",
        "id": 557546409,
        "node_id": "MDU6SXNzdWU1NTc1NDY0MDk=",
        "number": 6,
        "title": "update community engagement main page",
        "user": {
            "login": "johav",
            "id": 13553996,
            "node_id": "MDQ6VXNlcjEzNTUzOTk2",
            "avatar_url": "https://avatars.githubusercontent.com/u/13553996?v=4",
            "gravatar_id": "",
            "url": "https://api.github.com/users/johav",
            "html_url": "https://github.com/johav",
            "followers_url": "https://api.github.com/users/johav/followers",
            "following_url": "https://api.github.com/users/johav/following{/other_user}",
            "gists_url": "https://api.github.com/users/johav/gists{/gist_id}",
            "starred_url": "https://api.github.com/users/johav/starred{/owner}{/repo}",
            "subscriptions_url": "https://api.github.com/users/johav/subscriptions",
            "organizations_url": "https://api.github.com/users/johav/orgs",
            "repos_url": "https://api.github.com/users/johav/repos",
            "events_url": "https://api.github.com/users/johav/events{/privacy}",
            "received_events_url": "https://api.github.com/users/johav/received_events",
            "type": "User",
            "user_view_type": "public",
            "site_admin": false
        },
        "labels": [],
        "state": "open",
        "locked": false,
        "assignee": {
            "login": "Johanssen",
            "id": 7679952,
            "node_id": "MDQ6VXNlcjc2Nzk5NTI=",
            "avatar_url": "https://avatars.githubusercontent.com/u/7679952?v=4",
            "gravatar_id": "",
            "url": "https://api.github.com/users/Johanssen",
            "html_url": "https://github.com/Johanssen",
            "followers_url": "https://api.github.com/users/Johanssen/followers",
            "following_url": "https://api.github.com/users/Johanssen/following{/other_user}",
            "gists_url": "https://api.github.com/users/Johanssen/gists{/gist_id}",
            "starred_url": "https://api.github.com/users/Johanssen/starred{/owner}{/repo}",
            "subscriptions_url": "https://api.github.com/users/Johanssen/subscriptions",
            "organizations_url": "https://api.github.com/users/Johanssen/orgs",
            "repos_url": "https://api.github.com/users/Johanssen/repos",
            "events_url": "https://api.github.com/users/Johanssen/events{/privacy}",
            "received_events_url": "https://api.github.com/users/Johanssen/received_events",
            "type": "User",
            "user_view_type": "public",
            "site_admin": false
        },
        "assignees": [
            {
                "login": "Johanssen",
                "id": 7679952,
                "node_id": "MDQ6VXNlcjc2Nzk5NTI=",
                "avatar_url": "https://avatars.githubusercontent.com/u/7679952?v=4",
                "gravatar_id": "",
                "url": "https://api.github.com/users/Johanssen",
                "html_url": "https://github.com/Johanssen",
                "followers_url": "https://api.github.com/users/Johanssen/followers",
                "following_url": "https://api.github.com/users/Johanssen/following{/other_user}",
                "gists_url": "https://api.github.com/users/Johanssen/gists{/gist_id}",
                "starred_url": "https://api.github.com/users/Johanssen/starred{/owner}{/repo}",
                "subscriptions_url": "https://api.github.com/users/Johanssen/subscriptions",
                "organizations_url": "https://api.github.com/users/Johanssen/orgs",
                "repos_url": "https://api.github.com/users/Johanssen/repos",
                "events_url": "https://api.github.com/users/Johanssen/events{/privacy}",
                "received_events_url": "https://api.github.com/users/Johanssen/received_events",
                "type": "User",
                "user_view_type": "public",
                "site_admin": false
            }
        ],
        "milestone": null,
        "comments": 4,
        "created_at": "2020-01-30T14:53:13Z",
        "updated_at": "2020-04-14T15:50:05Z",
        "closed_at": null,
        "author_association": "MEMBER",
        "sub_issues_summary": {
            "total": 0,
            "completed": 0,
            "percent_completed": 0
        },
        "active_lock_reason": null,
        "body": "@Johanssen fro the social media document or here we can align our strategy for community engagement. Just so you know we also have this page here. \r\n\r\n- https://github.com/AfricArxiv/community-engagement/",
        "closed_by": {
            "login": "Johanssen",
            "id": 7679952,
            "node_id": "MDQ6VXNlcjc2Nzk5NTI=",
            "avatar_url": "https://avatars.githubusercontent.com/u/7679952?v=4",
            "gravatar_id": "",
            "url": "https://api.github.com/users/Johanssen",
            "html_url": "https://github.com/Johanssen",
            "followers_url": "https://api.github.com/users/Johanssen/followers",
            "following_url": "https://api.github.com/users/Johanssen/following{/other_user}",
            "gists_url": "https://api.github.com/users/Johanssen/gists{/gist_id}",
            "starred_url": "https://api.github.com/users/Johanssen/starred{/owner}{/repo}",
            "subscriptions_url": "https://api.github.com/users/Johanssen/subscriptions",
            "organizations_url": "https://api.github.com/users/Johanssen/orgs",
            "repos_url": "https://api.github.com/users/Johanssen/repos",
            "events_url": "https://api.github.com/users/Johanssen/events{/privacy}",
            "received_events_url": "https://api.github.com/users/Johanssen/received_events",
            "type": "User",
            "user_view_type": "public",
            "site_admin": false
        },
        "reactions": {
            "url": "https://api.github.com/repos/AfricArxiv/community-engagement/issues/6/reactions",
            "total_count": 0,
            "+1": 0,
            "-1": 0,
            "laugh": 0,
            "hooray": 0,
            "confused": 0,
            "heart": 0,
            "rocket": 0,
            "eyes": 0
        },
        "timeline_url": "https://api.github.com/repos/AfricArxiv/community-engagement/issues/6/timeline",
        "performed_via_github_app": null,
        "state_reason": null
    },
    {
        "url": "https://api.github.com/repos/AfricArxiv/community-engagement/issues/5",
        "repository_url": "https://api.github.com/repos/AfricArxiv/community-engagement",
        "labels_url": "https://api.github.com/repos/AfricArxiv/community-engagement/issues/5/labels{/name}",
        "comments_url": "https://api.github.com/repos/AfricArxiv/community-engagement/issues/5/comments",
        "events_url": "https://api.github.com/repos/AfricArxiv/community-engagement/issues/5/events",
        "html_url": "https://github.com/AfricArxiv/community-engagement/issues/5",
        "id": 556856456,
        "node_id": "MDU6SXNzdWU1NTY4NTY0NTY=",
        "number": 5,
        "title": "Community Survey",
        "user": {
            "login": "johav",
            "id": 13553996,
            "node_id": "MDQ6VXNlcjEzNTUzOTk2",
            "avatar_url": "https://avatars.githubusercontent.com/u/13553996?v=4",
            "gravatar_id": "",
            "url": "https://api.github.com/users/johav",
            "html_url": "https://github.com/johav",
            "followers_url": "https://api.github.com/users/johav/followers",
            "following_url": "https://api.github.com/users/johav/following{/other_user}",
            "gists_url": "https://api.github.com/users/johav/gists{/gist_id}",
            "starred_url": "https://api.github.com/users/johav/starred{/owner}{/repo}",
            "subscriptions_url": "https://api.github.com/users/johav/subscriptions",
            "organizations_url": "https://api.github.com/users/johav/orgs",
            "repos_url": "https://api.github.com/users/johav/repos",
            "events_url": "https://api.github.com/users/johav/events{/privacy}",
            "received_events_url": "https://api.github.com/users/johav/received_events",
            "type": "User",
            "user_view_type": "public",
            "site_admin": false
        },
        "labels": [],
        "state": "open",
        "locked": false,
        "assignee": {
            "login": "johav",
            "id": 13553996,
            "node_id": "MDQ6VXNlcjEzNTUzOTk2",
            "avatar_url": "https://avatars.githubusercontent.com/u/13553996?v=4",
            "gravatar_id": "",
            "url": "https://api.github.com/users/johav",
            "html_url": "https://github.com/johav",
            "followers_url": "https://api.github.com/users/johav/followers",
            "following_url": "https://api.github.com/users/johav/following{/other_user}",
            "gists_url": "https://api.github.com/users/johav/gists{/gist_id}",
            "starred_url": "https://api.github.com/users/johav/starred{/owner}{/repo}",
            "subscriptions_url": "https://api.github.com/users/johav/subscriptions",
            "organizations_url": "https://api.github.com/users/johav/orgs",
            "repos_url": "https://api.github.com/users/johav/repos",
            "events_url": "https://api.github.com/users/johav/events{/privacy}",
            "received_events_url": "https://api.github.com/users/johav/received_events",
            "type": "User",
            "user_view_type": "public",
            "site_admin": false
        },
        "assignees": [
            {
                "login": "johav",
                "id": 13553996,
                "node_id": "MDQ6VXNlcjEzNTUzOTk2",
                "avatar_url": "https://avatars.githubusercontent.com/u/13553996?v=4",
                "gravatar_id": "",
                "url": "https://api.github.com/users/johav",
                "html_url": "https://github.com/johav",
                "followers_url": "https://api.github.com/users/johav/followers",
                "following_url": "https://api.github.com/users/johav/following{/other_user}",
                "gists_url": "https://api.github.com/users/johav/gists{/gist_id}",
                "starred_url": "https://api.github.com/users/johav/starred{/owner}{/repo}",
                "subscriptions_url": "https://api.github.com/users/johav/subscriptions",
                "organizations_url": "https://api.github.com/users/johav/orgs",
                "repos_url": "https://api.github.com/users/johav/repos",
                "events_url": "https://api.github.com/users/johav/events{/privacy}",
                "received_events_url": "https://api.github.com/users/johav/received_events",
                "type": "User",
                "user_view_type": "public",
                "site_admin": false
            },
            {
                "login": "aldirdiri",
                "id": 29212808,
                "node_id": "MDQ6VXNlcjI5MjEyODA4",
                "avatar_url": "https://avatars.githubusercontent.com/u/29212808?v=4",
                "gravatar_id": "",
                "url": "https://api.github.com/users/aldirdiri",
                "html_url": "https://github.com/aldirdiri",
                "followers_url": "https://api.github.com/users/aldirdiri/followers",
                "following_url": "https://api.github.com/users/aldirdiri/following{/other_user}",
                "gists_url": "https://api.github.com/users/aldirdiri/gists{/gist_id}",
                "starred_url": "https://api.github.com/users/aldirdiri/starred{/owner}{/repo}",
                "subscriptions_url": "https://api.github.com/users/aldirdiri/subscriptions",
                "organizations_url": "https://api.github.com/users/aldirdiri/orgs",
                "repos_url": "https://api.github.com/users/aldirdiri/repos",
                "events_url": "https://api.github.com/users/aldirdiri/events{/privacy}",
                "received_events_url": "https://api.github.com/users/aldirdiri/received_events",
                "type": "User",
                "user_view_type": "public",
                "site_admin": false
            }
        ],
        "milestone": null,
        "comments": 0,
        "created_at": "2020-01-29T13:18:20Z",
        "updated_at": "2020-01-29T13:18:20Z",
        "closed_at": null,
        "author_association": "MEMBER",
        "sub_issues_summary": {
            "total": 0,
            "completed": 0,
            "percent_completed": 0
        },
        "active_lock_reason": null,
        "body": "develop a survey (GoogleForm) where we call for contributions\r\n- translations: https://github.com/AfricArxiv/languages\r\n- platform dev: https://github.com/AfricArxiv/platform-dev\r\n- financial via liberapay // opencollective // PayPal // mPesa\r\n- signing and sharing of the African OA Principles: https://info.africarxiv.org/african-oa-principles/",
        "closed_by": null,
        "reactions": {
            "url": "https://api.github.com/repos/AfricArxiv/community-engagement/issues/5/reactions",
            "total_count": 0,
            "+1": 0,
            "-1": 0,
            "laugh": 0,
            "hooray": 0,
            "confused": 0,
            "heart": 0,
            "rocket": 0,
            "eyes": 0
        },
        "timeline_url": "https://api.github.com/repos/AfricArxiv/community-engagement/issues/5/timeline",
        "performed_via_github_app": null,
        "state_reason": null
    },
    {
        "url": "https://api.github.com/repos/AfricArxiv/community-engagement/issues/3",
        "repository_url": "https://api.github.com/repos/AfricArxiv/community-engagement",
        "labels_url": "https://api.github.com/repos/AfricArxiv/community-engagement/issues/3/labels{/name}",
        "comments_url": "https://api.github.com/repos/AfricArxiv/community-engagement/issues/3/comments",
        "events_url": "https://api.github.com/repos/AfricArxiv/community-engagement/issues/3/events",
        "html_url": "https://github.com/AfricArxiv/community-engagement/issues/3",
        "id": 386468453,
        "node_id": "MDU6SXNzdWUzODY0Njg0NTM=",
        "number": 3,
        "title": "related literature",
        "user": {
            "login": "johav",
            "id": 13553996,
            "node_id": "MDQ6VXNlcjEzNTUzOTk2",
            "avatar_url": "https://avatars.githubusercontent.com/u/13553996?v=4",
            "gravatar_id": "",
            "url": "https://api.github.com/users/johav",
            "html_url": "https://github.com/johav",
            "followers_url": "https://api.github.com/users/johav/followers",
            "following_url": "https://api.github.com/users/johav/following{/other_user}",
            "gists_url": "https://api.github.com/users/johav/gists{/gist_id}",
            "starred_url": "https://api.github.com/users/johav/starred{/owner}{/repo}",
            "subscriptions_url": "https://api.github.com/users/johav/subscriptions",
            "organizations_url": "https://api.github.com/users/johav/orgs",
            "repos_url": "https://api.github.com/users/johav/repos",
            "events_url": "https://api.github.com/users/johav/events{/privacy}",
            "received_events_url": "https://api.github.com/users/johav/received_events",
            "type": "User",
            "user_view_type": "public",
            "site_admin": false
        },
        "labels": [],
        "state": "open",
        "locked": false,
        "assignee": null,
        "assignees": [],
        "milestone": null,
        "comments": 0,
        "created_at": "2018-12-01T15:34:15Z",
        "updated_at": "2018-12-01T15:34:15Z",
        "closed_at": null,
        "author_association": "MEMBER",
        "sub_issues_summary": {
            "total": 0,
            "completed": 0,
            "percent_completed": 0
        },
        "active_lock_reason": null,
        "body": "- …\r\n- Thomas Kariyuki (2016), [Why it’s time African researchers stopped working in silos](https://theconversation.com/why-its-time-african-researchers-stopped-working-in-silos-59539) theconversation.com\r\n- ",
        "closed_by": null,
        "reactions": {
            "url": "https://api.github.com/repos/AfricArxiv/community-engagement/issues/3/reactions",
            "total_count": 0,
            "+1": 0,
            "-1": 0,
            "laugh": 0,
            "hooray": 0,
            "confused": 0,
            "heart": 0,
            "rocket": 0,
            "eyes": 0
        },
        "timeline_url": "https://api.github.com/repos/AfricArxiv/community-engagement/issues/3/timeline",
        "performed_via_github_app": null,
        "state_reason": null
    },
    {
        "url": "https://api.github.com/repos/AfricArxiv/community-engagement/issues/2",
        "repository_url": "https://api.github.com/repos/AfricArxiv/community-engagement",
        "labels_url": "https://api.github.com/repos/AfricArxiv/community-engagement/issues/2/labels{/name}",
        "comments_url": "https://api.github.com/repos/AfricArxiv/community-engagement/issues/2/comments",
        "events_url": "https://api.github.com/repos/AfricArxiv/community-engagement/issues/2/events",
        "html_url": "https://github.com/AfricArxiv/community-engagement/issues/2",
        "id": 386263700,
        "node_id": "MDU6SXNzdWUzODYyNjM3MDA=",
        "number": 2,
        "title": "Outreach to African research institutions and organisations",
        "user": {
            "login": "johav",
            "id": 13553996,
            "node_id": "MDQ6VXNlcjEzNTUzOTk2",
            "avatar_url": "https://avatars.githubusercontent.com/u/13553996?v=4",
            "gravatar_id": "",
            "url": "https://api.github.com/users/johav",
            "html_url": "https://github.com/johav",
            "followers_url": "https://api.github.com/users/johav/followers",
            "following_url": "https://api.github.com/users/johav/following{/other_user}",
            "gists_url": "https://api.github.com/users/johav/gists{/gist_id}",
            "starred_url": "https://api.github.com/users/johav/starred{/owner}{/repo}",
            "subscriptions_url": "https://api.github.com/users/johav/subscriptions",
            "organizations_url": "https://api.github.com/users/johav/orgs",
            "repos_url": "https://api.github.com/users/johav/repos",
            "events_url": "https://api.github.com/users/johav/events{/privacy}",
            "received_events_url": "https://api.github.com/users/johav/received_events",
            "type": "User",
            "user_view_type": "public",
            "site_admin": false
        },
        "labels": [],
        "state": "open",
        "locked": false,
        "assignee": null,
        "assignees": [],
        "milestone": null,
        "comments": 3,
        "created_at": "2018-11-30T16:41:20Z",
        "updated_at": "2020-02-27T08:14:30Z",
        "closed_at": null,
        "author_association": "MEMBER",
        "sub_issues_summary": {
            "total": 0,
            "completed": 0,
            "percent_completed": 0
        },
        "active_lock_reason": null,
        "body": "check this [outreach gSheet](https://docs.google.com/spreadsheets/d/1vNUvWFXvs5BoltxX-cV0ES476u2ytEykZQh7CHAibNM/edit#gid=0) and fill in the blanks\r\n\r\nthey can also become partner, by adding a link to our website with Logo and deascription\r\n\r\n- African university libraries\r\n- African open Science actors and platforms\r\n- https://www.afriscitech.com/en/component/content/article/126-authors/276-luc-allemand?Itemid=650\r\n- …",
        "closed_by": null,
        "reactions": {
            "url": "https://api.github.com/repos/AfricArxiv/community-engagement/issues/2/reactions",
            "total_count": 0,
            "+1": 0,
            "-1": 0,
            "laugh": 0,
            "hooray": 0,
            "confused": 0,
            "heart": 0,
            "rocket": 0,
            "eyes": 0
        },
        "timeline_url": "https://api.github.com/repos/AfricArxiv/community-engagement/issues/2/timeline",
        "performed_via_github_app": null,
        "state_reason": null
    },
    {
        "url": "https://api.github.com/repos/AfricArxiv/community-engagement/issues/1",
        "repository_url": "https://api.github.com/repos/AfricArxiv/community-engagement",
        "labels_url": "https://api.github.com/repos/AfricArxiv/community-engagement/issues/1/labels{/name}",
        "comments_url": "https://api.github.com/repos/AfricArxiv/community-engagement/issues/1/comments",
        "events_url": "https://api.github.com/repos/AfricArxiv/community-engagement/issues/1/events",
        "html_url": "https://github.com/AfricArxiv/community-engagement/issues/1",
        "id": 376010857,
        "node_id": "MDU6SXNzdWUzNzYwMTA4NTc=",
        "number": 1,
        "title": "random things to keep in mind and do asap",
        "user": {
            "login": "johav",
            "id": 13553996,
            "node_id": "MDQ6VXNlcjEzNTUzOTk2",
            "avatar_url": "https://avatars.githubusercontent.com/u/13553996?v=4",
            "gravatar_id": "",
            "url": "https://api.github.com/users/johav",
            "html_url": "https://github.com/johav",
            "followers_url": "https://api.github.com/users/johav/followers",
            "following_url": "https://api.github.com/users/johav/following{/other_user}",
            "gists_url": "https://api.github.com/users/johav/gists{/gist_id}",
            "starred_url": "https://api.github.com/users/johav/starred{/owner}{/repo}",
            "subscriptions_url": "https://api.github.com/users/johav/subscriptions",
            "organizations_url": "https://api.github.com/users/johav/orgs",
            "repos_url": "https://api.github.com/users/johav/repos",
            "events_url": "https://api.github.com/users/johav/events{/privacy}",
            "received_events_url": "https://api.github.com/users/johav/received_events",
            "type": "User",
            "user_view_type": "public",
            "site_admin": false
        },
        "labels": [],
        "state": "open",
        "locked": false,
        "assignee": null,
        "assignees": [],
        "milestone": null,
        "comments": 2,
        "created_at": "2018-10-31T15:08:39Z",
        "updated_at": "2020-04-14T14:22:02Z",
        "closed_at": null,
        "author_association": "MEMBER",
        "sub_issues_summary": {
            "total": 0,
            "completed": 0,
            "percent_completed": 0
        },
        "active_lock_reason": null,
        "body": "- [x] finalize and publish the FAQs on our soon to be published website\r\n- [ ] post FAQs and answers on Facebook & Twitter, 2-3 per week\r\n- [ ] post repeatedly about the use and benefits of hypothes.is – share infos about open peer review\r\n- [ ] share more information about our language approach\r\n- [ ] work with conference organisers\r\n- [ ] reach out to journals that cover African topics\r\n- [ ] stay in touch about our ideas for the repo with the osf technical team and preprint repo host community",
        "closed_by": null,
        "reactions": {
            "url": "https://api.github.com/repos/AfricArxiv/community-engagement/issues/1/reactions",
            "total_count": 0,
            "+1": 0,
            "-1": 0,
            "laugh": 0,
            "hooray": 0,
            "confused": 0,
            "heart": 0,
            "rocket": 0,
            "eyes": 0
        },
        "timeline_url": "https://api.github.com/repos/AfricArxiv/community-engagement/issues/1/timeline",
        "performed_via_github_app": null,
        "state_reason": null
    }
]