[
    {
        "url": "https://api.github.com/repos/AfricArxiv/decolonise-science/issues/1",
        "repository_url": "https://api.github.com/repos/AfricArxiv/decolonise-science",
        "labels_url": "https://api.github.com/repos/AfricArxiv/decolonise-science/issues/1/labels{/name}",
        "comments_url": "https://api.github.com/repos/AfricArxiv/decolonise-science/issues/1/comments",
        "events_url": "https://api.github.com/repos/AfricArxiv/decolonise-science/issues/1/events",
        "html_url": "https://github.com/AfricArxiv/decolonise-science/issues/1",
        "id": 1001092440,
        "node_id": "I_kwDODhVl9M47q3VY",
        "number": 1,
        "title": "finalize and document Zenodo extraction",
        "user": {
            "login": "johav",
            "id": 13553996,
            "node_id": "MDQ6VXNlcjEzNTUzOTk2",
            "avatar_url": "https://avatars.githubusercontent.com/u/13553996?v=4",
            "gravatar_id": "",
            "url": "https://api.github.com/users/johav",
            "html_url": "https://github.com/johav",
            "followers_url": "https://api.github.com/users/johav/followers",
            "following_url": "https://api.github.com/users/johav/following{/other_user}",
            "gists_url": "https://api.github.com/users/johav/gists{/gist_id}",
            "starred_url": "https://api.github.com/users/johav/starred{/owner}{/repo}",
            "subscriptions_url": "https://api.github.com/users/johav/subscriptions",
            "organizations_url": "https://api.github.com/users/johav/orgs",
            "repos_url": "https://api.github.com/users/johav/repos",
            "events_url": "https://api.github.com/users/johav/events{/privacy}",
            "received_events_url": "https://api.github.com/users/johav/received_events",
            "type": "User",
            "user_view_type": "public",
            "site_admin": false
        },
        "labels": [
            {
                "id": 1809072044,
                "node_id": "MDU6TGFiZWwxODA5MDcyMDQ0",
                "url": "https://api.github.com/repos/AfricArxiv/decolonise-science/labels/documentation",
                "name": "documentation",
                "color": "0075ca",
                "default": true,
                "description": "Improvements or additions to documentation"
            }
        ],
        "state": "open",
        "locked": false,
        "assignee": {
            "login": "hiarafat",
            "id": 4410513,
            "node_id": "MDQ6VXNlcjQ0MTA1MTM=",
            "avatar_url": "https://avatars.githubusercontent.com/u/4410513?v=4",
            "gravatar_id": "",
            "url": "https://api.github.com/users/hiarafat",
            "html_url": "https://github.com/hiarafat",
            "followers_url": "https://api.github.com/users/hiarafat/followers",
            "following_url": "https://api.github.com/users/hiarafat/following{/other_user}",
            "gists_url": "https://api.github.com/users/hiarafat/gists{/gist_id}",
            "starred_url": "https://api.github.com/users/hiarafat/starred{/owner}{/repo}",
            "subscriptions_url": "https://api.github.com/users/hiarafat/subscriptions",
            "organizations_url": "https://api.github.com/users/hiarafat/orgs",
            "repos_url": "https://api.github.com/users/hiarafat/repos",
            "events_url": "https://api.github.com/users/hiarafat/events{/privacy}",
            "received_events_url": "https://api.github.com/users/hiarafat/received_events",
            "type": "User",
            "user_view_type": "public",
            "site_admin": false
        },
        "assignees": [
            {
                "login": "hiarafat",
                "id": 4410513,
                "node_id": "MDQ6VXNlcjQ0MTA1MTM=",
                "avatar_url": "https://avatars.githubusercontent.com/u/4410513?v=4",
                "gravatar_id": "",
                "url": "https://api.github.com/users/hiarafat",
                "html_url": "https://github.com/hiarafat",
                "followers_url": "https://api.github.com/users/hiarafat/followers",
                "following_url": "https://api.github.com/users/hiarafat/following{/other_user}",
                "gists_url": "https://api.github.com/users/hiarafat/gists{/gist_id}",
                "starred_url": "https://api.github.com/users/hiarafat/starred{/owner}{/repo}",
                "subscriptions_url": "https://api.github.com/users/hiarafat/subscriptions",
                "organizations_url": "https://api.github.com/users/hiarafat/orgs",
                "repos_url": "https://api.github.com/users/hiarafat/repos",
                "events_url": "https://api.github.com/users/hiarafat/events{/privacy}",
                "received_events_url": "https://api.github.com/users/hiarafat/received_events",
                "type": "User",
                "user_view_type": "public",
                "site_admin": false
            },
            {
                "login": "LOkelo",
                "id": 20758187,
                "node_id": "MDQ6VXNlcjIwNzU4MTg3",
                "avatar_url": "https://avatars.githubusercontent.com/u/20758187?v=4",
                "gravatar_id": "",
                "url": "https://api.github.com/users/LOkelo",
                "html_url": "https://github.com/LOkelo",
                "followers_url": "https://api.github.com/users/LOkelo/followers",
                "following_url": "https://api.github.com/users/LOkelo/following{/other_user}",
                "gists_url": "https://api.github.com/users/LOkelo/gists{/gist_id}",
                "starred_url": "https://api.github.com/users/LOkelo/starred{/owner}{/repo}",
                "subscriptions_url": "https://api.github.com/users/LOkelo/subscriptions",
                "organizations_url": "https://api.github.com/users/LOkelo/orgs",
                "repos_url": "https://api.github.com/users/LOkelo/repos",
                "events_url": "https://api.github.com/users/LOkelo/events{/privacy}",
                "received_events_url": "https://api.github.com/users/LOkelo/received_events",
                "type": "User",
                "user_view_type": "public",
                "site_admin": false
            },
            {
                "login": "JustinyAhin",
                "id": 33403964,
                "node_id": "MDQ6VXNlcjMzNDAzOTY0",
                "avatar_url": "https://avatars.githubusercontent.com/u/33403964?v=4",
                "gravatar_id": "",
                "url": "https://api.github.com/users/JustinyAhin",
                "html_url": "https://github.com/JustinyAhin",
                "followers_url": "https://api.github.com/users/JustinyAhin/followers",
                "following_url": "https://api.github.com/users/JustinyAhin/following{/other_user}",
                "gists_url": "https://api.github.com/users/JustinyAhin/gists{/gist_id}",
                "starred_url": "https://api.github.com/users/JustinyAhin/starred{/owner}{/repo}",
                "subscriptions_url": "https://api.github.com/users/JustinyAhin/subscriptions",
                "organizations_url": "https://api.github.com/users/JustinyAhin/orgs",
                "repos_url": "https://api.github.com/users/JustinyAhin/repos",
                "events_url": "https://api.github.com/users/JustinyAhin/events{/privacy}",
                "received_events_url": "https://api.github.com/users/JustinyAhin/received_events",
                "type": "User",
                "user_view_type": "public",
                "site_admin": false
            }
        ],
        "milestone": null,
        "comments": 1,
        "created_at": "2021-09-20T15:15:59Z",
        "updated_at": "2021-09-20T17:33:58Z",
        "closed_at": null,
        "author_association": "MEMBER",
        "sub_issues_summary": {
            "total": 0,
            "completed": 0,
            "percent_completed": 0
        },
        "active_lock_reason": null,
        "body": "Hey colleagues, please finalize and document the metadata extraction from Zenodo asap.\r\nHaving the data available will allow us to generate statistics such as \r\n- no. of submissions per country\r\n- total no. of submissions and/or per repository\r\n- no. of submissions per author etc.\r\n\r\nPlease document here: https://github.com/AfricArxiv/decolonise-science/wiki/Data-extraction\r\n\r\nPlease ask in case of any questions.\r\nThanks :)",
        "closed_by": null,
        "reactions": {
            "url": "https://api.github.com/repos/AfricArxiv/decolonise-science/issues/1/reactions",
            "total_count": 0,
            "+1": 0,
            "-1": 0,
            "laugh": 0,
            "hooray": 0,
            "confused": 0,
            "heart": 0,
            "rocket": 0,
            "eyes": 0
        },
        "timeline_url": "https://api.github.com/repos/AfricArxiv/decolonise-science/issues/1/timeline",
        "performed_via_github_app": null,
        "state_reason": null
    }
]