[
    {
        "url": "https://api.github.com/repos/aiogram/i18n/issues/39",
        "repository_url": "https://api.github.com/repos/aiogram/i18n",
        "labels_url": "https://api.github.com/repos/aiogram/i18n/issues/39/labels{/name}",
        "comments_url": "https://api.github.com/repos/aiogram/i18n/issues/39/comments",
        "events_url": "https://api.github.com/repos/aiogram/i18n/issues/39/events",
        "html_url": "https://github.com/aiogram/i18n/issues/39",
        "id": 2579393756,
        "node_id": "I_kwDOJ1YHTc6Zvmzc",
        "number": 39,
        "title": "Deprecate built-in FTL Extractor",
        "user": {
            "login": "andrew000",
            "id": 11490628,
            "node_id": "MDQ6VXNlcjExNDkwNjI4",
            "avatar_url": "https://avatars.githubusercontent.com/u/11490628?v=4",
            "gravatar_id": "",
            "url": "https://api.github.com/users/andrew000",
            "html_url": "https://github.com/andrew000",
            "followers_url": "https://api.github.com/users/andrew000/followers",
            "following_url": "https://api.github.com/users/andrew000/following{/other_user}",
            "gists_url": "https://api.github.com/users/andrew000/gists{/gist_id}",
            "starred_url": "https://api.github.com/users/andrew000/starred{/owner}{/repo}",
            "subscriptions_url": "https://api.github.com/users/andrew000/subscriptions",
            "organizations_url": "https://api.github.com/users/andrew000/orgs",
            "repos_url": "https://api.github.com/users/andrew000/repos",
            "events_url": "https://api.github.com/users/andrew000/events{/privacy}",
            "received_events_url": "https://api.github.com/users/andrew000/received_events",
            "type": "User",
            "user_view_type": "public",
            "site_admin": false
        },
        "labels": [
            {
                "id": 5676650629,
                "node_id": "LA_kwDOJ1YHTc8AAAABUlrQhQ",
                "url": "https://api.github.com/repos/aiogram/i18n/labels/enhancement",
                "name": "enhancement",
                "color": "a2eeef",
                "default": true,
                "description": "New feature or request"
            }
        ],
        "state": "open",
        "locked": false,
        "assignee": null,
        "assignees": [],
        "milestone": null,
        "comments": 0,
        "created_at": "2024-10-10T17:04:11Z",
        "updated_at": "2024-10-10T17:04:33Z",
        "closed_at": null,
        "author_association": "CONTRIBUTOR",
        "sub_issues_summary": {
            "total": 0,
            "completed": 0,
            "percent_completed": 0
        },
        "active_lock_reason": null,
        "body": "## Why deprecate built-in FTL Extractor?\r\n\r\n* Has many bugs, such as #32 and #33 \r\n* Is not maintained\r\n* Uses `regex` for parsing `.ftl`\r\n* Uses large `libcst` instead of built-in `ast` to search in-code ftl-keys\r\n\r\n## I recommend using `FTL-Extract` library by @andrew000\r\n* [PyPI](https://pypi.org/project/FTL-Extract)\r\n* [GITHUB](https://github.com/andrew000/FTL-Extract)\r\n\r\n👍 It uses `fluent.syntax` to work with `.ftl` and built-in python library `ast`.",
        "closed_by": null,
        "reactions": {
            "url": "https://api.github.com/repos/aiogram/i18n/issues/39/reactions",
            "total_count": 0,
            "+1": 0,
            "-1": 0,
            "laugh": 0,
            "hooray": 0,
            "confused": 0,
            "heart": 0,
            "rocket": 0,
            "eyes": 0
        },
        "timeline_url": "https://api.github.com/repos/aiogram/i18n/issues/39/timeline",
        "performed_via_github_app": null,
        "state_reason": null
    },
    {
        "url": "https://api.github.com/repos/aiogram/i18n/issues/38",
        "repository_url": "https://api.github.com/repos/aiogram/i18n",
        "labels_url": "https://api.github.com/repos/aiogram/i18n/issues/38/labels{/name}",
        "comments_url": "https://api.github.com/repos/aiogram/i18n/issues/38/comments",
        "events_url": "https://api.github.com/repos/aiogram/i18n/issues/38/events",
        "html_url": "https://github.com/aiogram/i18n/issues/38",
        "id": 2579361849,
        "node_id": "I_kwDOJ1YHTc6ZvfA5",
        "number": 38,
        "title": "[BUG] `LazyFilter` doesn't work in `or_f()`",
        "user": {
            "login": "andrew000",
            "id": 11490628,
            "node_id": "MDQ6VXNlcjExNDkwNjI4",
            "avatar_url": "https://avatars.githubusercontent.com/u/11490628?v=4",
            "gravatar_id": "",
            "url": "https://api.github.com/users/andrew000",
            "html_url": "https://github.com/andrew000",
            "followers_url": "https://api.github.com/users/andrew000/followers",
            "following_url": "https://api.github.com/users/andrew000/following{/other_user}",
            "gists_url": "https://api.github.com/users/andrew000/gists{/gist_id}",
            "starred_url": "https://api.github.com/users/andrew000/starred{/owner}{/repo}",
            "subscriptions_url": "https://api.github.com/users/andrew000/subscriptions",
            "organizations_url": "https://api.github.com/users/andrew000/orgs",
            "repos_url": "https://api.github.com/users/andrew000/repos",
            "events_url": "https://api.github.com/users/andrew000/events{/privacy}",
            "received_events_url": "https://api.github.com/users/andrew000/received_events",
            "type": "User",
            "user_view_type": "public",
            "site_admin": false
        },
        "labels": [
            {
                "id": 5676650618,
                "node_id": "LA_kwDOJ1YHTc8AAAABUlrQeg",
                "url": "https://api.github.com/repos/aiogram/i18n/labels/bug",
                "name": "bug",
                "color": "d73a4a",
                "default": true,
                "description": "Something isn't working"
            }
        ],
        "state": "open",
        "locked": false,
        "assignee": null,
        "assignees": [],
        "milestone": null,
        "comments": 0,
        "created_at": "2024-10-10T16:47:21Z",
        "updated_at": "2024-10-10T16:49:26Z",
        "closed_at": null,
        "author_association": "CONTRIBUTOR",
        "sub_issues_summary": {
            "total": 0,
            "completed": 0,
            "percent_completed": 0
        },
        "active_lock_reason": null,
        "body": "```python\r\n@router.message(\r\n    or_f(\r\n        Command(\"language\", \"lang\"),\r\n        LazyFilter(\"settings-lang\"),\r\n    ),\r\n)\r\n```\r\n\r\n## Excepted behaviour:\r\nHandler reacts on:\r\n* commands: \"/lang\", \"/language\" \r\n* text-commands: \"lang\", \"мова\"\r\n\r\n## Current behaviour:\r\nIt does not react, because `LazyFilter.startup(...)` is not called when LazyFilter is in `or_f()`.",
        "closed_by": null,
        "reactions": {
            "url": "https://api.github.com/repos/aiogram/i18n/issues/38/reactions",
            "total_count": 0,
            "+1": 0,
            "-1": 0,
            "laugh": 0,
            "hooray": 0,
            "confused": 0,
            "heart": 0,
            "rocket": 0,
            "eyes": 0
        },
        "timeline_url": "https://api.github.com/repos/aiogram/i18n/issues/38/timeline",
        "performed_via_github_app": null,
        "state_reason": null
    }
]