[
    {
        "url": "https://api.github.com/repos/aiogram/deta/issues/8",
        "repository_url": "https://api.github.com/repos/aiogram/deta",
        "labels_url": "https://api.github.com/repos/aiogram/deta/issues/8/labels{/name}",
        "comments_url": "https://api.github.com/repos/aiogram/deta/issues/8/comments",
        "events_url": "https://api.github.com/repos/aiogram/deta/issues/8/events",
        "html_url": "https://github.com/aiogram/deta/pull/8",
        "id": 1886038614,
        "node_id": "PR_kwDOIjpeTc5ZylxG",
        "number": 8,
        "title": "Improve example project",
        "user": {
            "login": "Mortasen",
            "id": 43481731,
            "node_id": "MDQ6VXNlcjQzNDgxNzMx",
            "avatar_url": "https://avatars.githubusercontent.com/u/43481731?v=4",
            "gravatar_id": "",
            "url": "https://api.github.com/users/Mortasen",
            "html_url": "https://github.com/Mortasen",
            "followers_url": "https://api.github.com/users/Mortasen/followers",
            "following_url": "https://api.github.com/users/Mortasen/following{/other_user}",
            "gists_url": "https://api.github.com/users/Mortasen/gists{/gist_id}",
            "starred_url": "https://api.github.com/users/Mortasen/starred{/owner}{/repo}",
            "subscriptions_url": "https://api.github.com/users/Mortasen/subscriptions",
            "organizations_url": "https://api.github.com/users/Mortasen/orgs",
            "repos_url": "https://api.github.com/users/Mortasen/repos",
            "events_url": "https://api.github.com/users/Mortasen/events{/privacy}",
            "received_events_url": "https://api.github.com/users/Mortasen/received_events",
            "type": "User",
            "user_view_type": "public",
            "site_admin": false
        },
        "labels": [],
        "state": "open",
        "locked": false,
        "assignee": null,
        "assignees": [],
        "milestone": null,
        "comments": 0,
        "created_at": "2023-09-07T14:40:54Z",
        "updated_at": "2023-09-25T15:29:24Z",
        "closed_at": null,
        "author_association": "CONTRIBUTOR",
        "sub_issues_summary": {
            "total": 0,
            "completed": 0,
            "percent_completed": 0
        },
        "active_lock_reason": null,
        "draft": false,
        "pull_request": {
            "url": "https://api.github.com/repos/aiogram/deta/pulls/8",
            "html_url": "https://github.com/aiogram/deta/pull/8",
            "diff_url": "https://github.com/aiogram/deta/pull/8.diff",
            "patch_url": "https://github.com/aiogram/deta/pull/8.patch",
            "merged_at": null
        },
        "body": "This PR improves example project in several ways:\r\n- Webhook now is set automatically on startup using `DETA_SPACE_APP_HOSTNAME` environment variable\r\n- Commands moved from `__init__` to `utils.commands` since it's not that important to be in `src.__init__`\r\n- Created `config.py` in utils to make working with environment variables more comfortable\r\n- Added possibility to run bot with long-polling in order to test it locally without white IP-address",
        "closed_by": null,
        "reactions": {
            "url": "https://api.github.com/repos/aiogram/deta/issues/8/reactions",
            "total_count": 0,
            "+1": 0,
            "-1": 0,
            "laugh": 0,
            "hooray": 0,
            "confused": 0,
            "heart": 0,
            "rocket": 0,
            "eyes": 0
        },
        "timeline_url": "https://api.github.com/repos/aiogram/deta/issues/8/timeline",
        "performed_via_github_app": null,
        "state_reason": null
    },
    {
        "url": "https://api.github.com/repos/aiogram/deta/issues/7",
        "repository_url": "https://api.github.com/repos/aiogram/deta",
        "labels_url": "https://api.github.com/repos/aiogram/deta/issues/7/labels{/name}",
        "comments_url": "https://api.github.com/repos/aiogram/deta/issues/7/comments",
        "events_url": "https://api.github.com/repos/aiogram/deta/issues/7/events",
        "html_url": "https://github.com/aiogram/deta/pull/7",
        "id": 1884951918,
        "node_id": "PR_kwDOIjpeTc5Zu5r6",
        "number": 7,
        "title": "Make dependencies flexible by updating to version ranges",
        "user": {
            "login": "butvinm",
            "id": 69919896,
            "node_id": "MDQ6VXNlcjY5OTE5ODk2",
            "avatar_url": "https://avatars.githubusercontent.com/u/69919896?v=4",
            "gravatar_id": "",
            "url": "https://api.github.com/users/butvinm",
            "html_url": "https://github.com/butvinm",
            "followers_url": "https://api.github.com/users/butvinm/followers",
            "following_url": "https://api.github.com/users/butvinm/following{/other_user}",
            "gists_url": "https://api.github.com/users/butvinm/gists{/gist_id}",
            "starred_url": "https://api.github.com/users/butvinm/starred{/owner}{/repo}",
            "subscriptions_url": "https://api.github.com/users/butvinm/subscriptions",
            "organizations_url": "https://api.github.com/users/butvinm/orgs",
            "repos_url": "https://api.github.com/users/butvinm/repos",
            "events_url": "https://api.github.com/users/butvinm/events{/privacy}",
            "received_events_url": "https://api.github.com/users/butvinm/received_events",
            "type": "User",
            "user_view_type": "public",
            "site_admin": false
        },
        "labels": [],
        "state": "open",
        "locked": false,
        "assignee": null,
        "assignees": [],
        "milestone": null,
        "comments": 0,
        "created_at": "2023-09-07T01:17:54Z",
        "updated_at": "2023-09-07T01:23:41Z",
        "closed_at": null,
        "author_association": "CONTRIBUTOR",
        "sub_issues_summary": {
            "total": 0,
            "completed": 0,
            "percent_completed": 0
        },
        "active_lock_reason": null,
        "draft": false,
        "pull_request": {
            "url": "https://api.github.com/repos/aiogram/deta/pulls/7",
            "html_url": "https://github.com/aiogram/deta/pull/7",
            "diff_url": "https://github.com/aiogram/deta/pull/7.diff",
            "patch_url": "https://github.com/aiogram/deta/pull/7.patch",
            "merged_at": null
        },
        "body": "Added version ranges for dependencies to resolve potential conflicts when using this package in other projects.",
        "closed_by": null,
        "reactions": {
            "url": "https://api.github.com/repos/aiogram/deta/issues/7/reactions",
            "total_count": 0,
            "+1": 0,
            "-1": 0,
            "laugh": 0,
            "hooray": 0,
            "confused": 0,
            "heart": 0,
            "rocket": 0,
            "eyes": 0
        },
        "timeline_url": "https://api.github.com/repos/aiogram/deta/issues/7/timeline",
        "performed_via_github_app": null,
        "state_reason": null
    },
    {
        "url": "https://api.github.com/repos/aiogram/deta/issues/2",
        "repository_url": "https://api.github.com/repos/aiogram/deta",
        "labels_url": "https://api.github.com/repos/aiogram/deta/issues/2/labels{/name}",
        "comments_url": "https://api.github.com/repos/aiogram/deta/issues/2/comments",
        "events_url": "https://api.github.com/repos/aiogram/deta/issues/2/events",
        "html_url": "https://github.com/aiogram/deta/issues/2",
        "id": 1518687568,
        "node_id": "I_kwDOIjpeTc5ahVVQ",
        "number": 2,
        "title": "Need to add startup and shutdown register ",
        "user": {
            "login": "shalmeo",
            "id": 96947945,
            "node_id": "U_kgDOBcdO6Q",
            "avatar_url": "https://avatars.githubusercontent.com/u/96947945?v=4",
            "gravatar_id": "",
            "url": "https://api.github.com/users/shalmeo",
            "html_url": "https://github.com/shalmeo",
            "followers_url": "https://api.github.com/users/shalmeo/followers",
            "following_url": "https://api.github.com/users/shalmeo/following{/other_user}",
            "gists_url": "https://api.github.com/users/shalmeo/gists{/gist_id}",
            "starred_url": "https://api.github.com/users/shalmeo/starred{/owner}{/repo}",
            "subscriptions_url": "https://api.github.com/users/shalmeo/subscriptions",
            "organizations_url": "https://api.github.com/users/shalmeo/orgs",
            "repos_url": "https://api.github.com/users/shalmeo/repos",
            "events_url": "https://api.github.com/users/shalmeo/events{/privacy}",
            "received_events_url": "https://api.github.com/users/shalmeo/received_events",
            "type": "User",
            "user_view_type": "public",
            "site_admin": false
        },
        "labels": [],
        "state": "open",
        "locked": false,
        "assignee": null,
        "assignees": [],
        "milestone": null,
        "comments": 0,
        "created_at": "2023-01-04T10:08:53Z",
        "updated_at": "2023-01-04T10:13:08Z",
        "closed_at": null,
        "author_association": "NONE",
        "sub_issues_summary": {
            "total": 0,
            "completed": 0,
            "percent_completed": 0
        },
        "active_lock_reason": null,
        "body": "Need to add startup and shutdown register for webhook configuration, closing sessions etc...\r\n_For example:_ \r\n`dispatcher.startup.register(on_startup)`\r\n",
        "closed_by": null,
        "reactions": {
            "url": "https://api.github.com/repos/aiogram/deta/issues/2/reactions",
            "total_count": 0,
            "+1": 0,
            "-1": 0,
            "laugh": 0,
            "hooray": 0,
            "confused": 0,
            "heart": 0,
            "rocket": 0,
            "eyes": 0
        },
        "timeline_url": "https://api.github.com/repos/aiogram/deta/issues/2/timeline",
        "performed_via_github_app": null,
        "state_reason": null
    }
]