[
    {
        "url": "https://api.github.com/repos/aiogram/telegram-bot-api/issues/24",
        "repository_url": "https://api.github.com/repos/aiogram/telegram-bot-api",
        "labels_url": "https://api.github.com/repos/aiogram/telegram-bot-api/issues/24/labels{/name}",
        "comments_url": "https://api.github.com/repos/aiogram/telegram-bot-api/issues/24/comments",
        "events_url": "https://api.github.com/repos/aiogram/telegram-bot-api/issues/24/events",
        "html_url": "https://github.com/aiogram/telegram-bot-api/issues/24",
        "id": 2801858633,
        "node_id": "I_kwDOEnxPAs6nAPhJ",
        "number": 24,
        "title": "Is it safe to expose the Telegram Bot API to public network?",
        "user": {
            "login": "hacker-hackman",
            "id": 81816655,
            "node_id": "MDQ6VXNlcjgxODE2NjU1",
            "avatar_url": "https://avatars.githubusercontent.com/u/81816655?v=4",
            "gravatar_id": "",
            "url": "https://api.github.com/users/hacker-hackman",
            "html_url": "https://github.com/hacker-hackman",
            "followers_url": "https://api.github.com/users/hacker-hackman/followers",
            "following_url": "https://api.github.com/users/hacker-hackman/following{/other_user}",
            "gists_url": "https://api.github.com/users/hacker-hackman/gists{/gist_id}",
            "starred_url": "https://api.github.com/users/hacker-hackman/starred{/owner}{/repo}",
            "subscriptions_url": "https://api.github.com/users/hacker-hackman/subscriptions",
            "organizations_url": "https://api.github.com/users/hacker-hackman/orgs",
            "repos_url": "https://api.github.com/users/hacker-hackman/repos",
            "events_url": "https://api.github.com/users/hacker-hackman/events{/privacy}",
            "received_events_url": "https://api.github.com/users/hacker-hackman/received_events",
            "type": "User",
            "user_view_type": "public",
            "site_admin": false
        },
        "labels": [],
        "state": "open",
        "locked": false,
        "assignee": null,
        "assignees": [],
        "milestone": null,
        "comments": 2,
        "created_at": "2025-01-21T13:28:04Z",
        "updated_at": "2025-01-27T07:30:30Z",
        "closed_at": null,
        "author_association": "NONE",
        "sub_issues_summary": {
            "total": 0,
            "completed": 0,
            "percent_completed": 0
        },
        "active_lock_reason": null,
        "body": "I'm a lamer in networking at the moment. If I deploy your Telegram Bot API image with the port 8081 exposed to the public internet would I face security and performance issues. Or is it safe to do so?",
        "closed_by": null,
        "reactions": {
            "url": "https://api.github.com/repos/aiogram/telegram-bot-api/issues/24/reactions",
            "total_count": 0,
            "+1": 0,
            "-1": 0,
            "laugh": 0,
            "hooray": 0,
            "confused": 0,
            "heart": 0,
            "rocket": 0,
            "eyes": 0
        },
        "timeline_url": "https://api.github.com/repos/aiogram/telegram-bot-api/issues/24/timeline",
        "performed_via_github_app": null,
        "state_reason": null
    }
]