[
    {
        "url": "https://api.github.com/repos/aiogram/aiogram-nats/issues/1",
        "repository_url": "https://api.github.com/repos/aiogram/aiogram-nats",
        "labels_url": "https://api.github.com/repos/aiogram/aiogram-nats/issues/1/labels{/name}",
        "comments_url": "https://api.github.com/repos/aiogram/aiogram-nats/issues/1/comments",
        "events_url": "https://api.github.com/repos/aiogram/aiogram-nats/issues/1/events",
        "html_url": "https://github.com/aiogram/aiogram-nats/pull/1",
        "id": 1638054016,
        "node_id": "PR_kwDOI_jwLs5Mw1SO",
        "number": 1,
        "title": "Base implementation",
        "user": {
            "login": "tshipenchko",
            "id": 52406854,
            "node_id": "MDQ6VXNlcjUyNDA2ODU0",
            "avatar_url": "https://avatars.githubusercontent.com/u/52406854?v=4",
            "gravatar_id": "",
            "url": "https://api.github.com/users/tshipenchko",
            "html_url": "https://github.com/tshipenchko",
            "followers_url": "https://api.github.com/users/tshipenchko/followers",
            "following_url": "https://api.github.com/users/tshipenchko/following{/other_user}",
            "gists_url": "https://api.github.com/users/tshipenchko/gists{/gist_id}",
            "starred_url": "https://api.github.com/users/tshipenchko/starred{/owner}{/repo}",
            "subscriptions_url": "https://api.github.com/users/tshipenchko/subscriptions",
            "organizations_url": "https://api.github.com/users/tshipenchko/orgs",
            "repos_url": "https://api.github.com/users/tshipenchko/repos",
            "events_url": "https://api.github.com/users/tshipenchko/events{/privacy}",
            "received_events_url": "https://api.github.com/users/tshipenchko/received_events",
            "type": "User",
            "user_view_type": "public",
            "site_admin": false
        },
        "labels": [],
        "state": "open",
        "locked": false,
        "assignee": null,
        "assignees": [],
        "milestone": null,
        "comments": 1,
        "created_at": "2023-03-23T18:09:43Z",
        "updated_at": "2023-03-25T09:41:09Z",
        "closed_at": null,
        "author_association": "NONE",
        "sub_issues_summary": {
            "total": 0,
            "completed": 0,
            "percent_completed": 0
        },
        "active_lock_reason": null,
        "draft": true,
        "pull_request": {
            "url": "https://api.github.com/repos/aiogram/aiogram-nats/pulls/1",
            "html_url": "https://github.com/aiogram/aiogram-nats/pull/1",
            "diff_url": "https://github.com/aiogram/aiogram-nats/pull/1.diff",
            "patch_url": "https://github.com/aiogram/aiogram-nats/pull/1.patch",
            "merged_at": null
        },
        "body": "I have ported the NATSFSMStorage implementation from [this repository](https://github.com/Vermilonik/NatsWithFsmAiogram/blob/c8447a171c3e8ca2be8bb4aefd71a2d841962800/Entry.py)\r\nI also added simple example and create_nats_fsm_storage(...) function for better experience.\r\nUsed black & mypy for code quality.\r\n### Missing unit tests, should be added in near future.",
        "closed_by": null,
        "reactions": {
            "url": "https://api.github.com/repos/aiogram/aiogram-nats/issues/1/reactions",
            "total_count": 1,
            "+1": 1,
            "-1": 0,
            "laugh": 0,
            "hooray": 0,
            "confused": 0,
            "heart": 0,
            "rocket": 0,
            "eyes": 0
        },
        "timeline_url": "https://api.github.com/repos/aiogram/aiogram-nats/issues/1/timeline",
        "performed_via_github_app": null,
        "state_reason": null
    }
]