[
    {
        "url": "https://api.github.com/repos/AlchemyCMS/alchemy_cms/issues/3178",
        "repository_url": "https://api.github.com/repos/AlchemyCMS/alchemy_cms",
        "labels_url": "https://api.github.com/repos/AlchemyCMS/alchemy_cms/issues/3178/labels{/name}",
        "comments_url": "https://api.github.com/repos/AlchemyCMS/alchemy_cms/issues/3178/comments",
        "events_url": "https://api.github.com/repos/AlchemyCMS/alchemy_cms/issues/3178/events",
        "html_url": "https://github.com/AlchemyCMS/alchemy_cms/pull/3178",
        "id": 2820780087,
        "node_id": "PR_kwDOABgiyc6Jf12Z",
        "number": 3178,
        "title": "Config object",
        "user": {
            "login": "mamhoff",
            "id": 703401,
            "node_id": "MDQ6VXNlcjcwMzQwMQ==",
            "avatar_url": "https://avatars.githubusercontent.com/u/703401?v=4",
            "gravatar_id": "",
            "url": "https://api.github.com/users/mamhoff",
            "html_url": "https://github.com/mamhoff",
            "followers_url": "https://api.github.com/users/mamhoff/followers",
            "following_url": "https://api.github.com/users/mamhoff/following{/other_user}",
            "gists_url": "https://api.github.com/users/mamhoff/gists{/gist_id}",
            "starred_url": "https://api.github.com/users/mamhoff/starred{/owner}{/repo}",
            "subscriptions_url": "https://api.github.com/users/mamhoff/subscriptions",
            "organizations_url": "https://api.github.com/users/mamhoff/orgs",
            "repos_url": "https://api.github.com/users/mamhoff/repos",
            "events_url": "https://api.github.com/users/mamhoff/events{/privacy}",
            "received_events_url": "https://api.github.com/users/mamhoff/received_events",
            "type": "User",
            "user_view_type": "public",
            "site_admin": false
        },
        "labels": [],
        "state": "open",
        "locked": false,
        "assignee": null,
        "assignees": [],
        "milestone": null,
        "comments": 2,
        "created_at": "2025-01-30T13:01:16Z",
        "updated_at": "2025-01-31T20:09:00Z",
        "closed_at": null,
        "author_association": "CONTRIBUTOR",
        "sub_issues_summary": {
            "total": 0,
            "completed": 0,
            "percent_completed": 0
        },
        "active_lock_reason": null,
        "draft": false,
        "pull_request": {
            "url": "https://api.github.com/repos/AlchemyCMS/alchemy_cms/pulls/3178",
            "html_url": "https://github.com/AlchemyCMS/alchemy_cms/pull/3178",
            "diff_url": "https://github.com/AlchemyCMS/alchemy_cms/pull/3178.diff",
            "patch_url": "https://github.com/AlchemyCMS/alchemy_cms/pull/3178.patch",
            "merged_at": null
        },
        "body": "## What is this pull request for?\r\n\r\nThis adds a Ruby configuration parent class with a DSL for configuration objects. The intention is for this to replace the current use of parsed `YAML` files. \r\n\r\nThe disadvantages of the current system are \r\n- Typos raise no errors\r\n- Wrong types raise no errors\r\n- We could put almost anything into the config file, and it would break nothing\r\n- Configuration management involves merging big hashes\r\n- Deprecations are hard, because Hash keys can't be deprecated\r\n\r\nThe configuration object in this PR offers the following DSL\r\n\r\n```rb\r\nclass MyConfig < Alchemy::Configuration\r\n  class AnotherConfig < Alchemy::Configuration\r\n    option :level_1, :string, default: \"ground_floor\"\r\n    option :level_2, :string, default: \"open_floor\"\r\n  end\r\n  option :foo, :integer, default: 1\r\n  option :foos, :integer_list, default: [1, 2]\r\n  option :bar, :string, default: \"string\"\r\n  option :bars, :string_list, default: %w(hello world)\r\n  configuration :levels, AnotherConfig\r\nend\r\n```\r\n\r\nThis is equivalent to the following hash, and can indeed be initialized with it: \r\n```rb\r\nconf_hash = {\r\n  foo: 1,\r\n  foos: [1, 2],\r\n  bar: \"string\",\r\n  bars: [\"hello\", \"world\"],\r\n  levels: {\r\n    level_1: \"ground_floor\",\r\n    level_2: \"open_floor\",\r\n  }\r\n}\r\nmyconfig = MyConfig.new(conf_hash)\r\n```\r\n\r\nParts of the configuration can be set later on, via Ruby or via a Hash: \r\n\r\n```\r\nmyconfig.set(bar: \"Actually a bar\")\r\nmyconfig.bars = [\"The\", \"bar\", \"district\"]\r\nmyconfig.levels.level_1 = \"garden\"\r\n```\r\n\r\nTrying to set an option that has not been defined before will raise an `NoMethodError`. \r\nTrying to set an option with data that does not have the right type will raise a `TypeError`. \r\n\r\nWith this change, default configuration options are now located in Alchemy's `lib` folder, so we don't have a default `config.yml` file anymore. I've removed it in this PR, because it's likely going to go stale soon (defaults change, and so on). It's (to me) an open questions whether we want to keep providing it to people as a template, or whether we should  instead add an Alchemy initializer with something like \r\n\r\n```rb\r\nAlchemy.configure do |config|\r\n  config.auto_logout_time = 45\r\nend\r\n``` \r\n\r\n\r\n\r\n## Checklist\r\n- [x] I have followed [Pull Request guidelines](https://github.com/AlchemyCMS/alchemy_cms/blob/main/CONTRIBUTING.md)\r\n- [x] I have added a detailed description into each commit message\r\n- [x] I have added tests to cover this change\r\n",
        "closed_by": null,
        "reactions": {
            "url": "https://api.github.com/repos/AlchemyCMS/alchemy_cms/issues/3178/reactions",
            "total_count": 0,
            "+1": 0,
            "-1": 0,
            "laugh": 0,
            "hooray": 0,
            "confused": 0,
            "heart": 0,
            "rocket": 0,
            "eyes": 0
        },
        "timeline_url": "https://api.github.com/repos/AlchemyCMS/alchemy_cms/issues/3178/timeline",
        "performed_via_github_app": null,
        "state_reason": null
    },
    {
        "url": "https://api.github.com/repos/AlchemyCMS/alchemy_cms/issues/3175",
        "repository_url": "https://api.github.com/repos/AlchemyCMS/alchemy_cms",
        "labels_url": "https://api.github.com/repos/AlchemyCMS/alchemy_cms/issues/3175/labels{/name}",
        "comments_url": "https://api.github.com/repos/AlchemyCMS/alchemy_cms/issues/3175/comments",
        "events_url": "https://api.github.com/repos/AlchemyCMS/alchemy_cms/issues/3175/events",
        "html_url": "https://github.com/AlchemyCMS/alchemy_cms/pull/3175",
        "id": 2811127580,
        "node_id": "PR_kwDOABgiyc6I_LlW",
        "number": 3175,
        "title": "Add rel=\"noopener noreferrer\" to external links",
        "user": {
            "login": "tvdeyen",
            "id": 42868,
            "node_id": "MDQ6VXNlcjQyODY4",
            "avatar_url": "https://avatars.githubusercontent.com/u/42868?v=4",
            "gravatar_id": "",
            "url": "https://api.github.com/users/tvdeyen",
            "html_url": "https://github.com/tvdeyen",
            "followers_url": "https://api.github.com/users/tvdeyen/followers",
            "following_url": "https://api.github.com/users/tvdeyen/following{/other_user}",
            "gists_url": "https://api.github.com/users/tvdeyen/gists{/gist_id}",
            "starred_url": "https://api.github.com/users/tvdeyen/starred{/owner}{/repo}",
            "subscriptions_url": "https://api.github.com/users/tvdeyen/subscriptions",
            "organizations_url": "https://api.github.com/users/tvdeyen/orgs",
            "repos_url": "https://api.github.com/users/tvdeyen/repos",
            "events_url": "https://api.github.com/users/tvdeyen/events{/privacy}",
            "received_events_url": "https://api.github.com/users/tvdeyen/received_events",
            "type": "User",
            "user_view_type": "public",
            "site_admin": false
        },
        "labels": [
            {
                "id": 6518803373,
                "node_id": "LA_kwDOABgiyc8AAAABhI0LrQ",
                "url": "https://api.github.com/repos/AlchemyCMS/alchemy_cms/labels/backport-to-7.1-stable",
                "name": "backport-to-7.1-stable",
                "color": "006b75",
                "default": false,
                "description": "Needs to be backported to 7.1-stable"
            },
            {
                "id": 7033669861,
                "node_id": "LA_kwDOABgiyc8AAAABoz1I5Q",
                "url": "https://api.github.com/repos/AlchemyCMS/alchemy_cms/labels/backport-to-7.2-stable",
                "name": "backport-to-7.2-stable",
                "color": "006b75",
                "default": false,
                "description": "Needs to be backported to 7.2-stable"
            },
            {
                "id": 7471211062,
                "node_id": "LA_kwDOABgiyc8AAAABvVGiNg",
                "url": "https://api.github.com/repos/AlchemyCMS/alchemy_cms/labels/backport-to-7.3-stable",
                "name": "backport-to-7.3-stable",
                "color": "006b75",
                "default": false,
                "description": "Needs to be backported to 7.3-stable"
            },
            {
                "id": 7959522067,
                "node_id": "LA_kwDOABgiyc8AAAAB2myrEw",
                "url": "https://api.github.com/repos/AlchemyCMS/alchemy_cms/labels/backport-to-7.4-stable",
                "name": "backport-to-7.4-stable",
                "color": "006b75",
                "default": false,
                "description": "Needs to be backported to 7.4-stable"
            }
        ],
        "state": "open",
        "locked": false,
        "assignee": null,
        "assignees": [],
        "milestone": {
            "url": "https://api.github.com/repos/AlchemyCMS/alchemy_cms/milestones/35",
            "html_url": "https://github.com/AlchemyCMS/alchemy_cms/milestone/35",
            "labels_url": "https://api.github.com/repos/AlchemyCMS/alchemy_cms/milestones/35/labels",
            "id": 12047537,
            "node_id": "MI_kwDOABgiyc4At9Sx",
            "number": 35,
            "title": "7.4",
            "description": "Rails 8.0",
            "creator": {
                "login": "tvdeyen",
                "id": 42868,
                "node_id": "MDQ6VXNlcjQyODY4",
                "avatar_url": "https://avatars.githubusercontent.com/u/42868?v=4",
                "gravatar_id": "",
                "url": "https://api.github.com/users/tvdeyen",
                "html_url": "https://github.com/tvdeyen",
                "followers_url": "https://api.github.com/users/tvdeyen/followers",
                "following_url": "https://api.github.com/users/tvdeyen/following{/other_user}",
                "gists_url": "https://api.github.com/users/tvdeyen/gists{/gist_id}",
                "starred_url": "https://api.github.com/users/tvdeyen/starred{/owner}{/repo}",
                "subscriptions_url": "https://api.github.com/users/tvdeyen/subscriptions",
                "organizations_url": "https://api.github.com/users/tvdeyen/orgs",
                "repos_url": "https://api.github.com/users/tvdeyen/repos",
                "events_url": "https://api.github.com/users/tvdeyen/events{/privacy}",
                "received_events_url": "https://api.github.com/users/tvdeyen/received_events",
                "type": "User",
                "user_view_type": "public",
                "site_admin": false
            },
            "open_issues": 1,
            "closed_issues": 20,
            "state": "open",
            "created_at": "2024-12-14T12:29:57Z",
            "updated_at": "2025-01-27T13:50:23Z",
            "due_on": null,
            "closed_at": null
        },
        "comments": 1,
        "created_at": "2025-01-25T18:52:12Z",
        "updated_at": "2025-01-28T10:48:45Z",
        "closed_at": null,
        "author_association": "MEMBER",
        "sub_issues_summary": {
            "total": 0,
            "completed": 0,
            "percent_completed": 0
        },
        "active_lock_reason": null,
        "draft": false,
        "pull_request": {
            "url": "https://api.github.com/repos/AlchemyCMS/alchemy_cms/pulls/3175",
            "html_url": "https://github.com/AlchemyCMS/alchemy_cms/pull/3175",
            "diff_url": "https://github.com/AlchemyCMS/alchemy_cms/pull/3175.diff",
            "patch_url": "https://github.com/AlchemyCMS/alchemy_cms/pull/3175.patch",
            "merged_at": null
        },
        "body": "## What is this pull request for?\r\n\r\nIt is more secure to add `rel=\"noopener noreferrer\"` to links with `target=\"_blank\"`.\r\n",
        "closed_by": null,
        "reactions": {
            "url": "https://api.github.com/repos/AlchemyCMS/alchemy_cms/issues/3175/reactions",
            "total_count": 0,
            "+1": 0,
            "-1": 0,
            "laugh": 0,
            "hooray": 0,
            "confused": 0,
            "heart": 0,
            "rocket": 0,
            "eyes": 0
        },
        "timeline_url": "https://api.github.com/repos/AlchemyCMS/alchemy_cms/issues/3175/timeline",
        "performed_via_github_app": null,
        "state_reason": null
    },
    {
        "url": "https://api.github.com/repos/AlchemyCMS/alchemy_cms/issues/3132",
        "repository_url": "https://api.github.com/repos/AlchemyCMS/alchemy_cms",
        "labels_url": "https://api.github.com/repos/AlchemyCMS/alchemy_cms/issues/3132/labels{/name}",
        "comments_url": "https://api.github.com/repos/AlchemyCMS/alchemy_cms/issues/3132/comments",
        "events_url": "https://api.github.com/repos/AlchemyCMS/alchemy_cms/issues/3132/events",
        "html_url": "https://github.com/AlchemyCMS/alchemy_cms/pull/3132",
        "id": 2770462456,
        "node_id": "PR_kwDOABgiyc6Gz_O9",
        "number": 3132,
        "title": "Draft: Fix setup",
        "user": {
            "login": "zirni",
            "id": 28315,
            "node_id": "MDQ6VXNlcjI4MzE1",
            "avatar_url": "https://avatars.githubusercontent.com/u/28315?v=4",
            "gravatar_id": "",
            "url": "https://api.github.com/users/zirni",
            "html_url": "https://github.com/zirni",
            "followers_url": "https://api.github.com/users/zirni/followers",
            "following_url": "https://api.github.com/users/zirni/following{/other_user}",
            "gists_url": "https://api.github.com/users/zirni/gists{/gist_id}",
            "starred_url": "https://api.github.com/users/zirni/starred{/owner}{/repo}",
            "subscriptions_url": "https://api.github.com/users/zirni/subscriptions",
            "organizations_url": "https://api.github.com/users/zirni/orgs",
            "repos_url": "https://api.github.com/users/zirni/repos",
            "events_url": "https://api.github.com/users/zirni/events{/privacy}",
            "received_events_url": "https://api.github.com/users/zirni/received_events",
            "type": "User",
            "user_view_type": "public",
            "site_admin": false
        },
        "labels": [],
        "state": "open",
        "locked": false,
        "assignee": null,
        "assignees": [],
        "milestone": null,
        "comments": 1,
        "created_at": "2025-01-06T11:33:18Z",
        "updated_at": "2025-01-07T16:39:41Z",
        "closed_at": null,
        "author_association": "CONTRIBUTOR",
        "sub_issues_summary": {
            "total": 0,
            "completed": 0,
            "percent_completed": 0
        },
        "active_lock_reason": null,
        "draft": false,
        "pull_request": {
            "url": "https://api.github.com/repos/AlchemyCMS/alchemy_cms/pulls/3132",
            "html_url": "https://github.com/AlchemyCMS/alchemy_cms/pull/3132",
            "diff_url": "https://github.com/AlchemyCMS/alchemy_cms/pull/3132.diff",
            "patch_url": "https://github.com/AlchemyCMS/alchemy_cms/pull/3132.patch",
            "merged_at": null
        },
        "body": "fixes some issues happened during setting up the dev env",
        "closed_by": null,
        "reactions": {
            "url": "https://api.github.com/repos/AlchemyCMS/alchemy_cms/issues/3132/reactions",
            "total_count": 0,
            "+1": 0,
            "-1": 0,
            "laugh": 0,
            "hooray": 0,
            "confused": 0,
            "heart": 0,
            "rocket": 0,
            "eyes": 0
        },
        "timeline_url": "https://api.github.com/repos/AlchemyCMS/alchemy_cms/issues/3132/timeline",
        "performed_via_github_app": null,
        "state_reason": null
    },
    {
        "url": "https://api.github.com/repos/AlchemyCMS/alchemy_cms/issues/3004",
        "repository_url": "https://api.github.com/repos/AlchemyCMS/alchemy_cms",
        "labels_url": "https://api.github.com/repos/AlchemyCMS/alchemy_cms/issues/3004/labels{/name}",
        "comments_url": "https://api.github.com/repos/AlchemyCMS/alchemy_cms/issues/3004/comments",
        "events_url": "https://api.github.com/repos/AlchemyCMS/alchemy_cms/issues/3004/events",
        "html_url": "https://github.com/AlchemyCMS/alchemy_cms/issues/3004",
        "id": 2500666412,
        "node_id": "I_kwDOABgiyc6VDSQs",
        "number": 3004,
        "title": "Handle Initial Integers in Ingredient type Headline DomId generation",
        "user": {
            "login": "lassediercks",
            "id": 1765584,
            "node_id": "MDQ6VXNlcjE3NjU1ODQ=",
            "avatar_url": "https://avatars.githubusercontent.com/u/1765584?v=4",
            "gravatar_id": "",
            "url": "https://api.github.com/users/lassediercks",
            "html_url": "https://github.com/lassediercks",
            "followers_url": "https://api.github.com/users/lassediercks/followers",
            "following_url": "https://api.github.com/users/lassediercks/following{/other_user}",
            "gists_url": "https://api.github.com/users/lassediercks/gists{/gist_id}",
            "starred_url": "https://api.github.com/users/lassediercks/starred{/owner}{/repo}",
            "subscriptions_url": "https://api.github.com/users/lassediercks/subscriptions",
            "organizations_url": "https://api.github.com/users/lassediercks/orgs",
            "repos_url": "https://api.github.com/users/lassediercks/repos",
            "events_url": "https://api.github.com/users/lassediercks/events{/privacy}",
            "received_events_url": "https://api.github.com/users/lassediercks/received_events",
            "type": "User",
            "user_view_type": "public",
            "site_admin": false
        },
        "labels": [
            {
                "id": 116721878,
                "node_id": "MDU6TGFiZWwxMTY3MjE4Nzg=",
                "url": "https://api.github.com/repos/AlchemyCMS/alchemy_cms/labels/confirmed",
                "name": "confirmed",
                "color": "0e8a16",
                "default": false,
                "description": null
            },
            {
                "id": 126510406,
                "node_id": "MDU6TGFiZWwxMjY1MTA0MDY=",
                "url": "https://api.github.com/repos/AlchemyCMS/alchemy_cms/labels/please%20send%20PR",
                "name": "please send PR",
                "color": "57EE89",
                "default": false,
                "description": ""
            },
            {
                "id": 322153886,
                "node_id": "MDU6TGFiZWwzMjIxNTM4ODY=",
                "url": "https://api.github.com/repos/AlchemyCMS/alchemy_cms/labels/good%20first%20issue",
                "name": "good first issue",
                "color": "0052cc",
                "default": true,
                "description": ""
            }
        ],
        "state": "open",
        "locked": false,
        "assignee": null,
        "assignees": [],
        "milestone": null,
        "comments": 1,
        "created_at": "2024-09-02T11:04:17Z",
        "updated_at": "2025-01-05T00:20:30Z",
        "closed_at": null,
        "author_association": "NONE",
        "sub_issues_summary": {
            "total": 0,
            "completed": 0,
            "percent_completed": 0
        },
        "active_lock_reason": null,
        "body": "**Is your feature request related to a problem? Please describe.**\r\n\r\nThere is no technical implication, only a spec compliance issue.\r\n\r\n[According to the html spec](https://www.w3.org/TR/html4/types.html#type-id) id's must start with a letter. Given a Content Editor uses the Headline Ingredient to write something like: `1. How to photograph an elk` the autogenerated domId would be `1-how-to-photograph-an-elk`\r\n\r\n`howto.com/photo/guides#1-how-to-photograph-an-elk` works though and also using an anchor link like\r\n\r\n```html\r\n<a href=\"#1-how-to-photograph-an-elk#>Elk</a>\r\n```\r\n\r\ndoes work properly \r\n\r\n**Describe the solution you'd like**\r\n\r\nI'd expect alchemy Ingredient type Headline to convert integers to the word.\r\n\r\ne.g. \r\n`1-how-to-photograph-an-elk` would become `one-how-to-photograph-an-elk`\r\n\r\n**Describe alternatives you've considered**\r\n\r\nAn alternative could be to just remove the integers from the domId \r\n\r\n\r\n",
        "closed_by": null,
        "reactions": {
            "url": "https://api.github.com/repos/AlchemyCMS/alchemy_cms/issues/3004/reactions",
            "total_count": 0,
            "+1": 0,
            "-1": 0,
            "laugh": 0,
            "hooray": 0,
            "confused": 0,
            "heart": 0,
            "rocket": 0,
            "eyes": 0
        },
        "timeline_url": "https://api.github.com/repos/AlchemyCMS/alchemy_cms/issues/3004/timeline",
        "performed_via_github_app": null,
        "state_reason": null
    },
    {
        "url": "https://api.github.com/repos/AlchemyCMS/alchemy_cms/issues/2968",
        "repository_url": "https://api.github.com/repos/AlchemyCMS/alchemy_cms",
        "labels_url": "https://api.github.com/repos/AlchemyCMS/alchemy_cms/issues/2968/labels{/name}",
        "comments_url": "https://api.github.com/repos/AlchemyCMS/alchemy_cms/issues/2968/comments",
        "events_url": "https://api.github.com/repos/AlchemyCMS/alchemy_cms/issues/2968/events",
        "html_url": "https://github.com/AlchemyCMS/alchemy_cms/pull/2968",
        "id": 2399307737,
        "node_id": "PR_kwDOABgiyc505A6t",
        "number": 2968,
        "title": "Use Active Storage for Picture and File attachments",
        "user": {
            "login": "tvdeyen",
            "id": 42868,
            "node_id": "MDQ6VXNlcjQyODY4",
            "avatar_url": "https://avatars.githubusercontent.com/u/42868?v=4",
            "gravatar_id": "",
            "url": "https://api.github.com/users/tvdeyen",
            "html_url": "https://github.com/tvdeyen",
            "followers_url": "https://api.github.com/users/tvdeyen/followers",
            "following_url": "https://api.github.com/users/tvdeyen/following{/other_user}",
            "gists_url": "https://api.github.com/users/tvdeyen/gists{/gist_id}",
            "starred_url": "https://api.github.com/users/tvdeyen/starred{/owner}{/repo}",
            "subscriptions_url": "https://api.github.com/users/tvdeyen/subscriptions",
            "organizations_url": "https://api.github.com/users/tvdeyen/orgs",
            "repos_url": "https://api.github.com/users/tvdeyen/repos",
            "events_url": "https://api.github.com/users/tvdeyen/events{/privacy}",
            "received_events_url": "https://api.github.com/users/tvdeyen/received_events",
            "type": "User",
            "user_view_type": "public",
            "site_admin": false
        },
        "labels": [],
        "state": "open",
        "locked": false,
        "assignee": {
            "login": "tvdeyen",
            "id": 42868,
            "node_id": "MDQ6VXNlcjQyODY4",
            "avatar_url": "https://avatars.githubusercontent.com/u/42868?v=4",
            "gravatar_id": "",
            "url": "https://api.github.com/users/tvdeyen",
            "html_url": "https://github.com/tvdeyen",
            "followers_url": "https://api.github.com/users/tvdeyen/followers",
            "following_url": "https://api.github.com/users/tvdeyen/following{/other_user}",
            "gists_url": "https://api.github.com/users/tvdeyen/gists{/gist_id}",
            "starred_url": "https://api.github.com/users/tvdeyen/starred{/owner}{/repo}",
            "subscriptions_url": "https://api.github.com/users/tvdeyen/subscriptions",
            "organizations_url": "https://api.github.com/users/tvdeyen/orgs",
            "repos_url": "https://api.github.com/users/tvdeyen/repos",
            "events_url": "https://api.github.com/users/tvdeyen/events{/privacy}",
            "received_events_url": "https://api.github.com/users/tvdeyen/received_events",
            "type": "User",
            "user_view_type": "public",
            "site_admin": false
        },
        "assignees": [
            {
                "login": "tvdeyen",
                "id": 42868,
                "node_id": "MDQ6VXNlcjQyODY4",
                "avatar_url": "https://avatars.githubusercontent.com/u/42868?v=4",
                "gravatar_id": "",
                "url": "https://api.github.com/users/tvdeyen",
                "html_url": "https://github.com/tvdeyen",
                "followers_url": "https://api.github.com/users/tvdeyen/followers",
                "following_url": "https://api.github.com/users/tvdeyen/following{/other_user}",
                "gists_url": "https://api.github.com/users/tvdeyen/gists{/gist_id}",
                "starred_url": "https://api.github.com/users/tvdeyen/starred{/owner}{/repo}",
                "subscriptions_url": "https://api.github.com/users/tvdeyen/subscriptions",
                "organizations_url": "https://api.github.com/users/tvdeyen/orgs",
                "repos_url": "https://api.github.com/users/tvdeyen/repos",
                "events_url": "https://api.github.com/users/tvdeyen/events{/privacy}",
                "received_events_url": "https://api.github.com/users/tvdeyen/received_events",
                "type": "User",
                "user_view_type": "public",
                "site_admin": false
            }
        ],
        "milestone": null,
        "comments": 3,
        "created_at": "2024-07-09T22:08:10Z",
        "updated_at": "2025-01-27T09:21:34Z",
        "closed_at": null,
        "author_association": "MEMBER",
        "sub_issues_summary": {
            "total": 0,
            "completed": 0,
            "percent_completed": 0
        },
        "active_lock_reason": null,
        "draft": true,
        "pull_request": {
            "url": "https://api.github.com/repos/AlchemyCMS/alchemy_cms/pulls/2968",
            "html_url": "https://github.com/AlchemyCMS/alchemy_cms/pull/2968",
            "diff_url": "https://github.com/AlchemyCMS/alchemy_cms/pull/2968.diff",
            "patch_url": "https://github.com/AlchemyCMS/alchemy_cms/pull/2968.patch",
            "merged_at": null
        },
        "body": "## What is this pull request for?\r\n\r\n- **Reworks #2544**\r\n- **Needs #2987** \r\n\r\nUse ActiveStorage instead of Dragonfly for picture and file attachments.\r\n\r\n### Important changes\r\n\r\n- Cropping animated images (gif and webp) **does not work** [with `vips`](https://github.com/rails/rails/issues/46465). It **works with `mini_magick`** though\r\n- Upfront processing of image variants after upload is **not supported in Rails 7.0** ([Need Rails 7.1 to re-implement support](https://github.com/rails/rails/pull/47473))\r\n- Passing additional params to the picture url is not supported anymore\r\n\r\n### TODO\r\n\r\n- [x] Use ActiveStorage for `Alchemy::Attachment` as well\r\n- [x] Remove Dragonfly dependency and related code\r\n- [x] Remove our custom picture variants and accompany files\r\n- [x] Make displaying animated GIFs work again\r\n- [x] Write upgrade task to create ActiveStorage variants from our variants\r\n- [x] Figure out how to configure alchemy active storage service for different envs (is built into Rails since 6.1) - https://www.bigbinary.com/blog/rails-6-1-allows-per-environment-configuration-support-for-active-storage\r\n- [ ] Fix image cropping with `mini_magick` (?? still a thing ??)\r\n\r\n## Checklist\r\n- [x] I have followed [Pull Request guidelines](https://github.com/AlchemyCMS/alchemy_cms/blob/main/CONTRIBUTING.md)\r\n- [x] I have added a detailed description into each commit message\r\n- [x] I have added tests to cover this change\r\n",
        "closed_by": null,
        "reactions": {
            "url": "https://api.github.com/repos/AlchemyCMS/alchemy_cms/issues/2968/reactions",
            "total_count": 0,
            "+1": 0,
            "-1": 0,
            "laugh": 0,
            "hooray": 0,
            "confused": 0,
            "heart": 0,
            "rocket": 0,
            "eyes": 0
        },
        "timeline_url": "https://api.github.com/repos/AlchemyCMS/alchemy_cms/issues/2968/timeline",
        "performed_via_github_app": null,
        "state_reason": null
    },
    {
        "url": "https://api.github.com/repos/AlchemyCMS/alchemy_cms/issues/2858",
        "repository_url": "https://api.github.com/repos/AlchemyCMS/alchemy_cms",
        "labels_url": "https://api.github.com/repos/AlchemyCMS/alchemy_cms/issues/2858/labels{/name}",
        "comments_url": "https://api.github.com/repos/AlchemyCMS/alchemy_cms/issues/2858/comments",
        "events_url": "https://api.github.com/repos/AlchemyCMS/alchemy_cms/issues/2858/events",
        "html_url": "https://github.com/AlchemyCMS/alchemy_cms/pull/2858",
        "id": 2275572621,
        "node_id": "PR_kwDOABgiyc5uXIXv",
        "number": 2858,
        "title": "Add a new dialog class to replace the old one",
        "user": {
            "login": "sascha-karnatz",
            "id": 122262394,
            "node_id": "U_kgDOB0mTeg",
            "avatar_url": "https://avatars.githubusercontent.com/u/122262394?v=4",
            "gravatar_id": "",
            "url": "https://api.github.com/users/sascha-karnatz",
            "html_url": "https://github.com/sascha-karnatz",
            "followers_url": "https://api.github.com/users/sascha-karnatz/followers",
            "following_url": "https://api.github.com/users/sascha-karnatz/following{/other_user}",
            "gists_url": "https://api.github.com/users/sascha-karnatz/gists{/gist_id}",
            "starred_url": "https://api.github.com/users/sascha-karnatz/starred{/owner}{/repo}",
            "subscriptions_url": "https://api.github.com/users/sascha-karnatz/subscriptions",
            "organizations_url": "https://api.github.com/users/sascha-karnatz/orgs",
            "repos_url": "https://api.github.com/users/sascha-karnatz/repos",
            "events_url": "https://api.github.com/users/sascha-karnatz/events{/privacy}",
            "received_events_url": "https://api.github.com/users/sascha-karnatz/received_events",
            "type": "User",
            "user_view_type": "public",
            "site_admin": false
        },
        "labels": [
            {
                "id": 256286528,
                "node_id": "MDU6TGFiZWwyNTYyODY1Mjg=",
                "url": "https://api.github.com/repos/AlchemyCMS/alchemy_cms/labels/Stale",
                "name": "Stale",
                "color": "5319e7",
                "default": false,
                "description": null
            }
        ],
        "state": "open",
        "locked": false,
        "assignee": null,
        "assignees": [],
        "milestone": {
            "url": "https://api.github.com/repos/AlchemyCMS/alchemy_cms/milestones/34",
            "html_url": "https://github.com/AlchemyCMS/alchemy_cms/milestone/34",
            "labels_url": "https://api.github.com/repos/AlchemyCMS/alchemy_cms/milestones/34/labels",
            "id": 11553284,
            "node_id": "MI_kwDOABgiyc4AsEoE",
            "number": 34,
            "title": "8.0",
            "description": "Active Storage",
            "creator": {
                "login": "tvdeyen",
                "id": 42868,
                "node_id": "MDQ6VXNlcjQyODY4",
                "avatar_url": "https://avatars.githubusercontent.com/u/42868?v=4",
                "gravatar_id": "",
                "url": "https://api.github.com/users/tvdeyen",
                "html_url": "https://github.com/tvdeyen",
                "followers_url": "https://api.github.com/users/tvdeyen/followers",
                "following_url": "https://api.github.com/users/tvdeyen/following{/other_user}",
                "gists_url": "https://api.github.com/users/tvdeyen/gists{/gist_id}",
                "starred_url": "https://api.github.com/users/tvdeyen/starred{/owner}{/repo}",
                "subscriptions_url": "https://api.github.com/users/tvdeyen/subscriptions",
                "organizations_url": "https://api.github.com/users/tvdeyen/orgs",
                "repos_url": "https://api.github.com/users/tvdeyen/repos",
                "events_url": "https://api.github.com/users/tvdeyen/events{/privacy}",
                "received_events_url": "https://api.github.com/users/tvdeyen/received_events",
                "type": "User",
                "user_view_type": "public",
                "site_admin": false
            },
            "open_issues": 1,
            "closed_issues": 10,
            "state": "open",
            "created_at": "2024-09-08T12:29:43Z",
            "updated_at": "2025-01-24T21:26:11Z",
            "due_on": null,
            "closed_at": null
        },
        "comments": 5,
        "created_at": "2024-05-02T13:40:19Z",
        "updated_at": "2025-01-08T00:28:06Z",
        "closed_at": null,
        "author_association": "CONTRIBUTOR",
        "sub_issues_summary": {
            "total": 0,
            "completed": 0,
            "percent_completed": 0
        },
        "active_lock_reason": null,
        "draft": true,
        "pull_request": {
            "url": "https://api.github.com/repos/AlchemyCMS/alchemy_cms/pulls/2858",
            "html_url": "https://github.com/AlchemyCMS/alchemy_cms/pull/2858",
            "diff_url": "https://github.com/AlchemyCMS/alchemy_cms/pull/2858.diff",
            "patch_url": "https://github.com/AlchemyCMS/alchemy_cms/pull/2858.patch",
            "merged_at": null
        },
        "body": "Add a new dialog class with the same signature and the same properties as the old Dialog implementation. The new one is using the shoelace web components and is working with promises to allow the calling method to react to the user input in the dialog.\r\n\r\n## Checklist\r\n- [x] I have followed [Pull Request guidelines](https://github.com/AlchemyCMS/alchemy_cms/blob/main/CONTRIBUTING.md)\r\n- [x] I have added a detailed description into each commit message\r\n- [x] I have added tests to cover this change",
        "closed_by": null,
        "reactions": {
            "url": "https://api.github.com/repos/AlchemyCMS/alchemy_cms/issues/2858/reactions",
            "total_count": 0,
            "+1": 0,
            "-1": 0,
            "laugh": 0,
            "hooray": 0,
            "confused": 0,
            "heart": 0,
            "rocket": 0,
            "eyes": 0
        },
        "timeline_url": "https://api.github.com/repos/AlchemyCMS/alchemy_cms/issues/2858/timeline",
        "performed_via_github_app": null,
        "state_reason": null
    }
]