[
    {
        "url": "https://api.github.com/repos/Aletheia-Data/heptastadion.aletheiadata.org/issues/3",
        "repository_url": "https://api.github.com/repos/Aletheia-Data/heptastadion.aletheiadata.org",
        "labels_url": "https://api.github.com/repos/Aletheia-Data/heptastadion.aletheiadata.org/issues/3/labels{/name}",
        "comments_url": "https://api.github.com/repos/Aletheia-Data/heptastadion.aletheiadata.org/issues/3/comments",
        "events_url": "https://api.github.com/repos/Aletheia-Data/heptastadion.aletheiadata.org/issues/3/events",
        "html_url": "https://github.com/Aletheia-Data/heptastadion.aletheiadata.org/issues/3",
        "id": 1135899120,
        "node_id": "I_kwDOFq2jTM5DtHHw",
        "number": 3,
        "title": "check what's working, what we need, and what we can delete",
        "user": {
            "login": "aletheiadata",
            "id": 88608718,
            "node_id": "MDQ6VXNlcjg4NjA4NzE4",
            "avatar_url": "https://avatars.githubusercontent.com/u/88608718?v=4",
            "gravatar_id": "",
            "url": "https://api.github.com/users/aletheiadata",
            "html_url": "https://github.com/aletheiadata",
            "followers_url": "https://api.github.com/users/aletheiadata/followers",
            "following_url": "https://api.github.com/users/aletheiadata/following{/other_user}",
            "gists_url": "https://api.github.com/users/aletheiadata/gists{/gist_id}",
            "starred_url": "https://api.github.com/users/aletheiadata/starred{/owner}{/repo}",
            "subscriptions_url": "https://api.github.com/users/aletheiadata/subscriptions",
            "organizations_url": "https://api.github.com/users/aletheiadata/orgs",
            "repos_url": "https://api.github.com/users/aletheiadata/repos",
            "events_url": "https://api.github.com/users/aletheiadata/events{/privacy}",
            "received_events_url": "https://api.github.com/users/aletheiadata/received_events",
            "type": "User",
            "user_view_type": "public",
            "site_admin": false
        },
        "labels": [
            {
                "id": 3118579696,
                "node_id": "MDU6TGFiZWwzMTE4NTc5Njk2",
                "url": "https://api.github.com/repos/Aletheia-Data/heptastadion.aletheiadata.org/labels/question",
                "name": "question",
                "color": "d876e3",
                "default": true,
                "description": "Further information is requested"
            }
        ],
        "state": "open",
        "locked": false,
        "assignee": null,
        "assignees": [],
        "milestone": null,
        "comments": 0,
        "created_at": "2022-02-13T14:03:19Z",
        "updated_at": "2022-06-02T21:14:47Z",
        "closed_at": null,
        "author_association": "CONTRIBUTOR",
        "sub_issues_summary": {
            "total": 0,
            "completed": 0,
            "percent_completed": 0
        },
        "active_lock_reason": null,
        "body": null,
        "closed_by": null,
        "reactions": {
            "url": "https://api.github.com/repos/Aletheia-Data/heptastadion.aletheiadata.org/issues/3/reactions",
            "total_count": 0,
            "+1": 0,
            "-1": 0,
            "laugh": 0,
            "hooray": 0,
            "confused": 0,
            "heart": 0,
            "rocket": 0,
            "eyes": 0
        },
        "timeline_url": "https://api.github.com/repos/Aletheia-Data/heptastadion.aletheiadata.org/issues/3/timeline",
        "performed_via_github_app": null,
        "state_reason": null
    }
]