[
    {
        "url": "https://api.github.com/repos/alire-project/alire-index/issues/1382",
        "repository_url": "https://api.github.com/repos/alire-project/alire-index",
        "labels_url": "https://api.github.com/repos/alire-project/alire-index/issues/1382/labels{/name}",
        "comments_url": "https://api.github.com/repos/alire-project/alire-index/issues/1382/comments",
        "events_url": "https://api.github.com/repos/alire-project/alire-index/issues/1382/events",
        "html_url": "https://github.com/alire-project/alire-index/pull/1382",
        "id": 2825066410,
        "node_id": "PR_kwDOB3HhMM6JuZHh",
        "number": 1382,
        "title": "octet_memory_stream 1.1.0",
        "user": {
            "login": "ATPStorages",
            "id": 31296383,
            "node_id": "MDQ6VXNlcjMxMjk2Mzgz",
            "avatar_url": "https://avatars.githubusercontent.com/u/31296383?v=4",
            "gravatar_id": "",
            "url": "https://api.github.com/users/ATPStorages",
            "html_url": "https://github.com/ATPStorages",
            "followers_url": "https://api.github.com/users/ATPStorages/followers",
            "following_url": "https://api.github.com/users/ATPStorages/following{/other_user}",
            "gists_url": "https://api.github.com/users/ATPStorages/gists{/gist_id}",
            "starred_url": "https://api.github.com/users/ATPStorages/starred{/owner}{/repo}",
            "subscriptions_url": "https://api.github.com/users/ATPStorages/subscriptions",
            "organizations_url": "https://api.github.com/users/ATPStorages/orgs",
            "repos_url": "https://api.github.com/users/ATPStorages/repos",
            "events_url": "https://api.github.com/users/ATPStorages/events{/privacy}",
            "received_events_url": "https://api.github.com/users/ATPStorages/received_events",
            "type": "User",
            "user_view_type": "public",
            "site_admin": false
        },
        "labels": [],
        "state": "open",
        "locked": false,
        "assignee": null,
        "assignees": [],
        "milestone": null,
        "comments": 0,
        "created_at": "2025-02-01T08:20:36Z",
        "updated_at": "2025-02-01T08:26:52Z",
        "closed_at": null,
        "author_association": "CONTRIBUTOR",
        "sub_issues_summary": {
            "total": 0,
            "completed": 0,
            "percent_completed": 0
        },
        "active_lock_reason": null,
        "draft": false,
        "pull_request": {
            "url": "https://api.github.com/repos/alire-project/alire-index/pulls/1382",
            "html_url": "https://github.com/alire-project/alire-index/pull/1382",
            "diff_url": "https://github.com/alire-project/alire-index/pull/1382.diff",
            "patch_url": "https://github.com/alire-project/alire-index/pull/1382.patch",
            "merged_at": null
        },
        "body": "Created via `alr publish` with `alr 2.0.2+9b80158`",
        "closed_by": null,
        "reactions": {
            "url": "https://api.github.com/repos/alire-project/alire-index/issues/1382/reactions",
            "total_count": 0,
            "+1": 0,
            "-1": 0,
            "laugh": 0,
            "hooray": 0,
            "confused": 0,
            "heart": 0,
            "rocket": 0,
            "eyes": 0
        },
        "timeline_url": "https://api.github.com/repos/alire-project/alire-index/issues/1382/timeline",
        "performed_via_github_app": null,
        "state_reason": null
    },
    {
        "url": "https://api.github.com/repos/alire-project/alire-index/issues/1380",
        "repository_url": "https://api.github.com/repos/alire-project/alire-index",
        "labels_url": "https://api.github.com/repos/alire-project/alire-index/issues/1380/labels{/name}",
        "comments_url": "https://api.github.com/repos/alire-project/alire-index/issues/1380/comments",
        "events_url": "https://api.github.com/repos/alire-project/alire-index/issues/1380/events",
        "html_url": "https://github.com/alire-project/alire-index/pull/1380",
        "id": 2820525153,
        "node_id": "PR_kwDOB3HhMM6Je92F",
        "number": 1380,
        "title": "bigints 0.1.0",
        "user": {
            "login": "AldanTanneo",
            "id": 64717124,
            "node_id": "MDQ6VXNlcjY0NzE3MTI0",
            "avatar_url": "https://avatars.githubusercontent.com/u/64717124?v=4",
            "gravatar_id": "",
            "url": "https://api.github.com/users/AldanTanneo",
            "html_url": "https://github.com/AldanTanneo",
            "followers_url": "https://api.github.com/users/AldanTanneo/followers",
            "following_url": "https://api.github.com/users/AldanTanneo/following{/other_user}",
            "gists_url": "https://api.github.com/users/AldanTanneo/gists{/gist_id}",
            "starred_url": "https://api.github.com/users/AldanTanneo/starred{/owner}{/repo}",
            "subscriptions_url": "https://api.github.com/users/AldanTanneo/subscriptions",
            "organizations_url": "https://api.github.com/users/AldanTanneo/orgs",
            "repos_url": "https://api.github.com/users/AldanTanneo/repos",
            "events_url": "https://api.github.com/users/AldanTanneo/events{/privacy}",
            "received_events_url": "https://api.github.com/users/AldanTanneo/received_events",
            "type": "User",
            "user_view_type": "public",
            "site_admin": false
        },
        "labels": [],
        "state": "open",
        "locked": false,
        "assignee": null,
        "assignees": [],
        "milestone": null,
        "comments": 2,
        "created_at": "2025-01-30T11:04:26Z",
        "updated_at": "2025-01-31T12:19:08Z",
        "closed_at": null,
        "author_association": "NONE",
        "sub_issues_summary": {
            "total": 0,
            "completed": 0,
            "percent_completed": 0
        },
        "active_lock_reason": null,
        "draft": false,
        "pull_request": {
            "url": "https://api.github.com/repos/alire-project/alire-index/pulls/1380",
            "html_url": "https://github.com/alire-project/alire-index/pull/1380",
            "diff_url": "https://github.com/alire-project/alire-index/pull/1380.diff",
            "patch_url": "https://github.com/alire-project/alire-index/pull/1380.patch",
            "merged_at": null
        },
        "body": "Created via `alr publish` with `alr 2.1.0-dev`",
        "closed_by": null,
        "reactions": {
            "url": "https://api.github.com/repos/alire-project/alire-index/issues/1380/reactions",
            "total_count": 0,
            "+1": 0,
            "-1": 0,
            "laugh": 0,
            "hooray": 0,
            "confused": 0,
            "heart": 0,
            "rocket": 0,
            "eyes": 0
        },
        "timeline_url": "https://api.github.com/repos/alire-project/alire-index/issues/1380/timeline",
        "performed_via_github_app": null,
        "state_reason": null
    },
    {
        "url": "https://api.github.com/repos/alire-project/alire-index/issues/1325",
        "repository_url": "https://api.github.com/repos/alire-project/alire-index",
        "labels_url": "https://api.github.com/repos/alire-project/alire-index/issues/1325/labels{/name}",
        "comments_url": "https://api.github.com/repos/alire-project/alire-index/issues/1325/comments",
        "events_url": "https://api.github.com/repos/alire-project/alire-index/issues/1325/events",
        "html_url": "https://github.com/alire-project/alire-index/pull/1325",
        "id": 2733199812,
        "node_id": "PR_kwDOB3HhMM6E3y0J",
        "number": 1325,
        "title": "deepend 3.12.0",
        "user": {
            "login": "beemirang",
            "id": 28692360,
            "node_id": "MDQ6VXNlcjI4NjkyMzYw",
            "avatar_url": "https://avatars.githubusercontent.com/u/28692360?v=4",
            "gravatar_id": "",
            "url": "https://api.github.com/users/beemirang",
            "html_url": "https://github.com/beemirang",
            "followers_url": "https://api.github.com/users/beemirang/followers",
            "following_url": "https://api.github.com/users/beemirang/following{/other_user}",
            "gists_url": "https://api.github.com/users/beemirang/gists{/gist_id}",
            "starred_url": "https://api.github.com/users/beemirang/starred{/owner}{/repo}",
            "subscriptions_url": "https://api.github.com/users/beemirang/subscriptions",
            "organizations_url": "https://api.github.com/users/beemirang/orgs",
            "repos_url": "https://api.github.com/users/beemirang/repos",
            "events_url": "https://api.github.com/users/beemirang/events{/privacy}",
            "received_events_url": "https://api.github.com/users/beemirang/received_events",
            "type": "User",
            "user_view_type": "public",
            "site_admin": false
        },
        "labels": [],
        "state": "open",
        "locked": false,
        "assignee": null,
        "assignees": [],
        "milestone": null,
        "comments": 1,
        "created_at": "2024-12-11T14:53:16Z",
        "updated_at": "2024-12-13T11:45:48Z",
        "closed_at": null,
        "author_association": "NONE",
        "sub_issues_summary": {
            "total": 0,
            "completed": 0,
            "percent_completed": 0
        },
        "active_lock_reason": null,
        "draft": false,
        "pull_request": {
            "url": "https://api.github.com/repos/alire-project/alire-index/pulls/1325",
            "html_url": "https://github.com/alire-project/alire-index/pull/1325",
            "diff_url": "https://github.com/alire-project/alire-index/pull/1325.diff",
            "patch_url": "https://github.com/alire-project/alire-index/pull/1325.patch",
            "merged_at": null
        },
        "body": "Created via `alr publish` with `alr 2.0.2+9b80158`",
        "closed_by": null,
        "reactions": {
            "url": "https://api.github.com/repos/alire-project/alire-index/issues/1325/reactions",
            "total_count": 0,
            "+1": 0,
            "-1": 0,
            "laugh": 0,
            "hooray": 0,
            "confused": 0,
            "heart": 0,
            "rocket": 0,
            "eyes": 0
        },
        "timeline_url": "https://api.github.com/repos/alire-project/alire-index/issues/1325/timeline",
        "performed_via_github_app": null,
        "state_reason": null
    },
    {
        "url": "https://api.github.com/repos/alire-project/alire-index/issues/1290",
        "repository_url": "https://api.github.com/repos/alire-project/alire-index",
        "labels_url": "https://api.github.com/repos/alire-project/alire-index/issues/1290/labels{/name}",
        "comments_url": "https://api.github.com/repos/alire-project/alire-index/issues/1290/comments",
        "events_url": "https://api.github.com/repos/alire-project/alire-index/issues/1290/events",
        "html_url": "https://github.com/alire-project/alire-index/pull/1290",
        "id": 2655410547,
        "node_id": "PR_kwDOB3HhMM6Bx2bH",
        "number": 1290,
        "title": "AWS 25.0.0",
        "user": {
            "login": "Fabien-Chouteau",
            "id": 12136138,
            "node_id": "MDQ6VXNlcjEyMTM2MTM4",
            "avatar_url": "https://avatars.githubusercontent.com/u/12136138?v=4",
            "gravatar_id": "",
            "url": "https://api.github.com/users/Fabien-Chouteau",
            "html_url": "https://github.com/Fabien-Chouteau",
            "followers_url": "https://api.github.com/users/Fabien-Chouteau/followers",
            "following_url": "https://api.github.com/users/Fabien-Chouteau/following{/other_user}",
            "gists_url": "https://api.github.com/users/Fabien-Chouteau/gists{/gist_id}",
            "starred_url": "https://api.github.com/users/Fabien-Chouteau/starred{/owner}{/repo}",
            "subscriptions_url": "https://api.github.com/users/Fabien-Chouteau/subscriptions",
            "organizations_url": "https://api.github.com/users/Fabien-Chouteau/orgs",
            "repos_url": "https://api.github.com/users/Fabien-Chouteau/repos",
            "events_url": "https://api.github.com/users/Fabien-Chouteau/events{/privacy}",
            "received_events_url": "https://api.github.com/users/Fabien-Chouteau/received_events",
            "type": "User",
            "user_view_type": "public",
            "site_admin": false
        },
        "labels": [],
        "state": "open",
        "locked": false,
        "assignee": null,
        "assignees": [],
        "milestone": null,
        "comments": 1,
        "created_at": "2024-11-13T13:01:11Z",
        "updated_at": "2025-01-14T01:46:34Z",
        "closed_at": null,
        "author_association": "MEMBER",
        "sub_issues_summary": {
            "total": 0,
            "completed": 0,
            "percent_completed": 0
        },
        "active_lock_reason": null,
        "draft": false,
        "pull_request": {
            "url": "https://api.github.com/repos/alire-project/alire-index/pulls/1290",
            "html_url": "https://github.com/alire-project/alire-index/pull/1290",
            "diff_url": "https://github.com/alire-project/alire-index/pull/1290.diff",
            "patch_url": "https://github.com/alire-project/alire-index/pull/1290.patch",
            "merged_at": null
        },
        "body": null,
        "closed_by": null,
        "reactions": {
            "url": "https://api.github.com/repos/alire-project/alire-index/issues/1290/reactions",
            "total_count": 0,
            "+1": 0,
            "-1": 0,
            "laugh": 0,
            "hooray": 0,
            "confused": 0,
            "heart": 0,
            "rocket": 0,
            "eyes": 0
        },
        "timeline_url": "https://api.github.com/repos/alire-project/alire-index/issues/1290/timeline",
        "performed_via_github_app": null,
        "state_reason": null
    },
    {
        "url": "https://api.github.com/repos/alire-project/alire-index/issues/1092",
        "repository_url": "https://api.github.com/repos/alire-project/alire-index",
        "labels_url": "https://api.github.com/repos/alire-project/alire-index/issues/1092/labels{/name}",
        "comments_url": "https://api.github.com/repos/alire-project/alire-index/issues/1092/comments",
        "events_url": "https://api.github.com/repos/alire-project/alire-index/issues/1092/events",
        "html_url": "https://github.com/alire-project/alire-index/pull/1092",
        "id": 2358260503,
        "node_id": "PR_kwDOB3HhMM5yvjCI",
        "number": 1092,
        "title": "SDL2 broken on macOS at link time",
        "user": {
            "login": "mosteo",
            "id": 264377,
            "node_id": "MDQ6VXNlcjI2NDM3Nw==",
            "avatar_url": "https://avatars.githubusercontent.com/u/264377?v=4",
            "gravatar_id": "",
            "url": "https://api.github.com/users/mosteo",
            "html_url": "https://github.com/mosteo",
            "followers_url": "https://api.github.com/users/mosteo/followers",
            "following_url": "https://api.github.com/users/mosteo/following{/other_user}",
            "gists_url": "https://api.github.com/users/mosteo/gists{/gist_id}",
            "starred_url": "https://api.github.com/users/mosteo/starred{/owner}{/repo}",
            "subscriptions_url": "https://api.github.com/users/mosteo/subscriptions",
            "organizations_url": "https://api.github.com/users/mosteo/orgs",
            "repos_url": "https://api.github.com/users/mosteo/repos",
            "events_url": "https://api.github.com/users/mosteo/events{/privacy}",
            "received_events_url": "https://api.github.com/users/mosteo/received_events",
            "type": "User",
            "user_view_type": "public",
            "site_admin": false
        },
        "labels": [
            {
                "id": 7093758052,
                "node_id": "LA_kwDOB3HhMM8AAAABptIoZA",
                "url": "https://api.github.com/repos/alire-project/alire-index/labels/broken%20release",
                "name": "broken release",
                "color": "B60205",
                "default": false,
                "description": "An indexed release need attention"
            }
        ],
        "state": "open",
        "locked": false,
        "assignee": null,
        "assignees": [],
        "milestone": null,
        "comments": 4,
        "created_at": "2024-06-17T21:07:05Z",
        "updated_at": "2024-12-10T13:24:27Z",
        "closed_at": null,
        "author_association": "MEMBER",
        "sub_issues_summary": {
            "total": 0,
            "completed": 0,
            "percent_completed": 0
        },
        "active_lock_reason": null,
        "draft": true,
        "pull_request": {
            "url": "https://api.github.com/repos/alire-project/alire-index/pulls/1092",
            "html_url": "https://github.com/alire-project/alire-index/pull/1092",
            "diff_url": "https://github.com/alire-project/alire-index/pull/1092.diff",
            "patch_url": "https://github.com/alire-project/alire-index/pull/1092.patch",
            "merged_at": null
        },
        "body": null,
        "closed_by": null,
        "reactions": {
            "url": "https://api.github.com/repos/alire-project/alire-index/issues/1092/reactions",
            "total_count": 0,
            "+1": 0,
            "-1": 0,
            "laugh": 0,
            "hooray": 0,
            "confused": 0,
            "heart": 0,
            "rocket": 0,
            "eyes": 0
        },
        "timeline_url": "https://api.github.com/repos/alire-project/alire-index/issues/1092/timeline",
        "performed_via_github_app": null,
        "state_reason": null
    }
]