[
    {
        "url": "https://api.github.com/repos/alire-project/semantic_versioning/issues/16",
        "repository_url": "https://api.github.com/repos/alire-project/semantic_versioning",
        "labels_url": "https://api.github.com/repos/alire-project/semantic_versioning/issues/16/labels{/name}",
        "comments_url": "https://api.github.com/repos/alire-project/semantic_versioning/issues/16/comments",
        "events_url": "https://api.github.com/repos/alire-project/semantic_versioning/issues/16/events",
        "html_url": "https://github.com/alire-project/semantic_versioning/issues/16",
        "id": 1394307970,
        "node_id": "I_kwDOB3HXMM5TG3OC",
        "number": 16,
        "title": "Accept or/and/not as fully written operators",
        "user": {
            "login": "RREE",
            "id": 176057,
            "node_id": "MDQ6VXNlcjE3NjA1Nw==",
            "avatar_url": "https://avatars.githubusercontent.com/u/176057?v=4",
            "gravatar_id": "",
            "url": "https://api.github.com/users/RREE",
            "html_url": "https://github.com/RREE",
            "followers_url": "https://api.github.com/users/RREE/followers",
            "following_url": "https://api.github.com/users/RREE/following{/other_user}",
            "gists_url": "https://api.github.com/users/RREE/gists{/gist_id}",
            "starred_url": "https://api.github.com/users/RREE/starred{/owner}{/repo}",
            "subscriptions_url": "https://api.github.com/users/RREE/subscriptions",
            "organizations_url": "https://api.github.com/users/RREE/orgs",
            "repos_url": "https://api.github.com/users/RREE/repos",
            "events_url": "https://api.github.com/users/RREE/events{/privacy}",
            "received_events_url": "https://api.github.com/users/RREE/received_events",
            "type": "User",
            "user_view_type": "public",
            "site_admin": false
        },
        "labels": [],
        "state": "open",
        "locked": false,
        "assignee": null,
        "assignees": [],
        "milestone": null,
        "comments": 1,
        "created_at": "2022-10-03T08:00:29Z",
        "updated_at": "2022-10-03T12:17:27Z",
        "closed_at": null,
        "author_association": "NONE",
        "sub_issues_summary": {
            "total": 0,
            "completed": 0,
            "percent_completed": 0
        },
        "active_lock_reason": null,
        "body": "Accept `or`for `|`, `and` for `&`, and `not` for `!`.\r\nPerhaps the parser becomes more difficult, but the fully written operators look far more readable, especially for Ada programmers",
        "closed_by": null,
        "reactions": {
            "url": "https://api.github.com/repos/alire-project/semantic_versioning/issues/16/reactions",
            "total_count": 0,
            "+1": 0,
            "-1": 0,
            "laugh": 0,
            "hooray": 0,
            "confused": 0,
            "heart": 0,
            "rocket": 0,
            "eyes": 0
        },
        "timeline_url": "https://api.github.com/repos/alire-project/semantic_versioning/issues/16/timeline",
        "performed_via_github_app": null,
        "state_reason": null
    },
    {
        "url": "https://api.github.com/repos/alire-project/semantic_versioning/issues/15",
        "repository_url": "https://api.github.com/repos/alire-project/semantic_versioning",
        "labels_url": "https://api.github.com/repos/alire-project/semantic_versioning/issues/15/labels{/name}",
        "comments_url": "https://api.github.com/repos/alire-project/semantic_versioning/issues/15/comments",
        "events_url": "https://api.github.com/repos/alire-project/semantic_versioning/issues/15/events",
        "html_url": "https://github.com/alire-project/semantic_versioning/issues/15",
        "id": 1263261626,
        "node_id": "I_kwDOB3HXMM5LS9e6",
        "number": 15,
        "title": "Use Quantified Expressions",
        "user": {
            "login": "pjljvandelaar",
            "id": 18348654,
            "node_id": "MDQ6VXNlcjE4MzQ4NjU0",
            "avatar_url": "https://avatars.githubusercontent.com/u/18348654?v=4",
            "gravatar_id": "",
            "url": "https://api.github.com/users/pjljvandelaar",
            "html_url": "https://github.com/pjljvandelaar",
            "followers_url": "https://api.github.com/users/pjljvandelaar/followers",
            "following_url": "https://api.github.com/users/pjljvandelaar/following{/other_user}",
            "gists_url": "https://api.github.com/users/pjljvandelaar/gists{/gist_id}",
            "starred_url": "https://api.github.com/users/pjljvandelaar/starred{/owner}{/repo}",
            "subscriptions_url": "https://api.github.com/users/pjljvandelaar/subscriptions",
            "organizations_url": "https://api.github.com/users/pjljvandelaar/orgs",
            "repos_url": "https://api.github.com/users/pjljvandelaar/repos",
            "events_url": "https://api.github.com/users/pjljvandelaar/events{/privacy}",
            "received_events_url": "https://api.github.com/users/pjljvandelaar/received_events",
            "type": "User",
            "user_view_type": "public",
            "site_admin": false
        },
        "labels": [
            {
                "id": 864492716,
                "node_id": "MDU6TGFiZWw4NjQ0OTI3MTY=",
                "url": "https://api.github.com/repos/alire-project/semantic_versioning/labels/enhancement",
                "name": "enhancement",
                "color": "a2eeef",
                "default": true,
                "description": "New feature or request"
            }
        ],
        "state": "open",
        "locked": false,
        "assignee": null,
        "assignees": [],
        "milestone": null,
        "comments": 1,
        "created_at": "2022-06-07T13:00:00Z",
        "updated_at": "2022-06-07T13:24:24Z",
        "closed_at": null,
        "author_association": "NONE",
        "sub_issues_summary": {
            "total": 0,
            "completed": 0,
            "percent_completed": 0
        },
        "active_lock_reason": null,
        "body": "Dear Developers,\r\n\r\nWhy don't you use Quantified Expressions at the following locations?\r\n\r\n* https://github.com/alire-project/semantic_versioning/blob/cc69201134c0a8d695b767a1fd1bf4fd8f6f3880/src/semantic_versioning-basic.adb#L81-L87\r\n\r\n```diff\r\n-      for R of VS loop\r\n-         if not Satisfies (V, R) then\r\n-            return False;\r\n-         end if;\r\n-      end loop;\r\n-\r\n-      return True;\r\n+      return (for all R of VS => Satisfies (V, R));\r\n```\r\n* https://github.com/alire-project/semantic_versioning/blob/cc69201134c0a8d695b767a1fd1bf4fd8f6f3880/src/semantic_versioning-extended.adb#L233-L238\r\n\r\n```diff\r\n             when Anded =>\r\n                return OK : Boolean := True do\r\n                   Trace (\"AND children count:\" & Trees.Child_Count (Pos)'Img);\r\n-                  for Child in VS.Set.Iterate_Children (Pos) loop\r\n-                     OK := OK and then Is_In (Child);\r\n-                  end loop;\r\n+                  OK :=\r\n+                    OK\r\n+                    and then\r\n+                    (for all Child in VS.Set.Iterate_Children (Pos) =>\r\n+                       Is_In (Child));\r\n                end return;\r\n```\r\nNote that further simplifications are still possible ;-)\r\n\r\n* https://github.com/alire-project/semantic_versioning/blob/cc69201134c0a8d695b767a1fd1bf4fd8f6f3880/src/semantic_versioning-extended.adb#L241-L246\r\n\r\n```diff\r\n             when Ored =>\r\n                return OK : Boolean := False do\r\n                   Trace (\"OR children count:\" & Trees.Child_Count (Pos)'Img);\r\n-                  for Child in VS.Set.Iterate_Children (Pos) loop\r\n-                     OK := OK or else Is_In (Child);\r\n-                  end loop;\r\n+                  OK :=\r\n+                    OK\r\n+                    or else\r\n+                    (for some Child in VS.Set.Iterate_Children (Pos) =>\r\n+                       Is_In (Child));\r\n                end return;\r\n```\r\n\r\nNote that also in this case further simplifications are still possible ;-)\r\n\r\nGreetings,\r\n   Pierre\r\n",
        "closed_by": null,
        "reactions": {
            "url": "https://api.github.com/repos/alire-project/semantic_versioning/issues/15/reactions",
            "total_count": 0,
            "+1": 0,
            "-1": 0,
            "laugh": 0,
            "hooray": 0,
            "confused": 0,
            "heart": 0,
            "rocket": 0,
            "eyes": 0
        },
        "timeline_url": "https://api.github.com/repos/alire-project/semantic_versioning/issues/15/timeline",
        "performed_via_github_app": null,
        "state_reason": null
    },
    {
        "url": "https://api.github.com/repos/alire-project/semantic_versioning/issues/13",
        "repository_url": "https://api.github.com/repos/alire-project/semantic_versioning",
        "labels_url": "https://api.github.com/repos/alire-project/semantic_versioning/issues/13/labels{/name}",
        "comments_url": "https://api.github.com/repos/alire-project/semantic_versioning/issues/13/comments",
        "events_url": "https://api.github.com/repos/alire-project/semantic_versioning/issues/13/events",
        "html_url": "https://github.com/alire-project/semantic_versioning/issues/13",
        "id": 982707236,
        "node_id": "MDU6SXNzdWU5ODI3MDcyMzY=",
        "number": 13,
        "title": "NOT operator for extended expressions",
        "user": {
            "login": "mosteo",
            "id": 264377,
            "node_id": "MDQ6VXNlcjI2NDM3Nw==",
            "avatar_url": "https://avatars.githubusercontent.com/u/264377?v=4",
            "gravatar_id": "",
            "url": "https://api.github.com/users/mosteo",
            "html_url": "https://github.com/mosteo",
            "followers_url": "https://api.github.com/users/mosteo/followers",
            "following_url": "https://api.github.com/users/mosteo/following{/other_user}",
            "gists_url": "https://api.github.com/users/mosteo/gists{/gist_id}",
            "starred_url": "https://api.github.com/users/mosteo/starred{/owner}{/repo}",
            "subscriptions_url": "https://api.github.com/users/mosteo/subscriptions",
            "organizations_url": "https://api.github.com/users/mosteo/orgs",
            "repos_url": "https://api.github.com/users/mosteo/repos",
            "events_url": "https://api.github.com/users/mosteo/events{/privacy}",
            "received_events_url": "https://api.github.com/users/mosteo/received_events",
            "type": "User",
            "user_view_type": "public",
            "site_admin": false
        },
        "labels": [],
        "state": "open",
        "locked": false,
        "assignee": null,
        "assignees": [],
        "milestone": null,
        "comments": 0,
        "created_at": "2021-08-30T11:51:58Z",
        "updated_at": "2021-08-30T11:51:58Z",
        "closed_at": null,
        "author_association": "MEMBER",
        "sub_issues_summary": {
            "total": 0,
            "completed": 0,
            "percent_completed": 0
        },
        "active_lock_reason": null,
        "body": "It's missing. I guess we can go with `!` and `¬`.",
        "closed_by": null,
        "reactions": {
            "url": "https://api.github.com/repos/alire-project/semantic_versioning/issues/13/reactions",
            "total_count": 0,
            "+1": 0,
            "-1": 0,
            "laugh": 0,
            "hooray": 0,
            "confused": 0,
            "heart": 0,
            "rocket": 0,
            "eyes": 0
        },
        "timeline_url": "https://api.github.com/repos/alire-project/semantic_versioning/issues/13/timeline",
        "performed_via_github_app": null,
        "state_reason": null
    },
    {
        "url": "https://api.github.com/repos/alire-project/semantic_versioning/issues/12",
        "repository_url": "https://api.github.com/repos/alire-project/semantic_versioning",
        "labels_url": "https://api.github.com/repos/alire-project/semantic_versioning/issues/12/labels{/name}",
        "comments_url": "https://api.github.com/repos/alire-project/semantic_versioning/issues/12/comments",
        "events_url": "https://api.github.com/repos/alire-project/semantic_versioning/issues/12/events",
        "html_url": "https://github.com/alire-project/semantic_versioning/issues/12",
        "id": 663926888,
        "node_id": "MDU6SXNzdWU2NjM5MjY4ODg=",
        "number": 12,
        "title": "Enforce semver grammar when relaxed parsing is disabled",
        "user": {
            "login": "mosteo",
            "id": 264377,
            "node_id": "MDQ6VXNlcjI2NDM3Nw==",
            "avatar_url": "https://avatars.githubusercontent.com/u/264377?v=4",
            "gravatar_id": "",
            "url": "https://api.github.com/users/mosteo",
            "html_url": "https://github.com/mosteo",
            "followers_url": "https://api.github.com/users/mosteo/followers",
            "following_url": "https://api.github.com/users/mosteo/following{/other_user}",
            "gists_url": "https://api.github.com/users/mosteo/gists{/gist_id}",
            "starred_url": "https://api.github.com/users/mosteo/starred{/owner}{/repo}",
            "subscriptions_url": "https://api.github.com/users/mosteo/subscriptions",
            "organizations_url": "https://api.github.com/users/mosteo/orgs",
            "repos_url": "https://api.github.com/users/mosteo/repos",
            "events_url": "https://api.github.com/users/mosteo/events{/privacy}",
            "received_events_url": "https://api.github.com/users/mosteo/received_events",
            "type": "User",
            "user_view_type": "public",
            "site_admin": false
        },
        "labels": [],
        "state": "open",
        "locked": false,
        "assignee": null,
        "assignees": [],
        "milestone": null,
        "comments": 0,
        "created_at": "2020-07-22T17:24:35Z",
        "updated_at": "2020-07-22T17:24:35Z",
        "closed_at": null,
        "author_association": "MEMBER",
        "sub_issues_summary": {
            "total": 0,
            "completed": 0,
            "percent_completed": 0
        },
        "active_lock_reason": null,
        "body": "The pre-release and build parts should only accept alphanumeric characters plus hyphen. Currently, anything goes even when relaxed parsing is disabled.",
        "closed_by": null,
        "reactions": {
            "url": "https://api.github.com/repos/alire-project/semantic_versioning/issues/12/reactions",
            "total_count": 0,
            "+1": 0,
            "-1": 0,
            "laugh": 0,
            "hooray": 0,
            "confused": 0,
            "heart": 0,
            "rocket": 0,
            "eyes": 0
        },
        "timeline_url": "https://api.github.com/repos/alire-project/semantic_versioning/issues/12/timeline",
        "performed_via_github_app": null,
        "state_reason": null
    },
    {
        "url": "https://api.github.com/repos/alire-project/semantic_versioning/issues/9",
        "repository_url": "https://api.github.com/repos/alire-project/semantic_versioning",
        "labels_url": "https://api.github.com/repos/alire-project/semantic_versioning/issues/9/labels{/name}",
        "comments_url": "https://api.github.com/repos/alire-project/semantic_versioning/issues/9/comments",
        "events_url": "https://api.github.com/repos/alire-project/semantic_versioning/issues/9/events",
        "html_url": "https://github.com/alire-project/semantic_versioning/issues/9",
        "id": 610959938,
        "node_id": "MDU6SXNzdWU2MTA5NTk5Mzg=",
        "number": 9,
        "title": "Simplify parsers by using regexes",
        "user": {
            "login": "mosteo",
            "id": 264377,
            "node_id": "MDQ6VXNlcjI2NDM3Nw==",
            "avatar_url": "https://avatars.githubusercontent.com/u/264377?v=4",
            "gravatar_id": "",
            "url": "https://api.github.com/users/mosteo",
            "html_url": "https://github.com/mosteo",
            "followers_url": "https://api.github.com/users/mosteo/followers",
            "following_url": "https://api.github.com/users/mosteo/following{/other_user}",
            "gists_url": "https://api.github.com/users/mosteo/gists{/gist_id}",
            "starred_url": "https://api.github.com/users/mosteo/starred{/owner}{/repo}",
            "subscriptions_url": "https://api.github.com/users/mosteo/subscriptions",
            "organizations_url": "https://api.github.com/users/mosteo/orgs",
            "repos_url": "https://api.github.com/users/mosteo/repos",
            "events_url": "https://api.github.com/users/mosteo/events{/privacy}",
            "received_events_url": "https://api.github.com/users/mosteo/received_events",
            "type": "User",
            "user_view_type": "public",
            "site_admin": false
        },
        "labels": [],
        "state": "open",
        "locked": false,
        "assignee": null,
        "assignees": [],
        "milestone": null,
        "comments": 0,
        "created_at": "2020-05-01T20:45:04Z",
        "updated_at": "2020-05-01T20:45:04Z",
        "closed_at": null,
        "author_association": "MEMBER",
        "sub_issues_summary": {
            "total": 0,
            "completed": 0,
            "percent_completed": 0
        },
        "active_lock_reason": null,
        "body": "The custom parsers are more difficult to maintain",
        "closed_by": null,
        "reactions": {
            "url": "https://api.github.com/repos/alire-project/semantic_versioning/issues/9/reactions",
            "total_count": 0,
            "+1": 0,
            "-1": 0,
            "laugh": 0,
            "hooray": 0,
            "confused": 0,
            "heart": 0,
            "rocket": 0,
            "eyes": 0
        },
        "timeline_url": "https://api.github.com/repos/alire-project/semantic_versioning/issues/9/timeline",
        "performed_via_github_app": null,
        "state_reason": null
    }
]