[
    {
        "url": "https://api.github.com/repos/alire-project/GNAT-FSF-builds/issues/82",
        "repository_url": "https://api.github.com/repos/alire-project/GNAT-FSF-builds",
        "labels_url": "https://api.github.com/repos/alire-project/GNAT-FSF-builds/issues/82/labels{/name}",
        "comments_url": "https://api.github.com/repos/alire-project/GNAT-FSF-builds/issues/82/comments",
        "events_url": "https://api.github.com/repos/alire-project/GNAT-FSF-builds/issues/82/events",
        "html_url": "https://github.com/alire-project/GNAT-FSF-builds/issues/82",
        "id": 2804374458,
        "node_id": "I_kwDOFdVmjM6nJ1u6",
        "number": 82,
        "title": "Enable -mcmodel=medany by default on RiscV64",
        "user": {
            "login": "jklmnn",
            "id": 7999005,
            "node_id": "MDQ6VXNlcjc5OTkwMDU=",
            "avatar_url": "https://avatars.githubusercontent.com/u/7999005?v=4",
            "gravatar_id": "",
            "url": "https://api.github.com/users/jklmnn",
            "html_url": "https://github.com/jklmnn",
            "followers_url": "https://api.github.com/users/jklmnn/followers",
            "following_url": "https://api.github.com/users/jklmnn/following{/other_user}",
            "gists_url": "https://api.github.com/users/jklmnn/gists{/gist_id}",
            "starred_url": "https://api.github.com/users/jklmnn/starred{/owner}{/repo}",
            "subscriptions_url": "https://api.github.com/users/jklmnn/subscriptions",
            "organizations_url": "https://api.github.com/users/jklmnn/orgs",
            "repos_url": "https://api.github.com/users/jklmnn/repos",
            "events_url": "https://api.github.com/users/jklmnn/events{/privacy}",
            "received_events_url": "https://api.github.com/users/jklmnn/received_events",
            "type": "User",
            "user_view_type": "public",
            "site_admin": false
        },
        "labels": [],
        "state": "open",
        "locked": false,
        "assignee": null,
        "assignees": [],
        "milestone": null,
        "comments": 0,
        "created_at": "2025-01-22T13:18:28Z",
        "updated_at": "2025-01-22T13:20:09Z",
        "closed_at": null,
        "author_association": "NONE",
        "sub_issues_summary": {
            "total": 0,
            "completed": 0,
            "percent_completed": 0
        },
        "active_lock_reason": null,
        "body": "The RiscV64 runtimes (especially `polarfiresoc`) expect the compiler to use `-mcmodel=medany`. Otherwise they will produce relocation errors. Adding the switch manually fixes the problem for `light-polarfiresoc` and `light-tasking-polarfiresoc`. However the problem seems to persist for `embedded-polarfiresoc`. All three runtimes work with our compiler configured with `--with-specs='%{!mcmodel=*:-mcmodel=medany}'`.\n\nNote that this problem does not seem to appear with the `spike` runtime as it still manually adds `-mcmodel=medany` for historical reasons.\n\nThis issue was initially reported in https://github.com/AdaCore/bb-runtimes/issues/73.\n\ncc @Fabien-Chouteau ",
        "closed_by": null,
        "reactions": {
            "url": "https://api.github.com/repos/alire-project/GNAT-FSF-builds/issues/82/reactions",
            "total_count": 0,
            "+1": 0,
            "-1": 0,
            "laugh": 0,
            "hooray": 0,
            "confused": 0,
            "heart": 0,
            "rocket": 0,
            "eyes": 0
        },
        "timeline_url": "https://api.github.com/repos/alire-project/GNAT-FSF-builds/issues/82/timeline",
        "performed_via_github_app": null,
        "state_reason": null
    },
    {
        "url": "https://api.github.com/repos/alire-project/GNAT-FSF-builds/issues/81",
        "repository_url": "https://api.github.com/repos/alire-project/GNAT-FSF-builds",
        "labels_url": "https://api.github.com/repos/alire-project/GNAT-FSF-builds/issues/81/labels{/name}",
        "comments_url": "https://api.github.com/repos/alire-project/GNAT-FSF-builds/issues/81/comments",
        "events_url": "https://api.github.com/repos/alire-project/GNAT-FSF-builds/issues/81/events",
        "html_url": "https://github.com/alire-project/GNAT-FSF-builds/issues/81",
        "id": 2804358216,
        "node_id": "I_kwDOFdVmjM6nJxxI",
        "number": 81,
        "title": "riscv64-ld does not support --eh-frame-hdr",
        "user": {
            "login": "jklmnn",
            "id": 7999005,
            "node_id": "MDQ6VXNlcjc5OTkwMDU=",
            "avatar_url": "https://avatars.githubusercontent.com/u/7999005?v=4",
            "gravatar_id": "",
            "url": "https://api.github.com/users/jklmnn",
            "html_url": "https://github.com/jklmnn",
            "followers_url": "https://api.github.com/users/jklmnn/followers",
            "following_url": "https://api.github.com/users/jklmnn/following{/other_user}",
            "gists_url": "https://api.github.com/users/jklmnn/gists{/gist_id}",
            "starred_url": "https://api.github.com/users/jklmnn/starred{/owner}{/repo}",
            "subscriptions_url": "https://api.github.com/users/jklmnn/subscriptions",
            "organizations_url": "https://api.github.com/users/jklmnn/orgs",
            "repos_url": "https://api.github.com/users/jklmnn/repos",
            "events_url": "https://api.github.com/users/jklmnn/events{/privacy}",
            "received_events_url": "https://api.github.com/users/jklmnn/received_events",
            "type": "User",
            "user_view_type": "public",
            "site_admin": false
        },
        "labels": [],
        "state": "open",
        "locked": false,
        "assignee": null,
        "assignees": [],
        "milestone": null,
        "comments": 0,
        "created_at": "2025-01-22T13:11:21Z",
        "updated_at": "2025-01-22T13:11:21Z",
        "closed_at": null,
        "author_association": "NONE",
        "sub_issues_summary": {
            "total": 0,
            "completed": 0,
            "percent_completed": 0
        },
        "active_lock_reason": null,
        "body": "The linker for RiscV64 currently does not support the `--eh-frame-hdr` switch which is required for exception propagation on this target. This causes the `embedded-polarfiresoc` runtime to fail to build. The build succeeds without this switch but it's not clear to me whether exception propagation on this runtime will reliably work without it.\n\nThis issue was initially discovered in https://github.com/AdaCore/bb-runtimes/issues/73.\n\ncc @Fabien-Chouteau ",
        "closed_by": null,
        "reactions": {
            "url": "https://api.github.com/repos/alire-project/GNAT-FSF-builds/issues/81/reactions",
            "total_count": 0,
            "+1": 0,
            "-1": 0,
            "laugh": 0,
            "hooray": 0,
            "confused": 0,
            "heart": 0,
            "rocket": 0,
            "eyes": 0
        },
        "timeline_url": "https://api.github.com/repos/alire-project/GNAT-FSF-builds/issues/81/timeline",
        "performed_via_github_app": null,
        "state_reason": null
    },
    {
        "url": "https://api.github.com/repos/alire-project/GNAT-FSF-builds/issues/80",
        "repository_url": "https://api.github.com/repos/alire-project/GNAT-FSF-builds",
        "labels_url": "https://api.github.com/repos/alire-project/GNAT-FSF-builds/issues/80/labels{/name}",
        "comments_url": "https://api.github.com/repos/alire-project/GNAT-FSF-builds/issues/80/comments",
        "events_url": "https://api.github.com/repos/alire-project/GNAT-FSF-builds/issues/80/events",
        "html_url": "https://github.com/alire-project/GNAT-FSF-builds/pull/80",
        "id": 2794708652,
        "node_id": "PR_kwDOFdVmjM6IHWKr",
        "number": 80,
        "title": "Bootstrap AArch64 GNAT compiler by GCC 10.5 on Ubuntu ARM64",
        "user": {
            "login": "reznikmm",
            "id": 6430719,
            "node_id": "MDQ6VXNlcjY0MzA3MTk=",
            "avatar_url": "https://avatars.githubusercontent.com/u/6430719?v=4",
            "gravatar_id": "",
            "url": "https://api.github.com/users/reznikmm",
            "html_url": "https://github.com/reznikmm",
            "followers_url": "https://api.github.com/users/reznikmm/followers",
            "following_url": "https://api.github.com/users/reznikmm/following{/other_user}",
            "gists_url": "https://api.github.com/users/reznikmm/gists{/gist_id}",
            "starred_url": "https://api.github.com/users/reznikmm/starred{/owner}{/repo}",
            "subscriptions_url": "https://api.github.com/users/reznikmm/subscriptions",
            "organizations_url": "https://api.github.com/users/reznikmm/orgs",
            "repos_url": "https://api.github.com/users/reznikmm/repos",
            "events_url": "https://api.github.com/users/reznikmm/events{/privacy}",
            "received_events_url": "https://api.github.com/users/reznikmm/received_events",
            "type": "User",
            "user_view_type": "public",
            "site_admin": false
        },
        "labels": [],
        "state": "open",
        "locked": false,
        "assignee": null,
        "assignees": [],
        "milestone": null,
        "comments": 0,
        "created_at": "2025-01-17T06:45:21Z",
        "updated_at": "2025-01-26T18:02:27Z",
        "closed_at": null,
        "author_association": "CONTRIBUTOR",
        "sub_issues_summary": {
            "total": 0,
            "completed": 0,
            "percent_completed": 0
        },
        "active_lock_reason": null,
        "draft": false,
        "pull_request": {
            "url": "https://api.github.com/repos/alire-project/GNAT-FSF-builds/pulls/80",
            "html_url": "https://github.com/alire-project/GNAT-FSF-builds/pull/80",
            "diff_url": "https://github.com/alire-project/GNAT-FSF-builds/pull/80.diff",
            "patch_url": "https://github.com/alire-project/GNAT-FSF-builds/pull/80.patch",
            "merged_at": null
        },
        "body": null,
        "closed_by": null,
        "reactions": {
            "url": "https://api.github.com/repos/alire-project/GNAT-FSF-builds/issues/80/reactions",
            "total_count": 0,
            "+1": 0,
            "-1": 0,
            "laugh": 0,
            "hooray": 0,
            "confused": 0,
            "heart": 0,
            "rocket": 0,
            "eyes": 0
        },
        "timeline_url": "https://api.github.com/repos/alire-project/GNAT-FSF-builds/issues/80/timeline",
        "performed_via_github_app": null,
        "state_reason": null
    },
    {
        "url": "https://api.github.com/repos/alire-project/GNAT-FSF-builds/issues/78",
        "repository_url": "https://api.github.com/repos/alire-project/GNAT-FSF-builds",
        "labels_url": "https://api.github.com/repos/alire-project/GNAT-FSF-builds/issues/78/labels{/name}",
        "comments_url": "https://api.github.com/repos/alire-project/GNAT-FSF-builds/issues/78/comments",
        "events_url": "https://api.github.com/repos/alire-project/GNAT-FSF-builds/issues/78/events",
        "html_url": "https://github.com/alire-project/GNAT-FSF-builds/issues/78",
        "id": 2651120638,
        "node_id": "I_kwDOFdVmjM6eBOP-",
        "number": 78,
        "title": "Native compilers for aarch64 on linux?",
        "user": {
            "login": "atalii",
            "id": 120901234,
            "node_id": "U_kgDOBzTOcg",
            "avatar_url": "https://avatars.githubusercontent.com/u/120901234?v=4",
            "gravatar_id": "",
            "url": "https://api.github.com/users/atalii",
            "html_url": "https://github.com/atalii",
            "followers_url": "https://api.github.com/users/atalii/followers",
            "following_url": "https://api.github.com/users/atalii/following{/other_user}",
            "gists_url": "https://api.github.com/users/atalii/gists{/gist_id}",
            "starred_url": "https://api.github.com/users/atalii/starred{/owner}{/repo}",
            "subscriptions_url": "https://api.github.com/users/atalii/subscriptions",
            "organizations_url": "https://api.github.com/users/atalii/orgs",
            "repos_url": "https://api.github.com/users/atalii/repos",
            "events_url": "https://api.github.com/users/atalii/events{/privacy}",
            "received_events_url": "https://api.github.com/users/atalii/received_events",
            "type": "User",
            "user_view_type": "public",
            "site_admin": false
        },
        "labels": [],
        "state": "open",
        "locked": false,
        "assignee": null,
        "assignees": [],
        "milestone": null,
        "comments": 3,
        "created_at": "2024-11-12T05:51:32Z",
        "updated_at": "2025-01-16T20:53:44Z",
        "closed_at": null,
        "author_association": "NONE",
        "sub_issues_summary": {
            "total": 0,
            "completed": 0,
            "percent_completed": 0
        },
        "active_lock_reason": null,
        "body": "Hi - Correct me if I'm wrong, but it looks like the gnat builds here targeting aarch64 are meant to be run on x86 linux platforms. I may have just built the incorrect toolchain (I was using `gnat-arm-elf-linux64-12.1.0-2.tar.gz`), but it doesn't look like there's such a release published. Would it be possible to get those out of the CI? Thanks!",
        "closed_by": null,
        "reactions": {
            "url": "https://api.github.com/repos/alire-project/GNAT-FSF-builds/issues/78/reactions",
            "total_count": 1,
            "+1": 1,
            "-1": 0,
            "laugh": 0,
            "hooray": 0,
            "confused": 0,
            "heart": 0,
            "rocket": 0,
            "eyes": 0
        },
        "timeline_url": "https://api.github.com/repos/alire-project/GNAT-FSF-builds/issues/78/timeline",
        "performed_via_github_app": null,
        "state_reason": null
    },
    {
        "url": "https://api.github.com/repos/alire-project/GNAT-FSF-builds/issues/77",
        "repository_url": "https://api.github.com/repos/alire-project/GNAT-FSF-builds",
        "labels_url": "https://api.github.com/repos/alire-project/GNAT-FSF-builds/issues/77/labels{/name}",
        "comments_url": "https://api.github.com/repos/alire-project/GNAT-FSF-builds/issues/77/comments",
        "events_url": "https://api.github.com/repos/alire-project/GNAT-FSF-builds/issues/77/events",
        "html_url": "https://github.com/alire-project/GNAT-FSF-builds/pull/77",
        "id": 2478504544,
        "node_id": "PR_kwDOFdVmjM55Am8R",
        "number": 77,
        "title": "GNAT 14.2",
        "user": {
            "login": "Fabien-Chouteau",
            "id": 12136138,
            "node_id": "MDQ6VXNlcjEyMTM2MTM4",
            "avatar_url": "https://avatars.githubusercontent.com/u/12136138?v=4",
            "gravatar_id": "",
            "url": "https://api.github.com/users/Fabien-Chouteau",
            "html_url": "https://github.com/Fabien-Chouteau",
            "followers_url": "https://api.github.com/users/Fabien-Chouteau/followers",
            "following_url": "https://api.github.com/users/Fabien-Chouteau/following{/other_user}",
            "gists_url": "https://api.github.com/users/Fabien-Chouteau/gists{/gist_id}",
            "starred_url": "https://api.github.com/users/Fabien-Chouteau/starred{/owner}{/repo}",
            "subscriptions_url": "https://api.github.com/users/Fabien-Chouteau/subscriptions",
            "organizations_url": "https://api.github.com/users/Fabien-Chouteau/orgs",
            "repos_url": "https://api.github.com/users/Fabien-Chouteau/repos",
            "events_url": "https://api.github.com/users/Fabien-Chouteau/events{/privacy}",
            "received_events_url": "https://api.github.com/users/Fabien-Chouteau/received_events",
            "type": "User",
            "user_view_type": "public",
            "site_admin": false
        },
        "labels": [],
        "state": "open",
        "locked": false,
        "assignee": null,
        "assignees": [],
        "milestone": null,
        "comments": 0,
        "created_at": "2024-08-21T16:45:20Z",
        "updated_at": "2024-08-22T11:45:04Z",
        "closed_at": null,
        "author_association": "MEMBER",
        "sub_issues_summary": {
            "total": 0,
            "completed": 0,
            "percent_completed": 0
        },
        "active_lock_reason": null,
        "draft": false,
        "pull_request": {
            "url": "https://api.github.com/repos/alire-project/GNAT-FSF-builds/pulls/77",
            "html_url": "https://github.com/alire-project/GNAT-FSF-builds/pull/77",
            "diff_url": "https://github.com/alire-project/GNAT-FSF-builds/pull/77.diff",
            "patch_url": "https://github.com/alire-project/GNAT-FSF-builds/pull/77.patch",
            "merged_at": null
        },
        "body": null,
        "closed_by": null,
        "reactions": {
            "url": "https://api.github.com/repos/alire-project/GNAT-FSF-builds/issues/77/reactions",
            "total_count": 0,
            "+1": 0,
            "-1": 0,
            "laugh": 0,
            "hooray": 0,
            "confused": 0,
            "heart": 0,
            "rocket": 0,
            "eyes": 0
        },
        "timeline_url": "https://api.github.com/repos/alire-project/GNAT-FSF-builds/issues/77/timeline",
        "performed_via_github_app": null,
        "state_reason": null
    },
    {
        "url": "https://api.github.com/repos/alire-project/GNAT-FSF-builds/issues/73",
        "repository_url": "https://api.github.com/repos/alire-project/GNAT-FSF-builds",
        "labels_url": "https://api.github.com/repos/alire-project/GNAT-FSF-builds/issues/73/labels{/name}",
        "comments_url": "https://api.github.com/repos/alire-project/GNAT-FSF-builds/issues/73/comments",
        "events_url": "https://api.github.com/repos/alire-project/GNAT-FSF-builds/issues/73/events",
        "html_url": "https://github.com/alire-project/GNAT-FSF-builds/pull/73",
        "id": 2441986526,
        "node_id": "PR_kwDOFdVmjM53GHRr",
        "number": 73,
        "title": "Gprbuild 24",
        "user": {
            "login": "Fabien-Chouteau",
            "id": 12136138,
            "node_id": "MDQ6VXNlcjEyMTM2MTM4",
            "avatar_url": "https://avatars.githubusercontent.com/u/12136138?v=4",
            "gravatar_id": "",
            "url": "https://api.github.com/users/Fabien-Chouteau",
            "html_url": "https://github.com/Fabien-Chouteau",
            "followers_url": "https://api.github.com/users/Fabien-Chouteau/followers",
            "following_url": "https://api.github.com/users/Fabien-Chouteau/following{/other_user}",
            "gists_url": "https://api.github.com/users/Fabien-Chouteau/gists{/gist_id}",
            "starred_url": "https://api.github.com/users/Fabien-Chouteau/starred{/owner}{/repo}",
            "subscriptions_url": "https://api.github.com/users/Fabien-Chouteau/subscriptions",
            "organizations_url": "https://api.github.com/users/Fabien-Chouteau/orgs",
            "repos_url": "https://api.github.com/users/Fabien-Chouteau/repos",
            "events_url": "https://api.github.com/users/Fabien-Chouteau/events{/privacy}",
            "received_events_url": "https://api.github.com/users/Fabien-Chouteau/received_events",
            "type": "User",
            "user_view_type": "public",
            "site_admin": false
        },
        "labels": [],
        "state": "open",
        "locked": false,
        "assignee": null,
        "assignees": [],
        "milestone": null,
        "comments": 0,
        "created_at": "2024-08-01T09:39:16Z",
        "updated_at": "2024-08-01T14:32:26Z",
        "closed_at": null,
        "author_association": "MEMBER",
        "sub_issues_summary": {
            "total": 0,
            "completed": 0,
            "percent_completed": 0
        },
        "active_lock_reason": null,
        "draft": false,
        "pull_request": {
            "url": "https://api.github.com/repos/alire-project/GNAT-FSF-builds/pulls/73",
            "html_url": "https://github.com/alire-project/GNAT-FSF-builds/pull/73",
            "diff_url": "https://github.com/alire-project/GNAT-FSF-builds/pull/73.diff",
            "patch_url": "https://github.com/alire-project/GNAT-FSF-builds/pull/73.patch",
            "merged_at": null
        },
        "body": null,
        "closed_by": null,
        "reactions": {
            "url": "https://api.github.com/repos/alire-project/GNAT-FSF-builds/issues/73/reactions",
            "total_count": 0,
            "+1": 0,
            "-1": 0,
            "laugh": 0,
            "hooray": 0,
            "confused": 0,
            "heart": 0,
            "rocket": 0,
            "eyes": 0
        },
        "timeline_url": "https://api.github.com/repos/alire-project/GNAT-FSF-builds/issues/73/timeline",
        "performed_via_github_app": null,
        "state_reason": null
    },
    {
        "url": "https://api.github.com/repos/alire-project/GNAT-FSF-builds/issues/69",
        "repository_url": "https://api.github.com/repos/alire-project/GNAT-FSF-builds",
        "labels_url": "https://api.github.com/repos/alire-project/GNAT-FSF-builds/issues/69/labels{/name}",
        "comments_url": "https://api.github.com/repos/alire-project/GNAT-FSF-builds/issues/69/comments",
        "events_url": "https://api.github.com/repos/alire-project/GNAT-FSF-builds/issues/69/events",
        "html_url": "https://github.com/alire-project/GNAT-FSF-builds/issues/69",
        "id": 2381174992,
        "node_id": "I_kwDOFdVmjM6N7djQ",
        "number": 69,
        "title": "Ada 2022 support in gnat_arm_elf",
        "user": {
            "login": "dinkelk",
            "id": 1225857,
            "node_id": "MDQ6VXNlcjEyMjU4NTc=",
            "avatar_url": "https://avatars.githubusercontent.com/u/1225857?v=4",
            "gravatar_id": "",
            "url": "https://api.github.com/users/dinkelk",
            "html_url": "https://github.com/dinkelk",
            "followers_url": "https://api.github.com/users/dinkelk/followers",
            "following_url": "https://api.github.com/users/dinkelk/following{/other_user}",
            "gists_url": "https://api.github.com/users/dinkelk/gists{/gist_id}",
            "starred_url": "https://api.github.com/users/dinkelk/starred{/owner}{/repo}",
            "subscriptions_url": "https://api.github.com/users/dinkelk/subscriptions",
            "organizations_url": "https://api.github.com/users/dinkelk/orgs",
            "repos_url": "https://api.github.com/users/dinkelk/repos",
            "events_url": "https://api.github.com/users/dinkelk/events{/privacy}",
            "received_events_url": "https://api.github.com/users/dinkelk/received_events",
            "type": "User",
            "user_view_type": "public",
            "site_admin": false
        },
        "labels": [],
        "state": "open",
        "locked": false,
        "assignee": null,
        "assignees": [],
        "milestone": null,
        "comments": 6,
        "created_at": "2024-06-28T20:49:59Z",
        "updated_at": "2024-07-03T17:12:09Z",
        "closed_at": null,
        "author_association": "NONE",
        "sub_issues_summary": {
            "total": 0,
            "completed": 0,
            "percent_completed": 0
        },
        "active_lock_reason": null,
        "body": "I am not sure if this it the right place to ask this, so please redirect if needed.\r\n\r\nI tried to enable the `-gnat2022` flag in a project I am working on that uses the `embedded-rpi-pico` runtime supplied in the `gnat_arm_elf` Alire crate. However, when doing so I get many compiler errors like:\r\n\r\n```\r\nxxx.ads:223:04: error: instantiation error at yyy.ads:304\r\nxxx.ads:223:04: error: construct not allowed in configurable run-time mode\r\nxxx.ads:223:04: error: file s-putaim.ads not found\r\nxxx.ads:223:04: error: entity \"System.Put_Task_Images.Put_Image_Protected\" not available\r\n```\r\n\r\nIt seems like `s-putaim.ads` is not yet included in the arm tasking/embedded runtimes? Is this expected? Is Ada 2022 support going to arrive for the arm runtimes in the future? Thanks!",
        "closed_by": {
            "login": "Fabien-Chouteau",
            "id": 12136138,
            "node_id": "MDQ6VXNlcjEyMTM2MTM4",
            "avatar_url": "https://avatars.githubusercontent.com/u/12136138?v=4",
            "gravatar_id": "",
            "url": "https://api.github.com/users/Fabien-Chouteau",
            "html_url": "https://github.com/Fabien-Chouteau",
            "followers_url": "https://api.github.com/users/Fabien-Chouteau/followers",
            "following_url": "https://api.github.com/users/Fabien-Chouteau/following{/other_user}",
            "gists_url": "https://api.github.com/users/Fabien-Chouteau/gists{/gist_id}",
            "starred_url": "https://api.github.com/users/Fabien-Chouteau/starred{/owner}{/repo}",
            "subscriptions_url": "https://api.github.com/users/Fabien-Chouteau/subscriptions",
            "organizations_url": "https://api.github.com/users/Fabien-Chouteau/orgs",
            "repos_url": "https://api.github.com/users/Fabien-Chouteau/repos",
            "events_url": "https://api.github.com/users/Fabien-Chouteau/events{/privacy}",
            "received_events_url": "https://api.github.com/users/Fabien-Chouteau/received_events",
            "type": "User",
            "user_view_type": "public",
            "site_admin": false
        },
        "reactions": {
            "url": "https://api.github.com/repos/alire-project/GNAT-FSF-builds/issues/69/reactions",
            "total_count": 0,
            "+1": 0,
            "-1": 0,
            "laugh": 0,
            "hooray": 0,
            "confused": 0,
            "heart": 0,
            "rocket": 0,
            "eyes": 0
        },
        "timeline_url": "https://api.github.com/repos/alire-project/GNAT-FSF-builds/issues/69/timeline",
        "performed_via_github_app": null,
        "state_reason": "reopened"
    },
    {
        "url": "https://api.github.com/repos/alire-project/GNAT-FSF-builds/issues/57",
        "repository_url": "https://api.github.com/repos/alire-project/GNAT-FSF-builds",
        "labels_url": "https://api.github.com/repos/alire-project/GNAT-FSF-builds/issues/57/labels{/name}",
        "comments_url": "https://api.github.com/repos/alire-project/GNAT-FSF-builds/issues/57/comments",
        "events_url": "https://api.github.com/repos/alire-project/GNAT-FSF-builds/issues/57/events",
        "html_url": "https://github.com/alire-project/GNAT-FSF-builds/issues/57",
        "id": 1970240530,
        "node_id": "I_kwDOFdVmjM51b3wS",
        "number": 57,
        "title": "gnatprove alt-ergo fails on macOS",
        "user": {
            "login": "rod-chapman",
            "id": 22537733,
            "node_id": "MDQ6VXNlcjIyNTM3NzMz",
            "avatar_url": "https://avatars.githubusercontent.com/u/22537733?v=4",
            "gravatar_id": "",
            "url": "https://api.github.com/users/rod-chapman",
            "html_url": "https://github.com/rod-chapman",
            "followers_url": "https://api.github.com/users/rod-chapman/followers",
            "following_url": "https://api.github.com/users/rod-chapman/following{/other_user}",
            "gists_url": "https://api.github.com/users/rod-chapman/gists{/gist_id}",
            "starred_url": "https://api.github.com/users/rod-chapman/starred{/owner}{/repo}",
            "subscriptions_url": "https://api.github.com/users/rod-chapman/subscriptions",
            "organizations_url": "https://api.github.com/users/rod-chapman/orgs",
            "repos_url": "https://api.github.com/users/rod-chapman/repos",
            "events_url": "https://api.github.com/users/rod-chapman/events{/privacy}",
            "received_events_url": "https://api.github.com/users/rod-chapman/received_events",
            "type": "User",
            "user_view_type": "public",
            "site_admin": false
        },
        "labels": [],
        "state": "open",
        "locked": false,
        "assignee": null,
        "assignees": [],
        "milestone": null,
        "comments": 4,
        "created_at": "2023-10-31T11:23:30Z",
        "updated_at": "2024-04-20T16:37:13Z",
        "closed_at": null,
        "author_association": "NONE",
        "sub_issues_summary": {
            "total": 0,
            "completed": 0,
            "percent_completed": 0
        },
        "active_lock_reason": null,
        "body": "On macOS Ventura...\r\n\r\nIf I install gnatprove with \"alr get gnatprove\", then set PATH so I can run \"gnatprove\" directly from a Shell, I find that alt-ergo does not run owing to not being able to find libgmp.10.dylib\r\n\r\ne.g.\r\n```\r\ngnatprove --version\r\n\r\n0.0w\r\nWhy3 for gnatprove version 1.4.0+git\r\n/Users/rodchap/gnatprove_12.1.1_eaf96349/libexec/spark/bin/alt-ergo: dyld[51421]: Library not loaded: /usr/local/opt/gmp/lib/libgmp.10.dylib\r\n  Referenced from: <9B1A84BD-548D-3389-B023-87417162EFAB> /Users/rodchap/gnatprove_12.1.1_eaf96349/libexec/spark/bin/alt-ergo\r\n  Reason: tried: '/usr/local/opt/gmp/lib/libgmp.10.dylib' (no such file), '/System/Volumes/Preboot/Cryptexes/OS/usr/local/opt/gmp/lib/libgmp.10.dylib' (no such file), '/usr/local/opt/gmp/lib/libgmp.10.dylib' (no such file), '/libgmp.10.dylib' (no such file)\r\n```\r\n\r\nI find I have to set the environment variable DYLD_FALLBACK_LIBRARY_PATH=gnatprove_xxx/libexec/spark/lib \r\nbefore this works properly.\r\n\r\nIt's very easy to miss this, since gnatprove still still seems to run OK and produces sub-standard proof results. This is very confusing for new users.\r\n",
        "closed_by": null,
        "reactions": {
            "url": "https://api.github.com/repos/alire-project/GNAT-FSF-builds/issues/57/reactions",
            "total_count": 0,
            "+1": 0,
            "-1": 0,
            "laugh": 0,
            "hooray": 0,
            "confused": 0,
            "heart": 0,
            "rocket": 0,
            "eyes": 0
        },
        "timeline_url": "https://api.github.com/repos/alire-project/GNAT-FSF-builds/issues/57/timeline",
        "performed_via_github_app": null,
        "state_reason": null
    },
    {
        "url": "https://api.github.com/repos/alire-project/GNAT-FSF-builds/issues/50",
        "repository_url": "https://api.github.com/repos/alire-project/GNAT-FSF-builds",
        "labels_url": "https://api.github.com/repos/alire-project/GNAT-FSF-builds/issues/50/labels{/name}",
        "comments_url": "https://api.github.com/repos/alire-project/GNAT-FSF-builds/issues/50/comments",
        "events_url": "https://api.github.com/repos/alire-project/GNAT-FSF-builds/issues/50/events",
        "html_url": "https://github.com/alire-project/GNAT-FSF-builds/issues/50",
        "id": 1827829040,
        "node_id": "I_kwDOFdVmjM5s8nUw",
        "number": 50,
        "title": "unable to debug stm32f4 target",
        "user": {
            "login": "rvl13",
            "id": 111491316,
            "node_id": "U_kgDOBqU49A",
            "avatar_url": "https://avatars.githubusercontent.com/u/111491316?v=4",
            "gravatar_id": "",
            "url": "https://api.github.com/users/rvl13",
            "html_url": "https://github.com/rvl13",
            "followers_url": "https://api.github.com/users/rvl13/followers",
            "following_url": "https://api.github.com/users/rvl13/following{/other_user}",
            "gists_url": "https://api.github.com/users/rvl13/gists{/gist_id}",
            "starred_url": "https://api.github.com/users/rvl13/starred{/owner}{/repo}",
            "subscriptions_url": "https://api.github.com/users/rvl13/subscriptions",
            "organizations_url": "https://api.github.com/users/rvl13/orgs",
            "repos_url": "https://api.github.com/users/rvl13/repos",
            "events_url": "https://api.github.com/users/rvl13/events{/privacy}",
            "received_events_url": "https://api.github.com/users/rvl13/received_events",
            "type": "User",
            "user_view_type": "public",
            "site_admin": false
        },
        "labels": [],
        "state": "open",
        "locked": false,
        "assignee": null,
        "assignees": [],
        "milestone": null,
        "comments": 1,
        "created_at": "2023-07-30T06:57:08Z",
        "updated_at": "2023-09-18T15:11:54Z",
        "closed_at": null,
        "author_association": "NONE",
        "sub_issues_summary": {
            "total": 0,
            "completed": 0,
            "percent_completed": 0
        },
        "active_lock_reason": null,
        "body": "I have recently installed following toolchain on my machine and I am unable to debug STM32F4 discovery, attached are the logs and screenshot of the debugger.\r\n\r\n- OS/Hardware : Windows 10 on Intel i5-6200U\r\n- Toolchain : GNAT FSF 12.2.0 for arm-eabi, GPRBUILD 22.0.0, gnatstudio 23.0w\r\n- Dev board : STM32F4 discovery\r\n\r\n[GDB_log.txt](https://github.com/alire-project/GNAT-FSF-builds/files/12208627/GDB_log.txt)\r\n![GDB_issue_screenshot](https://github.com/alire-project/GNAT-FSF-builds/assets/111491316/8453b257-9061-4e02-918b-2e830077a4bc)\r\n![gnat_version](https://github.com/alire-project/GNAT-FSF-builds/assets/111491316/3cbdb4b5-7306-4bbd-85c7-f7316abd46c8)\r\n\r\nAs per the screenshot, :\r\n- the load command fails because it seems like gdb is unable to parse path with backslashes. hence I issue load command again with forward slashes instead. and it loads the executable.\r\n- After that, issuing the \"monitor reset halt\" has no effect, it surely resets the target, but does not halt it.\r\n- And hence because of it, none of the step/continue commands work.\r\n- Note that I have enabled the debugging information flag (-g) in project properties.\r\n\r\nAdditionally, I also have community 2019 arm toolchain installed and debugging just works fine using the same, hence I do not think this is an issue with the st-link gdb-server installation.\r\n\r\nPlease let me know if more information is required.\r\n\r\nThanks,\r\nrvl13",
        "closed_by": null,
        "reactions": {
            "url": "https://api.github.com/repos/alire-project/GNAT-FSF-builds/issues/50/reactions",
            "total_count": 0,
            "+1": 0,
            "-1": 0,
            "laugh": 0,
            "hooray": 0,
            "confused": 0,
            "heart": 0,
            "rocket": 0,
            "eyes": 0
        },
        "timeline_url": "https://api.github.com/repos/alire-project/GNAT-FSF-builds/issues/50/timeline",
        "performed_via_github_app": null,
        "state_reason": null
    },
    {
        "url": "https://api.github.com/repos/alire-project/GNAT-FSF-builds/issues/44",
        "repository_url": "https://api.github.com/repos/alire-project/GNAT-FSF-builds",
        "labels_url": "https://api.github.com/repos/alire-project/GNAT-FSF-builds/issues/44/labels{/name}",
        "comments_url": "https://api.github.com/repos/alire-project/GNAT-FSF-builds/issues/44/comments",
        "events_url": "https://api.github.com/repos/alire-project/GNAT-FSF-builds/issues/44/events",
        "html_url": "https://github.com/alire-project/GNAT-FSF-builds/issues/44",
        "id": 1491396269,
        "node_id": "I_kwDOFdVmjM5Y5Oat",
        "number": 44,
        "title": "Wrong gnatprove --version",
        "user": {
            "login": "reet-",
            "id": 5601828,
            "node_id": "MDQ6VXNlcjU2MDE4Mjg=",
            "avatar_url": "https://avatars.githubusercontent.com/u/5601828?v=4",
            "gravatar_id": "",
            "url": "https://api.github.com/users/reet-",
            "html_url": "https://github.com/reet-",
            "followers_url": "https://api.github.com/users/reet-/followers",
            "following_url": "https://api.github.com/users/reet-/following{/other_user}",
            "gists_url": "https://api.github.com/users/reet-/gists{/gist_id}",
            "starred_url": "https://api.github.com/users/reet-/starred{/owner}{/repo}",
            "subscriptions_url": "https://api.github.com/users/reet-/subscriptions",
            "organizations_url": "https://api.github.com/users/reet-/orgs",
            "repos_url": "https://api.github.com/users/reet-/repos",
            "events_url": "https://api.github.com/users/reet-/events{/privacy}",
            "received_events_url": "https://api.github.com/users/reet-/received_events",
            "type": "User",
            "user_view_type": "public",
            "site_admin": false
        },
        "labels": [
            {
                "id": 2990063346,
                "node_id": "MDU6TGFiZWwyOTkwMDYzMzQ2",
                "url": "https://api.github.com/repos/alire-project/GNAT-FSF-builds/labels/enhancement",
                "name": "enhancement",
                "color": "a2eeef",
                "default": true,
                "description": "New feature or request"
            }
        ],
        "state": "open",
        "locked": false,
        "assignee": null,
        "assignees": [],
        "milestone": null,
        "comments": 5,
        "created_at": "2022-12-12T09:22:20Z",
        "updated_at": "2022-12-13T09:09:17Z",
        "closed_at": null,
        "author_association": "NONE",
        "sub_issues_summary": {
            "total": 0,
            "completed": 0,
            "percent_completed": 0
        },
        "active_lock_reason": null,
        "body": "I'm using `gnatprove_12.1.1_e1e1ce47`, which display the following version:\r\n\r\n```\r\n$ gnatprove --version\r\n0.0w\r\n```",
        "closed_by": null,
        "reactions": {
            "url": "https://api.github.com/repos/alire-project/GNAT-FSF-builds/issues/44/reactions",
            "total_count": 0,
            "+1": 0,
            "-1": 0,
            "laugh": 0,
            "hooray": 0,
            "confused": 0,
            "heart": 0,
            "rocket": 0,
            "eyes": 0
        },
        "timeline_url": "https://api.github.com/repos/alire-project/GNAT-FSF-builds/issues/44/timeline",
        "performed_via_github_app": null,
        "state_reason": null
    },
    {
        "url": "https://api.github.com/repos/alire-project/GNAT-FSF-builds/issues/43",
        "repository_url": "https://api.github.com/repos/alire-project/GNAT-FSF-builds",
        "labels_url": "https://api.github.com/repos/alire-project/GNAT-FSF-builds/issues/43/labels{/name}",
        "comments_url": "https://api.github.com/repos/alire-project/GNAT-FSF-builds/issues/43/comments",
        "events_url": "https://api.github.com/repos/alire-project/GNAT-FSF-builds/issues/43/events",
        "html_url": "https://github.com/alire-project/GNAT-FSF-builds/issues/43",
        "id": 1475960794,
        "node_id": "I_kwDOFdVmjM5X-V_a",
        "number": 43,
        "title": "gnat 12.2.1 does not link on Windows",
        "user": {
            "login": "stephe-ada-guru",
            "id": 6609399,
            "node_id": "MDQ6VXNlcjY2MDkzOTk=",
            "avatar_url": "https://avatars.githubusercontent.com/u/6609399?v=4",
            "gravatar_id": "",
            "url": "https://api.github.com/users/stephe-ada-guru",
            "html_url": "https://github.com/stephe-ada-guru",
            "followers_url": "https://api.github.com/users/stephe-ada-guru/followers",
            "following_url": "https://api.github.com/users/stephe-ada-guru/following{/other_user}",
            "gists_url": "https://api.github.com/users/stephe-ada-guru/gists{/gist_id}",
            "starred_url": "https://api.github.com/users/stephe-ada-guru/starred{/owner}{/repo}",
            "subscriptions_url": "https://api.github.com/users/stephe-ada-guru/subscriptions",
            "organizations_url": "https://api.github.com/users/stephe-ada-guru/orgs",
            "repos_url": "https://api.github.com/users/stephe-ada-guru/repos",
            "events_url": "https://api.github.com/users/stephe-ada-guru/events{/privacy}",
            "received_events_url": "https://api.github.com/users/stephe-ada-guru/received_events",
            "type": "User",
            "user_view_type": "public",
            "site_admin": false
        },
        "labels": [],
        "state": "open",
        "locked": false,
        "assignee": null,
        "assignees": [],
        "milestone": null,
        "comments": 6,
        "created_at": "2022-12-02T22:07:59Z",
        "updated_at": "2023-01-01T18:25:31Z",
        "closed_at": null,
        "author_association": "NONE",
        "sub_issues_summary": {
            "total": 0,
            "completed": 0,
            "percent_completed": 0
        },
        "active_lock_reason": null,
        "body": "$ alr toolchain --install gnat_native --install-dir=c:/home/stephe/.local\r\n\r\n;;# include in PATH\r\n\r\n$ gprbuild hello\r\nusing project file C:\\home\\stephe\\.local\\gprbuild_22.0.1_c842bbc5\\share\\gpr\\_default.gpr\r\nCompile\r\n   [Ada]          hello.adb\r\nBind\r\n   [gprbind]      hello.bexch\r\n   [Ada]          hello.ali\r\nLink\r\n   [link]         hello.adb\r\nc:/home/stephe/.local/gnat_native_12.2.1_c210a022/bin/../lib/gcc/x86_64-w64-mingw32/12.2.0/../../../../x86_64-w64-mingw32/bin/ld.exe: c:/home/stephe/.local/gnat_native_12.2.1_c210a022/bin/../libexec/gcc/x86_64-w64-mingw32/12.2.0/liblto_plugin.dll: error loading plugin: \r\ncollect2.exe: error: ld returned 1 exit status\r\ngprbuild: link of hello.adb failed\r\ngprbuild: failed command was: c:\\home\\stephe\\.local\\gnat_native_12.2.1_c210a022\\bin\\gcc.exe hello.o b__hello.o -LC:\\home\\stephe\\Ada_Work\\ -LC:\\home\\stephe\\Ada_Work\\\\ -LC:/home/stephe/.local/gnat_native_12.2.1_c210a022/lib/gcc/x86_64-w64-mingw32/12.2.0/adalib/ -static-libgcc C:/home/stephe/.local/gnat_native_12.2.1_c210a022/lib/gcc/x86_64-w64-mingw32/12.2.0/adalib/libgnat.a -Wl,--stack=0x2000000 -o hello.exe\r\n\r\nliblto_plugin.dll exists; apparently it is corrupted.\r\n\r\ngnat_native 12.1.1 has the same problem; as a workaround, I'm using gnat community 2021 on Windows.\r\n\r\n[hello.adb.txt](https://github.com/alire-project/alire/files/10144682/hello.adb.txt)\r\n",
        "closed_by": null,
        "reactions": {
            "url": "https://api.github.com/repos/alire-project/GNAT-FSF-builds/issues/43/reactions",
            "total_count": 0,
            "+1": 0,
            "-1": 0,
            "laugh": 0,
            "hooray": 0,
            "confused": 0,
            "heart": 0,
            "rocket": 0,
            "eyes": 0
        },
        "timeline_url": "https://api.github.com/repos/alire-project/GNAT-FSF-builds/issues/43/timeline",
        "performed_via_github_app": null,
        "state_reason": null
    },
    {
        "url": "https://api.github.com/repos/alire-project/GNAT-FSF-builds/issues/42",
        "repository_url": "https://api.github.com/repos/alire-project/GNAT-FSF-builds",
        "labels_url": "https://api.github.com/repos/alire-project/GNAT-FSF-builds/issues/42/labels{/name}",
        "comments_url": "https://api.github.com/repos/alire-project/GNAT-FSF-builds/issues/42/comments",
        "events_url": "https://api.github.com/repos/alire-project/GNAT-FSF-builds/issues/42/events",
        "html_url": "https://github.com/alire-project/GNAT-FSF-builds/pull/42",
        "id": 1435000403,
        "node_id": "PR_kwDOFdVmjM5CJ50P",
        "number": 42,
        "title": "gprbuild and gnatcov 23.0",
        "user": {
            "login": "Fabien-Chouteau",
            "id": 12136138,
            "node_id": "MDQ6VXNlcjEyMTM2MTM4",
            "avatar_url": "https://avatars.githubusercontent.com/u/12136138?v=4",
            "gravatar_id": "",
            "url": "https://api.github.com/users/Fabien-Chouteau",
            "html_url": "https://github.com/Fabien-Chouteau",
            "followers_url": "https://api.github.com/users/Fabien-Chouteau/followers",
            "following_url": "https://api.github.com/users/Fabien-Chouteau/following{/other_user}",
            "gists_url": "https://api.github.com/users/Fabien-Chouteau/gists{/gist_id}",
            "starred_url": "https://api.github.com/users/Fabien-Chouteau/starred{/owner}{/repo}",
            "subscriptions_url": "https://api.github.com/users/Fabien-Chouteau/subscriptions",
            "organizations_url": "https://api.github.com/users/Fabien-Chouteau/orgs",
            "repos_url": "https://api.github.com/users/Fabien-Chouteau/repos",
            "events_url": "https://api.github.com/users/Fabien-Chouteau/events{/privacy}",
            "received_events_url": "https://api.github.com/users/Fabien-Chouteau/received_events",
            "type": "User",
            "user_view_type": "public",
            "site_admin": false
        },
        "labels": [],
        "state": "open",
        "locked": false,
        "assignee": null,
        "assignees": [],
        "milestone": null,
        "comments": 0,
        "created_at": "2022-11-03T17:06:37Z",
        "updated_at": "2022-11-08T15:10:01Z",
        "closed_at": null,
        "author_association": "MEMBER",
        "sub_issues_summary": {
            "total": 0,
            "completed": 0,
            "percent_completed": 0
        },
        "active_lock_reason": null,
        "draft": false,
        "pull_request": {
            "url": "https://api.github.com/repos/alire-project/GNAT-FSF-builds/pulls/42",
            "html_url": "https://github.com/alire-project/GNAT-FSF-builds/pull/42",
            "diff_url": "https://github.com/alire-project/GNAT-FSF-builds/pull/42.diff",
            "patch_url": "https://github.com/alire-project/GNAT-FSF-builds/pull/42.patch",
            "merged_at": null
        },
        "body": null,
        "closed_by": null,
        "reactions": {
            "url": "https://api.github.com/repos/alire-project/GNAT-FSF-builds/issues/42/reactions",
            "total_count": 0,
            "+1": 0,
            "-1": 0,
            "laugh": 0,
            "hooray": 0,
            "confused": 0,
            "heart": 0,
            "rocket": 0,
            "eyes": 0
        },
        "timeline_url": "https://api.github.com/repos/alire-project/GNAT-FSF-builds/issues/42/timeline",
        "performed_via_github_app": null,
        "state_reason": null
    },
    {
        "url": "https://api.github.com/repos/alire-project/GNAT-FSF-builds/issues/40",
        "repository_url": "https://api.github.com/repos/alire-project/GNAT-FSF-builds",
        "labels_url": "https://api.github.com/repos/alire-project/GNAT-FSF-builds/issues/40/labels{/name}",
        "comments_url": "https://api.github.com/repos/alire-project/GNAT-FSF-builds/issues/40/comments",
        "events_url": "https://api.github.com/repos/alire-project/GNAT-FSF-builds/issues/40/events",
        "html_url": "https://github.com/alire-project/GNAT-FSF-builds/issues/40",
        "id": 1307072551,
        "node_id": "I_kwDOFdVmjM5N6Fgn",
        "number": 40,
        "title": "GCC 9",
        "user": {
            "login": "jquorning",
            "id": 20935268,
            "node_id": "MDQ6VXNlcjIwOTM1MjY4",
            "avatar_url": "https://avatars.githubusercontent.com/u/20935268?v=4",
            "gravatar_id": "",
            "url": "https://api.github.com/users/jquorning",
            "html_url": "https://github.com/jquorning",
            "followers_url": "https://api.github.com/users/jquorning/followers",
            "following_url": "https://api.github.com/users/jquorning/following{/other_user}",
            "gists_url": "https://api.github.com/users/jquorning/gists{/gist_id}",
            "starred_url": "https://api.github.com/users/jquorning/starred{/owner}{/repo}",
            "subscriptions_url": "https://api.github.com/users/jquorning/subscriptions",
            "organizations_url": "https://api.github.com/users/jquorning/orgs",
            "repos_url": "https://api.github.com/users/jquorning/repos",
            "events_url": "https://api.github.com/users/jquorning/events{/privacy}",
            "received_events_url": "https://api.github.com/users/jquorning/received_events",
            "type": "User",
            "user_view_type": "public",
            "site_admin": false
        },
        "labels": [],
        "state": "open",
        "locked": false,
        "assignee": null,
        "assignees": [],
        "milestone": null,
        "comments": 1,
        "created_at": "2022-07-17T11:41:14Z",
        "updated_at": "2022-07-20T08:19:19Z",
        "closed_at": null,
        "author_association": "NONE",
        "sub_issues_summary": {
            "total": 0,
            "completed": 0,
            "percent_completed": 0
        },
        "active_lock_reason": null,
        "body": "How about a release of GCC 9.5 [1] ?\r\n\r\n9.5 is the latest / mature / completed GCC.\r\n\r\n[1] https://gcc.gnu.org/pipermail/gcc-announce/2022/000172.html\r\n",
        "closed_by": null,
        "reactions": {
            "url": "https://api.github.com/repos/alire-project/GNAT-FSF-builds/issues/40/reactions",
            "total_count": 0,
            "+1": 0,
            "-1": 0,
            "laugh": 0,
            "hooray": 0,
            "confused": 0,
            "heart": 0,
            "rocket": 0,
            "eyes": 0
        },
        "timeline_url": "https://api.github.com/repos/alire-project/GNAT-FSF-builds/issues/40/timeline",
        "performed_via_github_app": null,
        "state_reason": null
    },
    {
        "url": "https://api.github.com/repos/alire-project/GNAT-FSF-builds/issues/38",
        "repository_url": "https://api.github.com/repos/alire-project/GNAT-FSF-builds",
        "labels_url": "https://api.github.com/repos/alire-project/GNAT-FSF-builds/issues/38/labels{/name}",
        "comments_url": "https://api.github.com/repos/alire-project/GNAT-FSF-builds/issues/38/comments",
        "events_url": "https://api.github.com/repos/alire-project/GNAT-FSF-builds/issues/38/events",
        "html_url": "https://github.com/alire-project/GNAT-FSF-builds/pull/38",
        "id": 1286019934,
        "node_id": "PR_kwDOFdVmjM46bW7d",
        "number": 38,
        "title": "binutils.anod: enable lto support",
        "user": {
            "login": "Fabien-Chouteau",
            "id": 12136138,
            "node_id": "MDQ6VXNlcjEyMTM2MTM4",
            "avatar_url": "https://avatars.githubusercontent.com/u/12136138?v=4",
            "gravatar_id": "",
            "url": "https://api.github.com/users/Fabien-Chouteau",
            "html_url": "https://github.com/Fabien-Chouteau",
            "followers_url": "https://api.github.com/users/Fabien-Chouteau/followers",
            "following_url": "https://api.github.com/users/Fabien-Chouteau/following{/other_user}",
            "gists_url": "https://api.github.com/users/Fabien-Chouteau/gists{/gist_id}",
            "starred_url": "https://api.github.com/users/Fabien-Chouteau/starred{/owner}{/repo}",
            "subscriptions_url": "https://api.github.com/users/Fabien-Chouteau/subscriptions",
            "organizations_url": "https://api.github.com/users/Fabien-Chouteau/orgs",
            "repos_url": "https://api.github.com/users/Fabien-Chouteau/repos",
            "events_url": "https://api.github.com/users/Fabien-Chouteau/events{/privacy}",
            "received_events_url": "https://api.github.com/users/Fabien-Chouteau/received_events",
            "type": "User",
            "user_view_type": "public",
            "site_admin": false
        },
        "labels": [],
        "state": "open",
        "locked": false,
        "assignee": null,
        "assignees": [],
        "milestone": null,
        "comments": 0,
        "created_at": "2022-06-27T16:05:16Z",
        "updated_at": "2022-06-27T16:05:16Z",
        "closed_at": null,
        "author_association": "MEMBER",
        "sub_issues_summary": {
            "total": 0,
            "completed": 0,
            "percent_completed": 0
        },
        "active_lock_reason": null,
        "draft": false,
        "pull_request": {
            "url": "https://api.github.com/repos/alire-project/GNAT-FSF-builds/pulls/38",
            "html_url": "https://github.com/alire-project/GNAT-FSF-builds/pull/38",
            "diff_url": "https://github.com/alire-project/GNAT-FSF-builds/pull/38.diff",
            "patch_url": "https://github.com/alire-project/GNAT-FSF-builds/pull/38.patch",
            "merged_at": null
        },
        "body": null,
        "closed_by": null,
        "reactions": {
            "url": "https://api.github.com/repos/alire-project/GNAT-FSF-builds/issues/38/reactions",
            "total_count": 0,
            "+1": 0,
            "-1": 0,
            "laugh": 0,
            "hooray": 0,
            "confused": 0,
            "heart": 0,
            "rocket": 0,
            "eyes": 0
        },
        "timeline_url": "https://api.github.com/repos/alire-project/GNAT-FSF-builds/issues/38/timeline",
        "performed_via_github_app": null,
        "state_reason": null
    },
    {
        "url": "https://api.github.com/repos/alire-project/GNAT-FSF-builds/issues/34",
        "repository_url": "https://api.github.com/repos/alire-project/GNAT-FSF-builds",
        "labels_url": "https://api.github.com/repos/alire-project/GNAT-FSF-builds/issues/34/labels{/name}",
        "comments_url": "https://api.github.com/repos/alire-project/GNAT-FSF-builds/issues/34/comments",
        "events_url": "https://api.github.com/repos/alire-project/GNAT-FSF-builds/issues/34/events",
        "html_url": "https://github.com/alire-project/GNAT-FSF-builds/issues/34",
        "id": 1263743823,
        "node_id": "I_kwDOFdVmjM5LUzNP",
        "number": 34,
        "title": "arm-eabi-gdb depends on libncurses.so.5",
        "user": {
            "login": "JeremyGrosser",
            "id": 2151,
            "node_id": "MDQ6VXNlcjIxNTE=",
            "avatar_url": "https://avatars.githubusercontent.com/u/2151?v=4",
            "gravatar_id": "",
            "url": "https://api.github.com/users/JeremyGrosser",
            "html_url": "https://github.com/JeremyGrosser",
            "followers_url": "https://api.github.com/users/JeremyGrosser/followers",
            "following_url": "https://api.github.com/users/JeremyGrosser/following{/other_user}",
            "gists_url": "https://api.github.com/users/JeremyGrosser/gists{/gist_id}",
            "starred_url": "https://api.github.com/users/JeremyGrosser/starred{/owner}{/repo}",
            "subscriptions_url": "https://api.github.com/users/JeremyGrosser/subscriptions",
            "organizations_url": "https://api.github.com/users/JeremyGrosser/orgs",
            "repos_url": "https://api.github.com/users/JeremyGrosser/repos",
            "events_url": "https://api.github.com/users/JeremyGrosser/events{/privacy}",
            "received_events_url": "https://api.github.com/users/JeremyGrosser/received_events",
            "type": "User",
            "user_view_type": "public",
            "site_admin": false
        },
        "labels": [],
        "state": "open",
        "locked": false,
        "assignee": null,
        "assignees": [],
        "milestone": null,
        "comments": 3,
        "created_at": "2022-06-07T19:06:13Z",
        "updated_at": "2022-06-09T17:28:50Z",
        "closed_at": null,
        "author_association": "NONE",
        "sub_issues_summary": {
            "total": 0,
            "completed": 0,
            "percent_completed": 0
        },
        "active_lock_reason": null,
        "body": "...but Debian stable (bullseye) installs `libncurses6` by default. A `libncurses5` package is available, but Alire does not install it automatically.\r\n\r\n```\r\nalr exec arm-eabi-gdb bin/hello_pico\r\n/home/synack/.config/alire/cache/dependencies/gnat_arm_elf_11.2.4_ba16d45c/bin/arm-eabi-gdb: error while loading shared libraries: libncurses.so.5: cannot open shared object file: No such file or directory\r\n```\r\n\r\n`sudo apt install libncurses5` fixes this error.",
        "closed_by": null,
        "reactions": {
            "url": "https://api.github.com/repos/alire-project/GNAT-FSF-builds/issues/34/reactions",
            "total_count": 0,
            "+1": 0,
            "-1": 0,
            "laugh": 0,
            "hooray": 0,
            "confused": 0,
            "heart": 0,
            "rocket": 0,
            "eyes": 0
        },
        "timeline_url": "https://api.github.com/repos/alire-project/GNAT-FSF-builds/issues/34/timeline",
        "performed_via_github_app": null,
        "state_reason": null
    },
    {
        "url": "https://api.github.com/repos/alire-project/GNAT-FSF-builds/issues/33",
        "repository_url": "https://api.github.com/repos/alire-project/GNAT-FSF-builds",
        "labels_url": "https://api.github.com/repos/alire-project/GNAT-FSF-builds/issues/33/labels{/name}",
        "comments_url": "https://api.github.com/repos/alire-project/GNAT-FSF-builds/issues/33/comments",
        "events_url": "https://api.github.com/repos/alire-project/GNAT-FSF-builds/issues/33/events",
        "html_url": "https://github.com/alire-project/GNAT-FSF-builds/issues/33",
        "id": 1258056714,
        "node_id": "I_kwDOFdVmjM5K_GwK",
        "number": 33,
        "title": "Missing zlib1.dll for gnatprove-11.2.0-3 on Windows",
        "user": {
            "login": "damaki",
            "id": 720413,
            "node_id": "MDQ6VXNlcjcyMDQxMw==",
            "avatar_url": "https://avatars.githubusercontent.com/u/720413?v=4",
            "gravatar_id": "",
            "url": "https://api.github.com/users/damaki",
            "html_url": "https://github.com/damaki",
            "followers_url": "https://api.github.com/users/damaki/followers",
            "following_url": "https://api.github.com/users/damaki/following{/other_user}",
            "gists_url": "https://api.github.com/users/damaki/gists{/gist_id}",
            "starred_url": "https://api.github.com/users/damaki/starred{/owner}{/repo}",
            "subscriptions_url": "https://api.github.com/users/damaki/subscriptions",
            "organizations_url": "https://api.github.com/users/damaki/orgs",
            "repos_url": "https://api.github.com/users/damaki/repos",
            "events_url": "https://api.github.com/users/damaki/events{/privacy}",
            "received_events_url": "https://api.github.com/users/damaki/received_events",
            "type": "User",
            "user_view_type": "public",
            "site_admin": false
        },
        "labels": [],
        "state": "open",
        "locked": false,
        "assignee": null,
        "assignees": [],
        "milestone": null,
        "comments": 5,
        "created_at": "2022-06-02T11:30:17Z",
        "updated_at": "2022-06-14T10:14:46Z",
        "closed_at": null,
        "author_association": "NONE",
        "sub_issues_summary": {
            "total": 0,
            "completed": 0,
            "percent_completed": 0
        },
        "active_lock_reason": null,
        "body": "With gnatprove-11.2.0-3 (obtained via Alire), the alt-ergo prover does not work on Windows 10 due to a missing zlib1.dll.\r\n\r\nThe following error appears when running `gnatprove --version`:\r\n\r\n![image](https://user-images.githubusercontent.com/720413/171618750-bf8f7bf1-7529-415a-a53b-a571564a3b0f.png)\r\n\r\nHere is the complete output of `gnatprove --version`:\r\n```\r\n0.0w\r\nWhy3 for gnatprove version 1.3.1+git\r\nC:\\Users\\Dan\\.config\\alire\\cache\\dependencies\\gnatprove_11.2.3_cd184fa0\\libexec\\spark\\bin\\alt-ergo.exe: C:\\Users\\Dan\\.config\\alire\\cache\\dependencies\\gnatprove_11.2.3_cd184fa0\\libexec\\spark\\bin\\cvc4.exe: This is CVC4 version 1.8\r\ncompiled with GCC version 5.3.1 20160211\r\non Aug 25 2020 08:27:39\r\n\r\nCopyright (c) 2009-2020 by the authors and their institutional\r\naffiliations listed at http://cvc4.cs.stanford.edu/authors\r\n\r\nCVC4 is open-source and is covered by the BSD license (modified).\r\n\r\nTHIS SOFTWARE IS PROVIDED AS-IS, WITHOUT ANY WARRANTIES.\r\nUSE AT YOUR OWN RISK.\r\n\r\nCVC4 incorporates code from ANTLR3 (http://www.antlr.org).\r\nSee licenses/antlr3-LICENSE for copyright and licensing information.\r\n\r\nThis version of CVC4 is linked against the following non-(L)GPL'ed\r\nthird party libraries.\r\n\r\n  SymFPU - The Symbolic Floating Point Unit\r\n  See https://github.com/martin-cs/symfpu/tree/CVC4 for copyright information.\r\n\r\nThis version of CVC4 is linked against the following third party\r\nlibraries covered by the LGPLv3 license.\r\nSee licenses/lgpl-3.0.txt for more information.\r\n\r\n  GMP - Gnu Multi Precision Arithmetic Library\r\n  See http://gmplib.org for copyright information.\r\n\r\nSee the file COPYING (distributed with the source code, and with\r\nall binaries) for the full CVC4 copyright, licensing, and (lack of)\r\nwarranty information.\r\nC:\\Users\\Dan\\.config\\alire\\cache\\dependencies\\gnatprove_11.2.3_cd184fa0\\libexec\\spark\\bin\\z3.exe: Z3 version 4.8.12 - 64 bit\r\n```\r\n\r\nWhen running gnatprove on a project, the error message does not appear but alt-ergo does not show up in the report. Here's an example summary report which shows that the CVC4, Trivial, and Z3 provers successfully proved some checks, but alt-ergo did not prove anything:\r\n```\r\n---------------------------------------------------------------------------------------------------------------------------\r\nSPARK Analysis results        Total          Flow   CodePeer                                Provers   Justified    Unproved\r\n---------------------------------------------------------------------------------------------------------------------------\r\nData Dependencies               899           899          .                                      .           .           .\r\nFlow Dependencies               371           371          .                                      .           .           .\r\nInitialization                 5053          4991          .                                      .          62           .\r\nNon-Aliasing                    232           232          .                                      .           .           .\r\nRun-time Checks               12318             .          .    12116 (CVC4 97%, Trivial 3%, Z3 0%)           .         202\r\nAssertions                     1486             .          .     1453 (CVC4 93%, Trivial 5%, Z3 2%)           .          33\r\nFunctional Contracts           2183             .          .            2162 (CVC4 97%, Trivial 3%)           .          21\r\nLSP Verification                  .             .          .                                      .           .           .\r\nTermination                     114             .          .                             114 (CVC4)           .           .\r\nConcurrency                       .             .          .                                      .           .           .\r\n---------------------------------------------------------------------------------------------------------------------------\r\nTotal                         22656    6493 (29%)          .                            15845 (70%)     62 (0%)    256 (1%)\r\n```",
        "closed_by": null,
        "reactions": {
            "url": "https://api.github.com/repos/alire-project/GNAT-FSF-builds/issues/33/reactions",
            "total_count": 0,
            "+1": 0,
            "-1": 0,
            "laugh": 0,
            "hooray": 0,
            "confused": 0,
            "heart": 0,
            "rocket": 0,
            "eyes": 0
        },
        "timeline_url": "https://api.github.com/repos/alire-project/GNAT-FSF-builds/issues/33/timeline",
        "performed_via_github_app": null,
        "state_reason": null
    },
    {
        "url": "https://api.github.com/repos/alire-project/GNAT-FSF-builds/issues/30",
        "repository_url": "https://api.github.com/repos/alire-project/GNAT-FSF-builds",
        "labels_url": "https://api.github.com/repos/alire-project/GNAT-FSF-builds/issues/30/labels{/name}",
        "comments_url": "https://api.github.com/repos/alire-project/GNAT-FSF-builds/issues/30/comments",
        "events_url": "https://api.github.com/repos/alire-project/GNAT-FSF-builds/issues/30/events",
        "html_url": "https://github.com/alire-project/GNAT-FSF-builds/issues/30",
        "id": 1109036349,
        "node_id": "I_kwDOFdVmjM5CGo09",
        "number": 30,
        "title": "There is no `libada.gpr` ",
        "user": {
            "login": "reznikmm",
            "id": 6430719,
            "node_id": "MDQ6VXNlcjY0MzA3MTk=",
            "avatar_url": "https://avatars.githubusercontent.com/u/6430719?v=4",
            "gravatar_id": "",
            "url": "https://api.github.com/users/reznikmm",
            "html_url": "https://github.com/reznikmm",
            "followers_url": "https://api.github.com/users/reznikmm/followers",
            "following_url": "https://api.github.com/users/reznikmm/following{/other_user}",
            "gists_url": "https://api.github.com/users/reznikmm/gists{/gist_id}",
            "starred_url": "https://api.github.com/users/reznikmm/starred{/owner}{/repo}",
            "subscriptions_url": "https://api.github.com/users/reznikmm/subscriptions",
            "organizations_url": "https://api.github.com/users/reznikmm/orgs",
            "repos_url": "https://api.github.com/users/reznikmm/repos",
            "events_url": "https://api.github.com/users/reznikmm/events{/privacy}",
            "received_events_url": "https://api.github.com/users/reznikmm/received_events",
            "type": "User",
            "user_view_type": "public",
            "site_admin": false
        },
        "labels": [],
        "state": "open",
        "locked": false,
        "assignee": null,
        "assignees": [],
        "milestone": null,
        "comments": 0,
        "created_at": "2022-01-20T09:02:45Z",
        "updated_at": "2022-01-20T09:02:45Z",
        "closed_at": null,
        "author_association": "CONTRIBUTOR",
        "sub_issues_summary": {
            "total": 0,
            "completed": 0,
            "percent_completed": 0
        },
        "active_lock_reason": null,
        "body": "I should note, that gnat_native doesn't provide `libada.gpr` file.\r\n\r\nThis file is mentioned in [GNAT User Guide](https://gcc.gnu.org/onlinedocs/gcc-11.2.0/gnat_ugn/Rebuilding-the-GNAT-Run-Time-Library.html#Rebuilding-the-GNAT-Run-Time-Library)  and should be used to rebuild RTL as needed.\r\n\r\nGNAT CE 2021 provides this file. I guess, it would be nice to provide this file also.",
        "closed_by": null,
        "reactions": {
            "url": "https://api.github.com/repos/alire-project/GNAT-FSF-builds/issues/30/reactions",
            "total_count": 0,
            "+1": 0,
            "-1": 0,
            "laugh": 0,
            "hooray": 0,
            "confused": 0,
            "heart": 0,
            "rocket": 0,
            "eyes": 0
        },
        "timeline_url": "https://api.github.com/repos/alire-project/GNAT-FSF-builds/issues/30/timeline",
        "performed_via_github_app": null,
        "state_reason": null
    },
    {
        "url": "https://api.github.com/repos/alire-project/GNAT-FSF-builds/issues/27",
        "repository_url": "https://api.github.com/repos/alire-project/GNAT-FSF-builds",
        "labels_url": "https://api.github.com/repos/alire-project/GNAT-FSF-builds/issues/27/labels{/name}",
        "comments_url": "https://api.github.com/repos/alire-project/GNAT-FSF-builds/issues/27/comments",
        "events_url": "https://api.github.com/repos/alire-project/GNAT-FSF-builds/issues/27/events",
        "html_url": "https://github.com/alire-project/GNAT-FSF-builds/pull/27",
        "id": 1053773723,
        "node_id": "PR_kwDOFdVmjM4uidl4",
        "number": 27,
        "title": "Testing arm workflow",
        "user": {
            "login": "Fabien-Chouteau",
            "id": 12136138,
            "node_id": "MDQ6VXNlcjEyMTM2MTM4",
            "avatar_url": "https://avatars.githubusercontent.com/u/12136138?v=4",
            "gravatar_id": "",
            "url": "https://api.github.com/users/Fabien-Chouteau",
            "html_url": "https://github.com/Fabien-Chouteau",
            "followers_url": "https://api.github.com/users/Fabien-Chouteau/followers",
            "following_url": "https://api.github.com/users/Fabien-Chouteau/following{/other_user}",
            "gists_url": "https://api.github.com/users/Fabien-Chouteau/gists{/gist_id}",
            "starred_url": "https://api.github.com/users/Fabien-Chouteau/starred{/owner}{/repo}",
            "subscriptions_url": "https://api.github.com/users/Fabien-Chouteau/subscriptions",
            "organizations_url": "https://api.github.com/users/Fabien-Chouteau/orgs",
            "repos_url": "https://api.github.com/users/Fabien-Chouteau/repos",
            "events_url": "https://api.github.com/users/Fabien-Chouteau/events{/privacy}",
            "received_events_url": "https://api.github.com/users/Fabien-Chouteau/received_events",
            "type": "User",
            "user_view_type": "public",
            "site_admin": false
        },
        "labels": [],
        "state": "open",
        "locked": false,
        "assignee": null,
        "assignees": [],
        "milestone": null,
        "comments": 0,
        "created_at": "2021-11-15T15:09:10Z",
        "updated_at": "2021-11-15T17:34:10Z",
        "closed_at": null,
        "author_association": "MEMBER",
        "sub_issues_summary": {
            "total": 0,
            "completed": 0,
            "percent_completed": 0
        },
        "active_lock_reason": null,
        "draft": false,
        "pull_request": {
            "url": "https://api.github.com/repos/alire-project/GNAT-FSF-builds/pulls/27",
            "html_url": "https://github.com/alire-project/GNAT-FSF-builds/pull/27",
            "diff_url": "https://github.com/alire-project/GNAT-FSF-builds/pull/27.diff",
            "patch_url": "https://github.com/alire-project/GNAT-FSF-builds/pull/27.patch",
            "merged_at": null
        },
        "body": null,
        "closed_by": null,
        "reactions": {
            "url": "https://api.github.com/repos/alire-project/GNAT-FSF-builds/issues/27/reactions",
            "total_count": 0,
            "+1": 0,
            "-1": 0,
            "laugh": 0,
            "hooray": 0,
            "confused": 0,
            "heart": 0,
            "rocket": 0,
            "eyes": 0
        },
        "timeline_url": "https://api.github.com/repos/alire-project/GNAT-FSF-builds/issues/27/timeline",
        "performed_via_github_app": null,
        "state_reason": null
    }
]