[
    {
        "url": "https://api.github.com/repos/allthingslinux/stats-backend/issues/1",
        "repository_url": "https://api.github.com/repos/allthingslinux/stats-backend",
        "labels_url": "https://api.github.com/repos/allthingslinux/stats-backend/issues/1/labels{/name}",
        "comments_url": "https://api.github.com/repos/allthingslinux/stats-backend/issues/1/comments",
        "events_url": "https://api.github.com/repos/allthingslinux/stats-backend/issues/1/events",
        "html_url": "https://github.com/allthingslinux/stats-backend/pull/1",
        "id": 2721893227,
        "node_id": "PR_kwDONT7_uc6EQ44_",
        "number": 1,
        "title": "Bump path-to-regexp and express",
        "user": {
            "login": "dependabot[bot]",
            "id": 49699333,
            "node_id": "MDM6Qm90NDk2OTkzMzM=",
            "avatar_url": "https://avatars.githubusercontent.com/in/29110?v=4",
            "gravatar_id": "",
            "url": "https://api.github.com/users/dependabot%5Bbot%5D",
            "html_url": "https://github.com/apps/dependabot",
            "followers_url": "https://api.github.com/users/dependabot%5Bbot%5D/followers",
            "following_url": "https://api.github.com/users/dependabot%5Bbot%5D/following{/other_user}",
            "gists_url": "https://api.github.com/users/dependabot%5Bbot%5D/gists{/gist_id}",
            "starred_url": "https://api.github.com/users/dependabot%5Bbot%5D/starred{/owner}{/repo}",
            "subscriptions_url": "https://api.github.com/users/dependabot%5Bbot%5D/subscriptions",
            "organizations_url": "https://api.github.com/users/dependabot%5Bbot%5D/orgs",
            "repos_url": "https://api.github.com/users/dependabot%5Bbot%5D/repos",
            "events_url": "https://api.github.com/users/dependabot%5Bbot%5D/events{/privacy}",
            "received_events_url": "https://api.github.com/users/dependabot%5Bbot%5D/received_events",
            "type": "Bot",
            "user_view_type": "public",
            "site_admin": false
        },
        "labels": [
            {
                "id": 7846083819,
                "node_id": "LA_kwDONT7_uc8AAAAB06m86w",
                "url": "https://api.github.com/repos/allthingslinux/stats-backend/labels/dependencies",
                "name": "dependencies",
                "color": "0366d6",
                "default": false,
                "description": "Pull requests that update a dependency file"
            }
        ],
        "state": "open",
        "locked": false,
        "assignee": null,
        "assignees": [],
        "milestone": null,
        "comments": 0,
        "created_at": "2024-12-06T02:25:37Z",
        "updated_at": "2024-12-06T02:25:38Z",
        "closed_at": null,
        "author_association": "NONE",
        "sub_issues_summary": {
            "total": 0,
            "completed": 0,
            "percent_completed": 0
        },
        "active_lock_reason": null,
        "draft": false,
        "pull_request": {
            "url": "https://api.github.com/repos/allthingslinux/stats-backend/pulls/1",
            "html_url": "https://github.com/allthingslinux/stats-backend/pull/1",
            "diff_url": "https://github.com/allthingslinux/stats-backend/pull/1.diff",
            "patch_url": "https://github.com/allthingslinux/stats-backend/pull/1.patch",
            "merged_at": null
        },
        "body": "Bumps [path-to-regexp](https://github.com/pillarjs/path-to-regexp) to 0.1.12 and updates ancestor dependency [express](https://github.com/expressjs/express). These dependencies need to be updated together.\n\nUpdates `path-to-regexp` from 0.1.10 to 0.1.12\n<details>\n<summary>Release notes</summary>\n<p><em>Sourced from <a href=\"https://github.com/pillarjs/path-to-regexp/releases\">path-to-regexp's releases</a>.</em></p>\n<blockquote>\n<h2>Fix backtracking (again)</h2>\n<p><strong>Fixed</strong></p>\n<ul>\n<li>Improved backtracking protection for 0.1.x, will break some previously valid paths (see previous advisory: <a href=\"https://github.com/pillarjs/path-to-regexp/security/advisories/GHSA-9wv6-86v2-598j\">https://github.com/pillarjs/path-to-regexp/security/advisories/GHSA-9wv6-86v2-598j</a>)</li>\n</ul>\n<p><a href=\"https://github.com/pillarjs/path-to-regexp/compare/v0.1.11...v0.1.12\">https://github.com/pillarjs/path-to-regexp/compare/v0.1.11...v0.1.12</a></p>\n<h2>Error on bad input</h2>\n<p><strong>Changed</strong></p>\n<ul>\n<li>Add error on bad input values  8f09549</li>\n</ul>\n<p><a href=\"https://github.com/pillarjs/path-to-regexp/compare/v0.1.10...v0.1.11\">https://github.com/pillarjs/path-to-regexp/compare/v0.1.10...v0.1.11</a></p>\n</blockquote>\n</details>\n<details>\n<summary>Commits</summary>\n<ul>\n<li><a href=\"https://github.com/pillarjs/path-to-regexp/commit/640e694c6fd971f78268439df9cf44040855e669\"><code>640e694</code></a> 0.1.12</li>\n<li><a href=\"https://github.com/pillarjs/path-to-regexp/commit/f01c26a013b1889f0c217c643964513acf17f6a4\"><code>f01c26a</code></a> Merge commit from fork</li>\n<li><a href=\"https://github.com/pillarjs/path-to-regexp/commit/0c7119248b7cb528a0aea3ba45ed4e2db007cba4\"><code>0c71192</code></a> 0.1.11</li>\n<li><a href=\"https://github.com/pillarjs/path-to-regexp/commit/8f095497d678c2ec3495a99ab3928748731e73ee\"><code>8f09549</code></a> Add error on bad input values</li>\n<li>See full diff in <a href=\"https://github.com/pillarjs/path-to-regexp/compare/v0.1.10...v0.1.12\">compare view</a></li>\n</ul>\n</details>\n<br />\n\nUpdates `express` from 4.21.1 to 4.21.2\n<details>\n<summary>Release notes</summary>\n<p><em>Sourced from <a href=\"https://github.com/expressjs/express/releases\">express's releases</a>.</em></p>\n<blockquote>\n<h2>4.21.2</h2>\n<h2>What's Changed</h2>\n<ul>\n<li>Add funding field (v4) by <a href=\"https://github.com/bjohansebas\"><code>@​bjohansebas</code></a> in <a href=\"https://redirect.github.com/expressjs/express/pull/6065\">expressjs/express#6065</a></li>\n<li>deps: path-to-regexp@0.1.11 by <a href=\"https://github.com/blakeembrey\"><code>@​blakeembrey</code></a> in <a href=\"https://redirect.github.com/expressjs/express/pull/5956\">expressjs/express#5956</a></li>\n<li>deps: bump path-to-regexp@0.1.12 by <a href=\"https://github.com/jonchurch\"><code>@​jonchurch</code></a> in <a href=\"https://redirect.github.com/expressjs/express/pull/6209\">expressjs/express#6209</a></li>\n<li>Release: 4.21.2 by <a href=\"https://github.com/UlisesGascon\"><code>@​UlisesGascon</code></a> in <a href=\"https://redirect.github.com/expressjs/express/pull/6094\">expressjs/express#6094</a></li>\n</ul>\n<p><strong>Full Changelog</strong>: <a href=\"https://github.com/expressjs/express/compare/4.21.1...4.21.2\">https://github.com/expressjs/express/compare/4.21.1...4.21.2</a></p>\n</blockquote>\n</details>\n<details>\n<summary>Changelog</summary>\n<p><em>Sourced from <a href=\"https://github.com/expressjs/express/blob/4.21.2/History.md\">express's changelog</a>.</em></p>\n<blockquote>\n<h1>4.21.2 / 2024-11-06</h1>\n<ul>\n<li>deps: path-to-regexp@0.1.12\n<ul>\n<li>Fix backtracking protection</li>\n</ul>\n</li>\n<li>deps: path-to-regexp@0.1.11\n<ul>\n<li>Throws an error on invalid path values</li>\n</ul>\n</li>\n</ul>\n</blockquote>\n</details>\n<details>\n<summary>Commits</summary>\n<ul>\n<li><a href=\"https://github.com/expressjs/express/commit/1faf228935aa0a13111f92c28ee795be64ce3f0f\"><code>1faf228</code></a> 4.21.2</li>\n<li><a href=\"https://github.com/expressjs/express/commit/2e0fb646d03184dd9a5285813460210c0e7ae654\"><code>2e0fb64</code></a> deps: bump path-to-regexp@0.1.12 (<a href=\"https://redirect.github.com/expressjs/express/issues/6209\">#6209</a>)</li>\n<li><a href=\"https://github.com/expressjs/express/commit/59fc27028ec5d212be653d35d7e3f73a2c3ac3c0\"><code>59fc270</code></a> deps: path-to-regexp@0.1.11 (<a href=\"https://redirect.github.com/expressjs/express/issues/5956\">#5956</a>)</li>\n<li><a href=\"https://github.com/expressjs/express/commit/51fc39ccf834eec44547b0f4fed8027e7c05a009\"><code>51fc39c</code></a> docs: add funding (<a href=\"https://redirect.github.com/expressjs/express/issues/6065\">#6065</a>)</li>\n<li>See full diff in <a href=\"https://github.com/expressjs/express/compare/4.21.1...4.21.2\">compare view</a></li>\n</ul>\n</details>\n<details>\n<summary>Maintainer changes</summary>\n<p>This version was pushed to npm by <a href=\"https://www.npmjs.com/~jonchurch\">jonchurch</a>, a new releaser for express since your current version.</p>\n</details>\n<br />\n\n\nDependabot will resolve any conflicts with this PR as long as you don't alter it yourself. You can also trigger a rebase manually by commenting `@dependabot rebase`.\n\n[//]: # (dependabot-automerge-start)\n[//]: # (dependabot-automerge-end)\n\n---\n\n<details>\n<summary>Dependabot commands and options</summary>\n<br />\n\nYou can trigger Dependabot actions by commenting on this PR:\n- `@dependabot rebase` will rebase this PR\n- `@dependabot recreate` will recreate this PR, overwriting any edits that have been made to it\n- `@dependabot merge` will merge this PR after your CI passes on it\n- `@dependabot squash and merge` will squash and merge this PR after your CI passes on it\n- `@dependabot cancel merge` will cancel a previously requested merge and block automerging\n- `@dependabot reopen` will reopen this PR if it is closed\n- `@dependabot close` will close this PR and stop Dependabot recreating it. You can achieve the same result by closing it manually\n- `@dependabot show <dependency name> ignore conditions` will show all of the ignore conditions of the specified dependency\n- `@dependabot ignore this major version` will close this PR and stop Dependabot creating any more for this major version (unless you reopen the PR or upgrade to it yourself)\n- `@dependabot ignore this minor version` will close this PR and stop Dependabot creating any more for this minor version (unless you reopen the PR or upgrade to it yourself)\n- `@dependabot ignore this dependency` will close this PR and stop Dependabot creating any more for this dependency (unless you reopen the PR or upgrade to it yourself)\nYou can disable automated security fix PRs for this repo from the [Security Alerts page](https://github.com/allthingslinux/stats-backend/network/alerts).\n\n</details>",
        "closed_by": null,
        "reactions": {
            "url": "https://api.github.com/repos/allthingslinux/stats-backend/issues/1/reactions",
            "total_count": 0,
            "+1": 0,
            "-1": 0,
            "laugh": 0,
            "hooray": 0,
            "confused": 0,
            "heart": 0,
            "rocket": 0,
            "eyes": 0
        },
        "timeline_url": "https://api.github.com/repos/allthingslinux/stats-backend/issues/1/timeline",
        "performed_via_github_app": null,
        "state_reason": null
    }
]