[
    {
        "url": "https://api.github.com/repos/allthingslinux/wikibot/issues/3",
        "repository_url": "https://api.github.com/repos/allthingslinux/wikibot",
        "labels_url": "https://api.github.com/repos/allthingslinux/wikibot/issues/3/labels{/name}",
        "comments_url": "https://api.github.com/repos/allthingslinux/wikibot/issues/3/comments",
        "events_url": "https://api.github.com/repos/allthingslinux/wikibot/issues/3/events",
        "html_url": "https://github.com/allthingslinux/wikibot/pull/3",
        "id": 2423448576,
        "node_id": "PR_kwDOME2eGc52H1rY",
        "number": 3,
        "title": "Create tech stack docs (techstack.yml and techstack.md)",
        "user": {
            "login": "stack-file[bot]",
            "id": 147888899,
            "node_id": "BOT_kgDOCNCbAw",
            "avatar_url": "https://avatars.githubusercontent.com/in/408123?v=4",
            "gravatar_id": "",
            "url": "https://api.github.com/users/stack-file%5Bbot%5D",
            "html_url": "https://github.com/apps/stack-file",
            "followers_url": "https://api.github.com/users/stack-file%5Bbot%5D/followers",
            "following_url": "https://api.github.com/users/stack-file%5Bbot%5D/following{/other_user}",
            "gists_url": "https://api.github.com/users/stack-file%5Bbot%5D/gists{/gist_id}",
            "starred_url": "https://api.github.com/users/stack-file%5Bbot%5D/starred{/owner}{/repo}",
            "subscriptions_url": "https://api.github.com/users/stack-file%5Bbot%5D/subscriptions",
            "organizations_url": "https://api.github.com/users/stack-file%5Bbot%5D/orgs",
            "repos_url": "https://api.github.com/users/stack-file%5Bbot%5D/repos",
            "events_url": "https://api.github.com/users/stack-file%5Bbot%5D/events{/privacy}",
            "received_events_url": "https://api.github.com/users/stack-file%5Bbot%5D/received_events",
            "type": "Bot",
            "user_view_type": "public",
            "site_admin": false
        },
        "labels": [],
        "state": "open",
        "locked": true,
        "assignee": null,
        "assignees": [],
        "milestone": null,
        "comments": 0,
        "created_at": "2024-07-22T18:01:26Z",
        "updated_at": "2024-11-13T00:02:03Z",
        "closed_at": null,
        "author_association": "NONE",
        "sub_issues_summary": {
            "total": 0,
            "completed": 0,
            "percent_completed": 0
        },
        "active_lock_reason": null,
        "draft": false,
        "pull_request": {
            "url": "https://api.github.com/repos/allthingslinux/wikibot/pulls/3",
            "html_url": "https://github.com/allthingslinux/wikibot/pull/3",
            "diff_url": "https://github.com/allthingslinux/wikibot/pull/3.diff",
            "patch_url": "https://github.com/allthingslinux/wikibot/pull/3.patch",
            "merged_at": null
        },
        "body": "Adding tech stack documentation to allow anyone to easily see what is being used in this repo without digging through config files. Two files are being added: `techstack.yml` and `techstack.md`. `techstack.yml` contains data on all the technologies being used in this repo. `techstack.md` is a visualization of the YML file and displays the tech stack data in a pretty Markdown file.\n\n💡 Protip: `techstack.md` contains a comment at the top of the file that the following README snippet (with and without the logos) at the top of the file as a comment:\n\n&lt;--- Readme.md Snippet without images Start ---&gt;\n## Tech Stack\nallthingslinux/wikibot is built on the following main stack:\n\n- [Python](https://www.python.org) – Languages\n- [Shell](https://en.wikipedia.org/wiki/Shell_script) – Shells\n\nFull tech stack [here](/techstack.md)\n\n&lt;--- Readme.md Snippet without images End ---&gt;\n\nGet the code:\n\n```\n## Tech Stack\nallthingslinux/wikibot is built on the following main stack:\n\n- [Python](https://www.python.org) – Languages\n- [Shell](https://en.wikipedia.org/wiki/Shell_script) – Shells\n\nFull tech stack [here](/techstack.md)\n```\n___\n\n&lt;--- Readme.md Snippet with images Start ---&gt;\n## Tech Stack\nallthingslinux/wikibot is built on the following main stack:\n\n- <img width='25' height='25' src='https://img.stackshare.io/service/993/pUBY5pVj.png' alt='Python'/> [Python](https://www.python.org) – Languages\n- <img width='25' height='25' src='https://img.stackshare.io/service/4631/default_c2062d40130562bdc836c13dbca02d318205a962.png' alt='Shell'/> [Shell](https://en.wikipedia.org/wiki/Shell_script) – Shells\n\nFull tech stack [here](/techstack.md)\n\n&lt;--- Readme.md Snippet with images End ---&gt;\n\nGet the code:\n\n```\n## Tech Stack\nallthingslinux/wikibot is built on the following main stack:\n\n- <img width='25' height='25' src='https://img.stackshare.io/service/993/pUBY5pVj.png' alt='Python'/> [Python](https://www.python.org) – Languages\n- <img width='25' height='25' src='https://img.stackshare.io/service/4631/default_c2062d40130562bdc836c13dbca02d318205a962.png' alt='Shell'/> [Shell](https://en.wikipedia.org/wiki/Shell_script) – Shells\n\nFull tech stack [here](/techstack.md)\n```\n",
        "closed_by": null,
        "reactions": {
            "url": "https://api.github.com/repos/allthingslinux/wikibot/issues/3/reactions",
            "total_count": 0,
            "+1": 0,
            "-1": 0,
            "laugh": 0,
            "hooray": 0,
            "confused": 0,
            "heart": 0,
            "rocket": 0,
            "eyes": 0
        },
        "timeline_url": "https://api.github.com/repos/allthingslinux/wikibot/issues/3/timeline",
        "performed_via_github_app": null,
        "state_reason": null
    },
    {
        "url": "https://api.github.com/repos/allthingslinux/wikibot/issues/2",
        "repository_url": "https://api.github.com/repos/allthingslinux/wikibot",
        "labels_url": "https://api.github.com/repos/allthingslinux/wikibot/issues/2/labels{/name}",
        "comments_url": "https://api.github.com/repos/allthingslinux/wikibot/issues/2/comments",
        "events_url": "https://api.github.com/repos/allthingslinux/wikibot/issues/2/events",
        "html_url": "https://github.com/allthingslinux/wikibot/pull/2",
        "id": 2393335075,
        "node_id": "PR_kwDOME2eGc50k7D1",
        "number": 2,
        "title": "Bump certifi from 2024.6.2 to 2024.7.4",
        "user": {
            "login": "dependabot[bot]",
            "id": 49699333,
            "node_id": "MDM6Qm90NDk2OTkzMzM=",
            "avatar_url": "https://avatars.githubusercontent.com/in/29110?v=4",
            "gravatar_id": "",
            "url": "https://api.github.com/users/dependabot%5Bbot%5D",
            "html_url": "https://github.com/apps/dependabot",
            "followers_url": "https://api.github.com/users/dependabot%5Bbot%5D/followers",
            "following_url": "https://api.github.com/users/dependabot%5Bbot%5D/following{/other_user}",
            "gists_url": "https://api.github.com/users/dependabot%5Bbot%5D/gists{/gist_id}",
            "starred_url": "https://api.github.com/users/dependabot%5Bbot%5D/starred{/owner}{/repo}",
            "subscriptions_url": "https://api.github.com/users/dependabot%5Bbot%5D/subscriptions",
            "organizations_url": "https://api.github.com/users/dependabot%5Bbot%5D/orgs",
            "repos_url": "https://api.github.com/users/dependabot%5Bbot%5D/repos",
            "events_url": "https://api.github.com/users/dependabot%5Bbot%5D/events{/privacy}",
            "received_events_url": "https://api.github.com/users/dependabot%5Bbot%5D/received_events",
            "type": "Bot",
            "user_view_type": "public",
            "site_admin": false
        },
        "labels": [
            {
                "id": 7094135791,
                "node_id": "LA_kwDOME2eGc8AAAABptfr7w",
                "url": "https://api.github.com/repos/allthingslinux/wikibot/labels/dependencies",
                "name": "dependencies",
                "color": "0366d6",
                "default": false,
                "description": "Pull requests that update a dependency file"
            }
        ],
        "state": "open",
        "locked": true,
        "assignee": null,
        "assignees": [],
        "milestone": null,
        "comments": 0,
        "created_at": "2024-07-06T02:17:49Z",
        "updated_at": "2024-11-13T00:02:03Z",
        "closed_at": null,
        "author_association": "NONE",
        "sub_issues_summary": {
            "total": 0,
            "completed": 0,
            "percent_completed": 0
        },
        "active_lock_reason": null,
        "draft": false,
        "pull_request": {
            "url": "https://api.github.com/repos/allthingslinux/wikibot/pulls/2",
            "html_url": "https://github.com/allthingslinux/wikibot/pull/2",
            "diff_url": "https://github.com/allthingslinux/wikibot/pull/2.diff",
            "patch_url": "https://github.com/allthingslinux/wikibot/pull/2.patch",
            "merged_at": null
        },
        "body": "Bumps [certifi](https://github.com/certifi/python-certifi) from 2024.6.2 to 2024.7.4.\n<details>\n<summary>Commits</summary>\n<ul>\n<li><a href=\"https://github.com/certifi/python-certifi/commit/bd8153872e9c6fc98f4023df9c2deaffea2fa463\"><code>bd81538</code></a> 2024.07.04 (<a href=\"https://redirect.github.com/certifi/python-certifi/issues/295\">#295</a>)</li>\n<li><a href=\"https://github.com/certifi/python-certifi/commit/06a2cbf21f345563dde6c28b60e29d57e9b210b3\"><code>06a2cbf</code></a> Bump peter-evans/create-pull-request from 6.0.5 to 6.1.0 (<a href=\"https://redirect.github.com/certifi/python-certifi/issues/294\">#294</a>)</li>\n<li><a href=\"https://github.com/certifi/python-certifi/commit/13bba02b72bac97c432c277158bc04b4d2a6bc23\"><code>13bba02</code></a> Bump actions/checkout from 4.1.6 to 4.1.7 (<a href=\"https://redirect.github.com/certifi/python-certifi/issues/293\">#293</a>)</li>\n<li><a href=\"https://github.com/certifi/python-certifi/commit/e8abcd0e62b334c164b95d49fcabdc9ecbca0554\"><code>e8abcd0</code></a> Bump pypa/gh-action-pypi-publish from 1.8.14 to 1.9.0 (<a href=\"https://redirect.github.com/certifi/python-certifi/issues/292\">#292</a>)</li>\n<li>See full diff in <a href=\"https://github.com/certifi/python-certifi/compare/2024.06.02...2024.07.04\">compare view</a></li>\n</ul>\n</details>\n<br />\n\n\n[![Dependabot compatibility score](https://dependabot-badges.githubapp.com/badges/compatibility_score?dependency-name=certifi&package-manager=pip&previous-version=2024.6.2&new-version=2024.7.4)](https://docs.github.com/en/github/managing-security-vulnerabilities/about-dependabot-security-updates#about-compatibility-scores)\n\nDependabot will resolve any conflicts with this PR as long as you don't alter it yourself. You can also trigger a rebase manually by commenting `@dependabot rebase`.\n\n[//]: # (dependabot-automerge-start)\n[//]: # (dependabot-automerge-end)\n\n---\n\n<details>\n<summary>Dependabot commands and options</summary>\n<br />\n\nYou can trigger Dependabot actions by commenting on this PR:\n- `@dependabot rebase` will rebase this PR\n- `@dependabot recreate` will recreate this PR, overwriting any edits that have been made to it\n- `@dependabot merge` will merge this PR after your CI passes on it\n- `@dependabot squash and merge` will squash and merge this PR after your CI passes on it\n- `@dependabot cancel merge` will cancel a previously requested merge and block automerging\n- `@dependabot reopen` will reopen this PR if it is closed\n- `@dependabot close` will close this PR and stop Dependabot recreating it. You can achieve the same result by closing it manually\n- `@dependabot show <dependency name> ignore conditions` will show all of the ignore conditions of the specified dependency\n- `@dependabot ignore this major version` will close this PR and stop Dependabot creating any more for this major version (unless you reopen the PR or upgrade to it yourself)\n- `@dependabot ignore this minor version` will close this PR and stop Dependabot creating any more for this minor version (unless you reopen the PR or upgrade to it yourself)\n- `@dependabot ignore this dependency` will close this PR and stop Dependabot creating any more for this dependency (unless you reopen the PR or upgrade to it yourself)\nYou can disable automated security fix PRs for this repo from the [Security Alerts page](https://github.com/allthingslinux/wikibot/network/alerts).\n\n</details>",
        "closed_by": null,
        "reactions": {
            "url": "https://api.github.com/repos/allthingslinux/wikibot/issues/2/reactions",
            "total_count": 0,
            "+1": 0,
            "-1": 0,
            "laugh": 0,
            "hooray": 0,
            "confused": 0,
            "heart": 0,
            "rocket": 0,
            "eyes": 0
        },
        "timeline_url": "https://api.github.com/repos/allthingslinux/wikibot/issues/2/timeline",
        "performed_via_github_app": null,
        "state_reason": null
    },
    {
        "url": "https://api.github.com/repos/allthingslinux/wikibot/issues/1",
        "repository_url": "https://api.github.com/repos/allthingslinux/wikibot",
        "labels_url": "https://api.github.com/repos/allthingslinux/wikibot/issues/1/labels{/name}",
        "comments_url": "https://api.github.com/repos/allthingslinux/wikibot/issues/1/comments",
        "events_url": "https://api.github.com/repos/allthingslinux/wikibot/issues/1/events",
        "html_url": "https://github.com/allthingslinux/wikibot/pull/1",
        "id": 2358493738,
        "node_id": "PR_kwDOME2eGc5ywXmv",
        "number": 1,
        "title": "Bump urllib3 from 2.2.1 to 2.2.2",
        "user": {
            "login": "dependabot[bot]",
            "id": 49699333,
            "node_id": "MDM6Qm90NDk2OTkzMzM=",
            "avatar_url": "https://avatars.githubusercontent.com/in/29110?v=4",
            "gravatar_id": "",
            "url": "https://api.github.com/users/dependabot%5Bbot%5D",
            "html_url": "https://github.com/apps/dependabot",
            "followers_url": "https://api.github.com/users/dependabot%5Bbot%5D/followers",
            "following_url": "https://api.github.com/users/dependabot%5Bbot%5D/following{/other_user}",
            "gists_url": "https://api.github.com/users/dependabot%5Bbot%5D/gists{/gist_id}",
            "starred_url": "https://api.github.com/users/dependabot%5Bbot%5D/starred{/owner}{/repo}",
            "subscriptions_url": "https://api.github.com/users/dependabot%5Bbot%5D/subscriptions",
            "organizations_url": "https://api.github.com/users/dependabot%5Bbot%5D/orgs",
            "repos_url": "https://api.github.com/users/dependabot%5Bbot%5D/repos",
            "events_url": "https://api.github.com/users/dependabot%5Bbot%5D/events{/privacy}",
            "received_events_url": "https://api.github.com/users/dependabot%5Bbot%5D/received_events",
            "type": "Bot",
            "user_view_type": "public",
            "site_admin": false
        },
        "labels": [
            {
                "id": 7094135791,
                "node_id": "LA_kwDOME2eGc8AAAABptfr7w",
                "url": "https://api.github.com/repos/allthingslinux/wikibot/labels/dependencies",
                "name": "dependencies",
                "color": "0366d6",
                "default": false,
                "description": "Pull requests that update a dependency file"
            }
        ],
        "state": "open",
        "locked": true,
        "assignee": null,
        "assignees": [],
        "milestone": null,
        "comments": 0,
        "created_at": "2024-06-17T23:36:55Z",
        "updated_at": "2024-11-13T00:02:03Z",
        "closed_at": null,
        "author_association": "NONE",
        "sub_issues_summary": {
            "total": 0,
            "completed": 0,
            "percent_completed": 0
        },
        "active_lock_reason": null,
        "draft": false,
        "pull_request": {
            "url": "https://api.github.com/repos/allthingslinux/wikibot/pulls/1",
            "html_url": "https://github.com/allthingslinux/wikibot/pull/1",
            "diff_url": "https://github.com/allthingslinux/wikibot/pull/1.diff",
            "patch_url": "https://github.com/allthingslinux/wikibot/pull/1.patch",
            "merged_at": null
        },
        "body": "Bumps [urllib3](https://github.com/urllib3/urllib3) from 2.2.1 to 2.2.2.\n<details>\n<summary>Release notes</summary>\n<p><em>Sourced from <a href=\"https://github.com/urllib3/urllib3/releases\">urllib3's releases</a>.</em></p>\n<blockquote>\n<h2>2.2.2</h2>\n<h2>🚀 urllib3 is fundraising for HTTP/2 support</h2>\n<p><a href=\"https://sethmlarson.dev/urllib3-is-fundraising-for-http2-support\">urllib3 is raising ~$40,000 USD</a> to release HTTP/2 support and ensure long-term sustainable maintenance of the project after a sharp decline in financial support for 2023. If your company or organization uses Python and would benefit from HTTP/2 support in Requests, pip, cloud SDKs, and thousands of other projects <a href=\"https://opencollective.com/urllib3\">please consider contributing financially</a> to ensure HTTP/2 support is developed sustainably and maintained for the long-haul.</p>\n<p>Thank you for your support.</p>\n<h2>Changes</h2>\n<ul>\n<li>Added the <code>Proxy-Authorization</code> header to the list of headers to strip from requests when redirecting to a different host. As before, different headers can be set via <code>Retry.remove_headers_on_redirect</code>.</li>\n<li>Allowed passing negative integers as <code>amt</code> to read methods of <code>http.client.HTTPResponse</code> as an alternative to <code>None</code>. (<a href=\"https://redirect.github.com/urllib3/urllib3/issues/3122\">#3122</a>)</li>\n<li>Fixed return types representing copying actions to use <code>typing.Self</code>. (<a href=\"https://redirect.github.com/urllib3/urllib3/issues/3363\">#3363</a>)</li>\n</ul>\n<p><strong>Full Changelog</strong>: <a href=\"https://github.com/urllib3/urllib3/compare/2.2.1...2.2.2\">https://github.com/urllib3/urllib3/compare/2.2.1...2.2.2</a></p>\n</blockquote>\n</details>\n<details>\n<summary>Changelog</summary>\n<p><em>Sourced from <a href=\"https://github.com/urllib3/urllib3/blob/main/CHANGES.rst\">urllib3's changelog</a>.</em></p>\n<blockquote>\n<h1>2.2.2 (2024-06-17)</h1>\n<ul>\n<li>Added the <code>Proxy-Authorization</code> header to the list of headers to strip from requests when redirecting to a different host. As before, different headers can be set via <code>Retry.remove_headers_on_redirect</code>.</li>\n<li>Allowed passing negative integers as <code>amt</code> to read methods of <code>http.client.HTTPResponse</code> as an alternative to <code>None</code>. (<code>[#3122](https://github.com/urllib3/urllib3/issues/3122) &lt;https://github.com/urllib3/urllib3/issues/3122&gt;</code>__)</li>\n<li>Fixed return types representing copying actions to use <code>typing.Self</code>. (<code>[#3363](https://github.com/urllib3/urllib3/issues/3363) &lt;https://github.com/urllib3/urllib3/issues/3363&gt;</code>__)</li>\n</ul>\n</blockquote>\n</details>\n<details>\n<summary>Commits</summary>\n<ul>\n<li><a href=\"https://github.com/urllib3/urllib3/commit/27e2a5c5a7ab6a517252cc8dcef3ffa6ffb8f61a\"><code>27e2a5c</code></a> Release 2.2.2 (<a href=\"https://redirect.github.com/urllib3/urllib3/issues/3406\">#3406</a>)</li>\n<li><a href=\"https://github.com/urllib3/urllib3/commit/accff72ecc2f6cf5a76d9570198a93ac7c90270e\"><code>accff72</code></a> Merge pull request from GHSA-34jh-p97f-mpxf</li>\n<li><a href=\"https://github.com/urllib3/urllib3/commit/34be4a57e59eb7365bcc37d52e9f8271b5b8d0d3\"><code>34be4a5</code></a> Pin CFFI to a new release candidate instead of a Git commit (<a href=\"https://redirect.github.com/urllib3/urllib3/issues/3398\">#3398</a>)</li>\n<li><a href=\"https://github.com/urllib3/urllib3/commit/da410581b6b3df73da976b5ce5eb20a4bd030437\"><code>da41058</code></a> Bump browser-actions/setup-chrome from 1.6.0 to 1.7.1 (<a href=\"https://redirect.github.com/urllib3/urllib3/issues/3399\">#3399</a>)</li>\n<li><a href=\"https://github.com/urllib3/urllib3/commit/b07a669bd970d69847801148286b726f0570b625\"><code>b07a669</code></a> Bump github/codeql-action from 2.13.4 to 3.25.6 (<a href=\"https://redirect.github.com/urllib3/urllib3/issues/3396\">#3396</a>)</li>\n<li><a href=\"https://github.com/urllib3/urllib3/commit/b8589ec9f8c4da91511e601b632ac06af7e7c10e\"><code>b8589ec</code></a> Measure coverage with v4 of artifact actions (<a href=\"https://redirect.github.com/urllib3/urllib3/issues/3394\">#3394</a>)</li>\n<li><a href=\"https://github.com/urllib3/urllib3/commit/f3bdc5585111429e22c81b5fb26c3ec164d98b81\"><code>f3bdc55</code></a> Allow triggering CI manually (<a href=\"https://redirect.github.com/urllib3/urllib3/issues/3391\">#3391</a>)</li>\n<li><a href=\"https://github.com/urllib3/urllib3/commit/52392654b30183129cf3ec06010306f517d9c146\"><code>5239265</code></a> Fix HTTP version in debug log (<a href=\"https://redirect.github.com/urllib3/urllib3/issues/3316\">#3316</a>)</li>\n<li><a href=\"https://github.com/urllib3/urllib3/commit/b34619f94ece0c40e691a5aaf1304953d88089de\"><code>b34619f</code></a> Bump actions/checkout to 4.1.4 (<a href=\"https://redirect.github.com/urllib3/urllib3/issues/3387\">#3387</a>)</li>\n<li><a href=\"https://github.com/urllib3/urllib3/commit/9961d14de7c920091d42d42ed76d5d479b80064d\"><code>9961d14</code></a> Bump browser-actions/setup-chrome from 1.5.0 to 1.6.0 (<a href=\"https://redirect.github.com/urllib3/urllib3/issues/3386\">#3386</a>)</li>\n<li>Additional commits viewable in <a href=\"https://github.com/urllib3/urllib3/compare/2.2.1...2.2.2\">compare view</a></li>\n</ul>\n</details>\n<br />\n\n\n[![Dependabot compatibility score](https://dependabot-badges.githubapp.com/badges/compatibility_score?dependency-name=urllib3&package-manager=pip&previous-version=2.2.1&new-version=2.2.2)](https://docs.github.com/en/github/managing-security-vulnerabilities/about-dependabot-security-updates#about-compatibility-scores)\n\nDependabot will resolve any conflicts with this PR as long as you don't alter it yourself. You can also trigger a rebase manually by commenting `@dependabot rebase`.\n\n[//]: # (dependabot-automerge-start)\n[//]: # (dependabot-automerge-end)\n\n---\n\n<details>\n<summary>Dependabot commands and options</summary>\n<br />\n\nYou can trigger Dependabot actions by commenting on this PR:\n- `@dependabot rebase` will rebase this PR\n- `@dependabot recreate` will recreate this PR, overwriting any edits that have been made to it\n- `@dependabot merge` will merge this PR after your CI passes on it\n- `@dependabot squash and merge` will squash and merge this PR after your CI passes on it\n- `@dependabot cancel merge` will cancel a previously requested merge and block automerging\n- `@dependabot reopen` will reopen this PR if it is closed\n- `@dependabot close` will close this PR and stop Dependabot recreating it. You can achieve the same result by closing it manually\n- `@dependabot show <dependency name> ignore conditions` will show all of the ignore conditions of the specified dependency\n- `@dependabot ignore this major version` will close this PR and stop Dependabot creating any more for this major version (unless you reopen the PR or upgrade to it yourself)\n- `@dependabot ignore this minor version` will close this PR and stop Dependabot creating any more for this minor version (unless you reopen the PR or upgrade to it yourself)\n- `@dependabot ignore this dependency` will close this PR and stop Dependabot creating any more for this dependency (unless you reopen the PR or upgrade to it yourself)\nYou can disable automated security fix PRs for this repo from the [Security Alerts page](https://github.com/allthingslinux/wikibot/network/alerts).\n\n</details>",
        "closed_by": null,
        "reactions": {
            "url": "https://api.github.com/repos/allthingslinux/wikibot/issues/1/reactions",
            "total_count": 0,
            "+1": 0,
            "-1": 0,
            "laugh": 0,
            "hooray": 0,
            "confused": 0,
            "heart": 0,
            "rocket": 0,
            "eyes": 0
        },
        "timeline_url": "https://api.github.com/repos/allthingslinux/wikibot/issues/1/timeline",
        "performed_via_github_app": null,
        "state_reason": null
    }
]