[
    {
        "url": "https://api.github.com/repos/allthingslinux/stats-frontend/issues/4",
        "repository_url": "https://api.github.com/repos/allthingslinux/stats-frontend",
        "labels_url": "https://api.github.com/repos/allthingslinux/stats-frontend/issues/4/labels{/name}",
        "comments_url": "https://api.github.com/repos/allthingslinux/stats-frontend/issues/4/comments",
        "events_url": "https://api.github.com/repos/allthingslinux/stats-frontend/issues/4/events",
        "html_url": "https://github.com/allthingslinux/stats-frontend/pull/4",
        "id": 2803368628,
        "node_id": "PR_kwDONUQegM6Ikvae",
        "number": 4,
        "title": "Bump vite from 5.4.11 to 5.4.12",
        "user": {
            "login": "dependabot[bot]",
            "id": 49699333,
            "node_id": "MDM6Qm90NDk2OTkzMzM=",
            "avatar_url": "https://avatars.githubusercontent.com/in/29110?v=4",
            "gravatar_id": "",
            "url": "https://api.github.com/users/dependabot%5Bbot%5D",
            "html_url": "https://github.com/apps/dependabot",
            "followers_url": "https://api.github.com/users/dependabot%5Bbot%5D/followers",
            "following_url": "https://api.github.com/users/dependabot%5Bbot%5D/following{/other_user}",
            "gists_url": "https://api.github.com/users/dependabot%5Bbot%5D/gists{/gist_id}",
            "starred_url": "https://api.github.com/users/dependabot%5Bbot%5D/starred{/owner}{/repo}",
            "subscriptions_url": "https://api.github.com/users/dependabot%5Bbot%5D/subscriptions",
            "organizations_url": "https://api.github.com/users/dependabot%5Bbot%5D/orgs",
            "repos_url": "https://api.github.com/users/dependabot%5Bbot%5D/repos",
            "events_url": "https://api.github.com/users/dependabot%5Bbot%5D/events{/privacy}",
            "received_events_url": "https://api.github.com/users/dependabot%5Bbot%5D/received_events",
            "type": "Bot",
            "user_view_type": "public",
            "site_admin": false
        },
        "labels": [
            {
                "id": 8037739242,
                "node_id": "LA_kwDONUQegM8AAAAB3xYq6g",
                "url": "https://api.github.com/repos/allthingslinux/stats-frontend/labels/dependencies",
                "name": "dependencies",
                "color": "0366d6",
                "default": false,
                "description": "Pull requests that update a dependency file"
            }
        ],
        "state": "open",
        "locked": false,
        "assignee": null,
        "assignees": [],
        "milestone": null,
        "comments": 0,
        "created_at": "2025-01-22T04:47:29Z",
        "updated_at": "2025-01-23T21:53:33Z",
        "closed_at": null,
        "author_association": "NONE",
        "sub_issues_summary": {
            "total": 0,
            "completed": 0,
            "percent_completed": 0
        },
        "active_lock_reason": null,
        "draft": false,
        "pull_request": {
            "url": "https://api.github.com/repos/allthingslinux/stats-frontend/pulls/4",
            "html_url": "https://github.com/allthingslinux/stats-frontend/pull/4",
            "diff_url": "https://github.com/allthingslinux/stats-frontend/pull/4.diff",
            "patch_url": "https://github.com/allthingslinux/stats-frontend/pull/4.patch",
            "merged_at": null
        },
        "body": "Bumps [vite](https://github.com/vitejs/vite/tree/HEAD/packages/vite) from 5.4.11 to 5.4.12.\n<details>\n<summary>Release notes</summary>\n<p><em>Sourced from <a href=\"https://github.com/vitejs/vite/releases\">vite's releases</a>.</em></p>\n<blockquote>\n<h2>v5.4.12</h2>\n<p>This version contains a breaking change due to security fixes. See <a href=\"https://github.com/vitejs/vite/security/advisories/GHSA-vg6x-rcgg-rjx6\">https://github.com/vitejs/vite/security/advisories/GHSA-vg6x-rcgg-rjx6</a> for more details.</p>\n<p>Please refer to <a href=\"https://github.com/vitejs/vite/blob/v5.4.12/packages/vite/CHANGELOG.md\">CHANGELOG.md</a> for details.</p>\n</blockquote>\n</details>\n<details>\n<summary>Changelog</summary>\n<p><em>Sourced from <a href=\"https://github.com/vitejs/vite/blob/v5.4.12/packages/vite/CHANGELOG.md\">vite's changelog</a>.</em></p>\n<blockquote>\n<h2><!-- raw HTML omitted -->5.4.12 (2025-01-20)<!-- raw HTML omitted --></h2>\n<ul>\n<li>fix!: check host header to prevent DNS rebinding attacks and introduce <code>server.allowedHosts</code> (<a href=\"https://github.com/vitejs/vite/commit/9da4abc8dde7f032ca1f23f425c2060b9b9ebd34\">9da4abc</a>)</li>\n<li>fix!: default <code>server.cors: false</code> to disallow fetching from untrusted origins (<a href=\"https://github.com/vitejs/vite/commit/dfea38f1ff9f6fc0f0ca57927c527b0b9ffd2210\">dfea38f</a>)</li>\n<li>fix: verify token for HMR WebSocket connection (<a href=\"https://github.com/vitejs/vite/commit/b71a5c89a1b4b913813ae665e6e04dd9d18c189c\">b71a5c8</a>)</li>\n<li>chore: add deps update changelog (<a href=\"https://github.com/vitejs/vite/commit/ecd2375460edb4ae258fed4abe6c6f6ed7323b23\">ecd2375</a>)</li>\n</ul>\n</blockquote>\n</details>\n<details>\n<summary>Commits</summary>\n<ul>\n<li><a href=\"https://github.com/vitejs/vite/commit/f428aa9af8534b214abb09fe4456653eb09913e7\"><code>f428aa9</code></a> release: v5.4.12</li>\n<li><a href=\"https://github.com/vitejs/vite/commit/9da4abc8dde7f032ca1f23f425c2060b9b9ebd34\"><code>9da4abc</code></a> fix!: check host header to prevent DNS rebinding attacks and introduce `serve...</li>\n<li><a href=\"https://github.com/vitejs/vite/commit/b71a5c89a1b4b913813ae665e6e04dd9d18c189c\"><code>b71a5c8</code></a> fix: verify token for HMR WebSocket connection</li>\n<li><a href=\"https://github.com/vitejs/vite/commit/dfea38f1ff9f6fc0f0ca57927c527b0b9ffd2210\"><code>dfea38f</code></a> fix!: default <code>server.cors: false</code> to disallow fetching from untrusted origins</li>\n<li><a href=\"https://github.com/vitejs/vite/commit/ecd2375460edb4ae258fed4abe6c6f6ed7323b23\"><code>ecd2375</code></a> chore: add deps update changelog</li>\n<li>See full diff in <a href=\"https://github.com/vitejs/vite/commits/v5.4.12/packages/vite\">compare view</a></li>\n</ul>\n</details>\n<br />\n\n\n[![Dependabot compatibility score](https://dependabot-badges.githubapp.com/badges/compatibility_score?dependency-name=vite&package-manager=npm_and_yarn&previous-version=5.4.11&new-version=5.4.12)](https://docs.github.com/en/github/managing-security-vulnerabilities/about-dependabot-security-updates#about-compatibility-scores)\n\nDependabot will resolve any conflicts with this PR as long as you don't alter it yourself. You can also trigger a rebase manually by commenting `@dependabot rebase`.\n\n[//]: # (dependabot-automerge-start)\n[//]: # (dependabot-automerge-end)\n\n---\n\n<details>\n<summary>Dependabot commands and options</summary>\n<br />\n\nYou can trigger Dependabot actions by commenting on this PR:\n- `@dependabot rebase` will rebase this PR\n- `@dependabot recreate` will recreate this PR, overwriting any edits that have been made to it\n- `@dependabot merge` will merge this PR after your CI passes on it\n- `@dependabot squash and merge` will squash and merge this PR after your CI passes on it\n- `@dependabot cancel merge` will cancel a previously requested merge and block automerging\n- `@dependabot reopen` will reopen this PR if it is closed\n- `@dependabot close` will close this PR and stop Dependabot recreating it. You can achieve the same result by closing it manually\n- `@dependabot show <dependency name> ignore conditions` will show all of the ignore conditions of the specified dependency\n- `@dependabot ignore this major version` will close this PR and stop Dependabot creating any more for this major version (unless you reopen the PR or upgrade to it yourself)\n- `@dependabot ignore this minor version` will close this PR and stop Dependabot creating any more for this minor version (unless you reopen the PR or upgrade to it yourself)\n- `@dependabot ignore this dependency` will close this PR and stop Dependabot creating any more for this dependency (unless you reopen the PR or upgrade to it yourself)\nYou can disable automated security fix PRs for this repo from the [Security Alerts page](https://github.com/allthingslinux/stats-frontend/network/alerts).\n\n</details>",
        "closed_by": null,
        "reactions": {
            "url": "https://api.github.com/repos/allthingslinux/stats-frontend/issues/4/reactions",
            "total_count": 0,
            "+1": 0,
            "-1": 0,
            "laugh": 0,
            "hooray": 0,
            "confused": 0,
            "heart": 0,
            "rocket": 0,
            "eyes": 0
        },
        "timeline_url": "https://api.github.com/repos/allthingslinux/stats-frontend/issues/4/timeline",
        "performed_via_github_app": null,
        "state_reason": null
    }
]