[
    {
        "url": "https://api.github.com/repos/allthingslinux/mod-handbook/issues/9",
        "repository_url": "https://api.github.com/repos/allthingslinux/mod-handbook",
        "labels_url": "https://api.github.com/repos/allthingslinux/mod-handbook/issues/9/labels{/name}",
        "comments_url": "https://api.github.com/repos/allthingslinux/mod-handbook/issues/9/comments",
        "events_url": "https://api.github.com/repos/allthingslinux/mod-handbook/issues/9/events",
        "html_url": "https://github.com/allthingslinux/mod-handbook/pull/9",
        "id": 2770404185,
        "node_id": "PR_kwDOLzXJPs6GzyZ2",
        "number": 9,
        "title": "Update README.md",
        "user": {
            "login": "FarCotton",
            "id": 168192606,
            "node_id": "U_kgDOCgZqXg",
            "avatar_url": "https://avatars.githubusercontent.com/u/168192606?v=4",
            "gravatar_id": "",
            "url": "https://api.github.com/users/FarCotton",
            "html_url": "https://github.com/FarCotton",
            "followers_url": "https://api.github.com/users/FarCotton/followers",
            "following_url": "https://api.github.com/users/FarCotton/following{/other_user}",
            "gists_url": "https://api.github.com/users/FarCotton/gists{/gist_id}",
            "starred_url": "https://api.github.com/users/FarCotton/starred{/owner}{/repo}",
            "subscriptions_url": "https://api.github.com/users/FarCotton/subscriptions",
            "organizations_url": "https://api.github.com/users/FarCotton/orgs",
            "repos_url": "https://api.github.com/users/FarCotton/repos",
            "events_url": "https://api.github.com/users/FarCotton/events{/privacy}",
            "received_events_url": "https://api.github.com/users/FarCotton/received_events",
            "type": "User",
            "user_view_type": "public",
            "site_admin": false
        },
        "labels": [],
        "state": "open",
        "locked": false,
        "assignee": null,
        "assignees": [],
        "milestone": null,
        "comments": 0,
        "created_at": "2025-01-06T10:59:11Z",
        "updated_at": "2025-01-06T10:59:11Z",
        "closed_at": null,
        "author_association": "MEMBER",
        "sub_issues_summary": {
            "total": 0,
            "completed": 0,
            "percent_completed": 0
        },
        "active_lock_reason": null,
        "draft": false,
        "pull_request": {
            "url": "https://api.github.com/repos/allthingslinux/mod-handbook/pulls/9",
            "html_url": "https://github.com/allthingslinux/mod-handbook/pull/9",
            "diff_url": "https://github.com/allthingslinux/mod-handbook/pull/9.diff",
            "patch_url": "https://github.com/allthingslinux/mod-handbook/pull/9.patch",
            "merged_at": null
        },
        "body": "3.2.2 Added example to codeblock",
        "closed_by": null,
        "reactions": {
            "url": "https://api.github.com/repos/allthingslinux/mod-handbook/issues/9/reactions",
            "total_count": 0,
            "+1": 0,
            "-1": 0,
            "laugh": 0,
            "hooray": 0,
            "confused": 0,
            "heart": 0,
            "rocket": 0,
            "eyes": 0
        },
        "timeline_url": "https://api.github.com/repos/allthingslinux/mod-handbook/issues/9/timeline",
        "performed_via_github_app": null,
        "state_reason": null
    },
    {
        "url": "https://api.github.com/repos/allthingslinux/mod-handbook/issues/8",
        "repository_url": "https://api.github.com/repos/allthingslinux/mod-handbook",
        "labels_url": "https://api.github.com/repos/allthingslinux/mod-handbook/issues/8/labels{/name}",
        "comments_url": "https://api.github.com/repos/allthingslinux/mod-handbook/issues/8/comments",
        "events_url": "https://api.github.com/repos/allthingslinux/mod-handbook/issues/8/events",
        "html_url": "https://github.com/allthingslinux/mod-handbook/pull/8",
        "id": 2716064753,
        "node_id": "PR_kwDOLzXJPs6D8vOO",
        "number": 8,
        "title": "Update README.md",
        "user": {
            "login": "FarCotton",
            "id": 168192606,
            "node_id": "U_kgDOCgZqXg",
            "avatar_url": "https://avatars.githubusercontent.com/u/168192606?v=4",
            "gravatar_id": "",
            "url": "https://api.github.com/users/FarCotton",
            "html_url": "https://github.com/FarCotton",
            "followers_url": "https://api.github.com/users/FarCotton/followers",
            "following_url": "https://api.github.com/users/FarCotton/following{/other_user}",
            "gists_url": "https://api.github.com/users/FarCotton/gists{/gist_id}",
            "starred_url": "https://api.github.com/users/FarCotton/starred{/owner}{/repo}",
            "subscriptions_url": "https://api.github.com/users/FarCotton/subscriptions",
            "organizations_url": "https://api.github.com/users/FarCotton/orgs",
            "repos_url": "https://api.github.com/users/FarCotton/repos",
            "events_url": "https://api.github.com/users/FarCotton/events{/privacy}",
            "received_events_url": "https://api.github.com/users/FarCotton/received_events",
            "type": "User",
            "user_view_type": "public",
            "site_admin": false
        },
        "labels": [],
        "state": "open",
        "locked": false,
        "assignee": null,
        "assignees": [],
        "milestone": null,
        "comments": 0,
        "created_at": "2024-12-03T22:04:03Z",
        "updated_at": "2024-12-03T22:04:03Z",
        "closed_at": null,
        "author_association": "MEMBER",
        "sub_issues_summary": {
            "total": 0,
            "completed": 0,
            "percent_completed": 0
        },
        "active_lock_reason": null,
        "draft": false,
        "pull_request": {
            "url": "https://api.github.com/repos/allthingslinux/mod-handbook/pulls/8",
            "html_url": "https://github.com/allthingslinux/mod-handbook/pull/8",
            "diff_url": "https://github.com/allthingslinux/mod-handbook/pull/8.diff",
            "patch_url": "https://github.com/allthingslinux/mod-handbook/pull/8.patch",
            "merged_at": null
        },
        "body": "Changed the NSFW bio to a less formal example, on Kaizen's request.",
        "closed_by": null,
        "reactions": {
            "url": "https://api.github.com/repos/allthingslinux/mod-handbook/issues/8/reactions",
            "total_count": 0,
            "+1": 0,
            "-1": 0,
            "laugh": 0,
            "hooray": 0,
            "confused": 0,
            "heart": 0,
            "rocket": 0,
            "eyes": 0
        },
        "timeline_url": "https://api.github.com/repos/allthingslinux/mod-handbook/issues/8/timeline",
        "performed_via_github_app": null,
        "state_reason": null
    }
]