[
    {
        "url": "https://api.github.com/repos/allthingslinux/atl.chat/issues/1",
        "repository_url": "https://api.github.com/repos/allthingslinux/atl.chat",
        "labels_url": "https://api.github.com/repos/allthingslinux/atl.chat/issues/1/labels{/name}",
        "comments_url": "https://api.github.com/repos/allthingslinux/atl.chat/issues/1/comments",
        "events_url": "https://api.github.com/repos/allthingslinux/atl.chat/issues/1/events",
        "html_url": "https://github.com/allthingslinux/atl.chat/pull/1",
        "id": 2768376183,
        "node_id": "PR_kwDONVWWVc6GtGAQ",
        "number": 1,
        "title": "chore(deps): bump next from 14.2.16 to 14.2.21",
        "user": {
            "login": "dependabot[bot]",
            "id": 49699333,
            "node_id": "MDM6Qm90NDk2OTkzMzM=",
            "avatar_url": "https://avatars.githubusercontent.com/in/29110?v=4",
            "gravatar_id": "",
            "url": "https://api.github.com/users/dependabot%5Bbot%5D",
            "html_url": "https://github.com/apps/dependabot",
            "followers_url": "https://api.github.com/users/dependabot%5Bbot%5D/followers",
            "following_url": "https://api.github.com/users/dependabot%5Bbot%5D/following{/other_user}",
            "gists_url": "https://api.github.com/users/dependabot%5Bbot%5D/gists{/gist_id}",
            "starred_url": "https://api.github.com/users/dependabot%5Bbot%5D/starred{/owner}{/repo}",
            "subscriptions_url": "https://api.github.com/users/dependabot%5Bbot%5D/subscriptions",
            "organizations_url": "https://api.github.com/users/dependabot%5Bbot%5D/orgs",
            "repos_url": "https://api.github.com/users/dependabot%5Bbot%5D/repos",
            "events_url": "https://api.github.com/users/dependabot%5Bbot%5D/events{/privacy}",
            "received_events_url": "https://api.github.com/users/dependabot%5Bbot%5D/received_events",
            "type": "Bot",
            "user_view_type": "public",
            "site_admin": false
        },
        "labels": [
            {
                "id": 7960047246,
                "node_id": "LA_kwDONVWWVc8AAAAB2nSujg",
                "url": "https://api.github.com/repos/allthingslinux/atl.chat/labels/dependencies",
                "name": "dependencies",
                "color": "0366d6",
                "default": false,
                "description": "Pull requests that update a dependency file"
            }
        ],
        "state": "open",
        "locked": false,
        "assignee": null,
        "assignees": [],
        "milestone": null,
        "comments": 1,
        "created_at": "2025-01-04T02:35:38Z",
        "updated_at": "2025-01-04T02:36:43Z",
        "closed_at": null,
        "author_association": "NONE",
        "sub_issues_summary": {
            "total": 0,
            "completed": 0,
            "percent_completed": 0
        },
        "active_lock_reason": null,
        "draft": false,
        "pull_request": {
            "url": "https://api.github.com/repos/allthingslinux/atl.chat/pulls/1",
            "html_url": "https://github.com/allthingslinux/atl.chat/pull/1",
            "diff_url": "https://github.com/allthingslinux/atl.chat/pull/1.diff",
            "patch_url": "https://github.com/allthingslinux/atl.chat/pull/1.patch",
            "merged_at": null
        },
        "body": "Bumps [next](https://github.com/vercel/next.js) from 14.2.16 to 14.2.21.\n<details>\n<summary>Release notes</summary>\n<p><em>Sourced from <a href=\"https://github.com/vercel/next.js/releases\">next's releases</a>.</em></p>\n<blockquote>\n<h2>v14.2.21</h2>\n<blockquote>\n<p>[!NOTE]<br />\nThis release is backporting bug fixes. It does <strong>not</strong> include all pending features/changes on canary.</p>\n</blockquote>\n<h3>Core Changes</h3>\n<ul>\n<li>Upgrade React from 14898b6a9 to 178c267a4e: <a href=\"https://redirect.github.com/vercel/next.js/pull/74115\">vercel/next.js#74115</a></li>\n<li>Fix unstable_allowDynamic when used with pnpm: <a href=\"https://redirect.github.com/vercel/next.js/pull/73765\">vercel/next.js#73765</a></li>\n</ul>\n<h3>Misc Changes</h3>\n<ul>\n<li>chore(docs): add missing search: '' on remotePatterns: <a href=\"https://redirect.github.com/vercel/next.js/pull/73927\">vercel/next.js#73927</a></li>\n<li>chore(docs): update version history of next/image: <a href=\"https://redirect.github.com/vercel/next.js/pull/73926\">vercel/next.js#73926</a></li>\n</ul>\n<h3>Credits</h3>\n<p>Huge thanks to <a href=\"https://github.com/unstubbable\"><code>@​unstubbable</code></a>, <a href=\"https://github.com/ztanner\"><code>@​ztanner</code></a>, and <a href=\"https://github.com/styfle\"><code>@​styfle</code></a> for helping!</p>\n<h2>v14.2.20</h2>\n<blockquote>\n<p>[!NOTE]<br />\nThis release is backporting bug fixes. It does <strong>not</strong> include all pending features/changes on canary.</p>\n</blockquote>\n<h3>Core Changes</h3>\n<ul>\n<li>Fix fetch cloning bug (<a href=\"https://redirect.github.com/vercel/next.js/pull/73532\">vercel/next.js#73532</a>)</li>\n</ul>\n<h3>Credits</h3>\n<p>Huge thanks to <a href=\"https://github.com/wyattjoh\"><code>@​wyattjoh</code></a> for helping!</p>\n<h2>v14.2.19</h2>\n<blockquote>\n<p>[!NOTE]<br />\nThis release is backporting bug fixes. It does <strong>not</strong> include all pending features/changes on canary.</p>\n</blockquote>\n<h3>Core Changes</h3>\n<ul>\n<li>ensure worker exits bubble to parent process (<a href=\"https://redirect.github.com/vercel/next.js/issues/73433\">#73433</a>)</li>\n<li>Increase max cache tags to 128 (<a href=\"https://redirect.github.com/vercel/next.js/issues/73125\">#73125</a>)</li>\n</ul>\n<h3>Misc Changes</h3>\n<ul>\n<li>Update max tag items limit in docs (<a href=\"https://redirect.github.com/vercel/next.js/issues/73445\">#73445</a>)</li>\n</ul>\n<h3>Credits</h3>\n<p>Huge thanks to <a href=\"https://github.com/ztanner\"><code>@​ztanner</code></a> and <a href=\"https://github.com/ijjk\"><code>@​ijjk</code></a> for helping!</p>\n<h2>v14.2.18</h2>\n<blockquote>\n<p>[!NOTE]<br />\nThis release is backporting bug fixes. It does <strong>not</strong> include all pending features/changes on canary.</p>\n</blockquote>\n<h3>Core Changes</h3>\n<ul>\n<li>Fix: (third-parties) sendGTMEvent not queueing events before GTM init (<a href=\"https://redirect.github.com/vercel/next.js/issues/68683\">#68683</a>) (<a href=\"https://redirect.github.com/vercel/next.js/issues/72111\">#72111</a>)</li>\n<li>Ignore error pages for cache revalidate (<a href=\"https://redirect.github.com/vercel/next.js/issues/72412\">#72412</a>) (<a href=\"https://redirect.github.com/vercel/next.js/issues/72484\">#72484</a>)</li>\n</ul>\n<h3>Credits</h3>\n<!-- raw HTML omitted -->\n</blockquote>\n<p>... (truncated)</p>\n</details>\n<details>\n<summary>Commits</summary>\n<ul>\n<li><a href=\"https://github.com/vercel/next.js/commit/2655f6efd3379cf68205b3b5c5173399294f7731\"><code>2655f6e</code></a> v14.2.21</li>\n<li><a href=\"https://github.com/vercel/next.js/commit/8803d2b46e66ad831aec7979f2b7f0243057e48f\"><code>8803d2b</code></a> Backport (v14): Upgrade React from 14898b6a9 to 178c267a4e (<a href=\"https://redirect.github.com/vercel/next.js/issues/74115\">#74115</a>)</li>\n<li><a href=\"https://github.com/vercel/next.js/commit/6e35243eae7f876177462b32763b3749d84c7d03\"><code>6e35243</code></a> chore(docs): add missing <code>search: ''</code> on <code>remotePatterns</code> (<a href=\"https://redirect.github.com/vercel/next.js/issues/73925\">#73925</a>) (<a href=\"https://redirect.github.com/vercel/next.js/issues/73927\">#73927</a>)</li>\n<li><a href=\"https://github.com/vercel/next.js/commit/54919d2f2829e112a24ab2559a1e71e0d3ab859d\"><code>54919d2</code></a> chore(docs): update version history of <code>next/image</code> (<a href=\"https://redirect.github.com/vercel/next.js/issues/73926\">#73926</a>)</li>\n<li><a href=\"https://github.com/vercel/next.js/commit/049a6907af00488a607e958a863fe42328d8cd6a\"><code>049a690</code></a> Backport: Fix <code>unstable_allowDynamic</code> when used with pnpm (<a href=\"https://redirect.github.com/vercel/next.js/issues/73765\">#73765</a>)</li>\n<li><a href=\"https://github.com/vercel/next.js/commit/663fa9cb295730b5adfce8f968593f3838228d16\"><code>663fa9c</code></a> Fix SWC and React versions for <code>14-2-1</code> branch (<a href=\"https://redirect.github.com/vercel/next.js/issues/73791\">#73791</a>)</li>\n<li><a href=\"https://github.com/vercel/next.js/commit/ed78a4aa673034719d5664536a80d326eebac7e1\"><code>ed78a4a</code></a> v14.2.20</li>\n<li><a href=\"https://github.com/vercel/next.js/commit/530421d3a2cf00e94a8d68ef5b093bb866f13f14\"><code>530421d</code></a> [backport] Fix/dedupe fetch clone (<a href=\"https://redirect.github.com/vercel/next.js/issues/73532\">#73532</a>)</li>\n<li><a href=\"https://github.com/vercel/next.js/commit/cbc62adabae6517b0f848a43a777af9b161cfd97\"><code>cbc62ad</code></a> v14.2.19</li>\n<li><a href=\"https://github.com/vercel/next.js/commit/92280dc4359c319aaac86e9795d74477b77f09ff\"><code>92280dc</code></a> [backport] Update max tag items limit in docs (<a href=\"https://redirect.github.com/vercel/next.js/issues/73445\">#73445</a>)</li>\n<li>Additional commits viewable in <a href=\"https://github.com/vercel/next.js/compare/v14.2.16...v14.2.21\">compare view</a></li>\n</ul>\n</details>\n<br />\n\n\n[![Dependabot compatibility score](https://dependabot-badges.githubapp.com/badges/compatibility_score?dependency-name=next&package-manager=npm_and_yarn&previous-version=14.2.16&new-version=14.2.21)](https://docs.github.com/en/github/managing-security-vulnerabilities/about-dependabot-security-updates#about-compatibility-scores)\n\nDependabot will resolve any conflicts with this PR as long as you don't alter it yourself. You can also trigger a rebase manually by commenting `@dependabot rebase`.\n\n[//]: # (dependabot-automerge-start)\n[//]: # (dependabot-automerge-end)\n\n---\n\n<details>\n<summary>Dependabot commands and options</summary>\n<br />\n\nYou can trigger Dependabot actions by commenting on this PR:\n- `@dependabot rebase` will rebase this PR\n- `@dependabot recreate` will recreate this PR, overwriting any edits that have been made to it\n- `@dependabot merge` will merge this PR after your CI passes on it\n- `@dependabot squash and merge` will squash and merge this PR after your CI passes on it\n- `@dependabot cancel merge` will cancel a previously requested merge and block automerging\n- `@dependabot reopen` will reopen this PR if it is closed\n- `@dependabot close` will close this PR and stop Dependabot recreating it. You can achieve the same result by closing it manually\n- `@dependabot show <dependency name> ignore conditions` will show all of the ignore conditions of the specified dependency\n- `@dependabot ignore this major version` will close this PR and stop Dependabot creating any more for this major version (unless you reopen the PR or upgrade to it yourself)\n- `@dependabot ignore this minor version` will close this PR and stop Dependabot creating any more for this minor version (unless you reopen the PR or upgrade to it yourself)\n- `@dependabot ignore this dependency` will close this PR and stop Dependabot creating any more for this dependency (unless you reopen the PR or upgrade to it yourself)\nYou can disable automated security fix PRs for this repo from the [Security Alerts page](https://github.com/allthingslinux/atl.chat/network/alerts).\n\n</details>",
        "closed_by": null,
        "reactions": {
            "url": "https://api.github.com/repos/allthingslinux/atl.chat/issues/1/reactions",
            "total_count": 0,
            "+1": 0,
            "-1": 0,
            "laugh": 0,
            "hooray": 0,
            "confused": 0,
            "heart": 0,
            "rocket": 0,
            "eyes": 0
        },
        "timeline_url": "https://api.github.com/repos/allthingslinux/atl.chat/issues/1/timeline",
        "performed_via_github_app": null,
        "state_reason": null
    }
]