[
    {
        "url": "https://api.github.com/repos/allthingslinux/code-of-conduct/issues/19",
        "repository_url": "https://api.github.com/repos/allthingslinux/code-of-conduct",
        "labels_url": "https://api.github.com/repos/allthingslinux/code-of-conduct/issues/19/labels{/name}",
        "comments_url": "https://api.github.com/repos/allthingslinux/code-of-conduct/issues/19/comments",
        "events_url": "https://api.github.com/repos/allthingslinux/code-of-conduct/issues/19/events",
        "html_url": "https://github.com/allthingslinux/code-of-conduct/issues/19",
        "id": 2818212848,
        "node_id": "I_kwDOLbvbFc6n-oPw",
        "number": 19,
        "title": "Policies regarding advertising of projects in All Things Linux and related communities.",
        "user": {
            "login": "AmilieCoding",
            "id": 178850994,
            "node_id": "U_kgDOCqkMsg",
            "avatar_url": "https://avatars.githubusercontent.com/u/178850994?v=4",
            "gravatar_id": "",
            "url": "https://api.github.com/users/AmilieCoding",
            "html_url": "https://github.com/AmilieCoding",
            "followers_url": "https://api.github.com/users/AmilieCoding/followers",
            "following_url": "https://api.github.com/users/AmilieCoding/following{/other_user}",
            "gists_url": "https://api.github.com/users/AmilieCoding/gists{/gist_id}",
            "starred_url": "https://api.github.com/users/AmilieCoding/starred{/owner}{/repo}",
            "subscriptions_url": "https://api.github.com/users/AmilieCoding/subscriptions",
            "organizations_url": "https://api.github.com/users/AmilieCoding/orgs",
            "repos_url": "https://api.github.com/users/AmilieCoding/repos",
            "events_url": "https://api.github.com/users/AmilieCoding/events{/privacy}",
            "received_events_url": "https://api.github.com/users/AmilieCoding/received_events",
            "type": "User",
            "user_view_type": "public",
            "site_admin": false
        },
        "labels": [],
        "state": "open",
        "locked": false,
        "assignee": null,
        "assignees": [],
        "milestone": null,
        "comments": 0,
        "created_at": "2025-01-29T13:22:55Z",
        "updated_at": "2025-01-29T13:23:38Z",
        "closed_at": null,
        "author_association": "CONTRIBUTOR",
        "sub_issues_summary": {
            "total": 0,
            "completed": 0,
            "percent_completed": 0
        },
        "active_lock_reason": null,
        "body": "What are our stances on advertising a freelancing job and general voluntary FOSS software? Do we allow it? Do we ban it? Or do we only allow certain projects that reach certain standards?\n\nLikely a policy would need to be made in line with the code of conduct.\n\nSee attached for a screenshot of currently proposed policy.\n![Image](https://github.com/user-attachments/assets/783943b6-9bad-41b8-9f90-a51ca637fb35)\n\nQuestion for the logistics of this, how do we moderate this if we do allow projects that are freelance / paid positions, how do we moderate them and ensure users are paid appropriately?",
        "closed_by": null,
        "reactions": {
            "url": "https://api.github.com/repos/allthingslinux/code-of-conduct/issues/19/reactions",
            "total_count": 0,
            "+1": 0,
            "-1": 0,
            "laugh": 0,
            "hooray": 0,
            "confused": 0,
            "heart": 0,
            "rocket": 0,
            "eyes": 0
        },
        "timeline_url": "https://api.github.com/repos/allthingslinux/code-of-conduct/issues/19/timeline",
        "performed_via_github_app": null,
        "state_reason": null
    }
]