[
    {
        "url": "https://api.github.com/repos/allthingslinux/portal-v1/issues/1",
        "repository_url": "https://api.github.com/repos/allthingslinux/portal-v1",
        "labels_url": "https://api.github.com/repos/allthingslinux/portal-v1/issues/1/labels{/name}",
        "comments_url": "https://api.github.com/repos/allthingslinux/portal-v1/issues/1/comments",
        "events_url": "https://api.github.com/repos/allthingslinux/portal-v1/issues/1/events",
        "html_url": "https://github.com/allthingslinux/portal-v1/pull/1",
        "id": 2768193642,
        "node_id": "PR_kwDONZUGrM6Gse5x",
        "number": 1,
        "title": "build(deps): bump next from 15.0.4 to 15.1.3",
        "user": {
            "login": "dependabot[bot]",
            "id": 49699333,
            "node_id": "MDM6Qm90NDk2OTkzMzM=",
            "avatar_url": "https://avatars.githubusercontent.com/in/29110?v=4",
            "gravatar_id": "",
            "url": "https://api.github.com/users/dependabot%5Bbot%5D",
            "html_url": "https://github.com/apps/dependabot",
            "followers_url": "https://api.github.com/users/dependabot%5Bbot%5D/followers",
            "following_url": "https://api.github.com/users/dependabot%5Bbot%5D/following{/other_user}",
            "gists_url": "https://api.github.com/users/dependabot%5Bbot%5D/gists{/gist_id}",
            "starred_url": "https://api.github.com/users/dependabot%5Bbot%5D/starred{/owner}{/repo}",
            "subscriptions_url": "https://api.github.com/users/dependabot%5Bbot%5D/subscriptions",
            "organizations_url": "https://api.github.com/users/dependabot%5Bbot%5D/orgs",
            "repos_url": "https://api.github.com/users/dependabot%5Bbot%5D/repos",
            "events_url": "https://api.github.com/users/dependabot%5Bbot%5D/events{/privacy}",
            "received_events_url": "https://api.github.com/users/dependabot%5Bbot%5D/received_events",
            "type": "Bot",
            "user_view_type": "public",
            "site_admin": false
        },
        "labels": [
            {
                "id": 7959504976,
                "node_id": "LA_kwDONZUGrM8AAAAB2mxoUA",
                "url": "https://api.github.com/repos/allthingslinux/portal-v1/labels/dependencies",
                "name": "dependencies",
                "color": "0366d6",
                "default": false,
                "description": "Pull requests that update a dependency file"
            }
        ],
        "state": "open",
        "locked": false,
        "assignee": null,
        "assignees": [],
        "milestone": null,
        "comments": 0,
        "created_at": "2025-01-03T21:25:00Z",
        "updated_at": "2025-01-03T21:25:01Z",
        "closed_at": null,
        "author_association": "NONE",
        "sub_issues_summary": {
            "total": 0,
            "completed": 0,
            "percent_completed": 0
        },
        "active_lock_reason": null,
        "draft": false,
        "pull_request": {
            "url": "https://api.github.com/repos/allthingslinux/portal-v1/pulls/1",
            "html_url": "https://github.com/allthingslinux/portal-v1/pull/1",
            "diff_url": "https://github.com/allthingslinux/portal-v1/pull/1.diff",
            "patch_url": "https://github.com/allthingslinux/portal-v1/pull/1.patch",
            "merged_at": null
        },
        "body": "Bumps [next](https://github.com/vercel/next.js) from 15.0.4 to 15.1.3.\n<details>\n<summary>Release notes</summary>\n<p><em>Sourced from <a href=\"https://github.com/vercel/next.js/releases\">next's releases</a>.</em></p>\n<blockquote>\n<h2>v15.1.3</h2>\n<blockquote>\n<p>[!NOTE]<br />\nThis release is backporting bug fixes. It does <strong>not</strong> include all pending features/changes on canary.</p>\n</blockquote>\n<h3>Core Changes</h3>\n<ul>\n<li>Retry manifest file loading only in dev mode: <a href=\"https://redirect.github.com/vercel/next.js/issues/73900\">#73900</a></li>\n<li>Use shared worker for lint &amp; typecheck steps: <a href=\"https://redirect.github.com/vercel/next.js/issues/74154\">#74154</a></li>\n</ul>\n<h3>Credits</h3>\n<p>Huge thanks to <a href=\"https://github.com/unstubbable\"><code>@​unstubbable</code></a> and <a href=\"https://github.com/ztanner\"><code>@​ztanner</code></a> for helping!</p>\n<h2>v15.1.2</h2>\n<blockquote>\n<p>[!NOTE]<br />\nThis release is backporting bug fixes. It does <strong>not</strong> include all pending features/changes on canary.</p>\n</blockquote>\n<h3>Core Changes</h3>\n<ul>\n<li>Update React from 7283a213-20241206 to 65e06cb7-20241218: <a href=\"https://redirect.github.com/vercel/next.js/pull/74117\">vercel/next.js#74117</a></li>\n</ul>\n<h3>Credits</h3>\n<p>Huge thanks to <a href=\"https://github.com/ztanner\"><code>@​ztanner</code></a> for helping!</p>\n<h2>v15.1.1</h2>\n<blockquote>\n<p>[!NOTE]<br />\nThis release is backporting bug fixes. It does <strong>not</strong> include all pending features/changes on canary.</p>\n</blockquote>\n<h3>Core Changes</h3>\n<ul>\n<li>fix(turbo): sassOptions silenceDeprecations was not overwritten with user options: <a href=\"https://redirect.github.com/vercel/next.js/pull/73937\">vercel/next.js#73937</a></li>\n<li>refactor collectAppPageSegments: <a href=\"https://redirect.github.com/vercel/next.js/pull/73908\">vercel/next.js#73908</a></li>\n</ul>\n<h3>Credits</h3>\n<p>Huge thanks to <a href=\"https://github.com/devjiwonchoi\"><code>@​devjiwonchoi</code></a> and <a href=\"https://github.com/ztanner\"><code>@​ztanner</code></a> for helping!</p>\n<h2>v15.1.1-canary.24</h2>\n<h3>Core Changes</h3>\n<ul>\n<li>fix: update broken links in config-shared.d.ts: <a href=\"https://redirect.github.com/vercel/next.js/issues/74122\">#74122</a></li>\n<li>fix: fix typos in errors.json &amp; create-component-tree.tsx: <a href=\"https://redirect.github.com/vercel/next.js/issues/74471\">#74471</a></li>\n<li>Safely retrieve router, improve page reload logic: <a href=\"https://redirect.github.com/vercel/next.js/issues/74209\">#74209</a></li>\n<li>docs: bump year: <a href=\"https://redirect.github.com/vercel/next.js/issues/74475\">#74475</a></li>\n</ul>\n<h3>Misc Changes</h3>\n<ul>\n<li>docs(generate-static-params): add typescript example and missing jsx switcher: <a href=\"https://redirect.github.com/vercel/next.js/issues/73962\">#73962</a></li>\n<li>docs(fetching-data-and-streaming): add missing types to example: <a href=\"https://redirect.github.com/vercel/next.js/issues/74081\">#74081</a></li>\n<li>docs(use-cache): add missing <code>switcher</code> code blocks and types in examples: <a href=\"https://redirect.github.com/vercel/next.js/issues/74083\">#74083</a></li>\n</ul>\n<h3>Credits</h3>\n<!-- raw HTML omitted -->\n</blockquote>\n<p>... (truncated)</p>\n</details>\n<details>\n<summary>Commits</summary>\n<ul>\n<li><a href=\"https://github.com/vercel/next.js/commit/4cbaaa118d2138edd32263da0dc4b2ecb9ddbc2b\"><code>4cbaaa1</code></a> v15.1.3</li>\n<li><a href=\"https://github.com/vercel/next.js/commit/221d18ba18d832d2bd86f4a5313b572d7380891b\"><code>221d18b</code></a> Backport v15: used shared worker for lint &amp; typecheck steps (<a href=\"https://redirect.github.com/vercel/next.js/issues/74154\">#74154</a>) (<a href=\"https://redirect.github.com/vercel/next.js/issues/74285\">#74285</a>)</li>\n<li><a href=\"https://github.com/vercel/next.js/commit/7d880a3b5bef34d5b26ca33e2fdb78bb2eaeabdc\"><code>7d880a3</code></a> Backport v15: Retry manifest file loading only in dev mode (<a href=\"https://redirect.github.com/vercel/next.js/issues/73900\">#73900</a>) (<a href=\"https://redirect.github.com/vercel/next.js/issues/74283\">#74283</a>)</li>\n<li><a href=\"https://github.com/vercel/next.js/commit/df392a1b9748d5e88eeffbab6ba9e00c0aa9473a\"><code>df392a1</code></a> v15.1.2</li>\n<li><a href=\"https://github.com/vercel/next.js/commit/40c9424beba3fae7fac341e73e50db0895326bec\"><code>40c9424</code></a> Backport (v15): Update React from 7283a213-20241206 to 65e06cb7-20241218 (<a href=\"https://redirect.github.com/vercel/next.js/issues/74\">#74</a>...</li>\n<li><a href=\"https://github.com/vercel/next.js/commit/4384c6834aee842dcd28b28f6aa476b0b86dae60\"><code>4384c68</code></a> v15.1.1</li>\n<li><a href=\"https://github.com/vercel/next.js/commit/d13786347567c5d52a2209914cc71e48e600d8ce\"><code>d137863</code></a> run build_and_test workflow on backport branch</li>\n<li><a href=\"https://github.com/vercel/next.js/commit/d27bb14b6880b7bbb27b91da902c87d4686cc515\"><code>d27bb14</code></a> backport: fix(turbo): sassOptions silenceDeprecations was not overwritten wit...</li>\n<li><a href=\"https://github.com/vercel/next.js/commit/0c8187a312d532d1af3b61f50f7c84cb02fbe9bb\"><code>0c8187a</code></a> Add NEXT_PRIVATE_SKIP_CANARY_CHECK env for bench job (<a href=\"https://redirect.github.com/vercel/next.js/issues/73763\">#73763</a>)</li>\n<li><a href=\"https://github.com/vercel/next.js/commit/e83ab18c4c8d0ea1016ce68e03099d1ca1fa86d1\"><code>e83ab18</code></a> backport: refactor collectAppPageSegments (<a href=\"https://redirect.github.com/vercel/next.js/issues/73996\">#73996</a>)</li>\n<li>Additional commits viewable in <a href=\"https://github.com/vercel/next.js/compare/v15.0.4...v15.1.3\">compare view</a></li>\n</ul>\n</details>\n<br />\n\n\n[![Dependabot compatibility score](https://dependabot-badges.githubapp.com/badges/compatibility_score?dependency-name=next&package-manager=npm_and_yarn&previous-version=15.0.4&new-version=15.1.3)](https://docs.github.com/en/github/managing-security-vulnerabilities/about-dependabot-security-updates#about-compatibility-scores)\n\nDependabot will resolve any conflicts with this PR as long as you don't alter it yourself. You can also trigger a rebase manually by commenting `@dependabot rebase`.\n\n[//]: # (dependabot-automerge-start)\n[//]: # (dependabot-automerge-end)\n\n---\n\n<details>\n<summary>Dependabot commands and options</summary>\n<br />\n\nYou can trigger Dependabot actions by commenting on this PR:\n- `@dependabot rebase` will rebase this PR\n- `@dependabot recreate` will recreate this PR, overwriting any edits that have been made to it\n- `@dependabot merge` will merge this PR after your CI passes on it\n- `@dependabot squash and merge` will squash and merge this PR after your CI passes on it\n- `@dependabot cancel merge` will cancel a previously requested merge and block automerging\n- `@dependabot reopen` will reopen this PR if it is closed\n- `@dependabot close` will close this PR and stop Dependabot recreating it. You can achieve the same result by closing it manually\n- `@dependabot show <dependency name> ignore conditions` will show all of the ignore conditions of the specified dependency\n- `@dependabot ignore this major version` will close this PR and stop Dependabot creating any more for this major version (unless you reopen the PR or upgrade to it yourself)\n- `@dependabot ignore this minor version` will close this PR and stop Dependabot creating any more for this minor version (unless you reopen the PR or upgrade to it yourself)\n- `@dependabot ignore this dependency` will close this PR and stop Dependabot creating any more for this dependency (unless you reopen the PR or upgrade to it yourself)\nYou can disable automated security fix PRs for this repo from the [Security Alerts page](https://github.com/allthingslinux/portal-v1/network/alerts).\n\n</details>",
        "closed_by": null,
        "reactions": {
            "url": "https://api.github.com/repos/allthingslinux/portal-v1/issues/1/reactions",
            "total_count": 0,
            "+1": 0,
            "-1": 0,
            "laugh": 0,
            "hooray": 0,
            "confused": 0,
            "heart": 0,
            "rocket": 0,
            "eyes": 0
        },
        "timeline_url": "https://api.github.com/repos/allthingslinux/portal-v1/issues/1/timeline",
        "performed_via_github_app": null,
        "state_reason": null
    }
]