[
    {
        "url": "https://api.github.com/repos/allthingslinux/allthingslinux/issues/44",
        "repository_url": "https://api.github.com/repos/allthingslinux/allthingslinux",
        "labels_url": "https://api.github.com/repos/allthingslinux/allthingslinux/issues/44/labels{/name}",
        "comments_url": "https://api.github.com/repos/allthingslinux/allthingslinux/issues/44/comments",
        "events_url": "https://api.github.com/repos/allthingslinux/allthingslinux/issues/44/events",
        "html_url": "https://github.com/allthingslinux/allthingslinux/pull/44",
        "id": 2824637780,
        "node_id": "PR_kwDOMx3Fis6Js4xF",
        "number": 44,
        "title": "fix(deps): update tailwindcss monorepo to v4.0.2",
        "user": {
            "login": "renovate[bot]",
            "id": 29139614,
            "node_id": "MDM6Qm90MjkxMzk2MTQ=",
            "avatar_url": "https://avatars.githubusercontent.com/in/2740?v=4",
            "gravatar_id": "",
            "url": "https://api.github.com/users/renovate%5Bbot%5D",
            "html_url": "https://github.com/apps/renovate",
            "followers_url": "https://api.github.com/users/renovate%5Bbot%5D/followers",
            "following_url": "https://api.github.com/users/renovate%5Bbot%5D/following{/other_user}",
            "gists_url": "https://api.github.com/users/renovate%5Bbot%5D/gists{/gist_id}",
            "starred_url": "https://api.github.com/users/renovate%5Bbot%5D/starred{/owner}{/repo}",
            "subscriptions_url": "https://api.github.com/users/renovate%5Bbot%5D/subscriptions",
            "organizations_url": "https://api.github.com/users/renovate%5Bbot%5D/orgs",
            "repos_url": "https://api.github.com/users/renovate%5Bbot%5D/repos",
            "events_url": "https://api.github.com/users/renovate%5Bbot%5D/events{/privacy}",
            "received_events_url": "https://api.github.com/users/renovate%5Bbot%5D/received_events",
            "type": "Bot",
            "user_view_type": "public",
            "site_admin": false
        },
        "labels": [],
        "state": "open",
        "locked": false,
        "assignee": null,
        "assignees": [],
        "milestone": null,
        "comments": 1,
        "created_at": "2025-02-01T00:31:03Z",
        "updated_at": "2025-02-01T00:36:50Z",
        "closed_at": null,
        "author_association": "CONTRIBUTOR",
        "sub_issues_summary": {
            "total": 0,
            "completed": 0,
            "percent_completed": 0
        },
        "active_lock_reason": null,
        "draft": false,
        "pull_request": {
            "url": "https://api.github.com/repos/allthingslinux/allthingslinux/pulls/44",
            "html_url": "https://github.com/allthingslinux/allthingslinux/pull/44",
            "diff_url": "https://github.com/allthingslinux/allthingslinux/pull/44.diff",
            "patch_url": "https://github.com/allthingslinux/allthingslinux/pull/44.patch",
            "merged_at": null
        },
        "body": "This PR contains the following updates:\n\n| Package | Change | Age | Adoption | Passing | Confidence |\n|---|---|---|---|---|---|\n| [@tailwindcss/postcss](https://tailwindcss.com) ([source](https://redirect.github.com/tailwindlabs/tailwindcss/tree/HEAD/packages/@tailwindcss-postcss)) | [`4.0.1` -> `4.0.2`](https://renovatebot.com/diffs/npm/@tailwindcss%2fpostcss/4.0.1/4.0.2) | [![age](https://developer.mend.io/api/mc/badges/age/npm/@tailwindcss%2fpostcss/4.0.2?slim=true)](https://docs.renovatebot.com/merge-confidence/) | [![adoption](https://developer.mend.io/api/mc/badges/adoption/npm/@tailwindcss%2fpostcss/4.0.2?slim=true)](https://docs.renovatebot.com/merge-confidence/) | [![passing](https://developer.mend.io/api/mc/badges/compatibility/npm/@tailwindcss%2fpostcss/4.0.1/4.0.2?slim=true)](https://docs.renovatebot.com/merge-confidence/) | [![confidence](https://developer.mend.io/api/mc/badges/confidence/npm/@tailwindcss%2fpostcss/4.0.1/4.0.2?slim=true)](https://docs.renovatebot.com/merge-confidence/) |\n| [tailwindcss](https://tailwindcss.com) ([source](https://redirect.github.com/tailwindlabs/tailwindcss/tree/HEAD/packages/tailwindcss)) | [`4.0.0` -> `4.0.2`](https://renovatebot.com/diffs/npm/tailwindcss/4.0.0/4.0.2) | [![age](https://developer.mend.io/api/mc/badges/age/npm/tailwindcss/4.0.2?slim=true)](https://docs.renovatebot.com/merge-confidence/) | [![adoption](https://developer.mend.io/api/mc/badges/adoption/npm/tailwindcss/4.0.2?slim=true)](https://docs.renovatebot.com/merge-confidence/) | [![passing](https://developer.mend.io/api/mc/badges/compatibility/npm/tailwindcss/4.0.0/4.0.2?slim=true)](https://docs.renovatebot.com/merge-confidence/) | [![confidence](https://developer.mend.io/api/mc/badges/confidence/npm/tailwindcss/4.0.0/4.0.2?slim=true)](https://docs.renovatebot.com/merge-confidence/) |\n\n---\n\n### Release Notes\n\n<details>\n<summary>tailwindlabs/tailwindcss (@&#8203;tailwindcss/postcss)</summary>\n\n### [`v4.0.2`](https://redirect.github.com/tailwindlabs/tailwindcss/blob/HEAD/CHANGELOG.md#402---2025-01-31)\n\n[Compare Source](https://redirect.github.com/tailwindlabs/tailwindcss/compare/v4.0.1...v4.0.2)\n\n##### Fixed\n\n-   Only generate positive `grid-cols-*` and `grid-rows-*` utilities ([#&#8203;16020](https://redirect.github.com/tailwindlabs/tailwindcss/pull/16020))\n-   Ensure escaped theme variables are handled correctly ([#&#8203;16064](https://redirect.github.com/tailwindlabs/tailwindcss/pull/16064))\n-   Ensure we process Tailwind CSS features when only using `@reference` or `@variant` ([#&#8203;16057](https://redirect.github.com/tailwindlabs/tailwindcss/pull/16057))\n-   Refactor gradient implementation to work around [prettier/prettier#17058](https://redirect.github.com/prettier/prettier/issues/17058) ([#&#8203;16072](https://redirect.github.com/tailwindlabs/tailwindcss/pull/16072))\n-   Vite: Ensure hot-reloading works with SolidStart setups ([#&#8203;16052](https://redirect.github.com/tailwindlabs/tailwindcss/pull/16052))\n-   Vite: Fix a crash when starting the development server in SolidStart setups ([#&#8203;16052](https://redirect.github.com/tailwindlabs/tailwindcss/pull/16052))\n-   Vite: Don't rebase URLs that appear to be aliases ([#&#8203;16078](https://redirect.github.com/tailwindlabs/tailwindcss/pull/16078))\n-   Vite: Transform `<style>` blocks in HTML files ([#&#8203;16069](https://redirect.github.com/tailwindlabs/tailwindcss/pull/16069))\n-   Prevent camel-casing CSS custom properties added by JavaScript plugins ([#&#8203;16103](https://redirect.github.com/tailwindlabs/tailwindcss/pull/16103))\n-   Do not emit `@keyframes` in `@theme reference` ([#&#8203;16120](https://redirect.github.com/tailwindlabs/tailwindcss/pull/16120))\n-   Discard invalid declarations when parsing CSS ([#&#8203;16093](https://redirect.github.com/tailwindlabs/tailwindcss/pull/16093))\n-   Do not emit empty CSS rules and at-rules ([#&#8203;16121](https://redirect.github.com/tailwindlabs/tailwindcss/pull/16121))\n-   Handle `@variant` when at the top-level of a stylesheet ([#&#8203;16129](https://redirect.github.com/tailwindlabs/tailwindcss/pull/16129))\n\n</details>\n\n---\n\n### Configuration\n\n📅 **Schedule**: Branch creation - At any time (no schedule defined), Automerge - At any time (no schedule defined).\n\n🚦 **Automerge**: Disabled by config. Please merge this manually once you are satisfied.\n\n♻ **Rebasing**: Whenever PR becomes conflicted, or you tick the rebase/retry checkbox.\n\n🔕 **Ignore**: Close this PR and you won't be reminded about these updates again.\n\n---\n\n - [ ] <!-- rebase-check -->If you want to rebase/retry this PR, check this box\n\n---\n\nThis PR was generated by [Mend Renovate](https://mend.io/renovate/). View the [repository job log](https://developer.mend.io/github/allthingslinux/allthingslinux).\n<!--renovate-debug:eyJjcmVhdGVkSW5WZXIiOiIzOS4xNDUuMCIsInVwZGF0ZWRJblZlciI6IjM5LjE0NS4wIiwidGFyZ2V0QnJhbmNoIjoibWFpbiIsImxhYmVscyI6W119-->\n",
        "closed_by": null,
        "reactions": {
            "url": "https://api.github.com/repos/allthingslinux/allthingslinux/issues/44/reactions",
            "total_count": 0,
            "+1": 0,
            "-1": 0,
            "laugh": 0,
            "hooray": 0,
            "confused": 0,
            "heart": 0,
            "rocket": 0,
            "eyes": 0
        },
        "timeline_url": "https://api.github.com/repos/allthingslinux/allthingslinux/issues/44/timeline",
        "performed_via_github_app": null,
        "state_reason": null
    },
    {
        "url": "https://api.github.com/repos/allthingslinux/allthingslinux/issues/43",
        "repository_url": "https://api.github.com/repos/allthingslinux/allthingslinux",
        "labels_url": "https://api.github.com/repos/allthingslinux/allthingslinux/issues/43/labels{/name}",
        "comments_url": "https://api.github.com/repos/allthingslinux/allthingslinux/issues/43/comments",
        "events_url": "https://api.github.com/repos/allthingslinux/allthingslinux/issues/43/events",
        "html_url": "https://github.com/allthingslinux/allthingslinux/pull/43",
        "id": 2824637579,
        "node_id": "PR_kwDOMx3Fis6Js4uR",
        "number": 43,
        "title": "chore(deps): update dependency wrangler to v3.107.2",
        "user": {
            "login": "renovate[bot]",
            "id": 29139614,
            "node_id": "MDM6Qm90MjkxMzk2MTQ=",
            "avatar_url": "https://avatars.githubusercontent.com/in/2740?v=4",
            "gravatar_id": "",
            "url": "https://api.github.com/users/renovate%5Bbot%5D",
            "html_url": "https://github.com/apps/renovate",
            "followers_url": "https://api.github.com/users/renovate%5Bbot%5D/followers",
            "following_url": "https://api.github.com/users/renovate%5Bbot%5D/following{/other_user}",
            "gists_url": "https://api.github.com/users/renovate%5Bbot%5D/gists{/gist_id}",
            "starred_url": "https://api.github.com/users/renovate%5Bbot%5D/starred{/owner}{/repo}",
            "subscriptions_url": "https://api.github.com/users/renovate%5Bbot%5D/subscriptions",
            "organizations_url": "https://api.github.com/users/renovate%5Bbot%5D/orgs",
            "repos_url": "https://api.github.com/users/renovate%5Bbot%5D/repos",
            "events_url": "https://api.github.com/users/renovate%5Bbot%5D/events{/privacy}",
            "received_events_url": "https://api.github.com/users/renovate%5Bbot%5D/received_events",
            "type": "Bot",
            "user_view_type": "public",
            "site_admin": false
        },
        "labels": [],
        "state": "open",
        "locked": false,
        "assignee": null,
        "assignees": [],
        "milestone": null,
        "comments": 1,
        "created_at": "2025-02-01T00:30:51Z",
        "updated_at": "2025-02-01T00:34:45Z",
        "closed_at": null,
        "author_association": "CONTRIBUTOR",
        "sub_issues_summary": {
            "total": 0,
            "completed": 0,
            "percent_completed": 0
        },
        "active_lock_reason": null,
        "draft": false,
        "pull_request": {
            "url": "https://api.github.com/repos/allthingslinux/allthingslinux/pulls/43",
            "html_url": "https://github.com/allthingslinux/allthingslinux/pull/43",
            "diff_url": "https://github.com/allthingslinux/allthingslinux/pull/43.diff",
            "patch_url": "https://github.com/allthingslinux/allthingslinux/pull/43.patch",
            "merged_at": null
        },
        "body": "This PR contains the following updates:\n\n| Package | Change | Age | Adoption | Passing | Confidence |\n|---|---|---|---|---|---|\n| [wrangler](https://redirect.github.com/cloudflare/workers-sdk) ([source](https://redirect.github.com/cloudflare/workers-sdk/tree/HEAD/packages/wrangler)) | [`3.107.0` -> `3.107.2`](https://renovatebot.com/diffs/npm/wrangler/3.107.0/3.107.2) | [![age](https://developer.mend.io/api/mc/badges/age/npm/wrangler/3.107.2?slim=true)](https://docs.renovatebot.com/merge-confidence/) | [![adoption](https://developer.mend.io/api/mc/badges/adoption/npm/wrangler/3.107.2?slim=true)](https://docs.renovatebot.com/merge-confidence/) | [![passing](https://developer.mend.io/api/mc/badges/compatibility/npm/wrangler/3.107.0/3.107.2?slim=true)](https://docs.renovatebot.com/merge-confidence/) | [![confidence](https://developer.mend.io/api/mc/badges/confidence/npm/wrangler/3.107.0/3.107.2?slim=true)](https://docs.renovatebot.com/merge-confidence/) |\n\n---\n\n### Release Notes\n\n<details>\n<summary>cloudflare/workers-sdk (wrangler)</summary>\n\n### [`v3.107.2`](https://redirect.github.com/cloudflare/workers-sdk/blob/HEAD/packages/wrangler/CHANGELOG.md#31072)\n\n[Compare Source](https://redirect.github.com/cloudflare/workers-sdk/compare/wrangler@3.107.1...wrangler@3.107.2)\n\n##### Patch Changes\n\n-   [#&#8203;7988](https://redirect.github.com/cloudflare/workers-sdk/pull/7988) [`444a630`](https://redirect.github.com/cloudflare/workers-sdk/commit/444a6302f194150b0678da5b564cfd2de8a3dad6) Thanks [@&#8203;edmundhung](https://redirect.github.com/edmundhung)! - Fix [#&#8203;7985](https://redirect.github.com/cloudflare/workers-sdk/issues/7985).\n\n    This reverts the changes on [#&#8203;7945](https://redirect.github.com/cloudflare/workers-sdk/issues/7945) that caused compatibility issues with Node 16 due to the introduction of `sharp`.\n\n### [`v3.107.1`](https://redirect.github.com/cloudflare/workers-sdk/blob/HEAD/packages/wrangler/CHANGELOG.md#31071)\n\n[Compare Source](https://redirect.github.com/cloudflare/workers-sdk/compare/wrangler@3.107.0...wrangler@3.107.1)\n\n##### Patch Changes\n\n-   [#&#8203;7981](https://redirect.github.com/cloudflare/workers-sdk/pull/7981) [`e2b3306`](https://redirect.github.com/cloudflare/workers-sdk/commit/e2b3306e1721dbc0ba8e0eb2025a519b80adbd01) Thanks [@&#8203;WalshyDev](https://redirect.github.com/WalshyDev)! - Fixes a regression introduced in Wrangler 3.107.0 in which `[assets]` was not being inherited from the top-level environment.\n\n-   Updated dependencies \\[[`ab49886`](https://redirect.github.com/cloudflare/workers-sdk/commit/ab498862b96551774f601403d3e93d2105a18a91)]:\n    -   miniflare@3.20250129.0\n\n</details>\n\n---\n\n### Configuration\n\n📅 **Schedule**: Branch creation - At any time (no schedule defined), Automerge - At any time (no schedule defined).\n\n🚦 **Automerge**: Disabled by config. Please merge this manually once you are satisfied.\n\n♻ **Rebasing**: Whenever PR becomes conflicted, or you tick the rebase/retry checkbox.\n\n🔕 **Ignore**: Close this PR and you won't be reminded about this update again.\n\n---\n\n - [ ] <!-- rebase-check -->If you want to rebase/retry this PR, check this box\n\n---\n\nThis PR was generated by [Mend Renovate](https://mend.io/renovate/). View the [repository job log](https://developer.mend.io/github/allthingslinux/allthingslinux).\n<!--renovate-debug:eyJjcmVhdGVkSW5WZXIiOiIzOS4xNDUuMCIsInVwZGF0ZWRJblZlciI6IjM5LjE0NS4wIiwidGFyZ2V0QnJhbmNoIjoibWFpbiIsImxhYmVscyI6W119-->\n",
        "closed_by": null,
        "reactions": {
            "url": "https://api.github.com/repos/allthingslinux/allthingslinux/issues/43/reactions",
            "total_count": 0,
            "+1": 0,
            "-1": 0,
            "laugh": 0,
            "hooray": 0,
            "confused": 0,
            "heart": 0,
            "rocket": 0,
            "eyes": 0
        },
        "timeline_url": "https://api.github.com/repos/allthingslinux/allthingslinux/issues/43/timeline",
        "performed_via_github_app": null,
        "state_reason": null
    },
    {
        "url": "https://api.github.com/repos/allthingslinux/allthingslinux/issues/38",
        "repository_url": "https://api.github.com/repos/allthingslinux/allthingslinux",
        "labels_url": "https://api.github.com/repos/allthingslinux/allthingslinux/issues/38/labels{/name}",
        "comments_url": "https://api.github.com/repos/allthingslinux/allthingslinux/issues/38/comments",
        "events_url": "https://api.github.com/repos/allthingslinux/allthingslinux/issues/38/events",
        "html_url": "https://github.com/allthingslinux/allthingslinux/pull/38",
        "id": 2764829133,
        "node_id": "PR_kwDOMx3Fis6GhLcY",
        "number": 38,
        "title": "chore(deps): update dependency @types/node to v22.13.0",
        "user": {
            "login": "renovate[bot]",
            "id": 29139614,
            "node_id": "MDM6Qm90MjkxMzk2MTQ=",
            "avatar_url": "https://avatars.githubusercontent.com/in/2740?v=4",
            "gravatar_id": "",
            "url": "https://api.github.com/users/renovate%5Bbot%5D",
            "html_url": "https://github.com/apps/renovate",
            "followers_url": "https://api.github.com/users/renovate%5Bbot%5D/followers",
            "following_url": "https://api.github.com/users/renovate%5Bbot%5D/following{/other_user}",
            "gists_url": "https://api.github.com/users/renovate%5Bbot%5D/gists{/gist_id}",
            "starred_url": "https://api.github.com/users/renovate%5Bbot%5D/starred{/owner}{/repo}",
            "subscriptions_url": "https://api.github.com/users/renovate%5Bbot%5D/subscriptions",
            "organizations_url": "https://api.github.com/users/renovate%5Bbot%5D/orgs",
            "repos_url": "https://api.github.com/users/renovate%5Bbot%5D/repos",
            "events_url": "https://api.github.com/users/renovate%5Bbot%5D/events{/privacy}",
            "received_events_url": "https://api.github.com/users/renovate%5Bbot%5D/received_events",
            "type": "Bot",
            "user_view_type": "public",
            "site_admin": false
        },
        "labels": [],
        "state": "open",
        "locked": false,
        "assignee": null,
        "assignees": [],
        "milestone": null,
        "comments": 1,
        "created_at": "2025-01-01T04:12:33Z",
        "updated_at": "2025-02-01T00:38:52Z",
        "closed_at": null,
        "author_association": "CONTRIBUTOR",
        "sub_issues_summary": {
            "total": 0,
            "completed": 0,
            "percent_completed": 0
        },
        "active_lock_reason": null,
        "draft": false,
        "pull_request": {
            "url": "https://api.github.com/repos/allthingslinux/allthingslinux/pulls/38",
            "html_url": "https://github.com/allthingslinux/allthingslinux/pull/38",
            "diff_url": "https://github.com/allthingslinux/allthingslinux/pull/38.diff",
            "patch_url": "https://github.com/allthingslinux/allthingslinux/pull/38.patch",
            "merged_at": null
        },
        "body": "This PR contains the following updates:\n\n| Package | Change | Age | Adoption | Passing | Confidence |\n|---|---|---|---|---|---|\n| [@types/node](https://redirect.github.com/DefinitelyTyped/DefinitelyTyped/tree/master/types/node) ([source](https://redirect.github.com/DefinitelyTyped/DefinitelyTyped/tree/HEAD/types/node)) | [`22.10.2` -> `22.13.0`](https://renovatebot.com/diffs/npm/@types%2fnode/22.10.2/22.13.0) | [![age](https://developer.mend.io/api/mc/badges/age/npm/@types%2fnode/22.13.0?slim=true)](https://docs.renovatebot.com/merge-confidence/) | [![adoption](https://developer.mend.io/api/mc/badges/adoption/npm/@types%2fnode/22.13.0?slim=true)](https://docs.renovatebot.com/merge-confidence/) | [![passing](https://developer.mend.io/api/mc/badges/compatibility/npm/@types%2fnode/22.10.2/22.13.0?slim=true)](https://docs.renovatebot.com/merge-confidence/) | [![confidence](https://developer.mend.io/api/mc/badges/confidence/npm/@types%2fnode/22.10.2/22.13.0?slim=true)](https://docs.renovatebot.com/merge-confidence/) |\n\n---\n\n### Configuration\n\n📅 **Schedule**: Branch creation - At any time (no schedule defined), Automerge - At any time (no schedule defined).\n\n🚦 **Automerge**: Disabled by config. Please merge this manually once you are satisfied.\n\n♻ **Rebasing**: Whenever PR becomes conflicted, or you tick the rebase/retry checkbox.\n\n🔕 **Ignore**: Close this PR and you won't be reminded about this update again.\n\n---\n\n - [ ] <!-- rebase-check -->If you want to rebase/retry this PR, check this box\n\n---\n\nThis PR was generated by [Mend Renovate](https://mend.io/renovate/). View the [repository job log](https://developer.mend.io/github/allthingslinux/allthingslinux).\n<!--renovate-debug:eyJjcmVhdGVkSW5WZXIiOiIzOS44NS4wIiwidXBkYXRlZEluVmVyIjoiMzkuMTQ1LjAiLCJ0YXJnZXRCcmFuY2giOiJtYWluIiwibGFiZWxzIjpbXX0=-->\n",
        "closed_by": null,
        "reactions": {
            "url": "https://api.github.com/repos/allthingslinux/allthingslinux/issues/38/reactions",
            "total_count": 0,
            "+1": 0,
            "-1": 0,
            "laugh": 0,
            "hooray": 0,
            "confused": 0,
            "heart": 0,
            "rocket": 0,
            "eyes": 0
        },
        "timeline_url": "https://api.github.com/repos/allthingslinux/allthingslinux/issues/38/timeline",
        "performed_via_github_app": null,
        "state_reason": null
    },
    {
        "url": "https://api.github.com/repos/allthingslinux/allthingslinux/issues/5",
        "repository_url": "https://api.github.com/repos/allthingslinux/allthingslinux",
        "labels_url": "https://api.github.com/repos/allthingslinux/allthingslinux/issues/5/labels{/name}",
        "comments_url": "https://api.github.com/repos/allthingslinux/allthingslinux/issues/5/comments",
        "events_url": "https://api.github.com/repos/allthingslinux/allthingslinux/issues/5/events",
        "html_url": "https://github.com/allthingslinux/allthingslinux/issues/5",
        "id": 2665203173,
        "node_id": "I_kwDOMx3Fis6e28Xl",
        "number": 5,
        "title": "Dependency Dashboard",
        "user": {
            "login": "renovate[bot]",
            "id": 29139614,
            "node_id": "MDM6Qm90MjkxMzk2MTQ=",
            "avatar_url": "https://avatars.githubusercontent.com/in/2740?v=4",
            "gravatar_id": "",
            "url": "https://api.github.com/users/renovate%5Bbot%5D",
            "html_url": "https://github.com/apps/renovate",
            "followers_url": "https://api.github.com/users/renovate%5Bbot%5D/followers",
            "following_url": "https://api.github.com/users/renovate%5Bbot%5D/following{/other_user}",
            "gists_url": "https://api.github.com/users/renovate%5Bbot%5D/gists{/gist_id}",
            "starred_url": "https://api.github.com/users/renovate%5Bbot%5D/starred{/owner}{/repo}",
            "subscriptions_url": "https://api.github.com/users/renovate%5Bbot%5D/subscriptions",
            "organizations_url": "https://api.github.com/users/renovate%5Bbot%5D/orgs",
            "repos_url": "https://api.github.com/users/renovate%5Bbot%5D/repos",
            "events_url": "https://api.github.com/users/renovate%5Bbot%5D/events{/privacy}",
            "received_events_url": "https://api.github.com/users/renovate%5Bbot%5D/received_events",
            "type": "Bot",
            "user_view_type": "public",
            "site_admin": false
        },
        "labels": [],
        "state": "open",
        "locked": false,
        "assignee": null,
        "assignees": [],
        "milestone": null,
        "comments": 0,
        "created_at": "2024-11-17T03:11:47Z",
        "updated_at": "2025-02-01T00:31:11Z",
        "closed_at": null,
        "author_association": "CONTRIBUTOR",
        "sub_issues_summary": {
            "total": 0,
            "completed": 0,
            "percent_completed": 0
        },
        "active_lock_reason": null,
        "body": "This issue lists Renovate updates and detected dependencies. Read the [Dependency Dashboard](https://docs.renovatebot.com/key-concepts/dashboard/) docs to learn more.\n\n## Rate-Limited\n\nThese updates are currently rate-limited. Click on a checkbox below to force their creation now.\n\n - [ ] <!-- unlimit-branch=renovate/postcss-8.x-lockfile -->fix(deps): update dependency postcss to v8.5.1\n - [ ] <!-- unlimit-branch=renovate/tailwind-merge-3.x -->fix(deps): update dependency tailwind-merge to v3\n - [ ] <!-- create-all-rate-limited-prs -->🔐 **Create all rate-limited PRs at once** 🔐\n\n## Open\n\nThese updates have all been created already. Click a checkbox below to force a retry/rebase of any.\n\n - [ ] <!-- rebase-branch=renovate/wrangler-3.x-lockfile -->[chore(deps): update dependency wrangler to v3.107.2](../pull/43)\n - [ ] <!-- rebase-branch=renovate/tailwindcss-monorepo -->[fix(deps): update tailwindcss monorepo to v4.0.2](../pull/44) (`@tailwindcss/postcss`, `tailwindcss`)\n - [ ] <!-- rebase-branch=renovate/node-22.x-lockfile -->[chore(deps): update dependency @types/node to v22.13.0](../pull/38)\n - [ ] <!-- rebase-all-open-prs -->**Click on this checkbox to rebase all open PRs at once**\n\n## Detected dependencies\n\n<details><summary>mise</summary>\n<blockquote>\n\n<details><summary>.mise.toml</summary>\n\n\n</details>\n\n</blockquote>\n</details>\n\n<details><summary>npm</summary>\n<blockquote>\n\n<details><summary>package.json</summary>\n\n - `@hookform/resolvers 3.10.0`\n - `@mdx-js/loader ^3.1.0`\n - `@mdx-js/react ^3.1.0`\n - `@next/mdx ^15.1.6`\n - `@next/third-parties ^15.1.6`\n - `@radix-ui/react-accordion 1.2.2`\n - `@radix-ui/react-avatar ^1.1.2`\n - `@radix-ui/react-dialog 1.1.5`\n - `@radix-ui/react-label 2.1.1`\n - `@radix-ui/react-navigation-menu 1.2.4`\n - `@radix-ui/react-separator ^1.1.1`\n - `@radix-ui/react-slot ^1.1.1`\n - `@tabler/icons-react ^3.29.0`\n - `@tailwindcss/postcss ^4.0.0`\n - `@tailwindcss/typography ^0.5.16`\n - `@types/react-syntax-highlighter ^15.5.13`\n - `canvas-confetti ^1.9.3`\n - `class-variance-authority 0.7.1`\n - `clsx ^2.1.1`\n - `date-fns ^4.1.0`\n - `embla-carousel-auto-scroll ^8.5.2`\n - `embla-carousel-react ^8.5.2`\n - `framer-motion ^12.0.6`\n - `gray-matter ^4.0.3`\n - `lucide-react 0.474.0`\n - `motion ^12.0.6`\n - `next 15.1.6`\n - `next-mdx-remote ^5.0.0`\n - `path-browserify ^1.0.1`\n - `postcss 8`\n - `prettier-eslint ^16.3.0`\n - `react-hook-form 7.54.2`\n - `react-icons 5.4.0`\n - `react-markdown ^9.0.3`\n - `react-syntax-highlighter ^15.6.1`\n - `react-use ^17.6.0`\n - `rehype-autolink-headings ^7.1.0`\n - `rehype-slug ^6.0.0`\n - `remark-frontmatter ^5.0.0`\n - `remark-github ^12.0.0`\n - `remark-github-blockquote-alert ^1.3.0`\n - `tailwind-merge ^2.6.0`\n - `tailwindcss 4.0.0`\n - `tailwindcss-animate 1.0.7`\n - `zod 3.24.1`\n - `@cloudflare/next-on-pages ^1.13.7`\n - `@eslint/eslintrc ^3.2.0`\n - `@eslint/js ^9.19.0`\n - `@shikijs/rehype ^2.1.0`\n - `@svgr/webpack ^8.1.0`\n - `@types/canvas-confetti ^1.9.0`\n - `@types/eslint ^9.6.1`\n - `@types/eslint__eslintrc ^2.1.2`\n - `@types/eslint__js ^8.42.3`\n - `@types/mdx ^2.0.13`\n - `@types/node 22`\n - `@types/path-browserify ^1.0.3`\n - `@types/react 19`\n - `@types/react-dom 19`\n - `@typescript-eslint/eslint-plugin ^8.22.0`\n - `@typescript-eslint/parser ^8.22.0`\n - `eslint ^9.19.0`\n - `eslint-config-next ^15.1.6`\n - `eslint-config-prettier ^10.0.1`\n - `eslint-plugin-mdx ^3.1.5`\n - `eslint-plugin-prettier ^5.2.3`\n - `github-markdown-css ^5.8.1`\n - `globals 15.14.0`\n - `remark-cli ^12.0.1`\n - `remark-gfm ^4.0.0`\n - `remark-git-contributors ^5.1.0`\n - `ts-node ^10.9.2`\n - `typescript ^5.7.3`\n - `typescript-eslint ^8.22.0`\n - `wrangler ^3.106.0`\n - `react-is ^19.0.0-rc-69d4b800-20241021`\n\n</details>\n\n</blockquote>\n</details>\n\n---\n\n- [ ] <!-- manual job -->Check this box to trigger a request for Renovate to run again on this repository\n\n",
        "closed_by": null,
        "reactions": {
            "url": "https://api.github.com/repos/allthingslinux/allthingslinux/issues/5/reactions",
            "total_count": 0,
            "+1": 0,
            "-1": 0,
            "laugh": 0,
            "hooray": 0,
            "confused": 0,
            "heart": 0,
            "rocket": 0,
            "eyes": 0
        },
        "timeline_url": "https://api.github.com/repos/allthingslinux/allthingslinux/issues/5/timeline",
        "performed_via_github_app": null,
        "state_reason": null
    }
]