[
    {
        "url": "https://api.github.com/repos/AlmaLinux/albs-web-server/issues/1109",
        "repository_url": "https://api.github.com/repos/AlmaLinux/albs-web-server",
        "labels_url": "https://api.github.com/repos/AlmaLinux/albs-web-server/issues/1109/labels{/name}",
        "comments_url": "https://api.github.com/repos/AlmaLinux/albs-web-server/issues/1109/comments",
        "events_url": "https://api.github.com/repos/AlmaLinux/albs-web-server/issues/1109/events",
        "html_url": "https://github.com/AlmaLinux/albs-web-server/pull/1109",
        "id": 2823965227,
        "node_id": "PR_kwDOF12aaM6Jqlhx",
        "number": 1109,
        "title": "Replace ssh-key on token in preflight workflow",
        "user": {
            "login": "anfimovdm",
            "id": 64651799,
            "node_id": "MDQ6VXNlcjY0NjUxNzk5",
            "avatar_url": "https://avatars.githubusercontent.com/u/64651799?v=4",
            "gravatar_id": "",
            "url": "https://api.github.com/users/anfimovdm",
            "html_url": "https://github.com/anfimovdm",
            "followers_url": "https://api.github.com/users/anfimovdm/followers",
            "following_url": "https://api.github.com/users/anfimovdm/following{/other_user}",
            "gists_url": "https://api.github.com/users/anfimovdm/gists{/gist_id}",
            "starred_url": "https://api.github.com/users/anfimovdm/starred{/owner}{/repo}",
            "subscriptions_url": "https://api.github.com/users/anfimovdm/subscriptions",
            "organizations_url": "https://api.github.com/users/anfimovdm/orgs",
            "repos_url": "https://api.github.com/users/anfimovdm/repos",
            "events_url": "https://api.github.com/users/anfimovdm/events{/privacy}",
            "received_events_url": "https://api.github.com/users/anfimovdm/received_events",
            "type": "User",
            "user_view_type": "public",
            "site_admin": false
        },
        "labels": [],
        "state": "open",
        "locked": false,
        "assignee": null,
        "assignees": [],
        "milestone": null,
        "comments": 0,
        "created_at": "2025-01-31T16:43:52Z",
        "updated_at": "2025-01-31T16:43:52Z",
        "closed_at": null,
        "author_association": "CONTRIBUTOR",
        "sub_issues_summary": {
            "total": 0,
            "completed": 0,
            "percent_completed": 0
        },
        "active_lock_reason": null,
        "draft": false,
        "pull_request": {
            "url": "https://api.github.com/repos/AlmaLinux/albs-web-server/pulls/1109",
            "html_url": "https://github.com/AlmaLinux/albs-web-server/pull/1109",
            "diff_url": "https://github.com/AlmaLinux/albs-web-server/pull/1109.diff",
            "patch_url": "https://github.com/AlmaLinux/albs-web-server/pull/1109.patch",
            "merged_at": null
        },
        "body": null,
        "closed_by": null,
        "reactions": {
            "url": "https://api.github.com/repos/AlmaLinux/albs-web-server/issues/1109/reactions",
            "total_count": 0,
            "+1": 0,
            "-1": 0,
            "laugh": 0,
            "hooray": 0,
            "confused": 0,
            "heart": 0,
            "rocket": 0,
            "eyes": 0
        },
        "timeline_url": "https://api.github.com/repos/AlmaLinux/albs-web-server/issues/1109/timeline",
        "performed_via_github_app": null,
        "state_reason": null
    },
    {
        "url": "https://api.github.com/repos/AlmaLinux/albs-web-server/issues/1107",
        "repository_url": "https://api.github.com/repos/AlmaLinux/albs-web-server",
        "labels_url": "https://api.github.com/repos/AlmaLinux/albs-web-server/issues/1107/labels{/name}",
        "comments_url": "https://api.github.com/repos/AlmaLinux/albs-web-server/issues/1107/comments",
        "events_url": "https://api.github.com/repos/AlmaLinux/albs-web-server/issues/1107/events",
        "html_url": "https://github.com/AlmaLinux/albs-web-server/pull/1107",
        "id": 2821077894,
        "node_id": "PR_kwDOF12aaM6Jg3Mo",
        "number": 1107,
        "title": "Bump fastapi-users-db-sqlalchemy from 6.0.1 to 7.0.0",
        "user": {
            "login": "dependabot[bot]",
            "id": 49699333,
            "node_id": "MDM6Qm90NDk2OTkzMzM=",
            "avatar_url": "https://avatars.githubusercontent.com/in/29110?v=4",
            "gravatar_id": "",
            "url": "https://api.github.com/users/dependabot%5Bbot%5D",
            "html_url": "https://github.com/apps/dependabot",
            "followers_url": "https://api.github.com/users/dependabot%5Bbot%5D/followers",
            "following_url": "https://api.github.com/users/dependabot%5Bbot%5D/following{/other_user}",
            "gists_url": "https://api.github.com/users/dependabot%5Bbot%5D/gists{/gist_id}",
            "starred_url": "https://api.github.com/users/dependabot%5Bbot%5D/starred{/owner}{/repo}",
            "subscriptions_url": "https://api.github.com/users/dependabot%5Bbot%5D/subscriptions",
            "organizations_url": "https://api.github.com/users/dependabot%5Bbot%5D/orgs",
            "repos_url": "https://api.github.com/users/dependabot%5Bbot%5D/repos",
            "events_url": "https://api.github.com/users/dependabot%5Bbot%5D/events{/privacy}",
            "received_events_url": "https://api.github.com/users/dependabot%5Bbot%5D/received_events",
            "type": "Bot",
            "user_view_type": "public",
            "site_admin": false
        },
        "labels": [
            {
                "id": 3383217550,
                "node_id": "LA_kwDOF12aaM7Jp82O",
                "url": "https://api.github.com/repos/AlmaLinux/albs-web-server/labels/dependencies",
                "name": "dependencies",
                "color": "0366d6",
                "default": false,
                "description": "Pull requests that update a dependency file"
            },
            {
                "id": 7802904424,
                "node_id": "LA_kwDOF12aaM8AAAAB0RbfaA",
                "url": "https://api.github.com/repos/AlmaLinux/albs-web-server/labels/python",
                "name": "python",
                "color": "2b67c6",
                "default": false,
                "description": "Pull requests that update Python code"
            }
        ],
        "state": "open",
        "locked": false,
        "assignee": null,
        "assignees": [],
        "milestone": null,
        "comments": 0,
        "created_at": "2025-01-30T15:07:09Z",
        "updated_at": "2025-01-30T15:07:10Z",
        "closed_at": null,
        "author_association": "CONTRIBUTOR",
        "sub_issues_summary": {
            "total": 0,
            "completed": 0,
            "percent_completed": 0
        },
        "active_lock_reason": null,
        "draft": false,
        "pull_request": {
            "url": "https://api.github.com/repos/AlmaLinux/albs-web-server/pulls/1107",
            "html_url": "https://github.com/AlmaLinux/albs-web-server/pull/1107",
            "diff_url": "https://github.com/AlmaLinux/albs-web-server/pull/1107.diff",
            "patch_url": "https://github.com/AlmaLinux/albs-web-server/pull/1107.patch",
            "merged_at": null
        },
        "body": "Bumps [fastapi-users-db-sqlalchemy](https://github.com/fastapi-users/fastapi-users-db-sqlalchemy) from 6.0.1 to 7.0.0.\n<details>\n<summary>Release notes</summary>\n<p><em>Sourced from <a href=\"https://github.com/fastapi-users/fastapi-users-db-sqlalchemy/releases\">fastapi-users-db-sqlalchemy's releases</a>.</em></p>\n<blockquote>\n<h2>v7.0.0</h2>\n<p>Bump version 6.0.1 → 7.0.0</p>\n<h2>Breaking changes</h2>\n<ul>\n<li>Drop Python 3.8 support</li>\n</ul>\n</blockquote>\n</details>\n<details>\n<summary>Commits</summary>\n<ul>\n<li><a href=\"https://github.com/fastapi-users/fastapi-users-db-sqlalchemy/commit/6397ace506d829a2ee12786da5d724c3f4c6b634\"><code>6397ace</code></a> Bump version 6.0.1 → 7.0.0</li>\n<li><a href=\"https://github.com/fastapi-users/fastapi-users-db-sqlalchemy/commit/4e846897f490ec459b7e5c50ea3b06cc7983122d\"><code>4e84689</code></a> Upgrade GitHub Actions</li>\n<li><a href=\"https://github.com/fastapi-users/fastapi-users-db-sqlalchemy/commit/00c21ee79dba6b83af51347060bac1792b2d84e0\"><code>00c21ee</code></a> Drop Python 3.8 support and upgrade tooling</li>\n<li>See full diff in <a href=\"https://github.com/fastapi-users/fastapi-users-db-sqlalchemy/compare/v6.0.1...v7.0.0\">compare view</a></li>\n</ul>\n</details>\n<br />\n\n\n[![Dependabot compatibility score](https://dependabot-badges.githubapp.com/badges/compatibility_score?dependency-name=fastapi-users-db-sqlalchemy&package-manager=pip&previous-version=6.0.1&new-version=7.0.0)](https://docs.github.com/en/github/managing-security-vulnerabilities/about-dependabot-security-updates#about-compatibility-scores)\n\nDependabot will resolve any conflicts with this PR as long as you don't alter it yourself. You can also trigger a rebase manually by commenting `@dependabot rebase`.\n\n[//]: # (dependabot-automerge-start)\n[//]: # (dependabot-automerge-end)\n\n---\n\n<details>\n<summary>Dependabot commands and options</summary>\n<br />\n\nYou can trigger Dependabot actions by commenting on this PR:\n- `@dependabot rebase` will rebase this PR\n- `@dependabot recreate` will recreate this PR, overwriting any edits that have been made to it\n- `@dependabot merge` will merge this PR after your CI passes on it\n- `@dependabot squash and merge` will squash and merge this PR after your CI passes on it\n- `@dependabot cancel merge` will cancel a previously requested merge and block automerging\n- `@dependabot reopen` will reopen this PR if it is closed\n- `@dependabot close` will close this PR and stop Dependabot recreating it. You can achieve the same result by closing it manually\n- `@dependabot show <dependency name> ignore conditions` will show all of the ignore conditions of the specified dependency\n- `@dependabot ignore this major version` will close this PR and stop Dependabot creating any more for this major version (unless you reopen the PR or upgrade to it yourself)\n- `@dependabot ignore this minor version` will close this PR and stop Dependabot creating any more for this minor version (unless you reopen the PR or upgrade to it yourself)\n- `@dependabot ignore this dependency` will close this PR and stop Dependabot creating any more for this dependency (unless you reopen the PR or upgrade to it yourself)\n\n\n</details>",
        "closed_by": null,
        "reactions": {
            "url": "https://api.github.com/repos/AlmaLinux/albs-web-server/issues/1107/reactions",
            "total_count": 0,
            "+1": 0,
            "-1": 0,
            "laugh": 0,
            "hooray": 0,
            "confused": 0,
            "heart": 0,
            "rocket": 0,
            "eyes": 0
        },
        "timeline_url": "https://api.github.com/repos/AlmaLinux/albs-web-server/issues/1107/timeline",
        "performed_via_github_app": null,
        "state_reason": null
    },
    {
        "url": "https://api.github.com/repos/AlmaLinux/albs-web-server/issues/1106",
        "repository_url": "https://api.github.com/repos/AlmaLinux/albs-web-server",
        "labels_url": "https://api.github.com/repos/AlmaLinux/albs-web-server/issues/1106/labels{/name}",
        "comments_url": "https://api.github.com/repos/AlmaLinux/albs-web-server/issues/1106/comments",
        "events_url": "https://api.github.com/repos/AlmaLinux/albs-web-server/issues/1106/events",
        "html_url": "https://github.com/AlmaLinux/albs-web-server/pull/1106",
        "id": 2821077459,
        "node_id": "PR_kwDOF12aaM6Jg3GD",
        "number": 1106,
        "title": "Bump alembic-postgresql-enum from 1.4.0 to 1.6.0",
        "user": {
            "login": "dependabot[bot]",
            "id": 49699333,
            "node_id": "MDM6Qm90NDk2OTkzMzM=",
            "avatar_url": "https://avatars.githubusercontent.com/in/29110?v=4",
            "gravatar_id": "",
            "url": "https://api.github.com/users/dependabot%5Bbot%5D",
            "html_url": "https://github.com/apps/dependabot",
            "followers_url": "https://api.github.com/users/dependabot%5Bbot%5D/followers",
            "following_url": "https://api.github.com/users/dependabot%5Bbot%5D/following{/other_user}",
            "gists_url": "https://api.github.com/users/dependabot%5Bbot%5D/gists{/gist_id}",
            "starred_url": "https://api.github.com/users/dependabot%5Bbot%5D/starred{/owner}{/repo}",
            "subscriptions_url": "https://api.github.com/users/dependabot%5Bbot%5D/subscriptions",
            "organizations_url": "https://api.github.com/users/dependabot%5Bbot%5D/orgs",
            "repos_url": "https://api.github.com/users/dependabot%5Bbot%5D/repos",
            "events_url": "https://api.github.com/users/dependabot%5Bbot%5D/events{/privacy}",
            "received_events_url": "https://api.github.com/users/dependabot%5Bbot%5D/received_events",
            "type": "Bot",
            "user_view_type": "public",
            "site_admin": false
        },
        "labels": [
            {
                "id": 3383217550,
                "node_id": "LA_kwDOF12aaM7Jp82O",
                "url": "https://api.github.com/repos/AlmaLinux/albs-web-server/labels/dependencies",
                "name": "dependencies",
                "color": "0366d6",
                "default": false,
                "description": "Pull requests that update a dependency file"
            },
            {
                "id": 7802904424,
                "node_id": "LA_kwDOF12aaM8AAAAB0RbfaA",
                "url": "https://api.github.com/repos/AlmaLinux/albs-web-server/labels/python",
                "name": "python",
                "color": "2b67c6",
                "default": false,
                "description": "Pull requests that update Python code"
            }
        ],
        "state": "open",
        "locked": false,
        "assignee": null,
        "assignees": [],
        "milestone": null,
        "comments": 0,
        "created_at": "2025-01-30T15:07:06Z",
        "updated_at": "2025-01-30T15:07:07Z",
        "closed_at": null,
        "author_association": "CONTRIBUTOR",
        "sub_issues_summary": {
            "total": 0,
            "completed": 0,
            "percent_completed": 0
        },
        "active_lock_reason": null,
        "draft": false,
        "pull_request": {
            "url": "https://api.github.com/repos/AlmaLinux/albs-web-server/pulls/1106",
            "html_url": "https://github.com/AlmaLinux/albs-web-server/pull/1106",
            "diff_url": "https://github.com/AlmaLinux/albs-web-server/pull/1106.diff",
            "patch_url": "https://github.com/AlmaLinux/albs-web-server/pull/1106.patch",
            "merged_at": null
        },
        "body": "Bumps [alembic-postgresql-enum](https://github.com/RustyGuard/alembic-postgresql-enum) from 1.4.0 to 1.6.0.\n<details>\n<summary>Release notes</summary>\n<p><em>Sourced from <a href=\"https://github.com/RustyGuard/alembic-postgresql-enum/releases\">alembic-postgresql-enum's releases</a>.</em></p>\n<blockquote>\n<h2>v1.6.0</h2>\n<h2>What's Changed</h2>\n<ul>\n<li>Add <code>__all__</code> to fix pyright complaints by <a href=\"https://github.com/RustyGuard\"><code>@​RustyGuard</code></a> in <a href=\"https://redirect.github.com/Pogchamp-company/alembic-postgresql-enum/pull/96\">Pogchamp-company/alembic-postgresql-enum#96</a></li>\n<li>Quotes around schema, column and enum names by <a href=\"https://github.com/RustyGuard\"><code>@​RustyGuard</code></a> in <a href=\"https://redirect.github.com/Pogchamp-company/alembic-postgresql-enum/pull/97\">Pogchamp-company/alembic-postgresql-enum#97</a></li>\n</ul>\n<p><strong>Full Changelog</strong>: <a href=\"https://github.com/Pogchamp-company/alembic-postgresql-enum/compare/v1.5.0...v1.6.0\">https://github.com/Pogchamp-company/alembic-postgresql-enum/compare/v1.5.0...v1.6.0</a></p>\n<h2>v1.5.0</h2>\n<h2>What's Changed</h2>\n<ul>\n<li>feature: fixes <a href=\"https://redirect.github.com/RustyGuard/alembic-postgresql-enum/issues/33\">#33</a> allow to ignore enums by name by <a href=\"https://github.com/dswistowski\"><code>@​dswistowski</code></a> in <a href=\"https://redirect.github.com/Pogchamp-company/alembic-postgresql-enum/pull/90\">Pogchamp-company/alembic-postgresql-enum#90</a></li>\n<li>feature: fixes <a href=\"https://redirect.github.com/RustyGuard/alembic-postgresql-enum/issues/87\">#87</a> <code>drop_unused_enums</code>, <code>detect_enum_values_changes</code> feature flags that can be disabled by <a href=\"https://github.com/RustyGuard\"><code>@​RustyGuard</code></a> in <a href=\"https://redirect.github.com/Pogchamp-company/alembic-postgresql-enum/pull/91\">Pogchamp-company/alembic-postgresql-enum#91</a></li>\n</ul>\n<h2>New Contributors</h2>\n<ul>\n<li><a href=\"https://github.com/dswistowski\"><code>@​dswistowski</code></a> made their first contribution in <a href=\"https://redirect.github.com/Pogchamp-company/alembic-postgresql-enum/pull/90\">Pogchamp-company/alembic-postgresql-enum#90</a></li>\n</ul>\n<p><strong>Full Changelog</strong>: <a href=\"https://github.com/Pogchamp-company/alembic-postgresql-enum/compare/v1.4.0...v1.5.0\">https://github.com/Pogchamp-company/alembic-postgresql-enum/compare/v1.4.0...v1.5.0</a></p>\n</blockquote>\n</details>\n<details>\n<summary>Commits</summary>\n<ul>\n<li><a href=\"https://github.com/Pogchamp-company/alembic-postgresql-enum/commit/43fa838e94b646c703d3aecfc2a87429f6db5f39\"><code>43fa838</code></a> Merge pull request <a href=\"https://redirect.github.com/RustyGuard/alembic-postgresql-enum/issues/98\">#98</a> from Pogchamp-company/develop</li>\n<li><a href=\"https://github.com/Pogchamp-company/alembic-postgresql-enum/commit/de2ab82d87f5ba9349891c3287cc2b33fcb6346a\"><code>de2ab82</code></a> Bump version to 1.6.0</li>\n<li><a href=\"https://github.com/Pogchamp-company/alembic-postgresql-enum/commit/2a45932c990e0550895695f06d54a8fb5ac5cd29\"><code>2a45932</code></a> Merge pull request <a href=\"https://redirect.github.com/RustyGuard/alembic-postgresql-enum/issues/97\">#97</a> from Pogchamp-company/bug/95/quotes-around-column-names</li>\n<li><a href=\"https://github.com/Pogchamp-company/alembic-postgresql-enum/commit/a3693fa8ec2d3c214160526cedf17df49748d0c7\"><code>a3693fa</code></a> Fix black version in job</li>\n<li><a href=\"https://github.com/Pogchamp-company/alembic-postgresql-enum/commit/191c4f1bc07dd0c33964281b72faa60f126fafd1\"><code>191c4f1</code></a> Escape schema, column and enum names with &quot;quotes&quot;</li>\n<li><a href=\"https://github.com/Pogchamp-company/alembic-postgresql-enum/commit/06391282b88dc65b9ba90b1a15e00d745022723e\"><code>0639128</code></a> Merge pull request <a href=\"https://redirect.github.com/RustyGuard/alembic-postgresql-enum/issues/96\">#96</a> from Pogchamp-company/feature/94/add-dunder-all</li>\n<li><a href=\"https://github.com/Pogchamp-company/alembic-postgresql-enum/commit/ff59f9b58cca6f79ac441be05a0903e006ba67c7\"><code>ff59f9b</code></a> Downgrade test runner os version to ubuntu-22.04</li>\n<li><a href=\"https://github.com/Pogchamp-company/alembic-postgresql-enum/commit/9ea9847ee485a6bd16c41cdfe8efae965aa7388d\"><code>9ea9847</code></a> Add <code>__all__</code> to <code>__init__.py</code></li>\n<li><a href=\"https://github.com/Pogchamp-company/alembic-postgresql-enum/commit/87e969bf2134de928bc074444f11870c3e9fef2b\"><code>87e969b</code></a> Merge pull request <a href=\"https://redirect.github.com/RustyGuard/alembic-postgresql-enum/issues/92\">#92</a> from Pogchamp-company/develop</li>\n<li><a href=\"https://github.com/Pogchamp-company/alembic-postgresql-enum/commit/f3d0b68a1d9e9603ec4817d96ba0000cfe24321d\"><code>f3d0b68</code></a> Bump version to 1.5.0</li>\n<li>Additional commits viewable in <a href=\"https://github.com/RustyGuard/alembic-postgresql-enum/compare/v1.4.0...v1.6.0\">compare view</a></li>\n</ul>\n</details>\n<br />\n\n\n[![Dependabot compatibility score](https://dependabot-badges.githubapp.com/badges/compatibility_score?dependency-name=alembic-postgresql-enum&package-manager=pip&previous-version=1.4.0&new-version=1.6.0)](https://docs.github.com/en/github/managing-security-vulnerabilities/about-dependabot-security-updates#about-compatibility-scores)\n\nDependabot will resolve any conflicts with this PR as long as you don't alter it yourself. You can also trigger a rebase manually by commenting `@dependabot rebase`.\n\n[//]: # (dependabot-automerge-start)\n[//]: # (dependabot-automerge-end)\n\n---\n\n<details>\n<summary>Dependabot commands and options</summary>\n<br />\n\nYou can trigger Dependabot actions by commenting on this PR:\n- `@dependabot rebase` will rebase this PR\n- `@dependabot recreate` will recreate this PR, overwriting any edits that have been made to it\n- `@dependabot merge` will merge this PR after your CI passes on it\n- `@dependabot squash and merge` will squash and merge this PR after your CI passes on it\n- `@dependabot cancel merge` will cancel a previously requested merge and block automerging\n- `@dependabot reopen` will reopen this PR if it is closed\n- `@dependabot close` will close this PR and stop Dependabot recreating it. You can achieve the same result by closing it manually\n- `@dependabot show <dependency name> ignore conditions` will show all of the ignore conditions of the specified dependency\n- `@dependabot ignore this major version` will close this PR and stop Dependabot creating any more for this major version (unless you reopen the PR or upgrade to it yourself)\n- `@dependabot ignore this minor version` will close this PR and stop Dependabot creating any more for this minor version (unless you reopen the PR or upgrade to it yourself)\n- `@dependabot ignore this dependency` will close this PR and stop Dependabot creating any more for this dependency (unless you reopen the PR or upgrade to it yourself)\n\n\n</details>",
        "closed_by": null,
        "reactions": {
            "url": "https://api.github.com/repos/AlmaLinux/albs-web-server/issues/1106/reactions",
            "total_count": 0,
            "+1": 0,
            "-1": 0,
            "laugh": 0,
            "hooray": 0,
            "confused": 0,
            "heart": 0,
            "rocket": 0,
            "eyes": 0
        },
        "timeline_url": "https://api.github.com/repos/AlmaLinux/albs-web-server/issues/1106/timeline",
        "performed_via_github_app": null,
        "state_reason": null
    },
    {
        "url": "https://api.github.com/repos/AlmaLinux/albs-web-server/issues/1105",
        "repository_url": "https://api.github.com/repos/AlmaLinux/albs-web-server",
        "labels_url": "https://api.github.com/repos/AlmaLinux/albs-web-server/issues/1105/labels{/name}",
        "comments_url": "https://api.github.com/repos/AlmaLinux/albs-web-server/issues/1105/comments",
        "events_url": "https://api.github.com/repos/AlmaLinux/albs-web-server/issues/1105/events",
        "html_url": "https://github.com/AlmaLinux/albs-web-server/pull/1105",
        "id": 2821077291,
        "node_id": "PR_kwDOF12aaM6Jg3Dy",
        "number": 1105,
        "title": "Bump isort[colors] from 5.13.2 to 6.0.0",
        "user": {
            "login": "dependabot[bot]",
            "id": 49699333,
            "node_id": "MDM6Qm90NDk2OTkzMzM=",
            "avatar_url": "https://avatars.githubusercontent.com/in/29110?v=4",
            "gravatar_id": "",
            "url": "https://api.github.com/users/dependabot%5Bbot%5D",
            "html_url": "https://github.com/apps/dependabot",
            "followers_url": "https://api.github.com/users/dependabot%5Bbot%5D/followers",
            "following_url": "https://api.github.com/users/dependabot%5Bbot%5D/following{/other_user}",
            "gists_url": "https://api.github.com/users/dependabot%5Bbot%5D/gists{/gist_id}",
            "starred_url": "https://api.github.com/users/dependabot%5Bbot%5D/starred{/owner}{/repo}",
            "subscriptions_url": "https://api.github.com/users/dependabot%5Bbot%5D/subscriptions",
            "organizations_url": "https://api.github.com/users/dependabot%5Bbot%5D/orgs",
            "repos_url": "https://api.github.com/users/dependabot%5Bbot%5D/repos",
            "events_url": "https://api.github.com/users/dependabot%5Bbot%5D/events{/privacy}",
            "received_events_url": "https://api.github.com/users/dependabot%5Bbot%5D/received_events",
            "type": "Bot",
            "user_view_type": "public",
            "site_admin": false
        },
        "labels": [
            {
                "id": 3383217550,
                "node_id": "LA_kwDOF12aaM7Jp82O",
                "url": "https://api.github.com/repos/AlmaLinux/albs-web-server/labels/dependencies",
                "name": "dependencies",
                "color": "0366d6",
                "default": false,
                "description": "Pull requests that update a dependency file"
            },
            {
                "id": 7802904424,
                "node_id": "LA_kwDOF12aaM8AAAAB0RbfaA",
                "url": "https://api.github.com/repos/AlmaLinux/albs-web-server/labels/python",
                "name": "python",
                "color": "2b67c6",
                "default": false,
                "description": "Pull requests that update Python code"
            }
        ],
        "state": "open",
        "locked": false,
        "assignee": null,
        "assignees": [],
        "milestone": null,
        "comments": 0,
        "created_at": "2025-01-30T15:07:02Z",
        "updated_at": "2025-01-30T15:07:03Z",
        "closed_at": null,
        "author_association": "CONTRIBUTOR",
        "sub_issues_summary": {
            "total": 0,
            "completed": 0,
            "percent_completed": 0
        },
        "active_lock_reason": null,
        "draft": false,
        "pull_request": {
            "url": "https://api.github.com/repos/AlmaLinux/albs-web-server/pulls/1105",
            "html_url": "https://github.com/AlmaLinux/albs-web-server/pull/1105",
            "diff_url": "https://github.com/AlmaLinux/albs-web-server/pull/1105.diff",
            "patch_url": "https://github.com/AlmaLinux/albs-web-server/pull/1105.patch",
            "merged_at": null
        },
        "body": "Bumps [isort[colors]](https://github.com/pycqa/isort) from 5.13.2 to 6.0.0.\n<details>\n<summary>Release notes</summary>\n<p><em>Sourced from <a href=\"https://github.com/pycqa/isort/releases\">isort[colors]'s releases</a>.</em></p>\n<blockquote>\n<h2>6.0.0</h2>\n<h2>Changes</h2>\n<h2>:boom: Breaking Changes</h2>\n<ul>\n<li>Remove support for Python 3.8 (<a href=\"https://redirect.github.com/pycqa/isort/issues/2327\">#2327</a>) <a href=\"https://github.com/DanielNoord\"><code>@​DanielNoord</code></a></li>\n</ul>\n<h2>:rocket: Features</h2>\n<ul>\n<li>Python 3.13 support (<a href=\"https://redirect.github.com/pycqa/isort/issues/2306\">#2306</a>) <a href=\"https://github.com/mayty\"><code>@​mayty</code></a></li>\n<li>Updates round 3 (<a href=\"https://redirect.github.com/pycqa/isort/issues/2334\">#2334</a>) <a href=\"https://github.com/matthewhughes934\"><code>@​matthewhughes934</code></a></li>\n<li>Speed up exists_case_sensitive calls (<a href=\"https://redirect.github.com/pycqa/isort/issues/2264\">#2264</a>) <a href=\"https://github.com/correctmost\"><code>@​correctmost</code></a></li>\n<li>nit: Fix deprecation message link (<a href=\"https://redirect.github.com/pycqa/isort/issues/2220\">#2220</a>) <a href=\"https://github.com/syou6162\"><code>@​syou6162</code></a></li>\n<li>Ensure that split_on_trailing_comma works with <code>as</code> imports (<a href=\"https://redirect.github.com/pycqa/isort/issues/2340\">#2340</a>) <a href=\"https://github.com/DanielNoord\"><code>@​DanielNoord</code></a></li>\n<li>Black profile: enable magic comma (<a href=\"https://redirect.github.com/pycqa/isort/issues/2236\">#2236</a>) <a href=\"https://github.com/MrMino\"><code>@​MrMino</code></a></li>\n<li>Fix google style test (<a href=\"https://redirect.github.com/pycqa/isort/issues/2336\">#2336</a>) <a href=\"https://github.com/DanielNoord\"><code>@​DanielNoord</code></a></li>\n<li>Update line_length and single_line_exclusions in google profile (<a href=\"https://redirect.github.com/pycqa/isort/issues/2149\">#2149</a>) <a href=\"https://github.com/jagapiou\"><code>@​jagapiou</code></a></li>\n<li>Updates round 2 (<a href=\"https://redirect.github.com/pycqa/isort/issues/2329\">#2329</a>) <a href=\"https://github.com/matthewhughes934\"><code>@​matthewhughes934</code></a></li>\n<li>Dependency updates round 1 (<a href=\"https://redirect.github.com/pycqa/isort/issues/2325\">#2325</a>) <a href=\"https://github.com/matthewhughes934\"><code>@​matthewhughes934</code></a></li>\n<li>Run <code>pre-commit autoupdate</code> (<a href=\"https://redirect.github.com/pycqa/isort/issues/2321\">#2321</a>) <a href=\"https://github.com/kurtmckee\"><code>@​kurtmckee</code></a></li>\n</ul>\n<h2>:beetle: Fixes</h2>\n<ul>\n<li>Allow <code>--diff</code> to be used with <code>--jobs</code> (<a href=\"https://redirect.github.com/pycqa/isort/issues/2302\">#2302</a>) <a href=\"https://github.com/mnakama\"><code>@​mnakama</code></a></li>\n<li><code>wemake</code> has 80 chars hard limit, not 79 (<a href=\"https://redirect.github.com/pycqa/isort/issues/2241\">#2241</a>) <a href=\"https://github.com/sobolevn\"><code>@​sobolevn</code></a></li>\n<li>Fix errors on <code>main</code> (<a href=\"https://redirect.github.com/pycqa/isort/issues/2320\">#2320</a>) <a href=\"https://github.com/DanielNoord\"><code>@​DanielNoord</code></a></li>\n<li>Fixed syntax error (<a href=\"https://redirect.github.com/pycqa/isort/issues/2289\">#2289</a>) <a href=\"https://github.com/Sergio-prog\"><code>@​Sergio-prog</code></a></li>\n<li>fix: typo (<a href=\"https://redirect.github.com/pycqa/isort/issues/2298\">#2298</a>) <a href=\"https://github.com/Rotzbua\"><code>@​Rotzbua</code></a></li>\n<li>Fix <code>sort_reexports</code> code mangling (<a href=\"https://redirect.github.com/pycqa/isort/issues/2283\">#2283</a>) <a href=\"https://github.com/Helveg\"><code>@​Helveg</code></a></li>\n<li>fix: correct group by package tokenization (<a href=\"https://redirect.github.com/pycqa/isort/issues/2136\">#2136</a>) <a href=\"https://github.com/glasnt\"><code>@​glasnt</code></a></li>\n<li>Fix isort-action usage documentation (<a href=\"https://redirect.github.com/pycqa/isort/issues/2297\">#2297</a>) <a href=\"https://github.com/jamescurtin\"><code>@​jamescurtin</code></a></li>\n<li>Fix CDN for Ace (<a href=\"https://redirect.github.com/pycqa/isort/issues/2127\">#2127</a>) <a href=\"https://github.com/abitrolly\"><code>@​abitrolly</code></a></li>\n<li>Fix help text (<a href=\"https://redirect.github.com/pycqa/isort/issues/2229\">#2229</a>) <a href=\"https://github.com/stweil\"><code>@​stweil</code></a></li>\n<li>docs: fix spelling mistake (<a href=\"https://redirect.github.com/pycqa/isort/issues/2249\">#2249</a>) <a href=\"https://github.com/cachho\"><code>@​cachho</code></a></li>\n</ul>\n<h2>:construction_worker: Continuous Integration</h2>\n<ul>\n<li>UV replacement of Poetry (<a href=\"https://redirect.github.com/pycqa/isort/issues/2349\">#2349</a>) <a href=\"https://github.com/staticdev\"><code>@​staticdev</code></a></li>\n<li>Make actions happy (<a href=\"https://redirect.github.com/pycqa/isort/issues/2311\">#2311</a>) <a href=\"https://github.com/matthewhughes934\"><code>@​matthewhughes934</code></a></li>\n<li>Fix GitHub Actions badges (<a href=\"https://redirect.github.com/pycqa/isort/issues/2326\">#2326</a>) <a href=\"https://github.com/hugovk\"><code>@​hugovk</code></a></li>\n<li>Eliminate <code>actions/cache@v2</code> usage (<a href=\"https://redirect.github.com/pycqa/isort/issues/2322\">#2322</a>) <a href=\"https://github.com/kurtmckee\"><code>@​kurtmckee</code></a></li>\n<li>feat: add dependabot for GH action update (<a href=\"https://redirect.github.com/pycqa/isort/issues/2300\">#2300</a>) <a href=\"https://github.com/Rotzbua\"><code>@​Rotzbua</code></a></li>\n<li>Update stage names for <code>pre-commit</code> (<a href=\"https://redirect.github.com/pycqa/isort/issues/2296\">#2296</a>) <a href=\"https://github.com/matthewhughes934\"><code>@​matthewhughes934</code></a></li>\n</ul>\n<h2>:package: Dependencies</h2>\n<ul>\n<li>Bump <code>poetry</code> to <code>2.0.1</code> (<a href=\"https://redirect.github.com/pycqa/isort/issues/2341\">#2341</a>) <a href=\"https://github.com/DanielNoord\"><code>@​DanielNoord</code></a></li>\n<li>Fix misc unsafe dependencies (<a href=\"https://redirect.github.com/pycqa/isort/issues/2345\">#2345</a>) <a href=\"https://github.com/staticdev\"><code>@​staticdev</code></a></li>\n<li>Bump the github-actions group across 1 directory with 5 updates (<a href=\"https://redirect.github.com/pycqa/isort/issues/2324\">#2324</a>) @<a href=\"https://github.com/apps/dependabot\">dependabot[bot]</a></li>\n<li>Bump gitpython from 3.1.40 to 3.1.41 (<a href=\"https://redirect.github.com/pycqa/isort/issues/2223\">#2223</a>) @<a href=\"https://github.com/apps/dependabot\">dependabot[bot]</a></li>\n</ul>\n<!-- raw HTML omitted -->\n</blockquote>\n<p>... (truncated)</p>\n</details>\n<details>\n<summary>Changelog</summary>\n<p><em>Sourced from <a href=\"https://github.com/PyCQA/isort/blob/main/CHANGELOG.md\">isort[colors]'s changelog</a>.</em></p>\n<blockquote>\n<h1>Changelog</h1>\n<p>NOTE: isort follows the <a href=\"https://semver.org/\">semver</a> versioning standard.\nFind out more about isort's release policy <a href=\"https://pycqa.github.io/isort/docs/major_releases/release_policy\">here</a>.</p>\n</blockquote>\n</details>\n<details>\n<summary>Commits</summary>\n<ul>\n<li><a href=\"https://github.com/PyCQA/isort/commit/0a0b7a830386ba6a31c2ec8316849ae4d1b8240d\"><code>0a0b7a8</code></a> 6.0.0</li>\n<li><a href=\"https://github.com/PyCQA/isort/commit/2d00730d48c2963a02c436f3353552ce24689a79\"><code>2d00730</code></a> Merge pull request <a href=\"https://redirect.github.com/pycqa/isort/issues/2349\">#2349</a> from PyCQA/revert-2347-revert-2346-ci/uv-replacement...</li>\n<li><a href=\"https://github.com/PyCQA/isort/commit/16bb0e2d9b7c42edccf4e1ab292d27e9da908e5c\"><code>16bb0e2</code></a> Return user_options</li>\n<li><a href=\"https://github.com/PyCQA/isort/commit/73abbc8ec7cffc68d9e9c6c47935b46aed5b3665\"><code>73abbc8</code></a> Fix dev and optional dependencies</li>\n<li><a href=\"https://github.com/PyCQA/isort/commit/8b3828d756d2a359d1b44021c132821ce5955bdf\"><code>8b3828d</code></a> Pin UV version</li>\n<li><a href=\"https://github.com/PyCQA/isort/commit/02258755eb35111700745a47cce907865c67021a\"><code>0225875</code></a> Remove pip and virtualenv usage</li>\n<li><a href=\"https://github.com/PyCQA/isort/commit/3d49bc0c44392100bf04b46014fdfc1e9c276f36\"><code>3d49bc0</code></a> Revert &quot;Revert &quot;UV replacement of Poetry&quot;&quot;</li>\n<li><a href=\"https://github.com/PyCQA/isort/commit/b3760ab1b8844fd4a2c59adee3e0bf3f420fd418\"><code>b3760ab</code></a> Merge pull request <a href=\"https://redirect.github.com/pycqa/isort/issues/2347\">#2347</a> from PyCQA/revert-2346-ci/uv-replacement-for-poetry</li>\n<li><a href=\"https://github.com/PyCQA/isort/commit/cc12cce681098bba70bd78efe76140bdc39792d6\"><code>cc12cce</code></a> Revert &quot;UV replacement of Poetry&quot;</li>\n<li><a href=\"https://github.com/PyCQA/isort/commit/f7ab073fda5ddab3651fc4438c4e7e16853b3bca\"><code>f7ab073</code></a> Merge pull request <a href=\"https://redirect.github.com/pycqa/isort/issues/2346\">#2346</a> from PyCQA/ci/uv-replacement-for-poetry</li>\n<li>Additional commits viewable in <a href=\"https://github.com/pycqa/isort/compare/5.13.2...6.0.0\">compare view</a></li>\n</ul>\n</details>\n<br />\n\n\n[![Dependabot compatibility score](https://dependabot-badges.githubapp.com/badges/compatibility_score?dependency-name=isort[colors]&package-manager=pip&previous-version=5.13.2&new-version=6.0.0)](https://docs.github.com/en/github/managing-security-vulnerabilities/about-dependabot-security-updates#about-compatibility-scores)\n\nDependabot will resolve any conflicts with this PR as long as you don't alter it yourself. You can also trigger a rebase manually by commenting `@dependabot rebase`.\n\n[//]: # (dependabot-automerge-start)\n[//]: # (dependabot-automerge-end)\n\n---\n\n<details>\n<summary>Dependabot commands and options</summary>\n<br />\n\nYou can trigger Dependabot actions by commenting on this PR:\n- `@dependabot rebase` will rebase this PR\n- `@dependabot recreate` will recreate this PR, overwriting any edits that have been made to it\n- `@dependabot merge` will merge this PR after your CI passes on it\n- `@dependabot squash and merge` will squash and merge this PR after your CI passes on it\n- `@dependabot cancel merge` will cancel a previously requested merge and block automerging\n- `@dependabot reopen` will reopen this PR if it is closed\n- `@dependabot close` will close this PR and stop Dependabot recreating it. You can achieve the same result by closing it manually\n- `@dependabot show <dependency name> ignore conditions` will show all of the ignore conditions of the specified dependency\n- `@dependabot ignore this major version` will close this PR and stop Dependabot creating any more for this major version (unless you reopen the PR or upgrade to it yourself)\n- `@dependabot ignore this minor version` will close this PR and stop Dependabot creating any more for this minor version (unless you reopen the PR or upgrade to it yourself)\n- `@dependabot ignore this dependency` will close this PR and stop Dependabot creating any more for this dependency (unless you reopen the PR or upgrade to it yourself)\n\n\n</details>",
        "closed_by": null,
        "reactions": {
            "url": "https://api.github.com/repos/AlmaLinux/albs-web-server/issues/1105/reactions",
            "total_count": 0,
            "+1": 0,
            "-1": 0,
            "laugh": 0,
            "hooray": 0,
            "confused": 0,
            "heart": 0,
            "rocket": 0,
            "eyes": 0
        },
        "timeline_url": "https://api.github.com/repos/AlmaLinux/albs-web-server/issues/1105/timeline",
        "performed_via_github_app": null,
        "state_reason": null
    },
    {
        "url": "https://api.github.com/repos/AlmaLinux/albs-web-server/issues/1098",
        "repository_url": "https://api.github.com/repos/AlmaLinux/albs-web-server",
        "labels_url": "https://api.github.com/repos/AlmaLinux/albs-web-server/issues/1098/labels{/name}",
        "comments_url": "https://api.github.com/repos/AlmaLinux/albs-web-server/issues/1098/comments",
        "events_url": "https://api.github.com/repos/AlmaLinux/albs-web-server/issues/1098/events",
        "html_url": "https://github.com/AlmaLinux/albs-web-server/pull/1098",
        "id": 2780458151,
        "node_id": "PR_kwDOF12aaM6HWLwq",
        "number": 1098,
        "title": "Bump fastapi-users[all] from 14.0.0 to 14.0.1",
        "user": {
            "login": "dependabot[bot]",
            "id": 49699333,
            "node_id": "MDM6Qm90NDk2OTkzMzM=",
            "avatar_url": "https://avatars.githubusercontent.com/in/29110?v=4",
            "gravatar_id": "",
            "url": "https://api.github.com/users/dependabot%5Bbot%5D",
            "html_url": "https://github.com/apps/dependabot",
            "followers_url": "https://api.github.com/users/dependabot%5Bbot%5D/followers",
            "following_url": "https://api.github.com/users/dependabot%5Bbot%5D/following{/other_user}",
            "gists_url": "https://api.github.com/users/dependabot%5Bbot%5D/gists{/gist_id}",
            "starred_url": "https://api.github.com/users/dependabot%5Bbot%5D/starred{/owner}{/repo}",
            "subscriptions_url": "https://api.github.com/users/dependabot%5Bbot%5D/subscriptions",
            "organizations_url": "https://api.github.com/users/dependabot%5Bbot%5D/orgs",
            "repos_url": "https://api.github.com/users/dependabot%5Bbot%5D/repos",
            "events_url": "https://api.github.com/users/dependabot%5Bbot%5D/events{/privacy}",
            "received_events_url": "https://api.github.com/users/dependabot%5Bbot%5D/received_events",
            "type": "Bot",
            "user_view_type": "public",
            "site_admin": false
        },
        "labels": [
            {
                "id": 3383217550,
                "node_id": "LA_kwDOF12aaM7Jp82O",
                "url": "https://api.github.com/repos/AlmaLinux/albs-web-server/labels/dependencies",
                "name": "dependencies",
                "color": "0366d6",
                "default": false,
                "description": "Pull requests that update a dependency file"
            },
            {
                "id": 7802904424,
                "node_id": "LA_kwDOF12aaM8AAAAB0RbfaA",
                "url": "https://api.github.com/repos/AlmaLinux/albs-web-server/labels/python",
                "name": "python",
                "color": "2b67c6",
                "default": false,
                "description": "Pull requests that update Python code"
            }
        ],
        "state": "open",
        "locked": false,
        "assignee": null,
        "assignees": [],
        "milestone": null,
        "comments": 0,
        "created_at": "2025-01-10T15:36:33Z",
        "updated_at": "2025-01-30T09:01:28Z",
        "closed_at": null,
        "author_association": "CONTRIBUTOR",
        "sub_issues_summary": {
            "total": 0,
            "completed": 0,
            "percent_completed": 0
        },
        "active_lock_reason": null,
        "draft": false,
        "pull_request": {
            "url": "https://api.github.com/repos/AlmaLinux/albs-web-server/pulls/1098",
            "html_url": "https://github.com/AlmaLinux/albs-web-server/pull/1098",
            "diff_url": "https://github.com/AlmaLinux/albs-web-server/pull/1098.diff",
            "patch_url": "https://github.com/AlmaLinux/albs-web-server/pull/1098.patch",
            "merged_at": null
        },
        "body": "Bumps [fastapi-users[all]](https://github.com/fastapi-users/fastapi-users) from 14.0.0 to 14.0.1.\n<details>\n<summary>Release notes</summary>\n<p><em>Sourced from <a href=\"https://github.com/fastapi-users/fastapi-users/releases\">fastapi-users[all]'s releases</a>.</em></p>\n<blockquote>\n<h2>v14.0.1</h2>\n<p>Bump version 14.0.0 → 14.0.1</p>\n<h2>Improvements</h2>\n<ul>\n<li>Bump dependencies\n<ul>\n<li><code>pyjwt[crypto] ==2.10.1</code></li>\n<li><code>python-multipart ==0.0.20</code></li>\n</ul>\n</li>\n</ul>\n</blockquote>\n</details>\n<details>\n<summary>Commits</summary>\n<ul>\n<li><a href=\"https://github.com/fastapi-users/fastapi-users/commit/9d78b2a35dc7f35c2ffca67232c11f4d27a5db00\"><code>9d78b2a</code></a> Bump version 14.0.0 → 14.0.1</li>\n<li><a href=\"https://github.com/fastapi-users/fastapi-users/commit/8ea78fd49b8be36f42675c425bbb8e61dd2707e6\"><code>8ea78fd</code></a> Bump dependencies</li>\n<li><a href=\"https://github.com/fastapi-users/fastapi-users/commit/d1b52a2b866b461b100fa152c77834ff337f05c4\"><code>d1b52a2</code></a> Bump python-multipart from 0.0.17 to 0.0.20</li>\n<li><a href=\"https://github.com/fastapi-users/fastapi-users/commit/005dbefa20829b754d2ce4180a6a655f9c2ffdcd\"><code>005dbef</code></a> Bump codecov/codecov-action from 4 to 5</li>\n<li><a href=\"https://github.com/fastapi-users/fastapi-users/commit/9c24c684e6daa280ca74cf440b948416c8a94f8d\"><code>9c24c68</code></a> config: update repo name in mkdocs.yml</li>\n<li><a href=\"https://github.com/fastapi-users/fastapi-users/commit/a881996f927cb3d424a21d2eeef5f1361a21131d\"><code>a881996</code></a> docs: update .all-contributorsrc [skip ci]</li>\n<li><a href=\"https://github.com/fastapi-users/fastapi-users/commit/d82e35bcd5f3094096a79ae724225104c17bfde8\"><code>d82e35b</code></a> docs: update README.md [skip ci]</li>\n<li><a href=\"https://github.com/fastapi-users/fastapi-users/commit/514e5bab401f968baca988e09c4995e98da6c7da\"><code>514e5ba</code></a> Fix database URL examples in docs</li>\n<li>See full diff in <a href=\"https://github.com/fastapi-users/fastapi-users/compare/v14.0.0...v14.0.1\">compare view</a></li>\n</ul>\n</details>\n<br />\n\n\n[![Dependabot compatibility score](https://dependabot-badges.githubapp.com/badges/compatibility_score?dependency-name=fastapi-users[all]&package-manager=pip&previous-version=14.0.0&new-version=14.0.1)](https://docs.github.com/en/github/managing-security-vulnerabilities/about-dependabot-security-updates#about-compatibility-scores)\n\nDependabot will resolve any conflicts with this PR as long as you don't alter it yourself. You can also trigger a rebase manually by commenting `@dependabot rebase`.\n\n[//]: # (dependabot-automerge-start)\n[//]: # (dependabot-automerge-end)\n\n---\n\n<details>\n<summary>Dependabot commands and options</summary>\n<br />\n\nYou can trigger Dependabot actions by commenting on this PR:\n- `@dependabot rebase` will rebase this PR\n- `@dependabot recreate` will recreate this PR, overwriting any edits that have been made to it\n- `@dependabot merge` will merge this PR after your CI passes on it\n- `@dependabot squash and merge` will squash and merge this PR after your CI passes on it\n- `@dependabot cancel merge` will cancel a previously requested merge and block automerging\n- `@dependabot reopen` will reopen this PR if it is closed\n- `@dependabot close` will close this PR and stop Dependabot recreating it. You can achieve the same result by closing it manually\n- `@dependabot show <dependency name> ignore conditions` will show all of the ignore conditions of the specified dependency\n- `@dependabot ignore this major version` will close this PR and stop Dependabot creating any more for this major version (unless you reopen the PR or upgrade to it yourself)\n- `@dependabot ignore this minor version` will close this PR and stop Dependabot creating any more for this minor version (unless you reopen the PR or upgrade to it yourself)\n- `@dependabot ignore this dependency` will close this PR and stop Dependabot creating any more for this dependency (unless you reopen the PR or upgrade to it yourself)\n\n\n</details>",
        "closed_by": null,
        "reactions": {
            "url": "https://api.github.com/repos/AlmaLinux/albs-web-server/issues/1098/reactions",
            "total_count": 0,
            "+1": 0,
            "-1": 0,
            "laugh": 0,
            "hooray": 0,
            "confused": 0,
            "heart": 0,
            "rocket": 0,
            "eyes": 0
        },
        "timeline_url": "https://api.github.com/repos/AlmaLinux/albs-web-server/issues/1098/timeline",
        "performed_via_github_app": null,
        "state_reason": null
    },
    {
        "url": "https://api.github.com/repos/AlmaLinux/albs-web-server/issues/1097",
        "repository_url": "https://api.github.com/repos/AlmaLinux/albs-web-server",
        "labels_url": "https://api.github.com/repos/AlmaLinux/albs-web-server/issues/1097/labels{/name}",
        "comments_url": "https://api.github.com/repos/AlmaLinux/albs-web-server/issues/1097/comments",
        "events_url": "https://api.github.com/repos/AlmaLinux/albs-web-server/issues/1097/events",
        "html_url": "https://github.com/AlmaLinux/albs-web-server/pull/1097",
        "id": 2780457957,
        "node_id": "PR_kwDOF12aaM6HWLuA",
        "number": 1097,
        "title": "Bump uvicorn from 0.32.1 to 0.34.0",
        "user": {
            "login": "dependabot[bot]",
            "id": 49699333,
            "node_id": "MDM6Qm90NDk2OTkzMzM=",
            "avatar_url": "https://avatars.githubusercontent.com/in/29110?v=4",
            "gravatar_id": "",
            "url": "https://api.github.com/users/dependabot%5Bbot%5D",
            "html_url": "https://github.com/apps/dependabot",
            "followers_url": "https://api.github.com/users/dependabot%5Bbot%5D/followers",
            "following_url": "https://api.github.com/users/dependabot%5Bbot%5D/following{/other_user}",
            "gists_url": "https://api.github.com/users/dependabot%5Bbot%5D/gists{/gist_id}",
            "starred_url": "https://api.github.com/users/dependabot%5Bbot%5D/starred{/owner}{/repo}",
            "subscriptions_url": "https://api.github.com/users/dependabot%5Bbot%5D/subscriptions",
            "organizations_url": "https://api.github.com/users/dependabot%5Bbot%5D/orgs",
            "repos_url": "https://api.github.com/users/dependabot%5Bbot%5D/repos",
            "events_url": "https://api.github.com/users/dependabot%5Bbot%5D/events{/privacy}",
            "received_events_url": "https://api.github.com/users/dependabot%5Bbot%5D/received_events",
            "type": "Bot",
            "user_view_type": "public",
            "site_admin": false
        },
        "labels": [
            {
                "id": 3383217550,
                "node_id": "LA_kwDOF12aaM7Jp82O",
                "url": "https://api.github.com/repos/AlmaLinux/albs-web-server/labels/dependencies",
                "name": "dependencies",
                "color": "0366d6",
                "default": false,
                "description": "Pull requests that update a dependency file"
            },
            {
                "id": 7802904424,
                "node_id": "LA_kwDOF12aaM8AAAAB0RbfaA",
                "url": "https://api.github.com/repos/AlmaLinux/albs-web-server/labels/python",
                "name": "python",
                "color": "2b67c6",
                "default": false,
                "description": "Pull requests that update Python code"
            }
        ],
        "state": "open",
        "locked": false,
        "assignee": null,
        "assignees": [],
        "milestone": null,
        "comments": 0,
        "created_at": "2025-01-10T15:36:27Z",
        "updated_at": "2025-01-30T09:02:20Z",
        "closed_at": null,
        "author_association": "CONTRIBUTOR",
        "sub_issues_summary": {
            "total": 0,
            "completed": 0,
            "percent_completed": 0
        },
        "active_lock_reason": null,
        "draft": false,
        "pull_request": {
            "url": "https://api.github.com/repos/AlmaLinux/albs-web-server/pulls/1097",
            "html_url": "https://github.com/AlmaLinux/albs-web-server/pull/1097",
            "diff_url": "https://github.com/AlmaLinux/albs-web-server/pull/1097.diff",
            "patch_url": "https://github.com/AlmaLinux/albs-web-server/pull/1097.patch",
            "merged_at": null
        },
        "body": "Bumps [uvicorn](https://github.com/encode/uvicorn) from 0.32.1 to 0.34.0.\n<details>\n<summary>Release notes</summary>\n<p><em>Sourced from <a href=\"https://github.com/encode/uvicorn/releases\">uvicorn's releases</a>.</em></p>\n<blockquote>\n<h2>Version 0.34.0</h2>\n<h2>What's Changed</h2>\n<ul>\n<li>Add <code>content-length</code> to 500 response in wsproto by <a href=\"https://github.com/Kludex\"><code>@​Kludex</code></a> in <a href=\"https://redirect.github.com/encode/uvicorn/pull/2542\">encode/uvicorn#2542</a></li>\n<li>Drop Python 3.8 by <a href=\"https://github.com/Kludex\"><code>@​Kludex</code></a> in <a href=\"https://redirect.github.com/encode/uvicorn/pull/2543\">encode/uvicorn#2543</a></li>\n</ul>\n<hr />\n<p><strong>Full Changelog</strong>: <a href=\"https://github.com/encode/uvicorn/compare/0.33.0...0.34.0\">https://github.com/encode/uvicorn/compare/0.33.0...0.34.0</a></p>\n<h2>Version 0.33.0</h2>\n<h2>What's Changed</h2>\n<ul>\n<li>Remove WatchGod by <a href=\"https://github.com/Kludex\"><code>@​Kludex</code></a> in <a href=\"https://redirect.github.com/encode/uvicorn/pull/2536\">encode/uvicorn#2536</a></li>\n</ul>\n<h2>New Contributors</h2>\n<ul>\n<li><a href=\"https://github.com/bwells\"><code>@​bwells</code></a> made their first contribution in <a href=\"https://redirect.github.com/encode/uvicorn/pull/2491\">encode/uvicorn#2491</a></li>\n<li><a href=\"https://github.com/tback\"><code>@​tback</code></a> made their first contribution in <a href=\"https://redirect.github.com/encode/uvicorn/pull/2528\">encode/uvicorn#2528</a></li>\n</ul>\n<p><strong>Full Changelog</strong>: <a href=\"https://github.com/encode/uvicorn/compare/0.32.1...0.33.0\">https://github.com/encode/uvicorn/compare/0.32.1...0.33.0</a></p>\n</blockquote>\n</details>\n<details>\n<summary>Changelog</summary>\n<p><em>Sourced from <a href=\"https://github.com/encode/uvicorn/blob/master/docs/release-notes.md\">uvicorn's changelog</a>.</em></p>\n<blockquote>\n<h2>0.34.0 (December 15, 2024)</h2>\n<h3>Added</h3>\n<ul>\n<li>Add <code>content-length</code> to 500 response in <code>wsproto</code> implementation (<a href=\"https://redirect.github.com/encode/uvicorn/issues/2542\">#2542</a>)</li>\n</ul>\n<h3>Removed</h3>\n<ul>\n<li>Drop support for Python 3.8 (<a href=\"https://redirect.github.com/encode/uvicorn/issues/2543\">#2543</a>)</li>\n</ul>\n<h2>0.33.0 (December 14, 2024)</h2>\n<h3>Removed</h3>\n<ul>\n<li>Remove <code>WatchGod</code> support for <code>--reload</code> (<a href=\"https://redirect.github.com/encode/uvicorn/issues/2536\">#2536</a>)</li>\n</ul>\n</blockquote>\n</details>\n<details>\n<summary>Commits</summary>\n<ul>\n<li><a href=\"https://github.com/encode/uvicorn/commit/7983c1ae9c2276b94cd85217f7aa58bb248847c4\"><code>7983c1a</code></a> Version 0.34.0 (<a href=\"https://redirect.github.com/encode/uvicorn/issues/2546\">#2546</a>)</li>\n<li><a href=\"https://github.com/encode/uvicorn/commit/75d4402f32e09b37a76b5fc7325482906c402275\"><code>75d4402</code></a> Add alls-green job (<a href=\"https://redirect.github.com/encode/uvicorn/issues/2544\">#2544</a>)</li>\n<li><a href=\"https://github.com/encode/uvicorn/commit/4156ccb4c9779786630cd7c52f9919c3647ac036\"><code>4156ccb</code></a> Drop Python 3.8 (<a href=\"https://redirect.github.com/encode/uvicorn/issues/2543\">#2543</a>)</li>\n<li><a href=\"https://github.com/encode/uvicorn/commit/3575cbaa4ef3303d12e1b00e570bb044cec10d80\"><code>3575cba</code></a> Add <code>content-length</code> to 500 response in wsproto (<a href=\"https://redirect.github.com/encode/uvicorn/issues/2542\">#2542</a>)</li>\n<li><a href=\"https://github.com/encode/uvicorn/commit/a50051308509600388ed170fdedacfb673757de4\"><code>a500513</code></a> Version 0.33.0 (<a href=\"https://redirect.github.com/encode/uvicorn/issues/2539\">#2539</a>)</li>\n<li><a href=\"https://github.com/encode/uvicorn/commit/038f8ef3fe8f174ef7b38379165536d2c84b7eb9\"><code>038f8ef</code></a> Bump the python-packages group across 1 directory with 9 updates (<a href=\"https://redirect.github.com/encode/uvicorn/issues/2538\">#2538</a>)</li>\n<li><a href=\"https://github.com/encode/uvicorn/commit/3aa1d010d68afcc2a1311669f6b05cede1aa7cfc\"><code>3aa1d01</code></a> Remove WatchGod (<a href=\"https://redirect.github.com/encode/uvicorn/issues/2536\">#2536</a>)</li>\n<li><a href=\"https://github.com/encode/uvicorn/commit/a3cc36016e34ed29345d3afda441adab58cbf2d5\"><code>a3cc360</code></a> docs: add note about server behavior on exceptions (<a href=\"https://redirect.github.com/encode/uvicorn/issues/2535\">#2535</a>)</li>\n<li><a href=\"https://github.com/encode/uvicorn/commit/6725ebb1ee7d454f4c7259374b48941faa57b7be\"><code>6725ebb</code></a> docs: add more mkdocs-material features (<a href=\"https://redirect.github.com/encode/uvicorn/issues/2534\">#2534</a>)</li>\n<li><a href=\"https://github.com/encode/uvicorn/commit/bfa754e21e2cc1d5b0d7cabf24933a6c3afc315e\"><code>bfa754e</code></a><code>encode/uvicorn#2527</code><a href=\"https://redirect.github.com/encode/uvicorn/issues/2528\">#2528</a>)</li>\n<li>Additional commits viewable in <a href=\"https://github.com/encode/uvicorn/compare/0.32.1...0.34.0\">compare view</a></li>\n</ul>\n</details>\n<br />\n\n\n[![Dependabot compatibility score](https://dependabot-badges.githubapp.com/badges/compatibility_score?dependency-name=uvicorn&package-manager=pip&previous-version=0.32.1&new-version=0.34.0)](https://docs.github.com/en/github/managing-security-vulnerabilities/about-dependabot-security-updates#about-compatibility-scores)\n\nDependabot will resolve any conflicts with this PR as long as you don't alter it yourself. You can also trigger a rebase manually by commenting `@dependabot rebase`.\n\n[//]: # (dependabot-automerge-start)\n[//]: # (dependabot-automerge-end)\n\n---\n\n<details>\n<summary>Dependabot commands and options</summary>\n<br />\n\nYou can trigger Dependabot actions by commenting on this PR:\n- `@dependabot rebase` will rebase this PR\n- `@dependabot recreate` will recreate this PR, overwriting any edits that have been made to it\n- `@dependabot merge` will merge this PR after your CI passes on it\n- `@dependabot squash and merge` will squash and merge this PR after your CI passes on it\n- `@dependabot cancel merge` will cancel a previously requested merge and block automerging\n- `@dependabot reopen` will reopen this PR if it is closed\n- `@dependabot close` will close this PR and stop Dependabot recreating it. You can achieve the same result by closing it manually\n- `@dependabot show <dependency name> ignore conditions` will show all of the ignore conditions of the specified dependency\n- `@dependabot ignore this major version` will close this PR and stop Dependabot creating any more for this major version (unless you reopen the PR or upgrade to it yourself)\n- `@dependabot ignore this minor version` will close this PR and stop Dependabot creating any more for this minor version (unless you reopen the PR or upgrade to it yourself)\n- `@dependabot ignore this dependency` will close this PR and stop Dependabot creating any more for this dependency (unless you reopen the PR or upgrade to it yourself)\n\n\n</details>",
        "closed_by": null,
        "reactions": {
            "url": "https://api.github.com/repos/AlmaLinux/albs-web-server/issues/1097/reactions",
            "total_count": 0,
            "+1": 0,
            "-1": 0,
            "laugh": 0,
            "hooray": 0,
            "confused": 0,
            "heart": 0,
            "rocket": 0,
            "eyes": 0
        },
        "timeline_url": "https://api.github.com/repos/AlmaLinux/albs-web-server/issues/1097/timeline",
        "performed_via_github_app": null,
        "state_reason": null
    },
    {
        "url": "https://api.github.com/repos/AlmaLinux/albs-web-server/issues/1096",
        "repository_url": "https://api.github.com/repos/AlmaLinux/albs-web-server",
        "labels_url": "https://api.github.com/repos/AlmaLinux/albs-web-server/issues/1096/labels{/name}",
        "comments_url": "https://api.github.com/repos/AlmaLinux/albs-web-server/issues/1096/comments",
        "events_url": "https://api.github.com/repos/AlmaLinux/albs-web-server/issues/1096/events",
        "html_url": "https://github.com/AlmaLinux/albs-web-server/pull/1096",
        "id": 2751751509,
        "node_id": "PR_kwDOF12aaM6F3HoN",
        "number": 1096,
        "title": "Get removed packages before modifying the repo itself",
        "user": {
            "login": "Kwaizer",
            "id": 94750963,
            "node_id": "U_kgDOBaXI8w",
            "avatar_url": "https://avatars.githubusercontent.com/u/94750963?v=4",
            "gravatar_id": "",
            "url": "https://api.github.com/users/Kwaizer",
            "html_url": "https://github.com/Kwaizer",
            "followers_url": "https://api.github.com/users/Kwaizer/followers",
            "following_url": "https://api.github.com/users/Kwaizer/following{/other_user}",
            "gists_url": "https://api.github.com/users/Kwaizer/gists{/gist_id}",
            "starred_url": "https://api.github.com/users/Kwaizer/starred{/owner}{/repo}",
            "subscriptions_url": "https://api.github.com/users/Kwaizer/subscriptions",
            "organizations_url": "https://api.github.com/users/Kwaizer/orgs",
            "repos_url": "https://api.github.com/users/Kwaizer/repos",
            "events_url": "https://api.github.com/users/Kwaizer/events{/privacy}",
            "received_events_url": "https://api.github.com/users/Kwaizer/received_events",
            "type": "User",
            "user_view_type": "public",
            "site_admin": false
        },
        "labels": [],
        "state": "open",
        "locked": false,
        "assignee": null,
        "assignees": [],
        "milestone": null,
        "comments": 0,
        "created_at": "2024-12-20T01:47:28Z",
        "updated_at": "2025-01-09T13:09:51Z",
        "closed_at": null,
        "author_association": "CONTRIBUTOR",
        "sub_issues_summary": {
            "total": 0,
            "completed": 0,
            "percent_completed": 0
        },
        "active_lock_reason": null,
        "draft": true,
        "pull_request": {
            "url": "https://api.github.com/repos/AlmaLinux/albs-web-server/pulls/1096",
            "html_url": "https://github.com/AlmaLinux/albs-web-server/pull/1096",
            "diff_url": "https://github.com/AlmaLinux/albs-web-server/pull/1096.diff",
            "patch_url": "https://github.com/AlmaLinux/albs-web-server/pull/1096.patch",
            "merged_at": null
        },
        "body": "Resolves: https://github.com/AlmaLinux/build-system/issues/309",
        "closed_by": null,
        "reactions": {
            "url": "https://api.github.com/repos/AlmaLinux/albs-web-server/issues/1096/reactions",
            "total_count": 0,
            "+1": 0,
            "-1": 0,
            "laugh": 0,
            "hooray": 0,
            "confused": 0,
            "heart": 0,
            "rocket": 0,
            "eyes": 0
        },
        "timeline_url": "https://api.github.com/repos/AlmaLinux/albs-web-server/issues/1096/timeline",
        "performed_via_github_app": null,
        "state_reason": null
    },
    {
        "url": "https://api.github.com/repos/AlmaLinux/albs-web-server/issues/1084",
        "repository_url": "https://api.github.com/repos/AlmaLinux/albs-web-server",
        "labels_url": "https://api.github.com/repos/AlmaLinux/albs-web-server/issues/1084/labels{/name}",
        "comments_url": "https://api.github.com/repos/AlmaLinux/albs-web-server/issues/1084/comments",
        "events_url": "https://api.github.com/repos/AlmaLinux/albs-web-server/issues/1084/events",
        "html_url": "https://github.com/AlmaLinux/albs-web-server/pull/1084",
        "id": 2716304784,
        "node_id": "PR_kwDOF12aaM6D9kqY",
        "number": 1084,
        "title": "Fix cyclic import",
        "user": {
            "login": "Kwaizer",
            "id": 94750963,
            "node_id": "U_kgDOBaXI8w",
            "avatar_url": "https://avatars.githubusercontent.com/u/94750963?v=4",
            "gravatar_id": "",
            "url": "https://api.github.com/users/Kwaizer",
            "html_url": "https://github.com/Kwaizer",
            "followers_url": "https://api.github.com/users/Kwaizer/followers",
            "following_url": "https://api.github.com/users/Kwaizer/following{/other_user}",
            "gists_url": "https://api.github.com/users/Kwaizer/gists{/gist_id}",
            "starred_url": "https://api.github.com/users/Kwaizer/starred{/owner}{/repo}",
            "subscriptions_url": "https://api.github.com/users/Kwaizer/subscriptions",
            "organizations_url": "https://api.github.com/users/Kwaizer/orgs",
            "repos_url": "https://api.github.com/users/Kwaizer/repos",
            "events_url": "https://api.github.com/users/Kwaizer/events{/privacy}",
            "received_events_url": "https://api.github.com/users/Kwaizer/received_events",
            "type": "User",
            "user_view_type": "public",
            "site_admin": false
        },
        "labels": [],
        "state": "open",
        "locked": false,
        "assignee": null,
        "assignees": [],
        "milestone": null,
        "comments": 2,
        "created_at": "2024-12-04T00:53:23Z",
        "updated_at": "2024-12-10T16:58:21Z",
        "closed_at": null,
        "author_association": "CONTRIBUTOR",
        "sub_issues_summary": {
            "total": 0,
            "completed": 0,
            "percent_completed": 0
        },
        "active_lock_reason": null,
        "draft": true,
        "pull_request": {
            "url": "https://api.github.com/repos/AlmaLinux/albs-web-server/pulls/1084",
            "html_url": "https://github.com/AlmaLinux/albs-web-server/pull/1084",
            "diff_url": "https://github.com/AlmaLinux/albs-web-server/pull/1084.diff",
            "patch_url": "https://github.com/AlmaLinux/albs-web-server/pull/1084.patch",
            "merged_at": null
        },
        "body": "Resolves: https://github.com/AlmaLinux/build-system/issues/403\r\n- creating new file and importing event_loop from there",
        "closed_by": null,
        "reactions": {
            "url": "https://api.github.com/repos/AlmaLinux/albs-web-server/issues/1084/reactions",
            "total_count": 0,
            "+1": 0,
            "-1": 0,
            "laugh": 0,
            "hooray": 0,
            "confused": 0,
            "heart": 0,
            "rocket": 0,
            "eyes": 0
        },
        "timeline_url": "https://api.github.com/repos/AlmaLinux/albs-web-server/issues/1084/timeline",
        "performed_via_github_app": null,
        "state_reason": null
    },
    {
        "url": "https://api.github.com/repos/AlmaLinux/albs-web-server/issues/1069",
        "repository_url": "https://api.github.com/repos/AlmaLinux/albs-web-server",
        "labels_url": "https://api.github.com/repos/AlmaLinux/albs-web-server/issues/1069/labels{/name}",
        "comments_url": "https://api.github.com/repos/AlmaLinux/albs-web-server/issues/1069/comments",
        "events_url": "https://api.github.com/repos/AlmaLinux/albs-web-server/issues/1069/events",
        "html_url": "https://github.com/AlmaLinux/albs-web-server/pull/1069",
        "id": 2683081850,
        "node_id": "PR_kwDOF12aaM6Cz3pi",
        "number": 1069,
        "title": "Build flavor with RPMs for an AL10 based build node",
        "user": {
            "login": "soksanichenko",
            "id": 50624082,
            "node_id": "MDQ6VXNlcjUwNjI0MDgy",
            "avatar_url": "https://avatars.githubusercontent.com/u/50624082?v=4",
            "gravatar_id": "",
            "url": "https://api.github.com/users/soksanichenko",
            "html_url": "https://github.com/soksanichenko",
            "followers_url": "https://api.github.com/users/soksanichenko/followers",
            "following_url": "https://api.github.com/users/soksanichenko/following{/other_user}",
            "gists_url": "https://api.github.com/users/soksanichenko/gists{/gist_id}",
            "starred_url": "https://api.github.com/users/soksanichenko/starred{/owner}{/repo}",
            "subscriptions_url": "https://api.github.com/users/soksanichenko/subscriptions",
            "organizations_url": "https://api.github.com/users/soksanichenko/orgs",
            "repos_url": "https://api.github.com/users/soksanichenko/repos",
            "events_url": "https://api.github.com/users/soksanichenko/events{/privacy}",
            "received_events_url": "https://api.github.com/users/soksanichenko/received_events",
            "type": "User",
            "user_view_type": "public",
            "site_admin": false
        },
        "labels": [],
        "state": "open",
        "locked": false,
        "assignee": null,
        "assignees": [],
        "milestone": null,
        "comments": 0,
        "created_at": "2024-11-22T12:41:34Z",
        "updated_at": "2024-11-25T09:20:54Z",
        "closed_at": null,
        "author_association": "MEMBER",
        "sub_issues_summary": {
            "total": 0,
            "completed": 0,
            "percent_completed": 0
        },
        "active_lock_reason": null,
        "draft": false,
        "pull_request": {
            "url": "https://api.github.com/repos/AlmaLinux/albs-web-server/pulls/1069",
            "html_url": "https://github.com/AlmaLinux/albs-web-server/pull/1069",
            "diff_url": "https://github.com/AlmaLinux/albs-web-server/pull/1069.diff",
            "patch_url": "https://github.com/AlmaLinux/albs-web-server/pull/1069.patch",
            "merged_at": null
        },
        "body": null,
        "closed_by": null,
        "reactions": {
            "url": "https://api.github.com/repos/AlmaLinux/albs-web-server/issues/1069/reactions",
            "total_count": 0,
            "+1": 0,
            "-1": 0,
            "laugh": 0,
            "hooray": 0,
            "confused": 0,
            "heart": 0,
            "rocket": 0,
            "eyes": 0
        },
        "timeline_url": "https://api.github.com/repos/AlmaLinux/albs-web-server/issues/1069/timeline",
        "performed_via_github_app": null,
        "state_reason": null
    }
]