[
    {
        "url": "https://api.github.com/repos/AlmaLinux/mirrors/issues/1179",
        "repository_url": "https://api.github.com/repos/AlmaLinux/mirrors",
        "labels_url": "https://api.github.com/repos/AlmaLinux/mirrors/issues/1179/labels{/name}",
        "comments_url": "https://api.github.com/repos/AlmaLinux/mirrors/issues/1179/comments",
        "events_url": "https://api.github.com/repos/AlmaLinux/mirrors/issues/1179/events",
        "html_url": "https://github.com/AlmaLinux/mirrors/pull/1179",
        "id": 2821655636,
        "node_id": "PR_kwDOFBjKIc6Jiz0W",
        "number": 1179,
        "title": "Create mirror.ekiphost.com.yml",
        "user": {
            "login": "Talhazzers",
            "id": 57840480,
            "node_id": "MDQ6VXNlcjU3ODQwNDgw",
            "avatar_url": "https://avatars.githubusercontent.com/u/57840480?v=4",
            "gravatar_id": "",
            "url": "https://api.github.com/users/Talhazzers",
            "html_url": "https://github.com/Talhazzers",
            "followers_url": "https://api.github.com/users/Talhazzers/followers",
            "following_url": "https://api.github.com/users/Talhazzers/following{/other_user}",
            "gists_url": "https://api.github.com/users/Talhazzers/gists{/gist_id}",
            "starred_url": "https://api.github.com/users/Talhazzers/starred{/owner}{/repo}",
            "subscriptions_url": "https://api.github.com/users/Talhazzers/subscriptions",
            "organizations_url": "https://api.github.com/users/Talhazzers/orgs",
            "repos_url": "https://api.github.com/users/Talhazzers/repos",
            "events_url": "https://api.github.com/users/Talhazzers/events{/privacy}",
            "received_events_url": "https://api.github.com/users/Talhazzers/received_events",
            "type": "User",
            "user_view_type": "public",
            "site_admin": false
        },
        "labels": [],
        "state": "open",
        "locked": false,
        "assignee": null,
        "assignees": [],
        "milestone": null,
        "comments": 0,
        "created_at": "2025-01-30T19:33:52Z",
        "updated_at": "2025-01-30T19:33:52Z",
        "closed_at": null,
        "author_association": "NONE",
        "sub_issues_summary": {
            "total": 0,
            "completed": 0,
            "percent_completed": 0
        },
        "active_lock_reason": null,
        "draft": false,
        "pull_request": {
            "url": "https://api.github.com/repos/AlmaLinux/mirrors/pulls/1179",
            "html_url": "https://github.com/AlmaLinux/mirrors/pull/1179",
            "diff_url": "https://github.com/AlmaLinux/mirrors/pull/1179.diff",
            "patch_url": "https://github.com/AlmaLinux/mirrors/pull/1179.patch",
            "merged_at": null
        },
        "body": null,
        "closed_by": null,
        "reactions": {
            "url": "https://api.github.com/repos/AlmaLinux/mirrors/issues/1179/reactions",
            "total_count": 0,
            "+1": 0,
            "-1": 0,
            "laugh": 0,
            "hooray": 0,
            "confused": 0,
            "heart": 0,
            "rocket": 0,
            "eyes": 0
        },
        "timeline_url": "https://api.github.com/repos/AlmaLinux/mirrors/issues/1179/timeline",
        "performed_via_github_app": null,
        "state_reason": null
    },
    {
        "url": "https://api.github.com/repos/AlmaLinux/mirrors/issues/1174",
        "repository_url": "https://api.github.com/repos/AlmaLinux/mirrors",
        "labels_url": "https://api.github.com/repos/AlmaLinux/mirrors/issues/1174/labels{/name}",
        "comments_url": "https://api.github.com/repos/AlmaLinux/mirrors/issues/1174/comments",
        "events_url": "https://api.github.com/repos/AlmaLinux/mirrors/issues/1174/events",
        "html_url": "https://github.com/AlmaLinux/mirrors/pull/1174",
        "id": 2800751671,
        "node_id": "PR_kwDOFBjKIc6Ib1ev",
        "number": 1174,
        "title": "Create mirror.renu.ac.ug.yml",
        "user": {
            "login": "jonathanspw",
            "id": 8390543,
            "node_id": "MDQ6VXNlcjgzOTA1NDM=",
            "avatar_url": "https://avatars.githubusercontent.com/u/8390543?v=4",
            "gravatar_id": "",
            "url": "https://api.github.com/users/jonathanspw",
            "html_url": "https://github.com/jonathanspw",
            "followers_url": "https://api.github.com/users/jonathanspw/followers",
            "following_url": "https://api.github.com/users/jonathanspw/following{/other_user}",
            "gists_url": "https://api.github.com/users/jonathanspw/gists{/gist_id}",
            "starred_url": "https://api.github.com/users/jonathanspw/starred{/owner}{/repo}",
            "subscriptions_url": "https://api.github.com/users/jonathanspw/subscriptions",
            "organizations_url": "https://api.github.com/users/jonathanspw/orgs",
            "repos_url": "https://api.github.com/users/jonathanspw/repos",
            "events_url": "https://api.github.com/users/jonathanspw/events{/privacy}",
            "received_events_url": "https://api.github.com/users/jonathanspw/received_events",
            "type": "User",
            "user_view_type": "public",
            "site_admin": false
        },
        "labels": [],
        "state": "open",
        "locked": false,
        "assignee": null,
        "assignees": [],
        "milestone": null,
        "comments": 0,
        "created_at": "2025-01-21T05:39:32Z",
        "updated_at": "2025-01-21T05:39:32Z",
        "closed_at": null,
        "author_association": "MEMBER",
        "sub_issues_summary": {
            "total": 0,
            "completed": 0,
            "percent_completed": 0
        },
        "active_lock_reason": null,
        "draft": false,
        "pull_request": {
            "url": "https://api.github.com/repos/AlmaLinux/mirrors/pulls/1174",
            "html_url": "https://github.com/AlmaLinux/mirrors/pull/1174",
            "diff_url": "https://github.com/AlmaLinux/mirrors/pull/1174.diff",
            "patch_url": "https://github.com/AlmaLinux/mirrors/pull/1174.patch",
            "merged_at": null
        },
        "body": null,
        "closed_by": null,
        "reactions": {
            "url": "https://api.github.com/repos/AlmaLinux/mirrors/issues/1174/reactions",
            "total_count": 0,
            "+1": 0,
            "-1": 0,
            "laugh": 0,
            "hooray": 0,
            "confused": 0,
            "heart": 0,
            "rocket": 0,
            "eyes": 0
        },
        "timeline_url": "https://api.github.com/repos/AlmaLinux/mirrors/issues/1174/timeline",
        "performed_via_github_app": null,
        "state_reason": null
    },
    {
        "url": "https://api.github.com/repos/AlmaLinux/mirrors/issues/1148",
        "repository_url": "https://api.github.com/repos/AlmaLinux/mirrors",
        "labels_url": "https://api.github.com/repos/AlmaLinux/mirrors/issues/1148/labels{/name}",
        "comments_url": "https://api.github.com/repos/AlmaLinux/mirrors/issues/1148/comments",
        "events_url": "https://api.github.com/repos/AlmaLinux/mirrors/issues/1148/events",
        "html_url": "https://github.com/AlmaLinux/mirrors/pull/1148",
        "id": 2682845727,
        "node_id": "PR_kwDOFBjKIc6CzPyL",
        "number": 1148,
        "title": "Create almalinux.mirror.quickhost.uk.yaml",
        "user": {
            "login": "qhgh",
            "id": 43718405,
            "node_id": "MDQ6VXNlcjQzNzE4NDA1",
            "avatar_url": "https://avatars.githubusercontent.com/u/43718405?v=4",
            "gravatar_id": "",
            "url": "https://api.github.com/users/qhgh",
            "html_url": "https://github.com/qhgh",
            "followers_url": "https://api.github.com/users/qhgh/followers",
            "following_url": "https://api.github.com/users/qhgh/following{/other_user}",
            "gists_url": "https://api.github.com/users/qhgh/gists{/gist_id}",
            "starred_url": "https://api.github.com/users/qhgh/starred{/owner}{/repo}",
            "subscriptions_url": "https://api.github.com/users/qhgh/subscriptions",
            "organizations_url": "https://api.github.com/users/qhgh/orgs",
            "repos_url": "https://api.github.com/users/qhgh/repos",
            "events_url": "https://api.github.com/users/qhgh/events{/privacy}",
            "received_events_url": "https://api.github.com/users/qhgh/received_events",
            "type": "User",
            "user_view_type": "public",
            "site_admin": false
        },
        "labels": [],
        "state": "open",
        "locked": false,
        "assignee": null,
        "assignees": [],
        "milestone": null,
        "comments": 4,
        "created_at": "2024-11-22T11:14:46Z",
        "updated_at": "2025-01-16T18:03:29Z",
        "closed_at": null,
        "author_association": "NONE",
        "sub_issues_summary": {
            "total": 0,
            "completed": 0,
            "percent_completed": 0
        },
        "active_lock_reason": null,
        "draft": false,
        "pull_request": {
            "url": "https://api.github.com/repos/AlmaLinux/mirrors/pulls/1148",
            "html_url": "https://github.com/AlmaLinux/mirrors/pull/1148",
            "diff_url": "https://github.com/AlmaLinux/mirrors/pull/1148.diff",
            "patch_url": "https://github.com/AlmaLinux/mirrors/pull/1148.patch",
            "merged_at": null
        },
        "body": "Adding public mirror for AlmaLinux and Kitten ",
        "closed_by": null,
        "reactions": {
            "url": "https://api.github.com/repos/AlmaLinux/mirrors/issues/1148/reactions",
            "total_count": 0,
            "+1": 0,
            "-1": 0,
            "laugh": 0,
            "hooray": 0,
            "confused": 0,
            "heart": 0,
            "rocket": 0,
            "eyes": 0
        },
        "timeline_url": "https://api.github.com/repos/AlmaLinux/mirrors/issues/1148/timeline",
        "performed_via_github_app": null,
        "state_reason": null
    },
    {
        "url": "https://api.github.com/repos/AlmaLinux/mirrors/issues/1143",
        "repository_url": "https://api.github.com/repos/AlmaLinux/mirrors",
        "labels_url": "https://api.github.com/repos/AlmaLinux/mirrors/issues/1143/labels{/name}",
        "comments_url": "https://api.github.com/repos/AlmaLinux/mirrors/issues/1143/comments",
        "events_url": "https://api.github.com/repos/AlmaLinux/mirrors/issues/1143/events",
        "html_url": "https://github.com/AlmaLinux/mirrors/issues/1143",
        "id": 2668602153,
        "node_id": "I_kwDOFBjKIc6fD6Mp",
        "number": 1143,
        "title": "Mirrorlist should deal with unmatched, slightly incorrect versions and multiple minors for one major",
        "user": {
            "login": "jonathanspw",
            "id": 8390543,
            "node_id": "MDQ6VXNlcjgzOTA1NDM=",
            "avatar_url": "https://avatars.githubusercontent.com/u/8390543?v=4",
            "gravatar_id": "",
            "url": "https://api.github.com/users/jonathanspw",
            "html_url": "https://github.com/jonathanspw",
            "followers_url": "https://api.github.com/users/jonathanspw/followers",
            "following_url": "https://api.github.com/users/jonathanspw/following{/other_user}",
            "gists_url": "https://api.github.com/users/jonathanspw/gists{/gist_id}",
            "starred_url": "https://api.github.com/users/jonathanspw/starred{/owner}{/repo}",
            "subscriptions_url": "https://api.github.com/users/jonathanspw/subscriptions",
            "organizations_url": "https://api.github.com/users/jonathanspw/orgs",
            "repos_url": "https://api.github.com/users/jonathanspw/repos",
            "events_url": "https://api.github.com/users/jonathanspw/events{/privacy}",
            "received_events_url": "https://api.github.com/users/jonathanspw/received_events",
            "type": "User",
            "user_view_type": "public",
            "site_admin": false
        },
        "labels": [],
        "state": "open",
        "locked": false,
        "assignee": null,
        "assignees": [],
        "milestone": null,
        "comments": 0,
        "created_at": "2024-11-18T13:40:10Z",
        "updated_at": "2024-11-18T13:40:10Z",
        "closed_at": null,
        "author_association": "MEMBER",
        "sub_issues_summary": {
            "total": 0,
            "completed": 0,
            "percent_completed": 0
        },
        "active_lock_reason": null,
        "body": "This came up while releasing 9.5 - the mirror system currently cannot handle 9.5 and 9.4 being support versions at the same time because only one exists in the `duplicated_versions` mapping.  This is a regression introduced by the kitten support PR.\r\n\r\nRelevant points in code and errors:\r\n\r\nhttps://github.com/AlmaLinux/mirrors/blob/mirrors_service/src/backend/api/handlers.py#L434\r\nhttps://github.com/AlmaLinux/mirrors/blob/mirrors_service/src/backend/api/handlers.py#L434\r\n\r\n```\r\n/opt/mirror_service/src/backend/update_mirrors.py:272: DeprecationWarning: There is no current event loop\r\n  loop = asyncio.get_event_loop()\r\nTraceback (most recent call last):\r\n  File \"/opt/mirror_service/src/backend/update_mirrors.py\", line 273, in <module>\r\n    loop.run_until_complete(update_mirrors())\r\n  File \"/usr/lib64/python3.12/asyncio/base_events.py\", line 684, in run_until_complete\r\n    return future.result()\r\n           ^^^^^^^^^^^^^^^\r\n  File \"/opt/mirror_service/src/backend/update_mirrors.py\", line 269, in update_mirrors\r\n    await task\r\n  File \"/opt/mirror_service/src/backend/update_mirrors.py\", line 103, in update_mirrors_handler\r\n    mirror_iso_uris = mirror_processor.get_mirror_iso_uris(\r\n                      ^^^^^^^^^^^^^^^^^^^^^^^^^^^^^^^^^^^^^\r\n  File \"/opt/mirror_service/src/backend/api/mirror_processor.py\", line 472, in get_mirror_iso_uris\r\n    for arch in arches[base_version]:\r\n                ~~~~~~^^^^^^^^^^^^^^\r\nKeyError: '9.5'\r\n```\r\n\r\nThe expected functionality is for versions without a mapping in duplicate_version to still attempt to map to a valid major.\r\n\r\nFor example:\r\n\r\n9.2 should map to 9\r\n9.1111 should map to 9\r\n9.97234 should map to 9\r\n\r\nThese are all past-supported versions, or invalid minors, but we should map the pattern to the major where we can make reasonable assumptions.",
        "closed_by": null,
        "reactions": {
            "url": "https://api.github.com/repos/AlmaLinux/mirrors/issues/1143/reactions",
            "total_count": 0,
            "+1": 0,
            "-1": 0,
            "laugh": 0,
            "hooray": 0,
            "confused": 0,
            "heart": 0,
            "rocket": 0,
            "eyes": 0
        },
        "timeline_url": "https://api.github.com/repos/AlmaLinux/mirrors/issues/1143/timeline",
        "performed_via_github_app": null,
        "state_reason": null
    },
    {
        "url": "https://api.github.com/repos/AlmaLinux/mirrors/issues/1142",
        "repository_url": "https://api.github.com/repos/AlmaLinux/mirrors",
        "labels_url": "https://api.github.com/repos/AlmaLinux/mirrors/issues/1142/labels{/name}",
        "comments_url": "https://api.github.com/repos/AlmaLinux/mirrors/issues/1142/comments",
        "events_url": "https://api.github.com/repos/AlmaLinux/mirrors/issues/1142/events",
        "html_url": "https://github.com/AlmaLinux/mirrors/pull/1142",
        "id": 2664781997,
        "node_id": "PR_kwDOFBjKIc6CIvj4",
        "number": 1142,
        "title": "Update mirrors.hostever.com.yml",
        "user": {
            "login": "mkmonir123",
            "id": 10987571,
            "node_id": "MDQ6VXNlcjEwOTg3NTcx",
            "avatar_url": "https://avatars.githubusercontent.com/u/10987571?v=4",
            "gravatar_id": "",
            "url": "https://api.github.com/users/mkmonir123",
            "html_url": "https://github.com/mkmonir123",
            "followers_url": "https://api.github.com/users/mkmonir123/followers",
            "following_url": "https://api.github.com/users/mkmonir123/following{/other_user}",
            "gists_url": "https://api.github.com/users/mkmonir123/gists{/gist_id}",
            "starred_url": "https://api.github.com/users/mkmonir123/starred{/owner}{/repo}",
            "subscriptions_url": "https://api.github.com/users/mkmonir123/subscriptions",
            "organizations_url": "https://api.github.com/users/mkmonir123/orgs",
            "repos_url": "https://api.github.com/users/mkmonir123/repos",
            "events_url": "https://api.github.com/users/mkmonir123/events{/privacy}",
            "received_events_url": "https://api.github.com/users/mkmonir123/received_events",
            "type": "User",
            "user_view_type": "public",
            "site_admin": false
        },
        "labels": [],
        "state": "open",
        "locked": false,
        "assignee": null,
        "assignees": [],
        "milestone": null,
        "comments": 1,
        "created_at": "2024-11-16T18:44:47Z",
        "updated_at": "2024-12-25T06:15:53Z",
        "closed_at": null,
        "author_association": "CONTRIBUTOR",
        "sub_issues_summary": {
            "total": 0,
            "completed": 0,
            "percent_completed": 0
        },
        "active_lock_reason": null,
        "draft": false,
        "pull_request": {
            "url": "https://api.github.com/repos/AlmaLinux/mirrors/pulls/1142",
            "html_url": "https://github.com/AlmaLinux/mirrors/pull/1142",
            "diff_url": "https://github.com/AlmaLinux/mirrors/pull/1142.diff",
            "patch_url": "https://github.com/AlmaLinux/mirrors/pull/1142.patch",
            "merged_at": null
        },
        "body": "Almalinux Kitten Mirror Add",
        "closed_by": null,
        "reactions": {
            "url": "https://api.github.com/repos/AlmaLinux/mirrors/issues/1142/reactions",
            "total_count": 0,
            "+1": 0,
            "-1": 0,
            "laugh": 0,
            "hooray": 0,
            "confused": 0,
            "heart": 0,
            "rocket": 0,
            "eyes": 0
        },
        "timeline_url": "https://api.github.com/repos/AlmaLinux/mirrors/issues/1142/timeline",
        "performed_via_github_app": null,
        "state_reason": null
    },
    {
        "url": "https://api.github.com/repos/AlmaLinux/mirrors/issues/1125",
        "repository_url": "https://api.github.com/repos/AlmaLinux/mirrors",
        "labels_url": "https://api.github.com/repos/AlmaLinux/mirrors/issues/1125/labels{/name}",
        "comments_url": "https://api.github.com/repos/AlmaLinux/mirrors/issues/1125/comments",
        "events_url": "https://api.github.com/repos/AlmaLinux/mirrors/issues/1125/events",
        "html_url": "https://github.com/AlmaLinux/mirrors/issues/1125",
        "id": 2612668870,
        "node_id": "I_kwDOFBjKIc6buinG",
        "number": 1125,
        "title": "Can’t create pull request",
        "user": {
            "login": "craigfairhurst8",
            "id": 86696329,
            "node_id": "MDQ6VXNlcjg2Njk2MzI5",
            "avatar_url": "https://avatars.githubusercontent.com/u/86696329?v=4",
            "gravatar_id": "",
            "url": "https://api.github.com/users/craigfairhurst8",
            "html_url": "https://github.com/craigfairhurst8",
            "followers_url": "https://api.github.com/users/craigfairhurst8/followers",
            "following_url": "https://api.github.com/users/craigfairhurst8/following{/other_user}",
            "gists_url": "https://api.github.com/users/craigfairhurst8/gists{/gist_id}",
            "starred_url": "https://api.github.com/users/craigfairhurst8/starred{/owner}{/repo}",
            "subscriptions_url": "https://api.github.com/users/craigfairhurst8/subscriptions",
            "organizations_url": "https://api.github.com/users/craigfairhurst8/orgs",
            "repos_url": "https://api.github.com/users/craigfairhurst8/repos",
            "events_url": "https://api.github.com/users/craigfairhurst8/events{/privacy}",
            "received_events_url": "https://api.github.com/users/craigfairhurst8/received_events",
            "type": "User",
            "user_view_type": "public",
            "site_admin": false
        },
        "labels": [],
        "state": "open",
        "locked": false,
        "assignee": null,
        "assignees": [],
        "milestone": null,
        "comments": 8,
        "created_at": "2024-10-24T22:26:16Z",
        "updated_at": "2025-01-19T19:12:21Z",
        "closed_at": null,
        "author_association": "NONE",
        "sub_issues_summary": {
            "total": 0,
            "completed": 0,
            "percent_completed": 0
        },
        "active_lock_reason": null,
        "body": "For some reason, I can’t for the life of me figure out why I can’t create a pull request. Anyways, please see here for what I could do: https://github.com/AlmaLinux/mirrors/commit/aa3607ee79a595480f3c5cb3c5e42474277ef31a\r\n\r\nApologies for the confusion.",
        "closed_by": null,
        "reactions": {
            "url": "https://api.github.com/repos/AlmaLinux/mirrors/issues/1125/reactions",
            "total_count": 0,
            "+1": 0,
            "-1": 0,
            "laugh": 0,
            "hooray": 0,
            "confused": 0,
            "heart": 0,
            "rocket": 0,
            "eyes": 0
        },
        "timeline_url": "https://api.github.com/repos/AlmaLinux/mirrors/issues/1125/timeline",
        "performed_via_github_app": null,
        "state_reason": null
    },
    {
        "url": "https://api.github.com/repos/AlmaLinux/mirrors/issues/1083",
        "repository_url": "https://api.github.com/repos/AlmaLinux/mirrors",
        "labels_url": "https://api.github.com/repos/AlmaLinux/mirrors/issues/1083/labels{/name}",
        "comments_url": "https://api.github.com/repos/AlmaLinux/mirrors/issues/1083/comments",
        "events_url": "https://api.github.com/repos/AlmaLinux/mirrors/issues/1083/events",
        "html_url": "https://github.com/AlmaLinux/mirrors/issues/1083",
        "id": 2453997465,
        "node_id": "I_kwDOFBjKIc6SRQeZ",
        "number": 1083,
        "title": "Add fullfiletimelist files for faster/easier mirroring",
        "user": {
            "login": "james-antill",
            "id": 6909037,
            "node_id": "MDQ6VXNlcjY5MDkwMzc=",
            "avatar_url": "https://avatars.githubusercontent.com/u/6909037?v=4",
            "gravatar_id": "",
            "url": "https://api.github.com/users/james-antill",
            "html_url": "https://github.com/james-antill",
            "followers_url": "https://api.github.com/users/james-antill/followers",
            "following_url": "https://api.github.com/users/james-antill/following{/other_user}",
            "gists_url": "https://api.github.com/users/james-antill/gists{/gist_id}",
            "starred_url": "https://api.github.com/users/james-antill/starred{/owner}{/repo}",
            "subscriptions_url": "https://api.github.com/users/james-antill/subscriptions",
            "organizations_url": "https://api.github.com/users/james-antill/orgs",
            "repos_url": "https://api.github.com/users/james-antill/repos",
            "events_url": "https://api.github.com/users/james-antill/events{/privacy}",
            "received_events_url": "https://api.github.com/users/james-antill/received_events",
            "type": "User",
            "user_view_type": "public",
            "site_admin": false
        },
        "labels": [],
        "state": "open",
        "locked": false,
        "assignee": null,
        "assignees": [],
        "milestone": null,
        "comments": 0,
        "created_at": "2024-08-07T17:37:41Z",
        "updated_at": "2024-08-07T17:37:41Z",
        "closed_at": null,
        "author_association": "NONE",
        "sub_issues_summary": {
            "total": 0,
            "completed": 0,
            "percent_completed": 0
        },
        "active_lock_reason": null,
        "body": "Quick note about adding quick-fedora-mirror support to the AlmaLinux data. This makes a few things easier, and it's not just for MirrorManager and the server side.\r\n\r\nScripts: https://pagure.io/quick-fedora-mirror/\r\n\r\nExample file: https://dl.fedoraproject.org/pub/epel/fullfiletimelist-epel\r\n",
        "closed_by": null,
        "reactions": {
            "url": "https://api.github.com/repos/AlmaLinux/mirrors/issues/1083/reactions",
            "total_count": 0,
            "+1": 0,
            "-1": 0,
            "laugh": 0,
            "hooray": 0,
            "confused": 0,
            "heart": 0,
            "rocket": 0,
            "eyes": 0
        },
        "timeline_url": "https://api.github.com/repos/AlmaLinux/mirrors/issues/1083/timeline",
        "performed_via_github_app": null,
        "state_reason": null
    },
    {
        "url": "https://api.github.com/repos/AlmaLinux/mirrors/issues/1055",
        "repository_url": "https://api.github.com/repos/AlmaLinux/mirrors",
        "labels_url": "https://api.github.com/repos/AlmaLinux/mirrors/issues/1055/labels{/name}",
        "comments_url": "https://api.github.com/repos/AlmaLinux/mirrors/issues/1055/comments",
        "events_url": "https://api.github.com/repos/AlmaLinux/mirrors/issues/1055/events",
        "html_url": "https://github.com/AlmaLinux/mirrors/pull/1055",
        "id": 2360520504,
        "node_id": "PR_kwDOFBjKIc5y3QvO",
        "number": 1055,
        "title": "Mirror AlmaLinux EdgeUno",
        "user": {
            "login": "kleper",
            "id": 5655663,
            "node_id": "MDQ6VXNlcjU2NTU2NjM=",
            "avatar_url": "https://avatars.githubusercontent.com/u/5655663?v=4",
            "gravatar_id": "",
            "url": "https://api.github.com/users/kleper",
            "html_url": "https://github.com/kleper",
            "followers_url": "https://api.github.com/users/kleper/followers",
            "following_url": "https://api.github.com/users/kleper/following{/other_user}",
            "gists_url": "https://api.github.com/users/kleper/gists{/gist_id}",
            "starred_url": "https://api.github.com/users/kleper/starred{/owner}{/repo}",
            "subscriptions_url": "https://api.github.com/users/kleper/subscriptions",
            "organizations_url": "https://api.github.com/users/kleper/orgs",
            "repos_url": "https://api.github.com/users/kleper/repos",
            "events_url": "https://api.github.com/users/kleper/events{/privacy}",
            "received_events_url": "https://api.github.com/users/kleper/received_events",
            "type": "User",
            "user_view_type": "public",
            "site_admin": false
        },
        "labels": [],
        "state": "open",
        "locked": false,
        "assignee": null,
        "assignees": [],
        "milestone": null,
        "comments": 13,
        "created_at": "2024-06-18T19:09:38Z",
        "updated_at": "2024-07-12T15:06:25Z",
        "closed_at": null,
        "author_association": "NONE",
        "sub_issues_summary": {
            "total": 0,
            "completed": 0,
            "percent_completed": 0
        },
        "active_lock_reason": null,
        "draft": false,
        "pull_request": {
            "url": "https://api.github.com/repos/AlmaLinux/mirrors/pulls/1055",
            "html_url": "https://github.com/AlmaLinux/mirrors/pull/1055",
            "diff_url": "https://github.com/AlmaLinux/mirrors/pull/1055.diff",
            "patch_url": "https://github.com/AlmaLinux/mirrors/pull/1055.patch",
            "merged_at": null
        },
        "body": "We are creating a public Mirror on AlmaLinux in Colombia and other locations in South America.",
        "closed_by": null,
        "reactions": {
            "url": "https://api.github.com/repos/AlmaLinux/mirrors/issues/1055/reactions",
            "total_count": 0,
            "+1": 0,
            "-1": 0,
            "laugh": 0,
            "hooray": 0,
            "confused": 0,
            "heart": 0,
            "rocket": 0,
            "eyes": 0
        },
        "timeline_url": "https://api.github.com/repos/AlmaLinux/mirrors/issues/1055/timeline",
        "performed_via_github_app": null,
        "state_reason": null
    },
    {
        "url": "https://api.github.com/repos/AlmaLinux/mirrors/issues/1045",
        "repository_url": "https://api.github.com/repos/AlmaLinux/mirrors",
        "labels_url": "https://api.github.com/repos/AlmaLinux/mirrors/issues/1045/labels{/name}",
        "comments_url": "https://api.github.com/repos/AlmaLinux/mirrors/issues/1045/comments",
        "events_url": "https://api.github.com/repos/AlmaLinux/mirrors/issues/1045/events",
        "html_url": "https://github.com/AlmaLinux/mirrors/issues/1045",
        "id": 2333546271,
        "node_id": "I_kwDOFBjKIc6LFxcf",
        "number": 1045,
        "title": "Guide to nearest mirrors for cloud, live, RPi images",
        "user": {
            "login": "metalefty",
            "id": 941609,
            "node_id": "MDQ6VXNlcjk0MTYwOQ==",
            "avatar_url": "https://avatars.githubusercontent.com/u/941609?v=4",
            "gravatar_id": "",
            "url": "https://api.github.com/users/metalefty",
            "html_url": "https://github.com/metalefty",
            "followers_url": "https://api.github.com/users/metalefty/followers",
            "following_url": "https://api.github.com/users/metalefty/following{/other_user}",
            "gists_url": "https://api.github.com/users/metalefty/gists{/gist_id}",
            "starred_url": "https://api.github.com/users/metalefty/starred{/owner}{/repo}",
            "subscriptions_url": "https://api.github.com/users/metalefty/subscriptions",
            "organizations_url": "https://api.github.com/users/metalefty/orgs",
            "repos_url": "https://api.github.com/users/metalefty/repos",
            "events_url": "https://api.github.com/users/metalefty/events{/privacy}",
            "received_events_url": "https://api.github.com/users/metalefty/received_events",
            "type": "User",
            "user_view_type": "public",
            "site_admin": false
        },
        "labels": [],
        "state": "open",
        "locked": false,
        "assignee": null,
        "assignees": [],
        "milestone": null,
        "comments": 0,
        "created_at": "2024-06-04T13:29:35Z",
        "updated_at": "2024-06-04T13:32:20Z",
        "closed_at": null,
        "author_association": "MEMBER",
        "sub_issues_summary": {
            "total": 0,
            "completed": 0,
            "percent_completed": 0
        },
        "active_lock_reason": null,
        "body": "We only have a guide page to mirrors for ISO images at the moment:\r\n- https://mirrors.almalinux.org/isos/\r\n- https://mirrors.almalinux.org/isos/x86_64/9.4.html\r\n\r\nOther images such as cloud images, live images, RPi images are not downloaded from mirrors much because of lacking of guide page like ISOs. Wiki page for RPi only have a link to [repo.almalinux.org](https://repo.almalinux.org) at least now.\r\n- https://wiki.almalinux.org/documentation/raspberry-pi.html\r\n\r\nI think we need the same mechanism for other images as well.\r\n\r\n- https://mirrors.almalinux.org/raspberrypi/\r\n- https://mirrors.almalinux.org/raspberrypi/$arch/$version.html\r\n- https://mirrors.almalinux.org/cloud/\r\n- https://mirrors.almalinux.org/cloud/$arch/$version.html\r\n- https://mirrors.almalinux.org/live/\r\n- https://mirrors.almalinux.org/live/$arch/$version.html\r\n\r\nThoughts?",
        "closed_by": null,
        "reactions": {
            "url": "https://api.github.com/repos/AlmaLinux/mirrors/issues/1045/reactions",
            "total_count": 1,
            "+1": 1,
            "-1": 0,
            "laugh": 0,
            "hooray": 0,
            "confused": 0,
            "heart": 0,
            "rocket": 0,
            "eyes": 0
        },
        "timeline_url": "https://api.github.com/repos/AlmaLinux/mirrors/issues/1045/timeline",
        "performed_via_github_app": null,
        "state_reason": null
    },
    {
        "url": "https://api.github.com/repos/AlmaLinux/mirrors/issues/980",
        "repository_url": "https://api.github.com/repos/AlmaLinux/mirrors",
        "labels_url": "https://api.github.com/repos/AlmaLinux/mirrors/issues/980/labels{/name}",
        "comments_url": "https://api.github.com/repos/AlmaLinux/mirrors/issues/980/comments",
        "events_url": "https://api.github.com/repos/AlmaLinux/mirrors/issues/980/events",
        "html_url": "https://github.com/AlmaLinux/mirrors/issues/980",
        "id": 2115271496,
        "node_id": "I_kwDOFBjKIc5-FHtI",
        "number": 980,
        "title": "Store data on if a mirror is anycasted (ipinfo)",
        "user": {
            "login": "codyro",
            "id": 196810,
            "node_id": "MDQ6VXNlcjE5NjgxMA==",
            "avatar_url": "https://avatars.githubusercontent.com/u/196810?v=4",
            "gravatar_id": "",
            "url": "https://api.github.com/users/codyro",
            "html_url": "https://github.com/codyro",
            "followers_url": "https://api.github.com/users/codyro/followers",
            "following_url": "https://api.github.com/users/codyro/following{/other_user}",
            "gists_url": "https://api.github.com/users/codyro/gists{/gist_id}",
            "starred_url": "https://api.github.com/users/codyro/starred{/owner}{/repo}",
            "subscriptions_url": "https://api.github.com/users/codyro/subscriptions",
            "organizations_url": "https://api.github.com/users/codyro/orgs",
            "repos_url": "https://api.github.com/users/codyro/repos",
            "events_url": "https://api.github.com/users/codyro/events{/privacy}",
            "received_events_url": "https://api.github.com/users/codyro/received_events",
            "type": "User",
            "user_view_type": "public",
            "site_admin": false
        },
        "labels": [],
        "state": "open",
        "locked": false,
        "assignee": null,
        "assignees": [],
        "milestone": null,
        "comments": 0,
        "created_at": "2024-02-02T16:14:54Z",
        "updated_at": "2024-02-02T16:14:54Z",
        "closed_at": null,
        "author_association": "MEMBER",
        "sub_issues_summary": {
            "total": 0,
            "completed": 0,
            "percent_completed": 0
        },
        "active_lock_reason": null,
        "body": "The `ipinfo.io` database provides data on if an IP is anycast. We should store this in the database for future use (internal/publish it on the mirrors page?).\r\n\r\n```\r\nAnycast Information\r\n\r\ncurl ipinfo.io/8.8.8.8?token=$TOKEN\r\n\r\n{\r\n  \"ip\": \"8.8.8.8\",\r\n  \"hostname\": \"dns.google\",\r\n  \"anycast\": true,\r\n  \"city\": \"Mountain View\",\r\n  ...\r\n}\r\n```\r\n\r\n* https://ipinfo.io/developers/data-types",
        "closed_by": null,
        "reactions": {
            "url": "https://api.github.com/repos/AlmaLinux/mirrors/issues/980/reactions",
            "total_count": 0,
            "+1": 0,
            "-1": 0,
            "laugh": 0,
            "hooray": 0,
            "confused": 0,
            "heart": 0,
            "rocket": 0,
            "eyes": 0
        },
        "timeline_url": "https://api.github.com/repos/AlmaLinux/mirrors/issues/980/timeline",
        "performed_via_github_app": null,
        "state_reason": null
    },
    {
        "url": "https://api.github.com/repos/AlmaLinux/mirrors/issues/977",
        "repository_url": "https://api.github.com/repos/AlmaLinux/mirrors",
        "labels_url": "https://api.github.com/repos/AlmaLinux/mirrors/issues/977/labels{/name}",
        "comments_url": "https://api.github.com/repos/AlmaLinux/mirrors/issues/977/comments",
        "events_url": "https://api.github.com/repos/AlmaLinux/mirrors/issues/977/events",
        "html_url": "https://github.com/AlmaLinux/mirrors/issues/977",
        "id": 2114169397,
        "node_id": "I_kwDOFBjKIc5-A6o1",
        "number": 977,
        "title": "Support multiple mirrors for a common ASN",
        "user": {
            "login": "jonathanspw",
            "id": 8390543,
            "node_id": "MDQ6VXNlcjgzOTA1NDM=",
            "avatar_url": "https://avatars.githubusercontent.com/u/8390543?v=4",
            "gravatar_id": "",
            "url": "https://api.github.com/users/jonathanspw",
            "html_url": "https://github.com/jonathanspw",
            "followers_url": "https://api.github.com/users/jonathanspw/followers",
            "following_url": "https://api.github.com/users/jonathanspw/following{/other_user}",
            "gists_url": "https://api.github.com/users/jonathanspw/gists{/gist_id}",
            "starred_url": "https://api.github.com/users/jonathanspw/starred{/owner}{/repo}",
            "subscriptions_url": "https://api.github.com/users/jonathanspw/subscriptions",
            "organizations_url": "https://api.github.com/users/jonathanspw/orgs",
            "repos_url": "https://api.github.com/users/jonathanspw/repos",
            "events_url": "https://api.github.com/users/jonathanspw/events{/privacy}",
            "received_events_url": "https://api.github.com/users/jonathanspw/received_events",
            "type": "User",
            "user_view_type": "public",
            "site_admin": false
        },
        "labels": [],
        "state": "open",
        "locked": false,
        "assignee": null,
        "assignees": [],
        "milestone": null,
        "comments": 0,
        "created_at": "2024-02-02T06:18:32Z",
        "updated_at": "2024-02-02T06:18:33Z",
        "closed_at": null,
        "author_association": "MEMBER",
        "sub_issues_summary": {
            "total": 0,
            "completed": 0,
            "percent_completed": 0
        },
        "active_lock_reason": null,
        "body": "We need to support multiple mirrors serving a single ASN, especially if those mirrors are in different geographical locations.\r\n\r\nIn the ASN matching logic we should run the geolocation logic if there are multiple ASNs matched.",
        "closed_by": null,
        "reactions": {
            "url": "https://api.github.com/repos/AlmaLinux/mirrors/issues/977/reactions",
            "total_count": 0,
            "+1": 0,
            "-1": 0,
            "laugh": 0,
            "hooray": 0,
            "confused": 0,
            "heart": 0,
            "rocket": 0,
            "eyes": 0
        },
        "timeline_url": "https://api.github.com/repos/AlmaLinux/mirrors/issues/977/timeline",
        "performed_via_github_app": null,
        "state_reason": null
    },
    {
        "url": "https://api.github.com/repos/AlmaLinux/mirrors/issues/976",
        "repository_url": "https://api.github.com/repos/AlmaLinux/mirrors",
        "labels_url": "https://api.github.com/repos/AlmaLinux/mirrors/issues/976/labels{/name}",
        "comments_url": "https://api.github.com/repos/AlmaLinux/mirrors/issues/976/comments",
        "events_url": "https://api.github.com/repos/AlmaLinux/mirrors/issues/976/events",
        "html_url": "https://github.com/AlmaLinux/mirrors/pull/976",
        "id": 2112229252,
        "node_id": "PR_kwDOFBjKIc5lr3uI",
        "number": 976,
        "title": "OVHcloud mirror: split into 4 different locations",
        "user": {
            "login": "sbraz",
            "id": 4833332,
            "node_id": "MDQ6VXNlcjQ4MzMzMzI=",
            "avatar_url": "https://avatars.githubusercontent.com/u/4833332?v=4",
            "gravatar_id": "",
            "url": "https://api.github.com/users/sbraz",
            "html_url": "https://github.com/sbraz",
            "followers_url": "https://api.github.com/users/sbraz/followers",
            "following_url": "https://api.github.com/users/sbraz/following{/other_user}",
            "gists_url": "https://api.github.com/users/sbraz/gists{/gist_id}",
            "starred_url": "https://api.github.com/users/sbraz/starred{/owner}{/repo}",
            "subscriptions_url": "https://api.github.com/users/sbraz/subscriptions",
            "organizations_url": "https://api.github.com/users/sbraz/orgs",
            "repos_url": "https://api.github.com/users/sbraz/repos",
            "events_url": "https://api.github.com/users/sbraz/events{/privacy}",
            "received_events_url": "https://api.github.com/users/sbraz/received_events",
            "type": "User",
            "user_view_type": "public",
            "site_admin": false
        },
        "labels": [],
        "state": "open",
        "locked": false,
        "assignee": null,
        "assignees": [],
        "milestone": null,
        "comments": 2,
        "created_at": "2024-02-01T11:09:36Z",
        "updated_at": "2024-02-02T13:26:08Z",
        "closed_at": null,
        "author_association": "CONTRIBUTOR",
        "sub_issues_summary": {
            "total": 0,
            "completed": 0,
            "percent_completed": 0
        },
        "active_lock_reason": null,
        "draft": false,
        "pull_request": {
            "url": "https://api.github.com/repos/AlmaLinux/mirrors/pulls/976",
            "html_url": "https://github.com/AlmaLinux/mirrors/pull/976",
            "diff_url": "https://github.com/AlmaLinux/mirrors/pull/976.diff",
            "patch_url": "https://github.com/AlmaLinux/mirrors/pull/976.patch",
            "merged_at": null
        },
        "body": "@jonathanspw does this look OK? I'm not a fan of the invalid DNS records for the names but I don't really have a better idea right now.\r\n\r\nOur anycast IP is routed to 4 different locations. This is a follow-up to 02c86298b14.",
        "closed_by": null,
        "reactions": {
            "url": "https://api.github.com/repos/AlmaLinux/mirrors/issues/976/reactions",
            "total_count": 0,
            "+1": 0,
            "-1": 0,
            "laugh": 0,
            "hooray": 0,
            "confused": 0,
            "heart": 0,
            "rocket": 0,
            "eyes": 0
        },
        "timeline_url": "https://api.github.com/repos/AlmaLinux/mirrors/issues/976/timeline",
        "performed_via_github_app": null,
        "state_reason": null
    },
    {
        "url": "https://api.github.com/repos/AlmaLinux/mirrors/issues/959",
        "repository_url": "https://api.github.com/repos/AlmaLinux/mirrors",
        "labels_url": "https://api.github.com/repos/AlmaLinux/mirrors/issues/959/labels{/name}",
        "comments_url": "https://api.github.com/repos/AlmaLinux/mirrors/issues/959/comments",
        "events_url": "https://api.github.com/repos/AlmaLinux/mirrors/issues/959/events",
        "html_url": "https://github.com/AlmaLinux/mirrors/issues/959",
        "id": 2044896262,
        "node_id": "I_kwDOFBjKIc554qQG",
        "number": 959,
        "title": "velocihost mirror partially outdated",
        "user": {
            "login": "jonathanspw",
            "id": 8390543,
            "node_id": "MDQ6VXNlcjgzOTA1NDM=",
            "avatar_url": "https://avatars.githubusercontent.com/u/8390543?v=4",
            "gravatar_id": "",
            "url": "https://api.github.com/users/jonathanspw",
            "html_url": "https://github.com/jonathanspw",
            "followers_url": "https://api.github.com/users/jonathanspw/followers",
            "following_url": "https://api.github.com/users/jonathanspw/following{/other_user}",
            "gists_url": "https://api.github.com/users/jonathanspw/gists{/gist_id}",
            "starred_url": "https://api.github.com/users/jonathanspw/starred{/owner}{/repo}",
            "subscriptions_url": "https://api.github.com/users/jonathanspw/subscriptions",
            "organizations_url": "https://api.github.com/users/jonathanspw/orgs",
            "repos_url": "https://api.github.com/users/jonathanspw/repos",
            "events_url": "https://api.github.com/users/jonathanspw/events{/privacy}",
            "received_events_url": "https://api.github.com/users/jonathanspw/received_events",
            "type": "User",
            "user_view_type": "public",
            "site_admin": false
        },
        "labels": [],
        "state": "open",
        "locked": false,
        "assignee": null,
        "assignees": [],
        "milestone": null,
        "comments": 2,
        "created_at": "2023-12-16T18:30:16Z",
        "updated_at": "2023-12-16T18:43:38Z",
        "closed_at": null,
        "author_association": "MEMBER",
        "sub_issues_summary": {
            "total": 0,
            "completed": 0,
            "percent_completed": 0
        },
        "active_lock_reason": null,
        "body": "Causing errors such as this by serving outdated repo metdata:\r\n\r\n```\r\ncheckyum version 22.3  (excludes: bind-chroot)\r\nAlmaLinux 8 - PowerTools                        423  B/s | 765  B     00:01\r\nError: Failed to download metadata for repo 'powertools': Yum repo downloading error: Downloading error(s): repodata/f7dfac2012658f603011f714b7e3d52549665fafd4a48f4dab115fbbbaa27809-primary.xml.gz - Cannot download, all mirrors were already tried without success; repodata/a5ce8a3987d180296bb91a513ad02e846910b490f46b36503f71772935fee1d5-filelists.xml.gz - Cannot download, all mirrors were already tried without success; repodata/6fa20825a2edd6271fd052b52deba441bf09dc6261606cd718f998002c87b4ff-comps-PowerTools.x86_64.xml - Cannot download, all mirrors were already tried without success; repodata/54d3b0dfe15e7bb8d76de5d0974e946d6e207ade67736c41c79370483d274bbb-modules.yaml.gz - Cannot download, all mirrors were already tried without success; repodata/13a845a95a9319353d81f7b03a673fff82b70cbde415d0b3e82f79ddfb2644a9-updateinfo.xml.gz - Cannot download, all mirrors were already tried without success\r\n(XID z3fh2r) “/usr/bin/yum” reported error code “1” when it ended:\r\n```\r\n\r\nWe need to reach out to the mirror owner to investigate.  In the meantime I've disabled the mirror via https://github.com/AlmaLinux/mirrors/pull/958",
        "closed_by": null,
        "reactions": {
            "url": "https://api.github.com/repos/AlmaLinux/mirrors/issues/959/reactions",
            "total_count": 0,
            "+1": 0,
            "-1": 0,
            "laugh": 0,
            "hooray": 0,
            "confused": 0,
            "heart": 0,
            "rocket": 0,
            "eyes": 0
        },
        "timeline_url": "https://api.github.com/repos/AlmaLinux/mirrors/issues/959/timeline",
        "performed_via_github_app": null,
        "state_reason": null
    },
    {
        "url": "https://api.github.com/repos/AlmaLinux/mirrors/issues/848",
        "repository_url": "https://api.github.com/repos/AlmaLinux/mirrors",
        "labels_url": "https://api.github.com/repos/AlmaLinux/mirrors/issues/848/labels{/name}",
        "comments_url": "https://api.github.com/repos/AlmaLinux/mirrors/issues/848/comments",
        "events_url": "https://api.github.com/repos/AlmaLinux/mirrors/issues/848/events",
        "html_url": "https://github.com/AlmaLinux/mirrors/issues/848",
        "id": 1830868951,
        "node_id": "I_kwDOFBjKIc5tINfX",
        "number": 848,
        "title": "Separate source repo from almalinux-vault",
        "user": {
            "login": "metalefty",
            "id": 941609,
            "node_id": "MDQ6VXNlcjk0MTYwOQ==",
            "avatar_url": "https://avatars.githubusercontent.com/u/941609?v=4",
            "gravatar_id": "",
            "url": "https://api.github.com/users/metalefty",
            "html_url": "https://github.com/metalefty",
            "followers_url": "https://api.github.com/users/metalefty/followers",
            "following_url": "https://api.github.com/users/metalefty/following{/other_user}",
            "gists_url": "https://api.github.com/users/metalefty/gists{/gist_id}",
            "starred_url": "https://api.github.com/users/metalefty/starred{/owner}{/repo}",
            "subscriptions_url": "https://api.github.com/users/metalefty/subscriptions",
            "organizations_url": "https://api.github.com/users/metalefty/orgs",
            "repos_url": "https://api.github.com/users/metalefty/repos",
            "events_url": "https://api.github.com/users/metalefty/events{/privacy}",
            "received_events_url": "https://api.github.com/users/metalefty/received_events",
            "type": "User",
            "user_view_type": "public",
            "site_admin": false
        },
        "labels": [],
        "state": "open",
        "locked": false,
        "assignee": null,
        "assignees": [],
        "milestone": null,
        "comments": 2,
        "created_at": "2023-08-01T09:40:01Z",
        "updated_at": "2023-08-01T14:16:35Z",
        "closed_at": null,
        "author_association": "MEMBER",
        "sub_issues_summary": {
            "total": 0,
            "completed": 0,
            "percent_completed": 0
        },
        "active_lock_reason": null,
        "body": "Hello, \r\n\r\nCan we have a chance to separate source repository from `almalinux-vault`? For example, `almalinux-source`.\r\n\r\nI want to mirror the AlmaLinux source repository  but not the entire almalinux-vault. \r\n\r\nCurrently, following two directories are seen via rsync. \r\n\r\n```\r\nrsync --list-only rsync://rsync.repo.almalinux.org/\r\nalmalinux       almalinux repository\r\nalmalinux-vault almalinux vault repository\r\n```\r\n\r\nHere are requirements I'm thinking\r\n1. Create `almalinux-source` directory and put source repos there.\r\n2. Souce repo of older versions are supposed to be put in vault\r\n3. Modify mirror service to return regional mirrors if necessary:\r\n    for example, [this URL](https://mirrors.almalinux.org/mirrorlist/9/baseos-source) can return \r\n    https://mirrors.somewhere.example.jp/almalinux-source/9.2/BaseOS/Source/\r\n    additional to repo.almalinux.org.",
        "closed_by": null,
        "reactions": {
            "url": "https://api.github.com/repos/AlmaLinux/mirrors/issues/848/reactions",
            "total_count": 1,
            "+1": 1,
            "-1": 0,
            "laugh": 0,
            "hooray": 0,
            "confused": 0,
            "heart": 0,
            "rocket": 0,
            "eyes": 0
        },
        "timeline_url": "https://api.github.com/repos/AlmaLinux/mirrors/issues/848/timeline",
        "performed_via_github_app": null,
        "state_reason": null
    },
    {
        "url": "https://api.github.com/repos/AlmaLinux/mirrors/issues/714",
        "repository_url": "https://api.github.com/repos/AlmaLinux/mirrors",
        "labels_url": "https://api.github.com/repos/AlmaLinux/mirrors/issues/714/labels{/name}",
        "comments_url": "https://api.github.com/repos/AlmaLinux/mirrors/issues/714/comments",
        "events_url": "https://api.github.com/repos/AlmaLinux/mirrors/issues/714/events",
        "html_url": "https://github.com/AlmaLinux/mirrors/issues/714",
        "id": 1519390420,
        "node_id": "I_kwDOFBjKIc5akA7U",
        "number": 714,
        "title": "Add mirror sponsor logos",
        "user": {
            "login": "bennyvasquez",
            "id": 13630986,
            "node_id": "MDQ6VXNlcjEzNjMwOTg2",
            "avatar_url": "https://avatars.githubusercontent.com/u/13630986?v=4",
            "gravatar_id": "",
            "url": "https://api.github.com/users/bennyvasquez",
            "html_url": "https://github.com/bennyvasquez",
            "followers_url": "https://api.github.com/users/bennyvasquez/followers",
            "following_url": "https://api.github.com/users/bennyvasquez/following{/other_user}",
            "gists_url": "https://api.github.com/users/bennyvasquez/gists{/gist_id}",
            "starred_url": "https://api.github.com/users/bennyvasquez/starred{/owner}{/repo}",
            "subscriptions_url": "https://api.github.com/users/bennyvasquez/subscriptions",
            "organizations_url": "https://api.github.com/users/bennyvasquez/orgs",
            "repos_url": "https://api.github.com/users/bennyvasquez/repos",
            "events_url": "https://api.github.com/users/bennyvasquez/events{/privacy}",
            "received_events_url": "https://api.github.com/users/bennyvasquez/received_events",
            "type": "User",
            "user_view_type": "public",
            "site_admin": false
        },
        "labels": [
            {
                "id": 2726044679,
                "node_id": "MDU6TGFiZWwyNzI2MDQ0Njc5",
                "url": "https://api.github.com/repos/AlmaLinux/mirrors/labels/enhancement",
                "name": "enhancement",
                "color": "a2eeef",
                "default": true,
                "description": "New feature or request"
            }
        ],
        "state": "open",
        "locked": false,
        "assignee": null,
        "assignees": [],
        "milestone": null,
        "comments": 2,
        "created_at": "2023-01-04T18:16:23Z",
        "updated_at": "2023-08-14T00:54:45Z",
        "closed_at": null,
        "author_association": "MEMBER",
        "sub_issues_summary": {
            "total": 0,
            "completed": 0,
            "percent_completed": 0
        },
        "active_lock_reason": null,
        "body": "It would be cool to allow mirror sponsors an option to add their logo next to their mirrors, or some other indicator of mirror sponsor status. This would necessitate collaboration between the membership team and the infra team (since you can't be a mirror sponsor until after you've set up a mirror), and an adjustment to the website.",
        "closed_by": null,
        "reactions": {
            "url": "https://api.github.com/repos/AlmaLinux/mirrors/issues/714/reactions",
            "total_count": 2,
            "+1": 2,
            "-1": 0,
            "laugh": 0,
            "hooray": 0,
            "confused": 0,
            "heart": 0,
            "rocket": 0,
            "eyes": 0
        },
        "timeline_url": "https://api.github.com/repos/AlmaLinux/mirrors/issues/714/timeline",
        "performed_via_github_app": null,
        "state_reason": null
    },
    {
        "url": "https://api.github.com/repos/AlmaLinux/mirrors/issues/694",
        "repository_url": "https://api.github.com/repos/AlmaLinux/mirrors",
        "labels_url": "https://api.github.com/repos/AlmaLinux/mirrors/issues/694/labels{/name}",
        "comments_url": "https://api.github.com/repos/AlmaLinux/mirrors/issues/694/comments",
        "events_url": "https://api.github.com/repos/AlmaLinux/mirrors/issues/694/events",
        "html_url": "https://github.com/AlmaLinux/mirrors/issues/694",
        "id": 1495129326,
        "node_id": "I_kwDOFBjKIc5ZHdzu",
        "number": 694,
        "title": "validate repomd.xml files",
        "user": {
            "login": "jonathanspw",
            "id": 8390543,
            "node_id": "MDQ6VXNlcjgzOTA1NDM=",
            "avatar_url": "https://avatars.githubusercontent.com/u/8390543?v=4",
            "gravatar_id": "",
            "url": "https://api.github.com/users/jonathanspw",
            "html_url": "https://github.com/jonathanspw",
            "followers_url": "https://api.github.com/users/jonathanspw/followers",
            "following_url": "https://api.github.com/users/jonathanspw/following{/other_user}",
            "gists_url": "https://api.github.com/users/jonathanspw/gists{/gist_id}",
            "starred_url": "https://api.github.com/users/jonathanspw/starred{/owner}{/repo}",
            "subscriptions_url": "https://api.github.com/users/jonathanspw/subscriptions",
            "organizations_url": "https://api.github.com/users/jonathanspw/orgs",
            "repos_url": "https://api.github.com/users/jonathanspw/repos",
            "events_url": "https://api.github.com/users/jonathanspw/events{/privacy}",
            "received_events_url": "https://api.github.com/users/jonathanspw/received_events",
            "type": "User",
            "user_view_type": "public",
            "site_admin": false
        },
        "labels": [
            {
                "id": 2726044679,
                "node_id": "MDU6TGFiZWwyNzI2MDQ0Njc5",
                "url": "https://api.github.com/repos/AlmaLinux/mirrors/labels/enhancement",
                "name": "enhancement",
                "color": "a2eeef",
                "default": true,
                "description": "New feature or request"
            }
        ],
        "state": "open",
        "locked": false,
        "assignee": null,
        "assignees": [],
        "milestone": null,
        "comments": 1,
        "created_at": "2022-12-13T20:46:28Z",
        "updated_at": "2024-10-22T22:36:14Z",
        "closed_at": null,
        "author_association": "MEMBER",
        "sub_issues_summary": {
            "total": 0,
            "completed": 0,
            "percent_completed": 0
        },
        "active_lock_reason": null,
        "body": "We should validate the content of `repomd.xml` files.  These files are integral to a working mirror system even if other packages are out of date, missing, etc. the proper `repomd.xml` file will at least let `dnf` fall back to a working mirror.\r\n\r\nLast night we had an instance of a mirror having an incorrect `repomd.xml` file resulting in a user not being able to update.  We could've easily prevented this situation if we validated all `repomd.xml` files on a given mirror before considering it as healthy/online.\r\n\r\nMarking this as a bug since in the current state non-working mirrors can be marked as OK rendering `dnf` transactions impossible without user intervention.",
        "closed_by": null,
        "reactions": {
            "url": "https://api.github.com/repos/AlmaLinux/mirrors/issues/694/reactions",
            "total_count": 0,
            "+1": 0,
            "-1": 0,
            "laugh": 0,
            "hooray": 0,
            "confused": 0,
            "heart": 0,
            "rocket": 0,
            "eyes": 0
        },
        "timeline_url": "https://api.github.com/repos/AlmaLinux/mirrors/issues/694/timeline",
        "performed_via_github_app": null,
        "state_reason": null
    },
    {
        "url": "https://api.github.com/repos/AlmaLinux/mirrors/issues/600",
        "repository_url": "https://api.github.com/repos/AlmaLinux/mirrors",
        "labels_url": "https://api.github.com/repos/AlmaLinux/mirrors/issues/600/labels{/name}",
        "comments_url": "https://api.github.com/repos/AlmaLinux/mirrors/issues/600/comments",
        "events_url": "https://api.github.com/repos/AlmaLinux/mirrors/issues/600/events",
        "html_url": "https://github.com/AlmaLinux/mirrors/issues/600",
        "id": 1358127218,
        "node_id": "I_kwDOFBjKIc5Q82By",
        "number": 600,
        "title": "Add vault to mirrors list",
        "user": {
            "login": "yaoge123",
            "id": 4160993,
            "node_id": "MDQ6VXNlcjQxNjA5OTM=",
            "avatar_url": "https://avatars.githubusercontent.com/u/4160993?v=4",
            "gravatar_id": "",
            "url": "https://api.github.com/users/yaoge123",
            "html_url": "https://github.com/yaoge123",
            "followers_url": "https://api.github.com/users/yaoge123/followers",
            "following_url": "https://api.github.com/users/yaoge123/following{/other_user}",
            "gists_url": "https://api.github.com/users/yaoge123/gists{/gist_id}",
            "starred_url": "https://api.github.com/users/yaoge123/starred{/owner}{/repo}",
            "subscriptions_url": "https://api.github.com/users/yaoge123/subscriptions",
            "organizations_url": "https://api.github.com/users/yaoge123/orgs",
            "repos_url": "https://api.github.com/users/yaoge123/repos",
            "events_url": "https://api.github.com/users/yaoge123/events{/privacy}",
            "received_events_url": "https://api.github.com/users/yaoge123/received_events",
            "type": "User",
            "user_view_type": "public",
            "site_admin": false
        },
        "labels": [],
        "state": "open",
        "locked": false,
        "assignee": null,
        "assignees": [],
        "milestone": null,
        "comments": 3,
        "created_at": "2022-09-01T01:39:08Z",
        "updated_at": "2024-04-19T14:14:20Z",
        "closed_at": null,
        "author_association": "CONTRIBUTOR",
        "sub_issues_summary": {
            "total": 0,
            "completed": 0,
            "percent_completed": 0
        },
        "active_lock_reason": null,
        "body": "mirror.nju.edu.cn already exists almalinux mirror. Now the almalinux-vault mirror has been added, but I don't know how to add it to the mirrors list\r\n\r\nhttp://mirror.nju.edu.cn/almalinux-vault/\r\nhttps://mirror.nju.edu.cn/almalinux-vault/\r\nrsync://mirror.nju.edu.cn/almalinux-vault/",
        "closed_by": null,
        "reactions": {
            "url": "https://api.github.com/repos/AlmaLinux/mirrors/issues/600/reactions",
            "total_count": 1,
            "+1": 0,
            "-1": 0,
            "laugh": 0,
            "hooray": 0,
            "confused": 0,
            "heart": 0,
            "rocket": 0,
            "eyes": 1
        },
        "timeline_url": "https://api.github.com/repos/AlmaLinux/mirrors/issues/600/timeline",
        "performed_via_github_app": null,
        "state_reason": null
    },
    {
        "url": "https://api.github.com/repos/AlmaLinux/mirrors/issues/581",
        "repository_url": "https://api.github.com/repos/AlmaLinux/mirrors",
        "labels_url": "https://api.github.com/repos/AlmaLinux/mirrors/issues/581/labels{/name}",
        "comments_url": "https://api.github.com/repos/AlmaLinux/mirrors/issues/581/comments",
        "events_url": "https://api.github.com/repos/AlmaLinux/mirrors/issues/581/events",
        "html_url": "https://github.com/AlmaLinux/mirrors/issues/581",
        "id": 1301918747,
        "node_id": "I_kwDOFBjKIc5NmbQb",
        "number": 581,
        "title": "Option to fill in variables in mirrorlist",
        "user": {
            "login": "andreasdijkman",
            "id": 82455328,
            "node_id": "MDQ6VXNlcjgyNDU1MzI4",
            "avatar_url": "https://avatars.githubusercontent.com/u/82455328?v=4",
            "gravatar_id": "",
            "url": "https://api.github.com/users/andreasdijkman",
            "html_url": "https://github.com/andreasdijkman",
            "followers_url": "https://api.github.com/users/andreasdijkman/followers",
            "following_url": "https://api.github.com/users/andreasdijkman/following{/other_user}",
            "gists_url": "https://api.github.com/users/andreasdijkman/gists{/gist_id}",
            "starred_url": "https://api.github.com/users/andreasdijkman/starred{/owner}{/repo}",
            "subscriptions_url": "https://api.github.com/users/andreasdijkman/subscriptions",
            "organizations_url": "https://api.github.com/users/andreasdijkman/orgs",
            "repos_url": "https://api.github.com/users/andreasdijkman/repos",
            "events_url": "https://api.github.com/users/andreasdijkman/events{/privacy}",
            "received_events_url": "https://api.github.com/users/andreasdijkman/received_events",
            "type": "User",
            "user_view_type": "public",
            "site_admin": false
        },
        "labels": [],
        "state": "open",
        "locked": false,
        "assignee": null,
        "assignees": [],
        "milestone": null,
        "comments": 6,
        "created_at": "2022-07-12T11:20:09Z",
        "updated_at": "2022-07-14T06:37:54Z",
        "closed_at": null,
        "author_association": "NONE",
        "sub_issues_summary": {
            "total": 0,
            "completed": 0,
            "percent_completed": 0
        },
        "active_lock_reason": null,
        "body": "Is there an option to fill in the variables that the mirrorlist returns? We have Spacewalk running and the mirrorlist returns a list of URL's that have the variable `$basearch` in them. Spacewalk can't resolve or change that variable.\r\n\r\nIt would be nice to have the option to generate that URL without those variables so it returns static URL's.\r\n\r\n### Now\r\nThe URL https://mirrors.almalinux.org/mirrorlist/8/baseos returns the following:\r\n```\r\nhttp://mirror.nl.altushost.com/almalinux/8/BaseOS/$basearch/os/\r\nhttp://mirror.nforce.com/pub/linux/almalinux/8/BaseOS/$basearch/os/\r\nhttp://mirror.previder.nl/almalinux/8/BaseOS/$basearch/os/\r\nhttp://mirrors.evoluso.com/almalinux/8/BaseOS/$basearch/os/\r\nhttp://mirror.wd6.net/almalinux/8/BaseOS/$basearch/os/\r\nhttp://almalinux.mirror.wearetriple.com/8/BaseOS/$basearch/os/\r\nhttp://mirror.mijn.host/almalinux/8/BaseOS/$basearch/os/\r\nhttp://mirrors.mvps.net/almalinux/8/BaseOS/$basearch/os/\r\nhttp://almalinux.mirror.liteserver.nl/8/BaseOS/$basearch/os/\r\nhttp://mirror.almalinux.ams01.readydedis.com/almalinux/8/BaseOS/$basearch/os/\r\n```\r\n\r\n### Suggestion\r\nAdding a parameter to the URL will fill in those variables, simething like `<url>?basearch=x86_64`\r\nThe following URL would return the below URL's: https://mirrors.almalinux.org/mirrorlist/8/baseos?basearch=x86_64\r\n```\r\nhttp://mirror.nl.altushost.com/almalinux/8/BaseOS/x86_64/os/\r\nhttp://mirror.nforce.com/pub/linux/almalinux/8/BaseOS/x86_64/os/\r\nhttp://mirror.previder.nl/almalinux/8/BaseOS/x86_64/os/\r\nhttp://mirrors.evoluso.com/almalinux/8/BaseOS/x86_64/os/\r\nhttp://mirror.wd6.net/almalinux/8/BaseOS/x86_64/os/\r\nhttp://almalinux.mirror.wearetriple.com/8/BaseOS/x86_64/os/\r\nhttp://mirror.mijn.host/almalinux/8/BaseOS/x86_64/os/\r\nhttp://mirrors.mvps.net/almalinux/8/BaseOS/x86_64/os/\r\nhttp://almalinux.mirror.liteserver.nl/8/BaseOS/x86_64/os/\r\nhttp://mirror.almalinux.ams01.readydedis.com/almalinux/8/BaseOS/x86_64/os/\r\n```",
        "closed_by": null,
        "reactions": {
            "url": "https://api.github.com/repos/AlmaLinux/mirrors/issues/581/reactions",
            "total_count": 0,
            "+1": 0,
            "-1": 0,
            "laugh": 0,
            "hooray": 0,
            "confused": 0,
            "heart": 0,
            "rocket": 0,
            "eyes": 0
        },
        "timeline_url": "https://api.github.com/repos/AlmaLinux/mirrors/issues/581/timeline",
        "performed_via_github_app": null,
        "state_reason": null
    },
    {
        "url": "https://api.github.com/repos/AlmaLinux/mirrors/issues/572",
        "repository_url": "https://api.github.com/repos/AlmaLinux/mirrors",
        "labels_url": "https://api.github.com/repos/AlmaLinux/mirrors/issues/572/labels{/name}",
        "comments_url": "https://api.github.com/repos/AlmaLinux/mirrors/issues/572/comments",
        "events_url": "https://api.github.com/repos/AlmaLinux/mirrors/issues/572/events",
        "html_url": "https://github.com/AlmaLinux/mirrors/issues/572",
        "id": 1291243681,
        "node_id": "I_kwDOFBjKIc5M9tCh",
        "number": 572,
        "title": "Add to a mirror's config ability to exclude arches or/and repos",
        "user": {
            "login": "soksanichenko",
            "id": 50624082,
            "node_id": "MDQ6VXNlcjUwNjI0MDgy",
            "avatar_url": "https://avatars.githubusercontent.com/u/50624082?v=4",
            "gravatar_id": "",
            "url": "https://api.github.com/users/soksanichenko",
            "html_url": "https://github.com/soksanichenko",
            "followers_url": "https://api.github.com/users/soksanichenko/followers",
            "following_url": "https://api.github.com/users/soksanichenko/following{/other_user}",
            "gists_url": "https://api.github.com/users/soksanichenko/gists{/gist_id}",
            "starred_url": "https://api.github.com/users/soksanichenko/starred{/owner}{/repo}",
            "subscriptions_url": "https://api.github.com/users/soksanichenko/subscriptions",
            "organizations_url": "https://api.github.com/users/soksanichenko/orgs",
            "repos_url": "https://api.github.com/users/soksanichenko/repos",
            "events_url": "https://api.github.com/users/soksanichenko/events{/privacy}",
            "received_events_url": "https://api.github.com/users/soksanichenko/received_events",
            "type": "User",
            "user_view_type": "public",
            "site_admin": false
        },
        "labels": [],
        "state": "open",
        "locked": false,
        "assignee": null,
        "assignees": [],
        "milestone": null,
        "comments": 0,
        "created_at": "2022-07-01T10:47:48Z",
        "updated_at": "2024-10-22T22:36:17Z",
        "closed_at": null,
        "author_association": "MEMBER",
        "sub_issues_summary": {
            "total": 0,
            "completed": 0,
            "percent_completed": 0
        },
        "active_lock_reason": null,
        "body": null,
        "closed_by": null,
        "reactions": {
            "url": "https://api.github.com/repos/AlmaLinux/mirrors/issues/572/reactions",
            "total_count": 0,
            "+1": 0,
            "-1": 0,
            "laugh": 0,
            "hooray": 0,
            "confused": 0,
            "heart": 0,
            "rocket": 0,
            "eyes": 0
        },
        "timeline_url": "https://api.github.com/repos/AlmaLinux/mirrors/issues/572/timeline",
        "performed_via_github_app": null,
        "state_reason": null
    },
    {
        "url": "https://api.github.com/repos/AlmaLinux/mirrors/issues/562",
        "repository_url": "https://api.github.com/repos/AlmaLinux/mirrors",
        "labels_url": "https://api.github.com/repos/AlmaLinux/mirrors/issues/562/labels{/name}",
        "comments_url": "https://api.github.com/repos/AlmaLinux/mirrors/issues/562/comments",
        "events_url": "https://api.github.com/repos/AlmaLinux/mirrors/issues/562/events",
        "html_url": "https://github.com/AlmaLinux/mirrors/issues/562",
        "id": 1284156307,
        "node_id": "I_kwDOFBjKIc5MiquT",
        "number": 562,
        "title": "No source of entropy in _get_nearest_mirrors_by_network_data()",
        "user": {
            "login": "PhirePhly",
            "id": 131002,
            "node_id": "MDQ6VXNlcjEzMTAwMg==",
            "avatar_url": "https://avatars.githubusercontent.com/u/131002?v=4",
            "gravatar_id": "",
            "url": "https://api.github.com/users/PhirePhly",
            "html_url": "https://github.com/PhirePhly",
            "followers_url": "https://api.github.com/users/PhirePhly/followers",
            "following_url": "https://api.github.com/users/PhirePhly/following{/other_user}",
            "gists_url": "https://api.github.com/users/PhirePhly/gists{/gist_id}",
            "starred_url": "https://api.github.com/users/PhirePhly/starred{/owner}{/repo}",
            "subscriptions_url": "https://api.github.com/users/PhirePhly/subscriptions",
            "organizations_url": "https://api.github.com/users/PhirePhly/orgs",
            "repos_url": "https://api.github.com/users/PhirePhly/repos",
            "events_url": "https://api.github.com/users/PhirePhly/events{/privacy}",
            "received_events_url": "https://api.github.com/users/PhirePhly/received_events",
            "type": "User",
            "user_view_type": "public",
            "site_admin": false
        },
        "labels": [],
        "state": "open",
        "locked": false,
        "assignee": null,
        "assignees": [],
        "milestone": null,
        "comments": 7,
        "created_at": "2022-06-24T20:23:27Z",
        "updated_at": "2024-09-01T18:28:23Z",
        "closed_at": null,
        "author_association": "CONTRIBUTOR",
        "sub_issues_summary": {
            "total": 0,
            "completed": 0,
            "percent_completed": 0
        },
        "active_lock_reason": null,
        "body": "https://github.com/AlmaLinux/mirrors/blob/mirrors_service/src/backend/api/handlers.py#L73\r\n\r\nWhen a client matches the network data service cone for any mirror, the offered mirror list is built using the following logic:\r\n1. Append mirror matching on ASN or subnet\r\n2. Create sorted list of mirrors by distance, filter out mirrors matching on first criteria, and extend list to desired minimum (LENGTH_CLOUD_MIRRORS_LIST)\r\n\r\nThe issue is that this process is completely deterministic and there is no load balancing for clients that match on any mirror's network service cone. There is no shuffling happening in either the first list of suitable_mirrors or the geographically based extension of the list to meet the minimum number of mirrors to offer.\r\n\r\nFailure modes:\r\n1. A particularly large install base of hosts relies on a local mirror. When this mirror goes offline and before the health checkers have disqualified this mirror, ALL clients on the local subnet are steered to the next closest public mirror.\r\n2. An EXTREMELY large install base of hosts with two local mirrors are not able to load balance between the two mirrors. The list of mirrors is always returned in the same order (probably based on the order they happened to be added to the mirror database)\r\n\r\nRecommendation:\r\n1. Shuffle list of mirrors which match on network data before the geographically based extension of the list.\r\n2. Generate a longer geographic extension of the list, shuffle, and then use to extend the original list. i.e. find the `2 * LENGTH_CLOUD_MIRRORS_LIST` closest mirrors, shuffle this list, then `suitable_mirrors.extend(nearby_mirrors_shuffled)[:LENGTH_CLOUD_MIRRORS_LIST - len(suitable_mirrors)]`\r\n",
        "closed_by": {
            "login": "soksanichenko",
            "id": 50624082,
            "node_id": "MDQ6VXNlcjUwNjI0MDgy",
            "avatar_url": "https://avatars.githubusercontent.com/u/50624082?v=4",
            "gravatar_id": "",
            "url": "https://api.github.com/users/soksanichenko",
            "html_url": "https://github.com/soksanichenko",
            "followers_url": "https://api.github.com/users/soksanichenko/followers",
            "following_url": "https://api.github.com/users/soksanichenko/following{/other_user}",
            "gists_url": "https://api.github.com/users/soksanichenko/gists{/gist_id}",
            "starred_url": "https://api.github.com/users/soksanichenko/starred{/owner}{/repo}",
            "subscriptions_url": "https://api.github.com/users/soksanichenko/subscriptions",
            "organizations_url": "https://api.github.com/users/soksanichenko/orgs",
            "repos_url": "https://api.github.com/users/soksanichenko/repos",
            "events_url": "https://api.github.com/users/soksanichenko/events{/privacy}",
            "received_events_url": "https://api.github.com/users/soksanichenko/received_events",
            "type": "User",
            "user_view_type": "public",
            "site_admin": false
        },
        "reactions": {
            "url": "https://api.github.com/repos/AlmaLinux/mirrors/issues/562/reactions",
            "total_count": 0,
            "+1": 0,
            "-1": 0,
            "laugh": 0,
            "hooray": 0,
            "confused": 0,
            "heart": 0,
            "rocket": 0,
            "eyes": 0
        },
        "timeline_url": "https://api.github.com/repos/AlmaLinux/mirrors/issues/562/timeline",
        "performed_via_github_app": null,
        "state_reason": "reopened"
    },
    {
        "url": "https://api.github.com/repos/AlmaLinux/mirrors/issues/369",
        "repository_url": "https://api.github.com/repos/AlmaLinux/mirrors",
        "labels_url": "https://api.github.com/repos/AlmaLinux/mirrors/issues/369/labels{/name}",
        "comments_url": "https://api.github.com/repos/AlmaLinux/mirrors/issues/369/comments",
        "events_url": "https://api.github.com/repos/AlmaLinux/mirrors/issues/369/events",
        "html_url": "https://github.com/AlmaLinux/mirrors/issues/369",
        "id": 1058622907,
        "node_id": "I_kwDOFBjKIc4_GU27",
        "number": 369,
        "title": "Alma repos are unavailable when crypto policies are FUTURE",
        "user": {
            "login": "matthewcky2k",
            "id": 17404374,
            "node_id": "MDQ6VXNlcjE3NDA0Mzc0",
            "avatar_url": "https://avatars.githubusercontent.com/u/17404374?v=4",
            "gravatar_id": "",
            "url": "https://api.github.com/users/matthewcky2k",
            "html_url": "https://github.com/matthewcky2k",
            "followers_url": "https://api.github.com/users/matthewcky2k/followers",
            "following_url": "https://api.github.com/users/matthewcky2k/following{/other_user}",
            "gists_url": "https://api.github.com/users/matthewcky2k/gists{/gist_id}",
            "starred_url": "https://api.github.com/users/matthewcky2k/starred{/owner}{/repo}",
            "subscriptions_url": "https://api.github.com/users/matthewcky2k/subscriptions",
            "organizations_url": "https://api.github.com/users/matthewcky2k/orgs",
            "repos_url": "https://api.github.com/users/matthewcky2k/repos",
            "events_url": "https://api.github.com/users/matthewcky2k/events{/privacy}",
            "received_events_url": "https://api.github.com/users/matthewcky2k/received_events",
            "type": "User",
            "user_view_type": "public",
            "site_admin": false
        },
        "labels": [],
        "state": "open",
        "locked": false,
        "assignee": {
            "login": "jonathanspw",
            "id": 8390543,
            "node_id": "MDQ6VXNlcjgzOTA1NDM=",
            "avatar_url": "https://avatars.githubusercontent.com/u/8390543?v=4",
            "gravatar_id": "",
            "url": "https://api.github.com/users/jonathanspw",
            "html_url": "https://github.com/jonathanspw",
            "followers_url": "https://api.github.com/users/jonathanspw/followers",
            "following_url": "https://api.github.com/users/jonathanspw/following{/other_user}",
            "gists_url": "https://api.github.com/users/jonathanspw/gists{/gist_id}",
            "starred_url": "https://api.github.com/users/jonathanspw/starred{/owner}{/repo}",
            "subscriptions_url": "https://api.github.com/users/jonathanspw/subscriptions",
            "organizations_url": "https://api.github.com/users/jonathanspw/orgs",
            "repos_url": "https://api.github.com/users/jonathanspw/repos",
            "events_url": "https://api.github.com/users/jonathanspw/events{/privacy}",
            "received_events_url": "https://api.github.com/users/jonathanspw/received_events",
            "type": "User",
            "user_view_type": "public",
            "site_admin": false
        },
        "assignees": [
            {
                "login": "jonathanspw",
                "id": 8390543,
                "node_id": "MDQ6VXNlcjgzOTA1NDM=",
                "avatar_url": "https://avatars.githubusercontent.com/u/8390543?v=4",
                "gravatar_id": "",
                "url": "https://api.github.com/users/jonathanspw",
                "html_url": "https://github.com/jonathanspw",
                "followers_url": "https://api.github.com/users/jonathanspw/followers",
                "following_url": "https://api.github.com/users/jonathanspw/following{/other_user}",
                "gists_url": "https://api.github.com/users/jonathanspw/gists{/gist_id}",
                "starred_url": "https://api.github.com/users/jonathanspw/starred{/owner}{/repo}",
                "subscriptions_url": "https://api.github.com/users/jonathanspw/subscriptions",
                "organizations_url": "https://api.github.com/users/jonathanspw/orgs",
                "repos_url": "https://api.github.com/users/jonathanspw/repos",
                "events_url": "https://api.github.com/users/jonathanspw/events{/privacy}",
                "received_events_url": "https://api.github.com/users/jonathanspw/received_events",
                "type": "User",
                "user_view_type": "public",
                "site_admin": false
            }
        ],
        "milestone": null,
        "comments": 13,
        "created_at": "2021-11-19T15:00:43Z",
        "updated_at": "2023-03-24T17:25:53Z",
        "closed_at": null,
        "author_association": "NONE",
        "sub_issues_summary": {
            "total": 0,
            "completed": 0,
            "percent_completed": 0
        },
        "active_lock_reason": null,
        "body": "Same issue as here https://access.redhat.com/discussions/4524081\r\nIt looks like when the crypto policy is to FUTURE we are unable to connect to the Alma Linux repos with the following error:\r\nError: Error downloading packages:\r\n  Curl error (60): Peer certificate cannot be authenticated with given CA certificates for https://mirrors.almalinux.org/mirrorlist/8/baseos [SSL certificate problem: EE certificate key too weak]",
        "closed_by": null,
        "reactions": {
            "url": "https://api.github.com/repos/AlmaLinux/mirrors/issues/369/reactions",
            "total_count": 0,
            "+1": 0,
            "-1": 0,
            "laugh": 0,
            "hooray": 0,
            "confused": 0,
            "heart": 0,
            "rocket": 0,
            "eyes": 0
        },
        "timeline_url": "https://api.github.com/repos/AlmaLinux/mirrors/issues/369/timeline",
        "performed_via_github_app": null,
        "state_reason": null
    }
]