[
    {
        "url": "https://api.github.com/repos/AlmaLinux/almalinux-infra/issues/2",
        "repository_url": "https://api.github.com/repos/AlmaLinux/almalinux-infra",
        "labels_url": "https://api.github.com/repos/AlmaLinux/almalinux-infra/issues/2/labels{/name}",
        "comments_url": "https://api.github.com/repos/AlmaLinux/almalinux-infra/issues/2/comments",
        "events_url": "https://api.github.com/repos/AlmaLinux/almalinux-infra/issues/2/events",
        "html_url": "https://github.com/AlmaLinux/almalinux-infra/issues/2",
        "id": 2638368682,
        "node_id": "I_kwDOFSyEa86dQk-q",
        "number": 2,
        "title": "Create a new VM on AWS for migration the Pungi configs generator service from old AL AWS account",
        "user": {
            "login": "soksanichenko",
            "id": 50624082,
            "node_id": "MDQ6VXNlcjUwNjI0MDgy",
            "avatar_url": "https://avatars.githubusercontent.com/u/50624082?v=4",
            "gravatar_id": "",
            "url": "https://api.github.com/users/soksanichenko",
            "html_url": "https://github.com/soksanichenko",
            "followers_url": "https://api.github.com/users/soksanichenko/followers",
            "following_url": "https://api.github.com/users/soksanichenko/following{/other_user}",
            "gists_url": "https://api.github.com/users/soksanichenko/gists{/gist_id}",
            "starred_url": "https://api.github.com/users/soksanichenko/starred{/owner}{/repo}",
            "subscriptions_url": "https://api.github.com/users/soksanichenko/subscriptions",
            "organizations_url": "https://api.github.com/users/soksanichenko/orgs",
            "repos_url": "https://api.github.com/users/soksanichenko/repos",
            "events_url": "https://api.github.com/users/soksanichenko/events{/privacy}",
            "received_events_url": "https://api.github.com/users/soksanichenko/received_events",
            "type": "User",
            "user_view_type": "public",
            "site_admin": false
        },
        "labels": [],
        "state": "open",
        "locked": false,
        "assignee": {
            "login": "codyro",
            "id": 196810,
            "node_id": "MDQ6VXNlcjE5NjgxMA==",
            "avatar_url": "https://avatars.githubusercontent.com/u/196810?v=4",
            "gravatar_id": "",
            "url": "https://api.github.com/users/codyro",
            "html_url": "https://github.com/codyro",
            "followers_url": "https://api.github.com/users/codyro/followers",
            "following_url": "https://api.github.com/users/codyro/following{/other_user}",
            "gists_url": "https://api.github.com/users/codyro/gists{/gist_id}",
            "starred_url": "https://api.github.com/users/codyro/starred{/owner}{/repo}",
            "subscriptions_url": "https://api.github.com/users/codyro/subscriptions",
            "organizations_url": "https://api.github.com/users/codyro/orgs",
            "repos_url": "https://api.github.com/users/codyro/repos",
            "events_url": "https://api.github.com/users/codyro/events{/privacy}",
            "received_events_url": "https://api.github.com/users/codyro/received_events",
            "type": "User",
            "user_view_type": "public",
            "site_admin": false
        },
        "assignees": [
            {
                "login": "codyro",
                "id": 196810,
                "node_id": "MDQ6VXNlcjE5NjgxMA==",
                "avatar_url": "https://avatars.githubusercontent.com/u/196810?v=4",
                "gravatar_id": "",
                "url": "https://api.github.com/users/codyro",
                "html_url": "https://github.com/codyro",
                "followers_url": "https://api.github.com/users/codyro/followers",
                "following_url": "https://api.github.com/users/codyro/following{/other_user}",
                "gists_url": "https://api.github.com/users/codyro/gists{/gist_id}",
                "starred_url": "https://api.github.com/users/codyro/starred{/owner}{/repo}",
                "subscriptions_url": "https://api.github.com/users/codyro/subscriptions",
                "organizations_url": "https://api.github.com/users/codyro/orgs",
                "repos_url": "https://api.github.com/users/codyro/repos",
                "events_url": "https://api.github.com/users/codyro/events{/privacy}",
                "received_events_url": "https://api.github.com/users/codyro/received_events",
                "type": "User",
                "user_view_type": "public",
                "site_admin": false
            }
        ],
        "milestone": null,
        "comments": 4,
        "created_at": "2024-11-06T15:07:47Z",
        "updated_at": "2024-11-12T22:29:34Z",
        "closed_at": null,
        "author_association": "MEMBER",
        "sub_issues_summary": {
            "total": 0,
            "completed": 0,
            "percent_completed": 0
        },
        "active_lock_reason": null,
        "body": "Requirements:\nCPU/RAM: t3.large (same as old VM)\nStorage: 25 GB\n\n1. It should be able to accept incoming requests from AL Gitea, because of web-hooks and should have static IP because of the same reason (we don't want to change an IP in web-hooks regularly)",
        "closed_by": null,
        "reactions": {
            "url": "https://api.github.com/repos/AlmaLinux/almalinux-infra/issues/2/reactions",
            "total_count": 0,
            "+1": 0,
            "-1": 0,
            "laugh": 0,
            "hooray": 0,
            "confused": 0,
            "heart": 0,
            "rocket": 0,
            "eyes": 0
        },
        "timeline_url": "https://api.github.com/repos/AlmaLinux/almalinux-infra/issues/2/timeline",
        "performed_via_github_app": null,
        "state_reason": null
    },
    {
        "url": "https://api.github.com/repos/AlmaLinux/almalinux-infra/issues/1",
        "repository_url": "https://api.github.com/repos/AlmaLinux/almalinux-infra",
        "labels_url": "https://api.github.com/repos/AlmaLinux/almalinux-infra/issues/1/labels{/name}",
        "comments_url": "https://api.github.com/repos/AlmaLinux/almalinux-infra/issues/1/comments",
        "events_url": "https://api.github.com/repos/AlmaLinux/almalinux-infra/issues/1/events",
        "html_url": "https://github.com/AlmaLinux/almalinux-infra/issues/1",
        "id": 2638361447,
        "node_id": "I_kwDOFSyEa86dQjNn",
        "number": 1,
        "title": "Create a new VM on AWS for migration the git-updater service from old AL AWS account",
        "user": {
            "login": "soksanichenko",
            "id": 50624082,
            "node_id": "MDQ6VXNlcjUwNjI0MDgy",
            "avatar_url": "https://avatars.githubusercontent.com/u/50624082?v=4",
            "gravatar_id": "",
            "url": "https://api.github.com/users/soksanichenko",
            "html_url": "https://github.com/soksanichenko",
            "followers_url": "https://api.github.com/users/soksanichenko/followers",
            "following_url": "https://api.github.com/users/soksanichenko/following{/other_user}",
            "gists_url": "https://api.github.com/users/soksanichenko/gists{/gist_id}",
            "starred_url": "https://api.github.com/users/soksanichenko/starred{/owner}{/repo}",
            "subscriptions_url": "https://api.github.com/users/soksanichenko/subscriptions",
            "organizations_url": "https://api.github.com/users/soksanichenko/orgs",
            "repos_url": "https://api.github.com/users/soksanichenko/repos",
            "events_url": "https://api.github.com/users/soksanichenko/events{/privacy}",
            "received_events_url": "https://api.github.com/users/soksanichenko/received_events",
            "type": "User",
            "user_view_type": "public",
            "site_admin": false
        },
        "labels": [],
        "state": "open",
        "locked": false,
        "assignee": {
            "login": "codyro",
            "id": 196810,
            "node_id": "MDQ6VXNlcjE5NjgxMA==",
            "avatar_url": "https://avatars.githubusercontent.com/u/196810?v=4",
            "gravatar_id": "",
            "url": "https://api.github.com/users/codyro",
            "html_url": "https://github.com/codyro",
            "followers_url": "https://api.github.com/users/codyro/followers",
            "following_url": "https://api.github.com/users/codyro/following{/other_user}",
            "gists_url": "https://api.github.com/users/codyro/gists{/gist_id}",
            "starred_url": "https://api.github.com/users/codyro/starred{/owner}{/repo}",
            "subscriptions_url": "https://api.github.com/users/codyro/subscriptions",
            "organizations_url": "https://api.github.com/users/codyro/orgs",
            "repos_url": "https://api.github.com/users/codyro/repos",
            "events_url": "https://api.github.com/users/codyro/events{/privacy}",
            "received_events_url": "https://api.github.com/users/codyro/received_events",
            "type": "User",
            "user_view_type": "public",
            "site_admin": false
        },
        "assignees": [
            {
                "login": "codyro",
                "id": 196810,
                "node_id": "MDQ6VXNlcjE5NjgxMA==",
                "avatar_url": "https://avatars.githubusercontent.com/u/196810?v=4",
                "gravatar_id": "",
                "url": "https://api.github.com/users/codyro",
                "html_url": "https://github.com/codyro",
                "followers_url": "https://api.github.com/users/codyro/followers",
                "following_url": "https://api.github.com/users/codyro/following{/other_user}",
                "gists_url": "https://api.github.com/users/codyro/gists{/gist_id}",
                "starred_url": "https://api.github.com/users/codyro/starred{/owner}{/repo}",
                "subscriptions_url": "https://api.github.com/users/codyro/subscriptions",
                "organizations_url": "https://api.github.com/users/codyro/orgs",
                "repos_url": "https://api.github.com/users/codyro/repos",
                "events_url": "https://api.github.com/users/codyro/events{/privacy}",
                "received_events_url": "https://api.github.com/users/codyro/received_events",
                "type": "User",
                "user_view_type": "public",
                "site_admin": false
            }
        ],
        "milestone": null,
        "comments": 4,
        "created_at": "2024-11-06T15:05:21Z",
        "updated_at": "2024-11-12T22:30:14Z",
        "closed_at": null,
        "author_association": "MEMBER",
        "sub_issues_summary": {
            "total": 0,
            "completed": 0,
            "percent_completed": 0
        },
        "active_lock_reason": null,
        "body": "Requirements:\nCPU/RAM: t2.medium (same as on old VM)\nStorage: 25 GB\n\n1. It should be able to accept incoming requests from AL Gitea, because of web-hooks and should have static IP because of the same reason (we don't want to change an IP in web-hooks regularly)\n2. Me and @eabdullin1 should have SSH access to that server, because we run a git updater script manually time to tim",
        "closed_by": null,
        "reactions": {
            "url": "https://api.github.com/repos/AlmaLinux/almalinux-infra/issues/1/reactions",
            "total_count": 0,
            "+1": 0,
            "-1": 0,
            "laugh": 0,
            "hooray": 0,
            "confused": 0,
            "heart": 0,
            "rocket": 0,
            "eyes": 0
        },
        "timeline_url": "https://api.github.com/repos/AlmaLinux/almalinux-infra/issues/1/timeline",
        "performed_via_github_app": null,
        "state_reason": null
    }
]