[
    {
        "url": "https://api.github.com/repos/AlmaLinux/raspberry-pi/issues/69",
        "repository_url": "https://api.github.com/repos/AlmaLinux/raspberry-pi",
        "labels_url": "https://api.github.com/repos/AlmaLinux/raspberry-pi/issues/69/labels{/name}",
        "comments_url": "https://api.github.com/repos/AlmaLinux/raspberry-pi/issues/69/comments",
        "events_url": "https://api.github.com/repos/AlmaLinux/raspberry-pi/issues/69/events",
        "html_url": "https://github.com/AlmaLinux/raspberry-pi/issues/69",
        "id": 2744396780,
        "node_id": "I_kwDOFswqls6jlCvs",
        "number": 69,
        "title": "Both Pi PoE and PoE + Hat fan control not working with the dtoverlays",
        "user": {
            "login": "sudo-kraken",
            "id": 53116754,
            "node_id": "MDQ6VXNlcjUzMTE2NzU0",
            "avatar_url": "https://avatars.githubusercontent.com/u/53116754?v=4",
            "gravatar_id": "",
            "url": "https://api.github.com/users/sudo-kraken",
            "html_url": "https://github.com/sudo-kraken",
            "followers_url": "https://api.github.com/users/sudo-kraken/followers",
            "following_url": "https://api.github.com/users/sudo-kraken/following{/other_user}",
            "gists_url": "https://api.github.com/users/sudo-kraken/gists{/gist_id}",
            "starred_url": "https://api.github.com/users/sudo-kraken/starred{/owner}{/repo}",
            "subscriptions_url": "https://api.github.com/users/sudo-kraken/subscriptions",
            "organizations_url": "https://api.github.com/users/sudo-kraken/orgs",
            "repos_url": "https://api.github.com/users/sudo-kraken/repos",
            "events_url": "https://api.github.com/users/sudo-kraken/events{/privacy}",
            "received_events_url": "https://api.github.com/users/sudo-kraken/received_events",
            "type": "User",
            "user_view_type": "public",
            "site_admin": false
        },
        "labels": [],
        "state": "open",
        "locked": false,
        "assignee": null,
        "assignees": [],
        "milestone": null,
        "comments": 4,
        "created_at": "2024-12-17T09:31:17Z",
        "updated_at": "2025-01-09T07:26:49Z",
        "closed_at": null,
        "author_association": "NONE",
        "sub_issues_summary": {
            "total": 0,
            "completed": 0,
            "percent_completed": 0
        },
        "active_lock_reason": null,
        "body": "As you can see my config.txt file includes the information to load the dtoverlay and set its parameters correctly.\r\n\r\n\r\n```\r\n╭─jphadmin at rp4-4g in ~\r\n╰─○ cat /boot/config.txt\r\n# This file is provided as a placeholder for user options\r\n# AlmaLinux - few default config options\r\n\r\n[pi4]\r\narm_boost=1\r\n\r\n[all]\r\n# enable serial console\r\nenable_uart=1\r\n\r\ndtoverlay=rpi-poe-plus\r\ndtparam=poe_fan_temp0=10000,poe_fan_temp0_hyst=1000\r\ndtparam=poe_fan_temp1=55000,poe_fan_temp1_hyst=5000\r\ndtparam=poe_fan_temp2=60000,poe_fan_temp2_hyst=5000\r\ndtparam=poe_fan_temp3=65000,poe_fan_temp3_hyst=5000\r\n```\r\nThe dtoverlay exists in the default install, I have not had to add this in.\r\n\r\n```\r\n╭─jphadmin at rp4-4g in ~\r\n╰─○ ls -l /boot/overlays/rpi-poe-plus.dtbo\r\n\r\n-rwxr-xr-x. 1 root root 4914 Dec  2 00:30 /boot/overlays/rpi-poe-plus.dtbo\r\n```\r\nThe overlay is not loaded on boot, when you try to load it in manually it fails to load. However, you can load in other modules manually just fine as shown below.\r\n\r\n```\r\n╭─jphadmin at rp4-4g in ~\r\n╰─○ sudo dtoverlay -v rpi-poe-plus\r\nDTOVERLAY[debug]: using platform 'bcm2711'\r\nDTOVERLAY[debug]: overlay map loaded\r\nrun_cmd: which dtoverlay-pre >/dev/null 2>&1 && dtoverlay-pre\r\nDTOVERLAY[debug]: loading file '/boot/overlays/rpi-poe-plus.dtbo'\r\nDTOVERLAY[debug]: fragment 7 disabled\r\nDTOVERLAY[debug]: fragment 8 disabled\r\nDTOVERLAY[debug]: merge_fragment(/fragment@6/__overlay__/poe@51,/fragment@11/__overlay__)\r\nDTOVERLAY[debug]: merge_fragment(/fragment@6/__overlay__/poe@51/rpi-poe-power-supply@f2,/fragment@11/__overlay__/rpi-poe-power-supply@f2)\r\nDTOVERLAY[debug]:   +prop(compatible)\r\nDTOVERLAY[debug]:   +prop(reg)\r\nDTOVERLAY[debug]:   +prop(status)\r\nDTOVERLAY[debug]: merge_fragment() end\r\nDTOVERLAY[debug]: merge_fragment() end\r\nDTOVERLAY[debug]: wrote 4518 bytes to '/tmp/.dtoverlays/0_rpi-poe-plus.dtbo'\r\nDTOVERLAY[debug]: wrote 4518 bytes to '/sys/kernel/config/device-tree/overlays/0_rpi-poe-plus/dtbo'\r\n* Failed to apply overlay '0_rpi-poe-plus' (kernel)\r\nrun_cmd: which dtoverlay-post >/dev/null 2>&1 && dtoverlay-post\r\n\r\n╭─jphadmin at rp4-4g in ~\r\n╰─○ sudo dtoverlay -v i2c0\r\n\r\nDTOVERLAY[debug]: using platform 'bcm2711'\r\nDTOVERLAY[debug]: overlay map loaded\r\nrun_cmd: which dtoverlay-pre >/dev/null 2>&1 && dtoverlay-pre\r\nDTOVERLAY[debug]: loading file '/boot/overlays/i2c0.dtbo'\r\nDTOVERLAY[debug]: fragment 2 disabled\r\nDTOVERLAY[debug]: fragment 3 disabled\r\nDTOVERLAY[debug]: fragment 4 disabled\r\nDTOVERLAY[debug]: fragment 5 disabled\r\nDTOVERLAY[debug]: wrote 1621 bytes to '/tmp/.dtoverlays/0_i2c0.dtbo'\r\nDTOVERLAY[debug]: wrote 1621 bytes to '/sys/kernel/config/device-tree/overlays/0_i2c0/dtbo'\r\nrun_cmd: which dtoverlay-post >/dev/null 2>&1 && dtoverlay-post\r\n\r\n╭─jphadmin at rp4-4g in ~\r\n╰─○ sudo dtoverlay -l\r\nOverlays (in load order):\r\n0:  i2c0\r\n```\r\nIf you explore the overlay file you can see it is having issues.\r\n\r\n```\r\n╭─jphadmin at rp4-4g in ~\r\n╰─○ dtc -I dtb -O dts /boot/overlays/rpi-poe-plus.dtbo > /tmp/rpi-poe-plus.dts\r\n\r\n<stdout>: Warning (reg_format): /fragment@6/__overlay__/poe@51/poe_pwm@f0:reg: property has invalid length (4 bytes) (#address-cells == 2, #size-cells == 1)\r\n<stdout>: Warning (reg_format): /fragment@11/__overlay__/rpi-poe-power-supply@f2:reg: property has invalid length (4 bytes) (#address-cells == 2, #size-cells == 1)\r\n<stdout>: Warning (unit_address_vs_reg): /fragment@7: node has a unit name, but no reg property\r\n<stdout>: Warning (unit_address_vs_reg): /fragment@8: node has a unit name, but no reg property\r\n<stdout>: Warning (unit_address_vs_reg): /__local_fixups__/fragment@11: node has a unit name, but no reg property\r\n<stdout>: Warning (pci_device_reg): Failed prerequisite 'reg_format'\r\n<stdout>: Warning (pci_device_bus_num): Failed prerequisite 'reg_format'\r\n<stdout>: Warning (simple_bus_reg): Failed prerequisite 'reg_format'\r\n<stdout>: Warning (i2c_bus_reg): Failed prerequisite 'reg_format'\r\n<stdout>: Warning (spi_bus_reg): Failed prerequisite 'reg_format'\r\n<stdout>: Warning (avoid_default_addr_size): /fragment@6/__overlay__/poe@51/poe_pwm@f0: Relying on default #address-cells value\r\n<stdout>: Warning (avoid_default_addr_size): /fragment@6/__overlay__/poe@51/poe_pwm@f0: Relying on default #size-cells value\r\n<stdout>: Warning (avoid_default_addr_size): /fragment@11/__overlay__/rpi-poe-power-supply@f2: Relying on default #address-cells value\r\n<stdout>: Warning (avoid_default_addr_size): /fragment@11/__overlay__/rpi-poe-power-supply@f2: Relying on default #size-cells value\r\n<stdout>: Warning (avoid_unnecessary_addr_size): Failed prerequisite 'avoid_default_addr_size'\r\n<stdout>: Warning (unique_unit_address): Failed prerequisite 'avoid_default_addr_size'\r\n\r\n╭─jphadmin at rp4-4g in ~\r\n╰─○ cat  /tmp/rpi-poe-plus.dts\r\n/dts-v1/;\r\n\r\n/ {\r\n        compatible = \"brcm,bcm2835\";\r\n\r\n        fragment@0 {\r\n                target-path = [2f 00];\r\n\r\n                __overlay__ {\r\n\r\n                        pwm-fan {\r\n                                compatible = \"pwm-fan\";\r\n                                cooling-levels = <0x00 0x20 0x40 0x80 0xff>;\r\n                                #cooling-cells = <0x02>;\r\n                                pwms = <0x01 0x00 0x13880 0x00>;\r\n                                phandle = <0x03>;\r\n                        };\r\n                };\r\n        };\r\n\r\n        fragment@1 {\r\n                target = <0xffffffff>;\r\n\r\n                __overlay__ {\r\n                        polling-delay = <0x7d0>;\r\n                };\r\n        };\r\n\r\n        fragment@2 {\r\n                target = <0xffffffff>;\r\n\r\n                __overlay__ {\r\n\r\n                        trip0 {\r\n                                temperature = <0x9c40>;\r\n                                hysteresis = <0x7d0>;\r\n                                type = \"active\";\r\n                                phandle = <0x02>;\r\n                        };\r\n\r\n                        trip1 {\r\n                                temperature = <0xafc8>;\r\n                                hysteresis = <0x7d0>;\r\n                                type = \"active\";\r\n                                phandle = <0x04>;\r\n                        };\r\n\r\n                        trip2 {\r\n                                temperature = <0xc350>;\r\n                                hysteresis = <0x7d0>;\r\n                                type = \"active\";\r\n                                phandle = <0x05>;\r\n                        };\r\n\r\n                        trip3 {\r\n                                temperature = <0xd6d8>;\r\n                                hysteresis = <0x1388>;\r\n                                type = \"active\";\r\n                                phandle = <0x06>;\r\n                        };\r\n                };\r\n        };\r\n\r\n        fragment@3 {\r\n                target = <0xffffffff>;\r\n\r\n                __overlay__ {\r\n\r\n                        map0 {\r\n                                trip = <0x02>;\r\n                                cooling-device = <0x03 0x00 0x01>;\r\n                        };\r\n\r\n                        map1 {\r\n                                trip = <0x04>;\r\n                                cooling-device = <0x03 0x01 0x02>;\r\n                        };\r\n\r\n                        map2 {\r\n                                trip = <0x05>;\r\n                                cooling-device = <0x03 0x02 0x03>;\r\n                        };\r\n\r\n                        map3 {\r\n                                trip = <0x06>;\r\n                                cooling-device = <0x03 0x03 0x04>;\r\n                        };\r\n                };\r\n        };\r\n\r\n        fragment@4 {\r\n                target-path = \"/__overrides__\";\r\n\r\n                __overlay__ {\r\n                        poe_fan_temp0 = [00 00 00 02 74 65 6d 70 65 72 61 74 75 72 65 3a 30 00];\r\n                        poe_fan_temp0_hyst = [00 00 00 02 68 79 73 74 65 72 65 73 69 73 3a 30 00];\r\n                        poe_fan_temp1 = [00 00 00 04 74 65 6d 70 65 72 61 74 75 72 65 3a 30 00];\r\n                        poe_fan_temp1_hyst = [00 00 00 04 68 79 73 74 65 72 65 73 69 73 3a 30 00];\r\n                        poe_fan_temp2 = [00 00 00 05 74 65 6d 70 65 72 61 74 75 72 65 3a 30 00];\r\n                        poe_fan_temp2_hyst = [00 00 00 05 68 79 73 74 65 72 65 73 69 73 3a 30 00];\r\n                        poe_fan_temp3 = [00 00 00 06 74 65 6d 70 65 72 61 74 75 72 65 3a 30 00];\r\n                        poe_fan_temp3_hyst = [00 00 00 06 68 79 73 74 65 72 65 73 69 73 3a 30 00];\r\n                        poe_fan_i2c = <0x01 0x73746174 0x75733d64 0x69736162 0x6c656400 0x07 0x73746174 0x75733d64 0x69736162 0x6c656400 0x08 0x73746174 0x75733d6f 0x6b617900 0x03 0x70776d73 0x3a303d00 0x09>;\r\n                        phandle = <0x0b>;\r\n                };\r\n        };\r\n\r\n        fragment@5 {\r\n                target = <0xffffffff>;\r\n\r\n                __overlay__ {\r\n\r\n                        pwm {\r\n                                compatible = \"raspberrypi,firmware-poe-pwm\";\r\n                                #pwm-cells = <0x02>;\r\n                                phandle = <0x01>;\r\n                        };\r\n                };\r\n        };\r\n\r\n        fragment@6 {\r\n                target = <0xffffffff>;\r\n\r\n                __overlay__ {\r\n                        #address-cells = <0x01>;\r\n                        #size-cells = <0x00>;\r\n                        phandle = <0x0a>;\r\n\r\n                        poe@51 {\r\n                                compatible = \"raspberrypi,poe-core\";\r\n                                reg = <0x51>;\r\n                                status = \"disabled\";\r\n                                phandle = <0x08>;\r\n\r\n                                poe_pwm@f0 {\r\n                                        compatible = \"raspberrypi,poe-pwm\";\r\n                                        reg = <0xf0>;\r\n                                        status = \"okay\";\r\n                                        #pwm-cells = <0x02>;\r\n                                        phandle = <0x09>;\r\n                                };\r\n                        };\r\n                };\r\n        };\r\n\r\n        fragment@7 {\r\n                target = <0xffffffff>;\r\n\r\n                __dormant__ {\r\n                        status = \"okay\";\r\n                };\r\n        };\r\n\r\n        fragment@8 {\r\n                target = <0xffffffff>;\r\n\r\n                __dormant__ {\r\n                        status = \"okay\";\r\n                };\r\n        };\r\n\r\n        __overrides__ {\r\n                poe_fan_temp0 = [00 00 00 02 74 65 6d 70 65 72 61 74 75 72 65 3a 30 00];\r\n                poe_fan_temp0_hyst = [00 00 00 02 68 79 73 74 65 72 65 73 69 73 3a 30 00];\r\n                poe_fan_temp1 = [00 00 00 04 74 65 6d 70 65 72 61 74 75 72 65 3a 30 00];\r\n                poe_fan_temp1_hyst = [00 00 00 04 68 79 73 74 65 72 65 73 69 73 3a 30 00];\r\n                poe_fan_temp2 = [00 00 00 05 74 65 6d 70 65 72 61 74 75 72 65 3a 30 00];\r\n                poe_fan_temp2_hyst = [00 00 00 05 68 79 73 74 65 72 65 73 69 73 3a 30 00];\r\n                poe_fan_temp3 = [00 00 00 06 74 65 6d 70 65 72 61 74 75 72 65 3a 30 00];\r\n                poe_fan_temp3_hyst = [00 00 00 06 68 79 73 74 65 72 65 73 69 73 3a 30 00];\r\n                i2c = [00 00 00 00 2b 35 2b 36 00 00 00 00 01 73 74 61 74 75 73 3d 64 69 73 61 62 6c 65 64 00 00 00 00 07 73 74 61 74 75 73 3d 64 69 73 61 62 6c 65 64 00 00 00 00 0a 73 74 61 74 75 73 3d 6f 6b 61 79 00 00 00 00 08 73 74 61 74 75 73 3d 6f 6b 61 79 00 00 00 00 03 70 77 6d 73 3a 30 3d 00 00 00 00 09];\r\n        };\r\n\r\n        fragment@10 {\r\n                target-path = [2f 00];\r\n\r\n                __overlay__ {\r\n\r\n                        rpi-poe-power-supply {\r\n                                compatible = \"raspberrypi,rpi-poe-power-supply\";\r\n                                firmware = <0xffffffff>;\r\n                                status = \"okay\";\r\n                                phandle = <0x07>;\r\n                        };\r\n                };\r\n        };\r\n\r\n        fragment@11 {\r\n                target = <0x08>;\r\n\r\n                __overlay__ {\r\n\r\n                        rpi-poe-power-supply@f2 {\r\n                                compatible = \"raspberrypi,rpi-poe-power-supply\";\r\n                                reg = <0xf2>;\r\n                                status = \"okay\";\r\n                        };\r\n                };\r\n        };\r\n\r\n        __symbols__ {\r\n                fan = \"/fragment@0/__overlay__/pwm-fan\";\r\n                trip0 = \"/fragment@2/__overlay__/trip0\";\r\n                trip1 = \"/fragment@2/__overlay__/trip1\";\r\n                trip2 = \"/fragment@2/__overlay__/trip2\";\r\n                trip3 = \"/fragment@2/__overlay__/trip3\";\r\n                params = \"/fragment@4/__overlay__\";\r\n                fwpwm = \"/fragment@5/__overlay__/pwm\";\r\n                i2c_bus = \"/fragment@6/__overlay__\";\r\n                poe_mfd = \"/fragment@6/__overlay__/poe@51\";\r\n                poe_mfd_pwm = \"/fragment@6/__overlay__/poe@51/poe_pwm@f0\";\r\n                rpi_poe_power_supply = \"/fragment@10/__overlay__/rpi-poe-power-supply\";\r\n        };\r\n\r\n        __fixups__ {\r\n                cpu_thermal = \"/fragment@1:target:0\";\r\n                thermal_trips = \"/fragment@2:target:0\";\r\n                cooling_maps = \"/fragment@3:target:0\";\r\n                firmware = \"/fragment@5:target:0\\0/fragment@10/__overlay__/rpi-poe-power-supply:firmware:0\";\r\n                i2c0 = \"/fragment@6:target:0\";\r\n                i2c0if = \"/fragment@7:target:0\";\r\n                i2c0mux = \"/fragment@8:target:0\";\r\n        };\r\n\r\n        __local_fixups__ {\r\n\r\n                fragment@0 {\r\n\r\n                        __overlay__ {\r\n\r\n                                pwm-fan {\r\n                                        pwms = <0x00>;\r\n                                };\r\n                        };\r\n                };\r\n\r\n                fragment@3 {\r\n\r\n                        __overlay__ {\r\n\r\n                                map0 {\r\n                                        trip = <0x00>;\r\n                                        cooling-device = <0x00>;\r\n                                };\r\n\r\n                                map1 {\r\n                                        trip = <0x00>;\r\n                                        cooling-device = <0x00>;\r\n                                };\r\n\r\n                                map2 {\r\n                                        trip = <0x00>;\r\n                                        cooling-device = <0x00>;\r\n                                };\r\n\r\n                                map3 {\r\n                                        trip = <0x00>;\r\n                                        cooling-device = <0x00>;\r\n                                };\r\n                        };\r\n                };\r\n\r\n                fragment@4 {\r\n\r\n                        __overlay__ {\r\n                                poe_fan_temp0 = <0x00>;\r\n                                poe_fan_temp0_hyst = <0x00>;\r\n                                poe_fan_temp1 = <0x00>;\r\n                                poe_fan_temp1_hyst = <0x00>;\r\n                                poe_fan_temp2 = <0x00>;\r\n                                poe_fan_temp2_hyst = <0x00>;\r\n                                poe_fan_temp3 = <0x00>;\r\n                                poe_fan_temp3_hyst = <0x00>;\r\n                                poe_fan_i2c = <0x00 0x14 0x28 0x38 0x44>;\r\n                        };\r\n                };\r\n\r\n                __overrides__ {\r\n                        poe_fan_temp0 = <0x00>;\r\n                        poe_fan_temp0_hyst = <0x00>;\r\n                        poe_fan_temp1 = <0x00>;\r\n                        poe_fan_temp1_hyst = <0x00>;\r\n                        poe_fan_temp2 = <0x00>;\r\n                        poe_fan_temp2_hyst = <0x00>;\r\n                        poe_fan_temp3 = <0x00>;\r\n                        poe_fan_temp3_hyst = <0x00>;\r\n                        i2c = <0x09 0x1d 0x31 0x41 0x51 0x5d>;\r\n                };\r\n\r\n                fragment@11 {\r\n                        target = <0x00>;\r\n                };\r\n        };\r\n};\r\n\r\n```\r\nIf you grep the loaded config params everything is set as it should be.\r\n\r\n```\r\n╭─jphadmin at rp4-4g in ~\r\n╰─○  sudo grep CONFIG_OF /boot/config-6.6.51-20241008.v8.1.el9\r\nCONFIG_OF=y\r\n# CONFIG_OF_UNITTEST is not set\r\nCONFIG_OF_FLATTREE=y\r\nCONFIG_OF_EARLY_FLATTREE=y\r\nCONFIG_OF_KOBJ=y\r\nCONFIG_OF_DYNAMIC=y\r\nCONFIG_OF_ADDRESS=y\r\nCONFIG_OF_IRQ=y\r\nCONFIG_OF_RESERVED_MEM=y\r\nCONFIG_OF_RESOLVE=y\r\nCONFIG_OF_OVERLAY=y\r\nCONFIG_OF_CONFIGFS=y\r\nCONFIG_OF_MDIO=y\r\nCONFIG_OF_GPIO=y\r\nCONFIG_OF_IOMMU=y\r\n\r\n╭─jphadmin at rp4-4g in ~\r\n╰─○ sudo grep CONFIG_OVERLAY /boot/config-6.6.51-20241008.v8.1.el9\r\nCONFIG_OVERLAY_FS=m\r\n# CONFIG_OVERLAY_FS_REDIRECT_DIR is not set\r\nCONFIG_OVERLAY_FS_REDIRECT_ALWAYS_FOLLOW=y\r\n# CONFIG_OVERLAY_FS_INDEX is not set\r\n# CONFIG_OVERLAY_FS_XINO_AUTO is not set\r\n# CONFIG_OVERLAY_FS_METACOPY is not set\r\n# CONFIG_OVERLAY_FS_DEBUG is not set\r\n```\r\n\r\nThe question is why is this not able to be loaded and is there a potential workaround for this as without it my Pi is operating constantly at around 75-80 degrees which is very problematic.",
        "closed_by": null,
        "reactions": {
            "url": "https://api.github.com/repos/AlmaLinux/raspberry-pi/issues/69/reactions",
            "total_count": 0,
            "+1": 0,
            "-1": 0,
            "laugh": 0,
            "hooray": 0,
            "confused": 0,
            "heart": 0,
            "rocket": 0,
            "eyes": 0
        },
        "timeline_url": "https://api.github.com/repos/AlmaLinux/raspberry-pi/issues/69/timeline",
        "performed_via_github_app": null,
        "state_reason": null
    },
    {
        "url": "https://api.github.com/repos/AlmaLinux/raspberry-pi/issues/65",
        "repository_url": "https://api.github.com/repos/AlmaLinux/raspberry-pi",
        "labels_url": "https://api.github.com/repos/AlmaLinux/raspberry-pi/issues/65/labels{/name}",
        "comments_url": "https://api.github.com/repos/AlmaLinux/raspberry-pi/issues/65/comments",
        "events_url": "https://api.github.com/repos/AlmaLinux/raspberry-pi/issues/65/events",
        "html_url": "https://github.com/AlmaLinux/raspberry-pi/issues/65",
        "id": 2679859106,
        "node_id": "I_kwDOFswqls6fu2ei",
        "number": 65,
        "title": "How to enable LUKS / Encryption?",
        "user": {
            "login": "Deadarius",
            "id": 1204865,
            "node_id": "MDQ6VXNlcjEyMDQ4NjU=",
            "avatar_url": "https://avatars.githubusercontent.com/u/1204865?v=4",
            "gravatar_id": "",
            "url": "https://api.github.com/users/Deadarius",
            "html_url": "https://github.com/Deadarius",
            "followers_url": "https://api.github.com/users/Deadarius/followers",
            "following_url": "https://api.github.com/users/Deadarius/following{/other_user}",
            "gists_url": "https://api.github.com/users/Deadarius/gists{/gist_id}",
            "starred_url": "https://api.github.com/users/Deadarius/starred{/owner}{/repo}",
            "subscriptions_url": "https://api.github.com/users/Deadarius/subscriptions",
            "organizations_url": "https://api.github.com/users/Deadarius/orgs",
            "repos_url": "https://api.github.com/users/Deadarius/repos",
            "events_url": "https://api.github.com/users/Deadarius/events{/privacy}",
            "received_events_url": "https://api.github.com/users/Deadarius/received_events",
            "type": "User",
            "user_view_type": "public",
            "site_admin": false
        },
        "labels": [],
        "state": "open",
        "locked": false,
        "assignee": null,
        "assignees": [],
        "milestone": null,
        "comments": 1,
        "created_at": "2024-11-21T15:12:52Z",
        "updated_at": "2024-11-25T11:03:38Z",
        "closed_at": null,
        "author_association": "NONE",
        "sub_issues_summary": {
            "total": 0,
            "completed": 0,
            "percent_completed": 0
        },
        "active_lock_reason": null,
        "body": "I have copied the contents of the image to nvme drive. As there is no installer per se, there was no option to enable LUKS on install. I do now want to enable LUKS (or whichever other way to encrypt full drive), how can I go about it? Thanks in advance.",
        "closed_by": null,
        "reactions": {
            "url": "https://api.github.com/repos/AlmaLinux/raspberry-pi/issues/65/reactions",
            "total_count": 0,
            "+1": 0,
            "-1": 0,
            "laugh": 0,
            "hooray": 0,
            "confused": 0,
            "heart": 0,
            "rocket": 0,
            "eyes": 0
        },
        "timeline_url": "https://api.github.com/repos/AlmaLinux/raspberry-pi/issues/65/timeline",
        "performed_via_github_app": null,
        "state_reason": null
    },
    {
        "url": "https://api.github.com/repos/AlmaLinux/raspberry-pi/issues/63",
        "repository_url": "https://api.github.com/repos/AlmaLinux/raspberry-pi",
        "labels_url": "https://api.github.com/repos/AlmaLinux/raspberry-pi/issues/63/labels{/name}",
        "comments_url": "https://api.github.com/repos/AlmaLinux/raspberry-pi/issues/63/comments",
        "events_url": "https://api.github.com/repos/AlmaLinux/raspberry-pi/issues/63/events",
        "html_url": "https://github.com/AlmaLinux/raspberry-pi/issues/63",
        "id": 2554365190,
        "node_id": "I_kwDOFswqls6YQIUG",
        "number": 63,
        "title": "No keyboard with compute module 4",
        "user": {
            "login": "LagunaPower",
            "id": 80133998,
            "node_id": "MDQ6VXNlcjgwMTMzOTk4",
            "avatar_url": "https://avatars.githubusercontent.com/u/80133998?v=4",
            "gravatar_id": "",
            "url": "https://api.github.com/users/LagunaPower",
            "html_url": "https://github.com/LagunaPower",
            "followers_url": "https://api.github.com/users/LagunaPower/followers",
            "following_url": "https://api.github.com/users/LagunaPower/following{/other_user}",
            "gists_url": "https://api.github.com/users/LagunaPower/gists{/gist_id}",
            "starred_url": "https://api.github.com/users/LagunaPower/starred{/owner}{/repo}",
            "subscriptions_url": "https://api.github.com/users/LagunaPower/subscriptions",
            "organizations_url": "https://api.github.com/users/LagunaPower/orgs",
            "repos_url": "https://api.github.com/users/LagunaPower/repos",
            "events_url": "https://api.github.com/users/LagunaPower/events{/privacy}",
            "received_events_url": "https://api.github.com/users/LagunaPower/received_events",
            "type": "User",
            "user_view_type": "public",
            "site_admin": false
        },
        "labels": [],
        "state": "open",
        "locked": false,
        "assignee": null,
        "assignees": [],
        "milestone": null,
        "comments": 0,
        "created_at": "2024-09-28T16:10:41Z",
        "updated_at": "2024-09-28T16:10:41Z",
        "closed_at": null,
        "author_association": "NONE",
        "sub_issues_summary": {
            "total": 0,
            "completed": 0,
            "percent_completed": 0
        },
        "active_lock_reason": null,
        "body": "I am installing the console version of AlmaLinux 8.10 on a Raspberry Pi 4 Compute Module with a dev IO board. After flashing, the keyboard is not working.",
        "closed_by": null,
        "reactions": {
            "url": "https://api.github.com/repos/AlmaLinux/raspberry-pi/issues/63/reactions",
            "total_count": 0,
            "+1": 0,
            "-1": 0,
            "laugh": 0,
            "hooray": 0,
            "confused": 0,
            "heart": 0,
            "rocket": 0,
            "eyes": 0
        },
        "timeline_url": "https://api.github.com/repos/AlmaLinux/raspberry-pi/issues/63/timeline",
        "performed_via_github_app": null,
        "state_reason": null
    },
    {
        "url": "https://api.github.com/repos/AlmaLinux/raspberry-pi/issues/62",
        "repository_url": "https://api.github.com/repos/AlmaLinux/raspberry-pi",
        "labels_url": "https://api.github.com/repos/AlmaLinux/raspberry-pi/issues/62/labels{/name}",
        "comments_url": "https://api.github.com/repos/AlmaLinux/raspberry-pi/issues/62/comments",
        "events_url": "https://api.github.com/repos/AlmaLinux/raspberry-pi/issues/62/events",
        "html_url": "https://github.com/AlmaLinux/raspberry-pi/issues/62",
        "id": 2525852469,
        "node_id": "I_kwDOFswqls6WjXM1",
        "number": 62,
        "title": "SSH issues",
        "user": {
            "login": "mikelawson68",
            "id": 181530655,
            "node_id": "U_kgDOCtHwHw",
            "avatar_url": "https://avatars.githubusercontent.com/u/181530655?v=4",
            "gravatar_id": "",
            "url": "https://api.github.com/users/mikelawson68",
            "html_url": "https://github.com/mikelawson68",
            "followers_url": "https://api.github.com/users/mikelawson68/followers",
            "following_url": "https://api.github.com/users/mikelawson68/following{/other_user}",
            "gists_url": "https://api.github.com/users/mikelawson68/gists{/gist_id}",
            "starred_url": "https://api.github.com/users/mikelawson68/starred{/owner}{/repo}",
            "subscriptions_url": "https://api.github.com/users/mikelawson68/subscriptions",
            "organizations_url": "https://api.github.com/users/mikelawson68/orgs",
            "repos_url": "https://api.github.com/users/mikelawson68/repos",
            "events_url": "https://api.github.com/users/mikelawson68/events{/privacy}",
            "received_events_url": "https://api.github.com/users/mikelawson68/received_events",
            "type": "User",
            "user_view_type": "public",
            "site_admin": false
        },
        "labels": [],
        "state": "open",
        "locked": false,
        "assignee": null,
        "assignees": [],
        "milestone": null,
        "comments": 3,
        "created_at": "2024-09-13T23:34:20Z",
        "updated_at": "2024-09-14T20:08:18Z",
        "closed_at": null,
        "author_association": "NONE",
        "sub_issues_summary": {
            "total": 0,
            "completed": 0,
            "percent_completed": 0
        },
        "active_lock_reason": null,
        "body": "Using the 9.4 image with GUI, I am struggling with SSH access to the machine. I have flashed it with Raspberry and BalenaEtcher, a couple of times, and tried every trick I know to get SSH to work but am having issues. Is there something with root on this version I dont know about? I changed root password, it tried it with the almalinux default user, made users, just not getting anywhere. Permission denied (publickey,gssapi-keyex,gssapi-with-mic). is the persistent issue even with everything set as it should be for password, root access, etc in ssh config. Another install, added test default user almalinux to wheel for admin, rebooted, checked ssh install, etc can't connect. Any guidance appreciated.\r\n",
        "closed_by": null,
        "reactions": {
            "url": "https://api.github.com/repos/AlmaLinux/raspberry-pi/issues/62/reactions",
            "total_count": 0,
            "+1": 0,
            "-1": 0,
            "laugh": 0,
            "hooray": 0,
            "confused": 0,
            "heart": 0,
            "rocket": 0,
            "eyes": 0
        },
        "timeline_url": "https://api.github.com/repos/AlmaLinux/raspberry-pi/issues/62/timeline",
        "performed_via_github_app": null,
        "state_reason": null
    },
    {
        "url": "https://api.github.com/repos/AlmaLinux/raspberry-pi/issues/51",
        "repository_url": "https://api.github.com/repos/AlmaLinux/raspberry-pi",
        "labels_url": "https://api.github.com/repos/AlmaLinux/raspberry-pi/issues/51/labels{/name}",
        "comments_url": "https://api.github.com/repos/AlmaLinux/raspberry-pi/issues/51/comments",
        "events_url": "https://api.github.com/repos/AlmaLinux/raspberry-pi/issues/51/events",
        "html_url": "https://github.com/AlmaLinux/raspberry-pi/issues/51",
        "id": 2381584057,
        "node_id": "I_kwDOFswqls6N9Ba5",
        "number": 51,
        "title": "Allo Piano 2.1 DAC hat initialization failure with raspberrypi2-kernel4 6.6.28 and 6.6.31",
        "user": {
            "login": "lightdot",
            "id": 1740360,
            "node_id": "MDQ6VXNlcjE3NDAzNjA=",
            "avatar_url": "https://avatars.githubusercontent.com/u/1740360?v=4",
            "gravatar_id": "",
            "url": "https://api.github.com/users/lightdot",
            "html_url": "https://github.com/lightdot",
            "followers_url": "https://api.github.com/users/lightdot/followers",
            "following_url": "https://api.github.com/users/lightdot/following{/other_user}",
            "gists_url": "https://api.github.com/users/lightdot/gists{/gist_id}",
            "starred_url": "https://api.github.com/users/lightdot/starred{/owner}{/repo}",
            "subscriptions_url": "https://api.github.com/users/lightdot/subscriptions",
            "organizations_url": "https://api.github.com/users/lightdot/orgs",
            "repos_url": "https://api.github.com/users/lightdot/repos",
            "events_url": "https://api.github.com/users/lightdot/events{/privacy}",
            "received_events_url": "https://api.github.com/users/lightdot/received_events",
            "type": "User",
            "user_view_type": "public",
            "site_admin": false
        },
        "labels": [],
        "state": "open",
        "locked": false,
        "assignee": null,
        "assignees": [],
        "milestone": null,
        "comments": 0,
        "created_at": "2024-06-29T08:31:27Z",
        "updated_at": "2024-06-29T08:31:27Z",
        "closed_at": null,
        "author_association": "NONE",
        "sub_issues_summary": {
            "total": 0,
            "completed": 0,
            "percent_completed": 0
        },
        "active_lock_reason": null,
        "body": "The Allo Piano 2.1 DAC hat fails to initialize using either:\r\n````\r\nraspberrypi2-kernel4-6.6.28-20240423.v8.1.el9.aarch64\r\nraspberrypi2-kernel4-6.6.31-20240529.v8.1.el9.aarch64\r\nraspberrypi2-kernel4-6.6.31-20240529.v8.2.el9.aarch64\r\n````\r\n\r\nFrom `dmesg` while running the latest:\r\n````\r\n[    6.271562] snd-allo-piano-dac-plus soc:sound: snd_soc_register_card() failed: -517\r\n````\r\n\r\nThe last to work is `raspberrypi2-kernel4-6.1.31-v8.2.el9.aarch64`.\r\n\r\nIt seems `vcdbg` and `dtoverlay` aren't available... what else can I use to gather more information?\r\n\r\nRelevant part of the `/boot/config.txt`:\r\n````\r\n## Allo Piano 2.1\r\n##  disable onboard sound card\r\ndtparam=audio=off\r\n##  enable DAC\r\ndtoverlay=allo-piano-dac-plus-pcm512x-audio\r\n````\r\n\r\nUsing RPi 4 Model B, 4 GB, with AlmaLinux 9.4, fully updated:\r\n````\r\n[user@raspberry-pi ~]# egrep -w 'Revision|Model' /proc/cpuinfo\r\nRevision        : c03114\r\nModel           : Raspberry Pi 4 Model B Rev 1.4\r\n[user@raspberry-pi ~]# cat /etc/almalinux-release \r\nAlmaLinux release 9.4 (Seafoam Ocelot)\r\n````\r\n\r\n<sub>For anyone that might find this useful, boot into an older kernel with the following added to `/boot/config.txt` (naturally, you need to have the `raspberrypi2-kernel4-6.1.31-v8.2.el9.aarch64` installed):\r\n</sub>\r\n````\r\nkernel=kernel-6.1.31-v8.2.el9.img\r\narm_64bit=1\r\n````",
        "closed_by": null,
        "reactions": {
            "url": "https://api.github.com/repos/AlmaLinux/raspberry-pi/issues/51/reactions",
            "total_count": 1,
            "+1": 0,
            "-1": 0,
            "laugh": 0,
            "hooray": 0,
            "confused": 0,
            "heart": 0,
            "rocket": 0,
            "eyes": 1
        },
        "timeline_url": "https://api.github.com/repos/AlmaLinux/raspberry-pi/issues/51/timeline",
        "performed_via_github_app": null,
        "state_reason": null
    },
    {
        "url": "https://api.github.com/repos/AlmaLinux/raspberry-pi/issues/46",
        "repository_url": "https://api.github.com/repos/AlmaLinux/raspberry-pi",
        "labels_url": "https://api.github.com/repos/AlmaLinux/raspberry-pi/issues/46/labels{/name}",
        "comments_url": "https://api.github.com/repos/AlmaLinux/raspberry-pi/issues/46/comments",
        "events_url": "https://api.github.com/repos/AlmaLinux/raspberry-pi/issues/46/events",
        "html_url": "https://github.com/AlmaLinux/raspberry-pi/issues/46",
        "id": 2346634574,
        "node_id": "I_kwDOFswqls6L3s1O",
        "number": 46,
        "title": "The repository is missing a OSI approved license",
        "user": {
            "login": "wombelix",
            "id": 16312366,
            "node_id": "MDQ6VXNlcjE2MzEyMzY2",
            "avatar_url": "https://avatars.githubusercontent.com/u/16312366?v=4",
            "gravatar_id": "",
            "url": "https://api.github.com/users/wombelix",
            "html_url": "https://github.com/wombelix",
            "followers_url": "https://api.github.com/users/wombelix/followers",
            "following_url": "https://api.github.com/users/wombelix/following{/other_user}",
            "gists_url": "https://api.github.com/users/wombelix/gists{/gist_id}",
            "starred_url": "https://api.github.com/users/wombelix/starred{/owner}{/repo}",
            "subscriptions_url": "https://api.github.com/users/wombelix/subscriptions",
            "organizations_url": "https://api.github.com/users/wombelix/orgs",
            "repos_url": "https://api.github.com/users/wombelix/repos",
            "events_url": "https://api.github.com/users/wombelix/events{/privacy}",
            "received_events_url": "https://api.github.com/users/wombelix/received_events",
            "type": "User",
            "user_view_type": "public",
            "site_admin": false
        },
        "labels": [],
        "state": "open",
        "locked": false,
        "assignee": null,
        "assignees": [],
        "milestone": null,
        "comments": 1,
        "created_at": "2024-06-11T14:49:40Z",
        "updated_at": "2024-06-12T02:36:00Z",
        "closed_at": null,
        "author_association": "NONE",
        "sub_issues_summary": {
            "total": 0,
            "completed": 0,
            "percent_completed": 0
        },
        "active_lock_reason": null,
        "body": "Nice work :)\r\n\r\nBut it looks like neither the overall repository nor individual files contain license informations.\r\nWould you mind to publish it under one? https://opensource.org/licenses\r\n\r\nThanks!",
        "closed_by": null,
        "reactions": {
            "url": "https://api.github.com/repos/AlmaLinux/raspberry-pi/issues/46/reactions",
            "total_count": 0,
            "+1": 0,
            "-1": 0,
            "laugh": 0,
            "hooray": 0,
            "confused": 0,
            "heart": 0,
            "rocket": 0,
            "eyes": 0
        },
        "timeline_url": "https://api.github.com/repos/AlmaLinux/raspberry-pi/issues/46/timeline",
        "performed_via_github_app": null,
        "state_reason": null
    }
]