[
    {
        "url": "https://api.github.com/repos/AlmaLinux/ansible-almalinux.ci/issues/1",
        "repository_url": "https://api.github.com/repos/AlmaLinux/ansible-almalinux.ci",
        "labels_url": "https://api.github.com/repos/AlmaLinux/ansible-almalinux.ci/issues/1/labels{/name}",
        "comments_url": "https://api.github.com/repos/AlmaLinux/ansible-almalinux.ci/issues/1/comments",
        "events_url": "https://api.github.com/repos/AlmaLinux/ansible-almalinux.ci/issues/1/events",
        "html_url": "https://github.com/AlmaLinux/ansible-almalinux.ci/pull/1",
        "id": 836139358,
        "node_id": "MDExOlB1bGxSZXF1ZXN0NTk2NjkxMDgw",
        "number": 1,
        "title": "add qemu_guest role",
        "user": {
            "login": "LKHN",
            "id": 10092215,
            "node_id": "MDQ6VXNlcjEwMDkyMjE1",
            "avatar_url": "https://avatars.githubusercontent.com/u/10092215?v=4",
            "gravatar_id": "",
            "url": "https://api.github.com/users/LKHN",
            "html_url": "https://github.com/LKHN",
            "followers_url": "https://api.github.com/users/LKHN/followers",
            "following_url": "https://api.github.com/users/LKHN/following{/other_user}",
            "gists_url": "https://api.github.com/users/LKHN/gists{/gist_id}",
            "starred_url": "https://api.github.com/users/LKHN/starred{/owner}{/repo}",
            "subscriptions_url": "https://api.github.com/users/LKHN/subscriptions",
            "organizations_url": "https://api.github.com/users/LKHN/orgs",
            "repos_url": "https://api.github.com/users/LKHN/repos",
            "events_url": "https://api.github.com/users/LKHN/events{/privacy}",
            "received_events_url": "https://api.github.com/users/LKHN/received_events",
            "type": "User",
            "user_view_type": "public",
            "site_admin": false
        },
        "labels": [],
        "state": "open",
        "locked": false,
        "assignee": null,
        "assignees": [],
        "milestone": null,
        "comments": 0,
        "created_at": "2021-03-19T15:48:30Z",
        "updated_at": "2021-03-19T15:48:30Z",
        "closed_at": null,
        "author_association": "MEMBER",
        "sub_issues_summary": {
            "total": 0,
            "completed": 0,
            "percent_completed": 0
        },
        "active_lock_reason": null,
        "draft": false,
        "pull_request": {
            "url": "https://api.github.com/repos/AlmaLinux/ansible-almalinux.ci/pulls/1",
            "html_url": "https://github.com/AlmaLinux/ansible-almalinux.ci/pull/1",
            "diff_url": "https://github.com/AlmaLinux/ansible-almalinux.ci/pull/1.diff",
            "patch_url": "https://github.com/AlmaLinux/ansible-almalinux.ci/pull/1.patch",
            "merged_at": null
        },
        "body": "",
        "closed_by": null,
        "reactions": {
            "url": "https://api.github.com/repos/AlmaLinux/ansible-almalinux.ci/issues/1/reactions",
            "total_count": 0,
            "+1": 0,
            "-1": 0,
            "laugh": 0,
            "hooray": 0,
            "confused": 0,
            "heart": 0,
            "rocket": 0,
            "eyes": 0
        },
        "timeline_url": "https://api.github.com/repos/AlmaLinux/ansible-almalinux.ci/issues/1/timeline",
        "performed_via_github_app": null,
        "state_reason": null
    }
]