[
    {
        "url": "https://api.github.com/repos/AlmaLinux/sig-livemedia/issues/83",
        "repository_url": "https://api.github.com/repos/AlmaLinux/sig-livemedia",
        "labels_url": "https://api.github.com/repos/AlmaLinux/sig-livemedia/issues/83/labels{/name}",
        "comments_url": "https://api.github.com/repos/AlmaLinux/sig-livemedia/issues/83/comments",
        "events_url": "https://api.github.com/repos/AlmaLinux/sig-livemedia/issues/83/events",
        "html_url": "https://github.com/AlmaLinux/sig-livemedia/pull/83",
        "id": 2823648845,
        "node_id": "PR_kwDOFyOyVs6JpgQP",
        "number": 83,
        "title": "Changes for Kitten and 10 Beta images:",
        "user": {
            "login": "yuravk",
            "id": 1556475,
            "node_id": "MDQ6VXNlcjE1NTY0NzU=",
            "avatar_url": "https://avatars.githubusercontent.com/u/1556475?v=4",
            "gravatar_id": "",
            "url": "https://api.github.com/users/yuravk",
            "html_url": "https://github.com/yuravk",
            "followers_url": "https://api.github.com/users/yuravk/followers",
            "following_url": "https://api.github.com/users/yuravk/following{/other_user}",
            "gists_url": "https://api.github.com/users/yuravk/gists{/gist_id}",
            "starred_url": "https://api.github.com/users/yuravk/starred{/owner}{/repo}",
            "subscriptions_url": "https://api.github.com/users/yuravk/subscriptions",
            "organizations_url": "https://api.github.com/users/yuravk/orgs",
            "repos_url": "https://api.github.com/users/yuravk/repos",
            "events_url": "https://api.github.com/users/yuravk/events{/privacy}",
            "received_events_url": "https://api.github.com/users/yuravk/received_events",
            "type": "User",
            "user_view_type": "public",
            "site_admin": false
        },
        "labels": [],
        "state": "open",
        "locked": false,
        "assignee": null,
        "assignees": [],
        "milestone": null,
        "comments": 0,
        "created_at": "2025-01-31T14:23:27Z",
        "updated_at": "2025-01-31T14:23:27Z",
        "closed_at": null,
        "author_association": "CONTRIBUTOR",
        "sub_issues_summary": {
            "total": 0,
            "completed": 0,
            "percent_completed": 0
        },
        "active_lock_reason": null,
        "draft": false,
        "pull_request": {
            "url": "https://api.github.com/repos/AlmaLinux/sig-livemedia/pulls/83",
            "html_url": "https://github.com/AlmaLinux/sig-livemedia/pull/83",
            "diff_url": "https://github.com/AlmaLinux/sig-livemedia/pull/83.diff",
            "patch_url": "https://github.com/AlmaLinux/sig-livemedia/pull/83.patch",
            "merged_at": null
        },
        "body": "- Install OpenVPN into GNOME, Mini, KDE; x86_64 (v3 only) and aarch64\r\n- KDE: set AlmaLinux wallpapers, replace live installer icon for the application and welcome center\r\n\r\n- Enable \"Install to Hard Drive\" functionality for Kitten 10",
        "closed_by": null,
        "reactions": {
            "url": "https://api.github.com/repos/AlmaLinux/sig-livemedia/issues/83/reactions",
            "total_count": 0,
            "+1": 0,
            "-1": 0,
            "laugh": 0,
            "hooray": 0,
            "confused": 0,
            "heart": 0,
            "rocket": 0,
            "eyes": 0
        },
        "timeline_url": "https://api.github.com/repos/AlmaLinux/sig-livemedia/issues/83/timeline",
        "performed_via_github_app": null,
        "state_reason": null
    },
    {
        "url": "https://api.github.com/repos/AlmaLinux/sig-livemedia/issues/80",
        "repository_url": "https://api.github.com/repos/AlmaLinux/sig-livemedia",
        "labels_url": "https://api.github.com/repos/AlmaLinux/sig-livemedia/issues/80/labels{/name}",
        "comments_url": "https://api.github.com/repos/AlmaLinux/sig-livemedia/issues/80/comments",
        "events_url": "https://api.github.com/repos/AlmaLinux/sig-livemedia/issues/80/events",
        "html_url": "https://github.com/AlmaLinux/sig-livemedia/issues/80",
        "id": 2710629841,
        "node_id": "I_kwDOFyOyVs6hkO3R",
        "number": 80,
        "title": "Failed to find package '' for 9.X (9.2 and 9.5 tried)",
        "user": {
            "login": "alexisfrjp",
            "id": 6713988,
            "node_id": "MDQ6VXNlcjY3MTM5ODg=",
            "avatar_url": "https://avatars.githubusercontent.com/u/6713988?v=4",
            "gravatar_id": "",
            "url": "https://api.github.com/users/alexisfrjp",
            "html_url": "https://github.com/alexisfrjp",
            "followers_url": "https://api.github.com/users/alexisfrjp/followers",
            "following_url": "https://api.github.com/users/alexisfrjp/following{/other_user}",
            "gists_url": "https://api.github.com/users/alexisfrjp/gists{/gist_id}",
            "starred_url": "https://api.github.com/users/alexisfrjp/starred{/owner}{/repo}",
            "subscriptions_url": "https://api.github.com/users/alexisfrjp/subscriptions",
            "organizations_url": "https://api.github.com/users/alexisfrjp/orgs",
            "repos_url": "https://api.github.com/users/alexisfrjp/repos",
            "events_url": "https://api.github.com/users/alexisfrjp/events{/privacy}",
            "received_events_url": "https://api.github.com/users/alexisfrjp/received_events",
            "type": "User",
            "user_view_type": "public",
            "site_admin": false
        },
        "labels": [],
        "state": "open",
        "locked": false,
        "assignee": null,
        "assignees": [],
        "milestone": null,
        "comments": 0,
        "created_at": "2024-12-02T05:57:25Z",
        "updated_at": "2024-12-02T06:04:54Z",
        "closed_at": null,
        "author_association": "NONE",
        "sub_issues_summary": {
            "total": 0,
            "completed": 0,
            "percent_completed": 0
        },
        "active_lock_reason": null,
        "body": "Hello,\r\n\r\nI try to build the livecd 9.X on almalinux 8 with the following command.\r\n\r\n```\r\nsudo livecd-creator --config kickstarts/9/x86_64/almalinux-live-gnome.ks \\\r\n               --fslabel AlmaLinux-9_5-x86_64-Live-GNOME \\\r\n               --title=\"AlmaLinux Live 9.5\" \\\r\n               --product=\"AlmaLinux Live 9.5\" \\\r\n               --cache=$PWD/pkg-cache-alma \\\r\n               --releasever=9.5\r\n```\r\n\r\nit returns an error:\r\n```\r\nUsing title 'AlmaLinux Live 9.5' and product 'AlmaLinux Live 9.5'\r\nExtending sparse file /var/tmp/imgcreate-56rxjqnd/tmp-zjf5p0xn/ext3fs.img to 10735321088\r\nLosetup add /dev/loop0 mapping to /var/tmp/imgcreate-56rxjqnd/tmp-zjf5p0xn/ext3fs.img\r\nFormating ext4 filesystem on /dev/loop0\r\nFormating args: ['mkfs.ext4', '-F', '-L', '_AlmaLinux-9_5-x', '-m', '1', '-b', '4096', '/dev/loop0']\r\nTuning filesystem on /dev/loop0\r\nMounting /dev/loop0 at /var/tmp/imgcreate-56rxjqnd/install_root\r\nLast metadata expiration check: 0:14:46 ago on Mon 02 Dec 2024 02:41:52 PM JST.\r\nDetection of Platform Module failed: No valid Platform ID detected\r\nselected group: core\r\nselected env: workstation-product-environment\r\nselected group: anaconda-tools\r\nselected group: office-suite\r\nselected group: internet-browser\r\nselected group: gnome-apps\r\nexcluding package: 'gfs2-utils'\r\nexcluding package: 'sdubby'\r\nexcluding package: 'hplip'\r\nexcluding package: 'reiserfs-utils'\r\nexcluding package: 'fcoe-utils'\r\nselected package: 'anaconda-install-env-deps'\r\nselected package: 'anaconda-live'\r\nselected package: 'iptstate'\r\nselected package: 'whois'\r\nselected package: 'aajohan-comfortaa-fonts'\r\nselected package: 'livesys-scripts'\r\nError creating Live CD : Failed to find package 'exfatprogs' : No match for argument: exfatprogs\r\nUnmounting directory /var/tmp/imgcreate-56rxjqnd/install_root\r\nLosetup remove /dev/loop0\r\n```\r\n\r\nthe error is random and changes when I run again:\r\n\r\n```\r\nUsing title 'AlmaLinux Live 9.5' and product 'AlmaLinux Live 9.5'\r\nExtending sparse file /var/tmp/imgcreate-00kwweei/tmp-6v6cib1e/ext3fs.img to 10735321088\r\nLosetup add /dev/loop0 mapping to /var/tmp/imgcreate-00kwweei/tmp-6v6cib1e/ext3fs.img\r\nFormating ext4 filesystem on /dev/loop0\r\nFormating args: ['mkfs.ext4', '-F', '-L', '_AlmaLinux-9_5-x', '-m', '1', '-b', '4096', '/dev/loop0']\r\nTuning filesystem on /dev/loop0\r\nMounting /dev/loop0 at /var/tmp/imgcreate-00kwweei/install_root\r\nLast metadata expiration check: 0:14:37 ago on Mon 02 Dec 2024 02:41:52 PM JST.\r\nDetection of Platform Module failed: No valid Platform ID detected\r\nselected group: core\r\nselected env: workstation-product-environment\r\nselected group: anaconda-tools\r\nselected group: office-suite\r\nselected group: internet-browser\r\nselected group: gnome-apps\r\nexcluding package: 'reiserfs-utils'\r\nexcluding package: 'sdubby'\r\nexcluding package: 'hplip'\r\nexcluding package: 'fcoe-utils'\r\nexcluding package: 'gfs2-utils'\r\nselected package: 'NetworkManager-openvpn-gnome'\r\nselected package: 'anaconda-live'\r\nError creating Live CD : Failed to find package 'glibc-all-langpacks' : No match for argument: glibc-all-langpacks\r\nUnmounting directory /var/tmp/imgcreate-00kwweei/install_root\r\nLosetup remove /dev/loop0\r\n```\r\n\r\nThe ultimate goal is to include the `kernel-ml` to be supported by the new cpu Intel 285k.\r\n\r\nThank you.",
        "closed_by": null,
        "reactions": {
            "url": "https://api.github.com/repos/AlmaLinux/sig-livemedia/issues/80/reactions",
            "total_count": 0,
            "+1": 0,
            "-1": 0,
            "laugh": 0,
            "hooray": 0,
            "confused": 0,
            "heart": 0,
            "rocket": 0,
            "eyes": 0
        },
        "timeline_url": "https://api.github.com/repos/AlmaLinux/sig-livemedia/issues/80/timeline",
        "performed_via_github_app": null,
        "state_reason": null
    },
    {
        "url": "https://api.github.com/repos/AlmaLinux/sig-livemedia/issues/61",
        "repository_url": "https://api.github.com/repos/AlmaLinux/sig-livemedia",
        "labels_url": "https://api.github.com/repos/AlmaLinux/sig-livemedia/issues/61/labels{/name}",
        "comments_url": "https://api.github.com/repos/AlmaLinux/sig-livemedia/issues/61/comments",
        "events_url": "https://api.github.com/repos/AlmaLinux/sig-livemedia/issues/61/events",
        "html_url": "https://github.com/AlmaLinux/sig-livemedia/issues/61",
        "id": 2089375955,
        "node_id": "I_kwDOFyOyVs58iVjT",
        "number": 61,
        "title": "livecd-creator cannot build a9 images",
        "user": {
            "login": "bmagistro",
            "id": 19505408,
            "node_id": "MDQ6VXNlcjE5NTA1NDA4",
            "avatar_url": "https://avatars.githubusercontent.com/u/19505408?v=4",
            "gravatar_id": "",
            "url": "https://api.github.com/users/bmagistro",
            "html_url": "https://github.com/bmagistro",
            "followers_url": "https://api.github.com/users/bmagistro/followers",
            "following_url": "https://api.github.com/users/bmagistro/following{/other_user}",
            "gists_url": "https://api.github.com/users/bmagistro/gists{/gist_id}",
            "starred_url": "https://api.github.com/users/bmagistro/starred{/owner}{/repo}",
            "subscriptions_url": "https://api.github.com/users/bmagistro/subscriptions",
            "organizations_url": "https://api.github.com/users/bmagistro/orgs",
            "repos_url": "https://api.github.com/users/bmagistro/repos",
            "events_url": "https://api.github.com/users/bmagistro/events{/privacy}",
            "received_events_url": "https://api.github.com/users/bmagistro/received_events",
            "type": "User",
            "user_view_type": "public",
            "site_admin": false
        },
        "labels": [],
        "state": "open",
        "locked": false,
        "assignee": null,
        "assignees": [],
        "milestone": null,
        "comments": 0,
        "created_at": "2024-01-19T01:18:25Z",
        "updated_at": "2024-01-19T01:18:25Z",
        "closed_at": null,
        "author_association": "NONE",
        "sub_issues_summary": {
            "total": 0,
            "completed": 0,
            "percent_completed": 0
        },
        "active_lock_reason": null,
        "body": "I don't know when the change occurred but the path for unicode.pf2 changed.  This has been updated in livecd-tools (not yet published as new release? -- need to verify that) but results in being unable to build an image with efi support using the docker container.  Patching the live.py file (or volume mounting it in) for the updated path resolves this issue until a combination of a livecd-tools and/or a new build container has been released.\r\n\r\nError when running with livecd-creator\r\n```\r\nMissing EFI file (/boot/efi/EFI/*/fonts/unicode.pf2)\r\nFailed to copy EFI files, no EFI Support will be included.\r\nMissing initial EFI bootloader, skipping efiboot.img creation.\r\nusage: mkefiboot [-h] [--debug] [-d] [-a] [-l LABEL] [-i ICONFILE]\r\n                 [-n DISKNAME] [-p PRODUCT]\r\n                 EFIBOOTDIR OUTPUTFILE\r\nmkefiboot: error: /var/tmp/imgcreate-hpy076tk/iso-0stup7wc/EFI/BOOT is not a directory\r\n```\r\n\r\nlivecd change\r\nhttps://github.com/livecd-tools/livecd-tools/commit/3fe2b3927e21e8a81c53baae83243100acad3b0c",
        "closed_by": null,
        "reactions": {
            "url": "https://api.github.com/repos/AlmaLinux/sig-livemedia/issues/61/reactions",
            "total_count": 0,
            "+1": 0,
            "-1": 0,
            "laugh": 0,
            "hooray": 0,
            "confused": 0,
            "heart": 0,
            "rocket": 0,
            "eyes": 0
        },
        "timeline_url": "https://api.github.com/repos/AlmaLinux/sig-livemedia/issues/61/timeline",
        "performed_via_github_app": null,
        "state_reason": null
    },
    {
        "url": "https://api.github.com/repos/AlmaLinux/sig-livemedia/issues/29",
        "repository_url": "https://api.github.com/repos/AlmaLinux/sig-livemedia",
        "labels_url": "https://api.github.com/repos/AlmaLinux/sig-livemedia/issues/29/labels{/name}",
        "comments_url": "https://api.github.com/repos/AlmaLinux/sig-livemedia/issues/29/comments",
        "events_url": "https://api.github.com/repos/AlmaLinux/sig-livemedia/issues/29/events",
        "html_url": "https://github.com/AlmaLinux/sig-livemedia/pull/29",
        "id": 1713781361,
        "node_id": "PR_kwDOFyOyVs5QtU9A",
        "number": 29,
        "title": "Add script for building live images in one swoop",
        "user": {
            "login": "m10k",
            "id": 19570637,
            "node_id": "MDQ6VXNlcjE5NTcwNjM3",
            "avatar_url": "https://avatars.githubusercontent.com/u/19570637?v=4",
            "gravatar_id": "",
            "url": "https://api.github.com/users/m10k",
            "html_url": "https://github.com/m10k",
            "followers_url": "https://api.github.com/users/m10k/followers",
            "following_url": "https://api.github.com/users/m10k/following{/other_user}",
            "gists_url": "https://api.github.com/users/m10k/gists{/gist_id}",
            "starred_url": "https://api.github.com/users/m10k/starred{/owner}{/repo}",
            "subscriptions_url": "https://api.github.com/users/m10k/subscriptions",
            "organizations_url": "https://api.github.com/users/m10k/orgs",
            "repos_url": "https://api.github.com/users/m10k/repos",
            "events_url": "https://api.github.com/users/m10k/events{/privacy}",
            "received_events_url": "https://api.github.com/users/m10k/received_events",
            "type": "User",
            "user_view_type": "public",
            "site_admin": false
        },
        "labels": [],
        "state": "open",
        "locked": false,
        "assignee": null,
        "assignees": [],
        "milestone": null,
        "comments": 2,
        "created_at": "2023-05-17T12:19:08Z",
        "updated_at": "2023-07-03T07:33:03Z",
        "closed_at": null,
        "author_association": "MEMBER",
        "sub_issues_summary": {
            "total": 0,
            "completed": 0,
            "percent_completed": 0
        },
        "active_lock_reason": null,
        "draft": false,
        "pull_request": {
            "url": "https://api.github.com/repos/AlmaLinux/sig-livemedia/pulls/29",
            "html_url": "https://github.com/AlmaLinux/sig-livemedia/pull/29",
            "diff_url": "https://github.com/AlmaLinux/sig-livemedia/pull/29.diff",
            "patch_url": "https://github.com/AlmaLinux/sig-livemedia/pull/29.patch",
            "merged_at": null
        },
        "body": "I wrote a small script to simplify live image generation. It's a little\r\nrough around the edges, but I've been using it to generate AlmaLinux 8.7\r\nand 9.2 images with Gnome and Xfce in my environment, so I was thinking\r\nother people might find it helpful, too.",
        "closed_by": null,
        "reactions": {
            "url": "https://api.github.com/repos/AlmaLinux/sig-livemedia/issues/29/reactions",
            "total_count": 0,
            "+1": 0,
            "-1": 0,
            "laugh": 0,
            "hooray": 0,
            "confused": 0,
            "heart": 0,
            "rocket": 0,
            "eyes": 0
        },
        "timeline_url": "https://api.github.com/repos/AlmaLinux/sig-livemedia/issues/29/timeline",
        "performed_via_github_app": null,
        "state_reason": null
    },
    {
        "url": "https://api.github.com/repos/AlmaLinux/sig-livemedia/issues/21",
        "repository_url": "https://api.github.com/repos/AlmaLinux/sig-livemedia",
        "labels_url": "https://api.github.com/repos/AlmaLinux/sig-livemedia/issues/21/labels{/name}",
        "comments_url": "https://api.github.com/repos/AlmaLinux/sig-livemedia/issues/21/comments",
        "events_url": "https://api.github.com/repos/AlmaLinux/sig-livemedia/issues/21/events",
        "html_url": "https://github.com/AlmaLinux/sig-livemedia/issues/21",
        "id": 1125277841,
        "node_id": "I_kwDOFyOyVs5DEmCR",
        "number": 21,
        "title": "Add build script",
        "user": {
            "login": "srbala",
            "id": 1273137,
            "node_id": "MDQ6VXNlcjEyNzMxMzc=",
            "avatar_url": "https://avatars.githubusercontent.com/u/1273137?v=4",
            "gravatar_id": "",
            "url": "https://api.github.com/users/srbala",
            "html_url": "https://github.com/srbala",
            "followers_url": "https://api.github.com/users/srbala/followers",
            "following_url": "https://api.github.com/users/srbala/following{/other_user}",
            "gists_url": "https://api.github.com/users/srbala/gists{/gist_id}",
            "starred_url": "https://api.github.com/users/srbala/starred{/owner}{/repo}",
            "subscriptions_url": "https://api.github.com/users/srbala/subscriptions",
            "organizations_url": "https://api.github.com/users/srbala/orgs",
            "repos_url": "https://api.github.com/users/srbala/repos",
            "events_url": "https://api.github.com/users/srbala/events{/privacy}",
            "received_events_url": "https://api.github.com/users/srbala/received_events",
            "type": "User",
            "user_view_type": "public",
            "site_admin": false
        },
        "labels": [
            {
                "id": 3188637913,
                "node_id": "MDU6TGFiZWwzMTg4NjM3OTEz",
                "url": "https://api.github.com/repos/AlmaLinux/sig-livemedia/labels/enhancement",
                "name": "enhancement",
                "color": "a2eeef",
                "default": true,
                "description": "New feature or request"
            }
        ],
        "state": "open",
        "locked": false,
        "assignee": {
            "login": "srbala",
            "id": 1273137,
            "node_id": "MDQ6VXNlcjEyNzMxMzc=",
            "avatar_url": "https://avatars.githubusercontent.com/u/1273137?v=4",
            "gravatar_id": "",
            "url": "https://api.github.com/users/srbala",
            "html_url": "https://github.com/srbala",
            "followers_url": "https://api.github.com/users/srbala/followers",
            "following_url": "https://api.github.com/users/srbala/following{/other_user}",
            "gists_url": "https://api.github.com/users/srbala/gists{/gist_id}",
            "starred_url": "https://api.github.com/users/srbala/starred{/owner}{/repo}",
            "subscriptions_url": "https://api.github.com/users/srbala/subscriptions",
            "organizations_url": "https://api.github.com/users/srbala/orgs",
            "repos_url": "https://api.github.com/users/srbala/repos",
            "events_url": "https://api.github.com/users/srbala/events{/privacy}",
            "received_events_url": "https://api.github.com/users/srbala/received_events",
            "type": "User",
            "user_view_type": "public",
            "site_admin": false
        },
        "assignees": [
            {
                "login": "srbala",
                "id": 1273137,
                "node_id": "MDQ6VXNlcjEyNzMxMzc=",
                "avatar_url": "https://avatars.githubusercontent.com/u/1273137?v=4",
                "gravatar_id": "",
                "url": "https://api.github.com/users/srbala",
                "html_url": "https://github.com/srbala",
                "followers_url": "https://api.github.com/users/srbala/followers",
                "following_url": "https://api.github.com/users/srbala/following{/other_user}",
                "gists_url": "https://api.github.com/users/srbala/gists{/gist_id}",
                "starred_url": "https://api.github.com/users/srbala/starred{/owner}{/repo}",
                "subscriptions_url": "https://api.github.com/users/srbala/subscriptions",
                "organizations_url": "https://api.github.com/users/srbala/orgs",
                "repos_url": "https://api.github.com/users/srbala/repos",
                "events_url": "https://api.github.com/users/srbala/events{/privacy}",
                "received_events_url": "https://api.github.com/users/srbala/received_events",
                "type": "User",
                "user_view_type": "public",
                "site_admin": false
            }
        ],
        "milestone": null,
        "comments": 0,
        "created_at": "2022-02-06T18:23:45Z",
        "updated_at": "2022-02-06T18:23:45Z",
        "closed_at": null,
        "author_association": "CONTRIBUTOR",
        "sub_issues_summary": {
            "total": 0,
            "completed": 0,
            "percent_completed": 0
        },
        "active_lock_reason": null,
        "body": "Add build script to mask complexity in steps",
        "closed_by": null,
        "reactions": {
            "url": "https://api.github.com/repos/AlmaLinux/sig-livemedia/issues/21/reactions",
            "total_count": 0,
            "+1": 0,
            "-1": 0,
            "laugh": 0,
            "hooray": 0,
            "confused": 0,
            "heart": 0,
            "rocket": 0,
            "eyes": 0
        },
        "timeline_url": "https://api.github.com/repos/AlmaLinux/sig-livemedia/issues/21/timeline",
        "performed_via_github_app": null,
        "state_reason": null
    },
    {
        "url": "https://api.github.com/repos/AlmaLinux/sig-livemedia/issues/18",
        "repository_url": "https://api.github.com/repos/AlmaLinux/sig-livemedia",
        "labels_url": "https://api.github.com/repos/AlmaLinux/sig-livemedia/issues/18/labels{/name}",
        "comments_url": "https://api.github.com/repos/AlmaLinux/sig-livemedia/issues/18/comments",
        "events_url": "https://api.github.com/repos/AlmaLinux/sig-livemedia/issues/18/events",
        "html_url": "https://github.com/AlmaLinux/sig-livemedia/issues/18",
        "id": 999898935,
        "node_id": "I_kwDOFyOyVs47mT83",
        "number": 18,
        "title": "Add steps to create custom ISOs",
        "user": {
            "login": "srbala",
            "id": 1273137,
            "node_id": "MDQ6VXNlcjEyNzMxMzc=",
            "avatar_url": "https://avatars.githubusercontent.com/u/1273137?v=4",
            "gravatar_id": "",
            "url": "https://api.github.com/users/srbala",
            "html_url": "https://github.com/srbala",
            "followers_url": "https://api.github.com/users/srbala/followers",
            "following_url": "https://api.github.com/users/srbala/following{/other_user}",
            "gists_url": "https://api.github.com/users/srbala/gists{/gist_id}",
            "starred_url": "https://api.github.com/users/srbala/starred{/owner}{/repo}",
            "subscriptions_url": "https://api.github.com/users/srbala/subscriptions",
            "organizations_url": "https://api.github.com/users/srbala/orgs",
            "repos_url": "https://api.github.com/users/srbala/repos",
            "events_url": "https://api.github.com/users/srbala/events{/privacy}",
            "received_events_url": "https://api.github.com/users/srbala/received_events",
            "type": "User",
            "user_view_type": "public",
            "site_admin": false
        },
        "labels": [],
        "state": "open",
        "locked": false,
        "assignee": null,
        "assignees": [],
        "milestone": null,
        "comments": 0,
        "created_at": "2021-09-18T03:57:55Z",
        "updated_at": "2021-09-18T03:57:55Z",
        "closed_at": null,
        "author_association": "CONTRIBUTOR",
        "sub_issues_summary": {
            "total": 0,
            "completed": 0,
            "percent_completed": 0
        },
        "active_lock_reason": null,
        "body": null,
        "closed_by": null,
        "reactions": {
            "url": "https://api.github.com/repos/AlmaLinux/sig-livemedia/issues/18/reactions",
            "total_count": 0,
            "+1": 0,
            "-1": 0,
            "laugh": 0,
            "hooray": 0,
            "confused": 0,
            "heart": 0,
            "rocket": 0,
            "eyes": 0
        },
        "timeline_url": "https://api.github.com/repos/AlmaLinux/sig-livemedia/issues/18/timeline",
        "performed_via_github_app": null,
        "state_reason": null
    }
]