[
    {
        "url": "https://api.github.com/repos/AlmaLinux/albs-sign-node/issues/167",
        "repository_url": "https://api.github.com/repos/AlmaLinux/albs-sign-node",
        "labels_url": "https://api.github.com/repos/AlmaLinux/albs-sign-node/issues/167/labels{/name}",
        "comments_url": "https://api.github.com/repos/AlmaLinux/albs-sign-node/issues/167/comments",
        "events_url": "https://api.github.com/repos/AlmaLinux/albs-sign-node/issues/167/events",
        "html_url": "https://github.com/AlmaLinux/albs-sign-node/pull/167",
        "id": 2820047481,
        "node_id": "PR_kwDOGA2oks6JdWKs",
        "number": 167,
        "title": "Bump pulpcore-client from 3.68.0 to 3.69.2",
        "user": {
            "login": "dependabot[bot]",
            "id": 49699333,
            "node_id": "MDM6Qm90NDk2OTkzMzM=",
            "avatar_url": "https://avatars.githubusercontent.com/in/29110?v=4",
            "gravatar_id": "",
            "url": "https://api.github.com/users/dependabot%5Bbot%5D",
            "html_url": "https://github.com/apps/dependabot",
            "followers_url": "https://api.github.com/users/dependabot%5Bbot%5D/followers",
            "following_url": "https://api.github.com/users/dependabot%5Bbot%5D/following{/other_user}",
            "gists_url": "https://api.github.com/users/dependabot%5Bbot%5D/gists{/gist_id}",
            "starred_url": "https://api.github.com/users/dependabot%5Bbot%5D/starred{/owner}{/repo}",
            "subscriptions_url": "https://api.github.com/users/dependabot%5Bbot%5D/subscriptions",
            "organizations_url": "https://api.github.com/users/dependabot%5Bbot%5D/orgs",
            "repos_url": "https://api.github.com/users/dependabot%5Bbot%5D/repos",
            "events_url": "https://api.github.com/users/dependabot%5Bbot%5D/events{/privacy}",
            "received_events_url": "https://api.github.com/users/dependabot%5Bbot%5D/received_events",
            "type": "Bot",
            "user_view_type": "public",
            "site_admin": false
        },
        "labels": [
            {
                "id": 5982167503,
                "node_id": "LA_kwDOGA2oks8AAAABZJChzw",
                "url": "https://api.github.com/repos/AlmaLinux/albs-sign-node/labels/dependencies",
                "name": "dependencies",
                "color": "0366d6",
                "default": false,
                "description": "Pull requests that update a dependency file"
            }
        ],
        "state": "open",
        "locked": false,
        "assignee": null,
        "assignees": [],
        "milestone": null,
        "comments": 0,
        "created_at": "2025-01-30T06:52:17Z",
        "updated_at": "2025-01-30T06:52:18Z",
        "closed_at": null,
        "author_association": "CONTRIBUTOR",
        "sub_issues_summary": {
            "total": 0,
            "completed": 0,
            "percent_completed": 0
        },
        "active_lock_reason": null,
        "draft": false,
        "pull_request": {
            "url": "https://api.github.com/repos/AlmaLinux/albs-sign-node/pulls/167",
            "html_url": "https://github.com/AlmaLinux/albs-sign-node/pull/167",
            "diff_url": "https://github.com/AlmaLinux/albs-sign-node/pull/167.diff",
            "patch_url": "https://github.com/AlmaLinux/albs-sign-node/pull/167.patch",
            "merged_at": null
        },
        "body": "Bumps pulpcore-client from 3.68.0 to 3.69.2.\n\n\n[![Dependabot compatibility score](https://dependabot-badges.githubapp.com/badges/compatibility_score?dependency-name=pulpcore-client&package-manager=pip&previous-version=3.68.0&new-version=3.69.2)](https://docs.github.com/en/github/managing-security-vulnerabilities/about-dependabot-security-updates#about-compatibility-scores)\n\nDependabot will resolve any conflicts with this PR as long as you don't alter it yourself. You can also trigger a rebase manually by commenting `@dependabot rebase`.\n\n[//]: # (dependabot-automerge-start)\n[//]: # (dependabot-automerge-end)\n\n---\n\n<details>\n<summary>Dependabot commands and options</summary>\n<br />\n\nYou can trigger Dependabot actions by commenting on this PR:\n- `@dependabot rebase` will rebase this PR\n- `@dependabot recreate` will recreate this PR, overwriting any edits that have been made to it\n- `@dependabot merge` will merge this PR after your CI passes on it\n- `@dependabot squash and merge` will squash and merge this PR after your CI passes on it\n- `@dependabot cancel merge` will cancel a previously requested merge and block automerging\n- `@dependabot reopen` will reopen this PR if it is closed\n- `@dependabot close` will close this PR and stop Dependabot recreating it. You can achieve the same result by closing it manually\n- `@dependabot show <dependency name> ignore conditions` will show all of the ignore conditions of the specified dependency\n- `@dependabot ignore this major version` will close this PR and stop Dependabot creating any more for this major version (unless you reopen the PR or upgrade to it yourself)\n- `@dependabot ignore this minor version` will close this PR and stop Dependabot creating any more for this minor version (unless you reopen the PR or upgrade to it yourself)\n- `@dependabot ignore this dependency` will close this PR and stop Dependabot creating any more for this dependency (unless you reopen the PR or upgrade to it yourself)\n\n\n</details>",
        "closed_by": null,
        "reactions": {
            "url": "https://api.github.com/repos/AlmaLinux/albs-sign-node/issues/167/reactions",
            "total_count": 0,
            "+1": 0,
            "-1": 0,
            "laugh": 0,
            "hooray": 0,
            "confused": 0,
            "heart": 0,
            "rocket": 0,
            "eyes": 0
        },
        "timeline_url": "https://api.github.com/repos/AlmaLinux/albs-sign-node/issues/167/timeline",
        "performed_via_github_app": null,
        "state_reason": null
    },
    {
        "url": "https://api.github.com/repos/AlmaLinux/albs-sign-node/issues/166",
        "repository_url": "https://api.github.com/repos/AlmaLinux/albs-sign-node",
        "labels_url": "https://api.github.com/repos/AlmaLinux/albs-sign-node/issues/166/labels{/name}",
        "comments_url": "https://api.github.com/repos/AlmaLinux/albs-sign-node/issues/166/comments",
        "events_url": "https://api.github.com/repos/AlmaLinux/albs-sign-node/issues/166/events",
        "html_url": "https://github.com/AlmaLinux/albs-sign-node/pull/166",
        "id": 2808608529,
        "node_id": "PR_kwDOGA2oks6I2oal",
        "number": 166,
        "title": "Bump pydantic from 2.9.2 to 2.10.6",
        "user": {
            "login": "dependabot[bot]",
            "id": 49699333,
            "node_id": "MDM6Qm90NDk2OTkzMzM=",
            "avatar_url": "https://avatars.githubusercontent.com/in/29110?v=4",
            "gravatar_id": "",
            "url": "https://api.github.com/users/dependabot%5Bbot%5D",
            "html_url": "https://github.com/apps/dependabot",
            "followers_url": "https://api.github.com/users/dependabot%5Bbot%5D/followers",
            "following_url": "https://api.github.com/users/dependabot%5Bbot%5D/following{/other_user}",
            "gists_url": "https://api.github.com/users/dependabot%5Bbot%5D/gists{/gist_id}",
            "starred_url": "https://api.github.com/users/dependabot%5Bbot%5D/starred{/owner}{/repo}",
            "subscriptions_url": "https://api.github.com/users/dependabot%5Bbot%5D/subscriptions",
            "organizations_url": "https://api.github.com/users/dependabot%5Bbot%5D/orgs",
            "repos_url": "https://api.github.com/users/dependabot%5Bbot%5D/repos",
            "events_url": "https://api.github.com/users/dependabot%5Bbot%5D/events{/privacy}",
            "received_events_url": "https://api.github.com/users/dependabot%5Bbot%5D/received_events",
            "type": "Bot",
            "user_view_type": "public",
            "site_admin": false
        },
        "labels": [
            {
                "id": 5982167503,
                "node_id": "LA_kwDOGA2oks8AAAABZJChzw",
                "url": "https://api.github.com/repos/AlmaLinux/albs-sign-node/labels/dependencies",
                "name": "dependencies",
                "color": "0366d6",
                "default": false,
                "description": "Pull requests that update a dependency file"
            }
        ],
        "state": "open",
        "locked": false,
        "assignee": null,
        "assignees": [],
        "milestone": null,
        "comments": 0,
        "created_at": "2025-01-24T06:25:00Z",
        "updated_at": "2025-01-24T06:25:01Z",
        "closed_at": null,
        "author_association": "CONTRIBUTOR",
        "sub_issues_summary": {
            "total": 0,
            "completed": 0,
            "percent_completed": 0
        },
        "active_lock_reason": null,
        "draft": false,
        "pull_request": {
            "url": "https://api.github.com/repos/AlmaLinux/albs-sign-node/pulls/166",
            "html_url": "https://github.com/AlmaLinux/albs-sign-node/pull/166",
            "diff_url": "https://github.com/AlmaLinux/albs-sign-node/pull/166.diff",
            "patch_url": "https://github.com/AlmaLinux/albs-sign-node/pull/166.patch",
            "merged_at": null
        },
        "body": "Bumps [pydantic](https://github.com/pydantic/pydantic) from 2.9.2 to 2.10.6.\n<details>\n<summary>Release notes</summary>\n<p><em>Sourced from <a href=\"https://github.com/pydantic/pydantic/releases\">pydantic's releases</a>.</em></p>\n<blockquote>\n<h2>v2.10.6 2025-01-23</h2>\n<h2>What's Changed</h2>\n<h3>Fixes</h3>\n<ul>\n<li>Fix JSON Schema reference collection with <code>'examples'</code> keys by <a href=\"https://github.com/Viicos\"><code>@​Viicos</code></a> in <a href=\"https://redirect.github.com/pydantic/pydantic/pull/11325\">#11325</a></li>\n<li>Fix url python serialization by <a href=\"https://github.com/sydney-runkle\"><code>@​sydney-runkle</code></a> in <a href=\"https://redirect.github.com/pydantic/pydantic/pull/11331\">#11331</a></li>\n</ul>\n<p><strong>Full Changelog</strong>: <a href=\"https://github.com/pydantic/pydantic/compare/v2.10.5...v2.10.6\">https://github.com/pydantic/pydantic/compare/v2.10.5...v2.10.6</a></p>\n<h2>v2.10.5 2024-12-18</h2>\n<h2>What's Changed</h2>\n<h3>Fixes</h3>\n<ul>\n<li>Remove custom MRO implementation of Pydantic models by <a href=\"https://github.com/Viicos\"><code>@​Viicos</code></a> in <a href=\"https://redirect.github.com/pydantic/pydantic/pull/11184\">#11184</a></li>\n<li>Fix URL serialization for unions by <a href=\"https://github.com/sydney-runkle\"><code>@​sydney-runkle</code></a> in <a href=\"https://redirect.github.com/pydantic/pydantic/pull/11233\">#11233</a></li>\n</ul>\n<p><strong>Full Changelog</strong>: <a href=\"https://github.com/pydantic/pydantic/compare/v2.10.4...v2.10.5\">https://github.com/pydantic/pydantic/compare/v2.10.4...v2.10.5</a></p>\n<h2>v2.10.4 2024-12-18</h2>\n<h2>What's Changed</h2>\n<h3>Packaging</h3>\n<ul>\n<li>Bump <code>pydantic-core</code> to v2.27.2 by <a href=\"https://github.com/davidhewitt\"><code>@​davidhewitt</code></a> in <a href=\"https://redirect.github.com/pydantic/pydantic/pull/11138\">#11138</a></li>\n</ul>\n<h3>Fixes</h3>\n<ul>\n<li>Fix for comparison of <code>AnyUrl</code> objects by <a href=\"https://github.com/alexprabhat99\"><code>@​alexprabhat99</code></a> in <a href=\"https://redirect.github.com/pydantic/pydantic/pull/11082\">#11082</a></li>\n<li>Properly fetch PEP 695 type params for functions, do not fetch annotations from signature by <a href=\"https://github.com/Viicos\"><code>@​Viicos</code></a> in <a href=\"https://redirect.github.com/pydantic/pydantic/pull/11093\">#11093</a></li>\n<li>Include JSON Schema input core schema in function schemas by <a href=\"https://github.com/Viicos\"><code>@​Viicos</code></a> in <a href=\"https://redirect.github.com/pydantic/pydantic/pull/11085\">#11085</a></li>\n<li>Add <code>len</code> to <code>_BaseUrl</code> to avoid TypeError by <a href=\"https://github.com/Kharianne\"><code>@​Kharianne</code></a> in <a href=\"https://redirect.github.com/pydantic/pydantic/pull/11111\">#11111</a></li>\n<li>Make sure the type reference is removed from the seen references by <a href=\"https://github.com/Viicos\"><code>@​Viicos</code></a> in <a href=\"https://redirect.github.com/pydantic/pydantic/pull/11143\">#11143</a></li>\n</ul>\n<h2>New Contributors</h2>\n<ul>\n<li><a href=\"https://github.com/alexprabhat99\"><code>@​alexprabhat99</code></a> made their first contribution in <a href=\"https://redirect.github.com/pydantic/pydantic/pull/11082\">#11082</a></li>\n<li><a href=\"https://github.com/Kharianne\"><code>@​Kharianne</code></a> made their first contribution in <a href=\"https://redirect.github.com/pydantic/pydantic/pull/11111\">#11111</a></li>\n</ul>\n<p><strong>Full Changelog</strong>: <a href=\"https://github.com/pydantic/pydantic/compare/v2.10.3...v2.10.4\">https://github.com/pydantic/pydantic/compare/v2.10.3...v2.10.4</a></p>\n<h2>v2.10.3 2024-12-03</h2>\n<h2>What's Changed</h2>\n<h3>Fixes</h3>\n<ul>\n<li>Set fields when <code>defer_build</code> is set on Pydantic dataclasses by <a href=\"https://github.com/Viicos\"><code>@​Viicos</code></a> in <a href=\"https://redirect.github.com/pydantic/pydantic/pull/10984\">#10984</a></li>\n<li>Do not resolve the JSON Schema reference for <code>dict</code> core schema keys by <a href=\"https://github.com/Viicos\"><code>@​Viicos</code></a> in <a href=\"https://redirect.github.com/pydantic/pydantic/pull/10989\">#10989</a></li>\n<li>Use the globals of the function when evaluating the return type for <code>PlainSerializer</code> and <code>WrapSerializer</code> functions by <a href=\"https://github.com/Viicos\"><code>@​Viicos</code></a> in <a href=\"https://redirect.github.com/pydantic/pydantic/pull/11008\">#11008</a></li>\n</ul>\n<!-- raw HTML omitted -->\n</blockquote>\n<p>... (truncated)</p>\n</details>\n<details>\n<summary>Changelog</summary>\n<p><em>Sourced from <a href=\"https://github.com/pydantic/pydantic/blob/main/HISTORY.md\">pydantic's changelog</a>.</em></p>\n<blockquote>\n<h2>v2.10.6 (2025-01-23)</h2>\n<p><a href=\"https://github.com/pydantic/pydantic/releases/tag/v2.10.6\">GitHub release</a></p>\n<h3>What's Changed</h3>\n<h4>Fixes</h4>\n<ul>\n<li>Fix JSON Schema reference collection with <code>'examples'</code> keys by <a href=\"https://github.com/Viicos\"><code>@​Viicos</code></a> in <a href=\"https://redirect.github.com/pydantic/pydantic/pull/11325\">#11325</a></li>\n<li>Fix url python serialization by <a href=\"https://github.com/sydney-runkle\"><code>@​sydney-runkle</code></a> in <a href=\"https://redirect.github.com/pydantic/pydantic/pull/11331\">#11331</a></li>\n</ul>\n<h2>v2.10.5 (2025-01-08)</h2>\n<p><a href=\"https://github.com/pydantic/pydantic/releases/tag/v2.10.5\">GitHub release</a></p>\n<h3>What's Changed</h3>\n<h4>Fixes</h4>\n<ul>\n<li>Remove custom MRO implementation of Pydantic models by <a href=\"https://github.com/Viicos\"><code>@​Viicos</code></a> in <a href=\"https://redirect.github.com/pydantic/pydantic/pull/11184\">#11184</a></li>\n<li>Fix URL serialization for unions by <a href=\"https://github.com/sydney-runkle\"><code>@​sydney-runkle</code></a> in <a href=\"https://redirect.github.com/pydantic/pydantic/pull/11233\">#11233</a></li>\n</ul>\n<h2>v2.10.4 (2024-12-18)</h2>\n<p><a href=\"https://github.com/pydantic/pydantic/releases/tag/v2.10.4\">GitHub release</a></p>\n<h3>What's Changed</h3>\n<h4>Packaging</h4>\n<ul>\n<li>Bump <code>pydantic-core</code> to v2.27.2 by <a href=\"https://github.com/davidhewitt\"><code>@​davidhewitt</code></a> in <a href=\"https://redirect.github.com/pydantic/pydantic/pull/11138\">#11138</a></li>\n</ul>\n<h4>Fixes</h4>\n<ul>\n<li>Fix for comparison of <code>AnyUrl</code> objects by <a href=\"https://github.com/alexprabhat99\"><code>@​alexprabhat99</code></a> in <a href=\"https://redirect.github.com/pydantic/pydantic/pull/11082\">#11082</a></li>\n<li>Properly fetch PEP 695 type params for functions, do not fetch annotations from signature by <a href=\"https://github.com/Viicos\"><code>@​Viicos</code></a> in <a href=\"https://redirect.github.com/pydantic/pydantic/pull/11093\">#11093</a></li>\n<li>Include JSON Schema input core schema in function schemas by <a href=\"https://github.com/Viicos\"><code>@​Viicos</code></a> in <a href=\"https://redirect.github.com/pydantic/pydantic/pull/11085\">#11085</a></li>\n<li>Add <code>len</code> to <code>_BaseUrl</code> to avoid TypeError by <a href=\"https://github.com/Kharianne\"><code>@​Kharianne</code></a> in <a href=\"https://redirect.github.com/pydantic/pydantic/pull/11111\">#11111</a></li>\n<li>Make sure the type reference is removed from the seen references by <a href=\"https://github.com/Viicos\"><code>@​Viicos</code></a> in <a href=\"https://redirect.github.com/pydantic/pydantic/pull/11143\">#11143</a></li>\n</ul>\n<h3>New Contributors</h3>\n<ul>\n<li><a href=\"https://github.com/FyZzyss\"><code>@​FyZzyss</code></a> made their first contribution in <a href=\"https://redirect.github.com/pydantic/pydantic/pull/10789\">#10789</a></li>\n<li><a href=\"https://github.com/tamird\"><code>@​tamird</code></a> made their first contribution in <a href=\"https://redirect.github.com/pydantic/pydantic/pull/10948\">#10948</a></li>\n<li><a href=\"https://github.com/felixxm\"><code>@​felixxm</code></a> made their first contribution in <a href=\"https://redirect.github.com/pydantic/pydantic/pull/11077\">#11077</a></li>\n<li><a href=\"https://github.com/alexprabhat99\"><code>@​alexprabhat99</code></a> made their first contribution in <a href=\"https://redirect.github.com/pydantic/pydantic/pull/11082\">#11082</a></li>\n<li><a href=\"https://github.com/Kharianne\"><code>@​Kharianne</code></a> made their first contribution in <a href=\"https://redirect.github.com/pydantic/pydantic/pull/11111\">#11111</a></li>\n</ul>\n<h2>v2.10.3 (2024-12-03)</h2>\n<!-- raw HTML omitted -->\n</blockquote>\n<p>... (truncated)</p>\n</details>\n<details>\n<summary>Commits</summary>\n<ul>\n<li><a href=\"https://github.com/pydantic/pydantic/commit/df05e69a8a3fb37628a0e3a33518ca0425334bc9\"><code>df05e69</code></a> Bump version to v2.10.6 (<a href=\"https://redirect.github.com/pydantic/pydantic/issues/11334\">#11334</a>)</li>\n<li><a href=\"https://github.com/pydantic/pydantic/commit/416082625aed40ce341faf4b13e366f1ef51838d\"><code>4160826</code></a> Fix url python serialization (<a href=\"https://redirect.github.com/pydantic/pydantic/issues/11331\">#11331</a>)</li>\n<li><a href=\"https://github.com/pydantic/pydantic/commit/f94e842692969168ff8ea7ecefa6815fff2883d8\"><code>f94e842</code></a> Fix JSON Schema reference collection with <code>&quot;examples&quot;</code> keys (<a href=\"https://redirect.github.com/pydantic/pydantic/issues/11325\">#11325</a>)</li>\n<li><a href=\"https://github.com/pydantic/pydantic/commit/5d34efda82895b8697649e20616aea385d769eaf\"><code>5d34efd</code></a> Prepare release v2.10.5 (<a href=\"https://redirect.github.com/pydantic/pydantic/issues/11237\">#11237</a>)</li>\n<li><a href=\"https://github.com/pydantic/pydantic/commit/6e585f925e25f91f365ae6ad6c910a667f9d78e9\"><code>6e585f9</code></a> Fix url serialization for unions (<a href=\"https://redirect.github.com/pydantic/pydantic/issues/11233\">#11233</a>)</li>\n<li><a href=\"https://github.com/pydantic/pydantic/commit/5a22e026084044acbf6f24e0760d9903be0bfa5a\"><code>5a22e02</code></a> Remove custom MRO implementation of Pydantic models (<a href=\"https://redirect.github.com/pydantic/pydantic/issues/11195\">#11195</a>)</li>\n<li><a href=\"https://github.com/pydantic/pydantic/commit/5bd3a6507b749fcd4833173fba88b3690ff77170\"><code>5bd3a65</code></a> fix history.md</li>\n<li><a href=\"https://github.com/pydantic/pydantic/commit/46f094569a071a99b313ec21b36568ceb1615635\"><code>46f0945</code></a> Prepare for v2.10.4 (<a href=\"https://redirect.github.com/pydantic/pydantic/issues/11144\">#11144</a>)</li>\n<li><a href=\"https://github.com/pydantic/pydantic/commit/ea69e695f27fc8d93934bd07b262189dd7987dd9\"><code>ea69e69</code></a> Make sure the type reference is removed from the seen references (<a href=\"https://redirect.github.com/pydantic/pydantic/issues/11145\">#11145</a>)</li>\n<li><a href=\"https://github.com/pydantic/pydantic/commit/a07c31e4a49bd3a01485ed0aabf55c5e0ac83ca7\"><code>a07c31e</code></a> Include JSON Schema input core schema in function schemas (<a href=\"https://redirect.github.com/pydantic/pydantic/issues/11142\">#11142</a>)</li>\n<li>Additional commits viewable in <a href=\"https://github.com/pydantic/pydantic/compare/v2.9.2...v2.10.6\">compare view</a></li>\n</ul>\n</details>\n<br />\n\n\n[![Dependabot compatibility score](https://dependabot-badges.githubapp.com/badges/compatibility_score?dependency-name=pydantic&package-manager=pip&previous-version=2.9.2&new-version=2.10.6)](https://docs.github.com/en/github/managing-security-vulnerabilities/about-dependabot-security-updates#about-compatibility-scores)\n\nDependabot will resolve any conflicts with this PR as long as you don't alter it yourself. You can also trigger a rebase manually by commenting `@dependabot rebase`.\n\n[//]: # (dependabot-automerge-start)\n[//]: # (dependabot-automerge-end)\n\n---\n\n<details>\n<summary>Dependabot commands and options</summary>\n<br />\n\nYou can trigger Dependabot actions by commenting on this PR:\n- `@dependabot rebase` will rebase this PR\n- `@dependabot recreate` will recreate this PR, overwriting any edits that have been made to it\n- `@dependabot merge` will merge this PR after your CI passes on it\n- `@dependabot squash and merge` will squash and merge this PR after your CI passes on it\n- `@dependabot cancel merge` will cancel a previously requested merge and block automerging\n- `@dependabot reopen` will reopen this PR if it is closed\n- `@dependabot close` will close this PR and stop Dependabot recreating it. You can achieve the same result by closing it manually\n- `@dependabot show <dependency name> ignore conditions` will show all of the ignore conditions of the specified dependency\n- `@dependabot ignore this major version` will close this PR and stop Dependabot creating any more for this major version (unless you reopen the PR or upgrade to it yourself)\n- `@dependabot ignore this minor version` will close this PR and stop Dependabot creating any more for this minor version (unless you reopen the PR or upgrade to it yourself)\n- `@dependabot ignore this dependency` will close this PR and stop Dependabot creating any more for this dependency (unless you reopen the PR or upgrade to it yourself)\n\n\n</details>",
        "closed_by": null,
        "reactions": {
            "url": "https://api.github.com/repos/AlmaLinux/albs-sign-node/issues/166/reactions",
            "total_count": 0,
            "+1": 0,
            "-1": 0,
            "laugh": 0,
            "hooray": 0,
            "confused": 0,
            "heart": 0,
            "rocket": 0,
            "eyes": 0
        },
        "timeline_url": "https://api.github.com/repos/AlmaLinux/albs-sign-node/issues/166/timeline",
        "performed_via_github_app": null,
        "state_reason": null
    },
    {
        "url": "https://api.github.com/repos/AlmaLinux/albs-sign-node/issues/164",
        "repository_url": "https://api.github.com/repos/AlmaLinux/albs-sign-node",
        "labels_url": "https://api.github.com/repos/AlmaLinux/albs-sign-node/issues/164/labels{/name}",
        "comments_url": "https://api.github.com/repos/AlmaLinux/albs-sign-node/issues/164/comments",
        "events_url": "https://api.github.com/repos/AlmaLinux/albs-sign-node/issues/164/events",
        "html_url": "https://github.com/AlmaLinux/albs-sign-node/pull/164",
        "id": 2788971303,
        "node_id": "PR_kwDOGA2oks6HzbtC",
        "number": 164,
        "title": "Bump sentry-sdk from 2.18.0 to 2.20.0",
        "user": {
            "login": "dependabot[bot]",
            "id": 49699333,
            "node_id": "MDM6Qm90NDk2OTkzMzM=",
            "avatar_url": "https://avatars.githubusercontent.com/in/29110?v=4",
            "gravatar_id": "",
            "url": "https://api.github.com/users/dependabot%5Bbot%5D",
            "html_url": "https://github.com/apps/dependabot",
            "followers_url": "https://api.github.com/users/dependabot%5Bbot%5D/followers",
            "following_url": "https://api.github.com/users/dependabot%5Bbot%5D/following{/other_user}",
            "gists_url": "https://api.github.com/users/dependabot%5Bbot%5D/gists{/gist_id}",
            "starred_url": "https://api.github.com/users/dependabot%5Bbot%5D/starred{/owner}{/repo}",
            "subscriptions_url": "https://api.github.com/users/dependabot%5Bbot%5D/subscriptions",
            "organizations_url": "https://api.github.com/users/dependabot%5Bbot%5D/orgs",
            "repos_url": "https://api.github.com/users/dependabot%5Bbot%5D/repos",
            "events_url": "https://api.github.com/users/dependabot%5Bbot%5D/events{/privacy}",
            "received_events_url": "https://api.github.com/users/dependabot%5Bbot%5D/received_events",
            "type": "Bot",
            "user_view_type": "public",
            "site_admin": false
        },
        "labels": [
            {
                "id": 5982167503,
                "node_id": "LA_kwDOGA2oks8AAAABZJChzw",
                "url": "https://api.github.com/repos/AlmaLinux/albs-sign-node/labels/dependencies",
                "name": "dependencies",
                "color": "0366d6",
                "default": false,
                "description": "Pull requests that update a dependency file"
            }
        ],
        "state": "open",
        "locked": false,
        "assignee": null,
        "assignees": [],
        "milestone": null,
        "comments": 0,
        "created_at": "2025-01-15T06:45:18Z",
        "updated_at": "2025-01-15T06:45:19Z",
        "closed_at": null,
        "author_association": "CONTRIBUTOR",
        "sub_issues_summary": {
            "total": 0,
            "completed": 0,
            "percent_completed": 0
        },
        "active_lock_reason": null,
        "draft": false,
        "pull_request": {
            "url": "https://api.github.com/repos/AlmaLinux/albs-sign-node/pulls/164",
            "html_url": "https://github.com/AlmaLinux/albs-sign-node/pull/164",
            "diff_url": "https://github.com/AlmaLinux/albs-sign-node/pull/164.diff",
            "patch_url": "https://github.com/AlmaLinux/albs-sign-node/pull/164.patch",
            "merged_at": null
        },
        "body": "Bumps [sentry-sdk](https://github.com/getsentry/sentry-python) from 2.18.0 to 2.20.0.\n<details>\n<summary>Release notes</summary>\n<p><em>Sourced from <a href=\"https://github.com/getsentry/sentry-python/releases\">sentry-sdk's releases</a>.</em></p>\n<blockquote>\n<h2>2.20.0</h2>\n<ul>\n<li>\n<p><strong>New integration:</strong> Add <a href=\"https://typer.tiangolo.com/\">Typer</a> integration (<a href=\"https://redirect.github.com/getsentry/sentry-python/issues/3869\">#3869</a>) by <a href=\"https://github.com/patrick91\"><code>@​patrick91</code></a></p>\n<p>For more information, see the documentation for the <a href=\"https://docs.sentry.io/platforms/python/integrations/typer/\">TyperIntegration</a>.</p>\n</li>\n<li>\n<p><strong>New integration:</strong> Add <a href=\"https://www.getunleash.io/\">Unleash</a> feature flagging integration (<a href=\"https://redirect.github.com/getsentry/sentry-python/issues/3888\">#3888</a>) by <a href=\"https://github.com/aliu39\"><code>@​aliu39</code></a></p>\n<p>For more information, see the documentation for the <a href=\"https://docs.sentry.io/platforms/python/integrations/unleash/\">UnleashIntegration</a>.</p>\n</li>\n<li>\n<p>Add custom tracking of feature flag evaluations (<a href=\"https://redirect.github.com/getsentry/sentry-python/issues/3860\">#3860</a>) by <a href=\"https://github.com/aliu39\"><code>@​aliu39</code></a></p>\n</li>\n<li>\n<p>Feature Flags: Register LD hook in setup instead of init, and don't check for initialization (<a href=\"https://redirect.github.com/getsentry/sentry-python/issues/3890\">#3890</a>) by <a href=\"https://github.com/aliu39\"><code>@​aliu39</code></a></p>\n</li>\n<li>\n<p>Feature Flags: Moved adding of <code>flags</code> context into Scope (<a href=\"https://redirect.github.com/getsentry/sentry-python/issues/3917\">#3917</a>) by <a href=\"https://github.com/antonpirker\"><code>@​antonpirker</code></a></p>\n</li>\n<li>\n<p>Create a separate group for feature flag test suites (<a href=\"https://redirect.github.com/getsentry/sentry-python/issues/3911\">#3911</a>) by <a href=\"https://github.com/sentrivana\"><code>@​sentrivana</code></a></p>\n</li>\n<li>\n<p>Fix flaky LaunchDarkly tests (<a href=\"https://redirect.github.com/getsentry/sentry-python/issues/3896\">#3896</a>) by <a href=\"https://github.com/aliu39\"><code>@​aliu39</code></a></p>\n</li>\n<li>\n<p>Fix LRU cache copying (<a href=\"https://redirect.github.com/getsentry/sentry-python/issues/3883\">#3883</a>) by <a href=\"https://github.com/ffelixg\"><code>@​ffelixg</code></a></p>\n</li>\n<li>\n<p>Fix cache pollution from mutable reference (<a href=\"https://redirect.github.com/getsentry/sentry-python/issues/3887\">#3887</a>) by <a href=\"https://github.com/cmanallen\"><code>@​cmanallen</code></a></p>\n</li>\n<li>\n<p>Centralize minimum version checking (<a href=\"https://redirect.github.com/getsentry/sentry-python/issues/3910\">#3910</a>) by <a href=\"https://github.com/sentrivana\"><code>@​sentrivana</code></a></p>\n</li>\n<li>\n<p>Support SparkIntegration activation after SparkContext created (<a href=\"https://redirect.github.com/getsentry/sentry-python/issues/3411\">#3411</a>) by <a href=\"https://github.com/seyoon-lim\"><code>@​seyoon-lim</code></a></p>\n</li>\n<li>\n<p>Preserve ARQ enqueue_job <strong>kwdefaults</strong> after patching (<a href=\"https://redirect.github.com/getsentry/sentry-python/issues/3903\">#3903</a>) by <a href=\"https://github.com/danmr\"><code>@​danmr</code></a></p>\n</li>\n<li>\n<p>Add Github workflow to comment on issues when a fix was released (<a href=\"https://redirect.github.com/getsentry/sentry-python/issues/3866\">#3866</a>) by <a href=\"https://github.com/antonpirker\"><code>@​antonpirker</code></a></p>\n</li>\n<li>\n<p>Update test matrix for Sanic (<a href=\"https://redirect.github.com/getsentry/sentry-python/issues/3904\">#3904</a>) by <a href=\"https://github.com/antonpirker\"><code>@​antonpirker</code></a></p>\n</li>\n<li>\n<p>Rename scripts (<a href=\"https://redirect.github.com/getsentry/sentry-python/issues/3885\">#3885</a>) by <a href=\"https://github.com/sentrivana\"><code>@​sentrivana</code></a></p>\n</li>\n<li>\n<p>Fix CI (<a href=\"https://redirect.github.com/getsentry/sentry-python/issues/3878\">#3878</a>) by <a href=\"https://github.com/sentrivana\"><code>@​sentrivana</code></a></p>\n</li>\n<li>\n<p>Treat <code>potel-base</code> as release branch in CI (<a href=\"https://redirect.github.com/getsentry/sentry-python/issues/3912\">#3912</a>) by <a href=\"https://github.com/sentrivana\"><code>@​sentrivana</code></a></p>\n</li>\n<li>\n<p>build(deps): bump actions/create-github-app-token from 1.11.0 to 1.11.1 (<a href=\"https://redirect.github.com/getsentry/sentry-python/issues/3893\">#3893</a>) by <a href=\"https://github.com/dependabot\"><code>@​dependabot</code></a></p>\n</li>\n<li>\n<p>build(deps): bump codecov/codecov-action from 5.0.7 to 5.1.1 (<a href=\"https://redirect.github.com/getsentry/sentry-python/issues/3867\">#3867</a>) by <a href=\"https://github.com/dependabot\"><code>@​dependabot</code></a></p>\n</li>\n<li>\n<p>build(deps): bump codecov/codecov-action from 5.1.1 to 5.1.2 (<a href=\"https://redirect.github.com/getsentry/sentry-python/issues/3892\">#3892</a>) by <a href=\"https://github.com/dependabot\"><code>@​dependabot</code></a></p>\n</li>\n</ul>\n<h2>2.19.2</h2>\n<h3>Various fixes &amp; improvements</h3>\n<ul>\n<li>Deepcopy and ensure get_all function always terminates (<a href=\"https://redirect.github.com/getsentry/sentry-python/issues/3861\">#3861</a>) by <a href=\"https://github.com/cmanallen\"><code>@​cmanallen</code></a></li>\n<li>Cleanup chalice test environment (<a href=\"https://redirect.github.com/getsentry/sentry-python/issues/3858\">#3858</a>) by <a href=\"https://github.com/antonpirker\"><code>@​antonpirker</code></a></li>\n</ul>\n<h2>2.19.1</h2>\n<h3>Various fixes &amp; improvements</h3>\n<ul>\n<li>Fix errors when instrumenting Django cache (<a href=\"https://redirect.github.com/getsentry/sentry-python/issues/3855\">#3855</a>) by <a href=\"https://github.com/BYK\"><code>@​BYK</code></a></li>\n<li>Copy <code>scope.client</code> reference as well (<a href=\"https://redirect.github.com/getsentry/sentry-python/issues/3857\">#3857</a>) by <a href=\"https://github.com/sl0thentr0py\"><code>@​sl0thentr0py</code></a></li>\n<li>Don't give up on Spotlight on 3 errors (<a href=\"https://redirect.github.com/getsentry/sentry-python/issues/3856\">#3856</a>) by <a href=\"https://github.com/BYK\"><code>@​BYK</code></a></li>\n<li>Add missing stack frames (<a href=\"https://redirect.github.com/getsentry/sentry-python/issues/3673\">#3673</a>) by <a href=\"https://github.com/antonpirker\"><code>@​antonpirker</code></a></li>\n<li>Fix wrong metadata type in async gRPC interceptor (<a href=\"https://redirect.github.com/getsentry/sentry-python/issues/3205\">#3205</a>) by <a href=\"https://github.com/fdellekart\"><code>@​fdellekart</code></a></li>\n<li>Rename launch darkly hook to match JS SDK (<a href=\"https://redirect.github.com/getsentry/sentry-python/issues/3743\">#3743</a>) by <a href=\"https://github.com/aliu39\"><code>@​aliu39</code></a></li>\n<li>Script for checking if our instrumented libs are Python 3.13 compatible (<a href=\"https://redirect.github.com/getsentry/sentry-python/issues/3425\">#3425</a>) by <a href=\"https://github.com/antonpirker\"><code>@​antonpirker</code></a></li>\n<li>Improve Ray tests (<a href=\"https://redirect.github.com/getsentry/sentry-python/issues/3846\">#3846</a>) by <a href=\"https://github.com/antonpirker\"><code>@​antonpirker</code></a></li>\n<li>Test with Celery <code>5.5.0rc3</code> (<a href=\"https://redirect.github.com/getsentry/sentry-python/issues/3842\">#3842</a>) by <a href=\"https://github.com/sentrivana\"><code>@​sentrivana</code></a></li>\n<li>Fix asyncio testing setup (<a href=\"https://redirect.github.com/getsentry/sentry-python/issues/3832\">#3832</a>) by <a href=\"https://github.com/sl0thentr0py\"><code>@​sl0thentr0py</code></a></li>\n<li>Bump <code>codecov/codecov-action</code> from <code>5.0.2</code> to <code>5.0.7</code> (<a href=\"https://redirect.github.com/getsentry/sentry-python/issues/3821\">#3821</a>) by <a href=\"https://github.com/dependabot\"><code>@​dependabot</code></a></li>\n<li>Fix CI (<a href=\"https://redirect.github.com/getsentry/sentry-python/issues/3834\">#3834</a>) by <a href=\"https://github.com/sentrivana\"><code>@​sentrivana</code></a></li>\n<li>Use new ClickHouse GH action (<a href=\"https://redirect.github.com/getsentry/sentry-python/issues/3826\">#3826</a>) by <a href=\"https://github.com/antonpirker\"><code>@​antonpirker</code></a></li>\n</ul>\n<!-- raw HTML omitted -->\n</blockquote>\n<p>... (truncated)</p>\n</details>\n<details>\n<summary>Changelog</summary>\n<p><em>Sourced from <a href=\"https://github.com/getsentry/sentry-python/blob/master/CHANGELOG.md\">sentry-sdk's changelog</a>.</em></p>\n<blockquote>\n<h2>2.20.0</h2>\n<ul>\n<li>\n<p><strong>New integration:</strong> Add <a href=\"https://typer.tiangolo.com/\">Typer</a> integration (<a href=\"https://redirect.github.com/getsentry/sentry-python/issues/3869\">#3869</a>) by <a href=\"https://github.com/patrick91\"><code>@​patrick91</code></a></p>\n<p>For more information, see the documentation for the <a href=\"https://docs.sentry.io/platforms/python/integrations/typer/\">TyperIntegration</a>.</p>\n</li>\n<li>\n<p><strong>New integration:</strong> Add <a href=\"https://www.getunleash.io/\">Unleash</a> feature flagging integration (<a href=\"https://redirect.github.com/getsentry/sentry-python/issues/3888\">#3888</a>) by <a href=\"https://github.com/aliu39\"><code>@​aliu39</code></a></p>\n<p>For more information, see the documentation for the <a href=\"https://docs.sentry.io/platforms/python/integrations/unleash/\">UnleashIntegration</a>.</p>\n</li>\n<li>\n<p>Add custom tracking of feature flag evaluations (<a href=\"https://redirect.github.com/getsentry/sentry-python/issues/3860\">#3860</a>) by <a href=\"https://github.com/aliu39\"><code>@​aliu39</code></a></p>\n</li>\n<li>\n<p>Feature Flags: Register LD hook in setup instead of init, and don't check for initialization (<a href=\"https://redirect.github.com/getsentry/sentry-python/issues/3890\">#3890</a>) by <a href=\"https://github.com/aliu39\"><code>@​aliu39</code></a></p>\n</li>\n<li>\n<p>Feature Flags: Moved adding of <code>flags</code> context into Scope (<a href=\"https://redirect.github.com/getsentry/sentry-python/issues/3917\">#3917</a>) by <a href=\"https://github.com/antonpirker\"><code>@​antonpirker</code></a></p>\n</li>\n<li>\n<p>Create a separate group for feature flag test suites (<a href=\"https://redirect.github.com/getsentry/sentry-python/issues/3911\">#3911</a>) by <a href=\"https://github.com/sentrivana\"><code>@​sentrivana</code></a></p>\n</li>\n<li>\n<p>Fix flaky LaunchDarkly tests (<a href=\"https://redirect.github.com/getsentry/sentry-python/issues/3896\">#3896</a>) by <a href=\"https://github.com/aliu39\"><code>@​aliu39</code></a></p>\n</li>\n<li>\n<p>Fix LRU cache copying (<a href=\"https://redirect.github.com/getsentry/sentry-python/issues/3883\">#3883</a>) by <a href=\"https://github.com/ffelixg\"><code>@​ffelixg</code></a></p>\n</li>\n<li>\n<p>Fix cache pollution from mutable reference (<a href=\"https://redirect.github.com/getsentry/sentry-python/issues/3887\">#3887</a>) by <a href=\"https://github.com/cmanallen\"><code>@​cmanallen</code></a></p>\n</li>\n<li>\n<p>Centralize minimum version checking (<a href=\"https://redirect.github.com/getsentry/sentry-python/issues/3910\">#3910</a>) by <a href=\"https://github.com/sentrivana\"><code>@​sentrivana</code></a></p>\n</li>\n<li>\n<p>Support SparkIntegration activation after SparkContext created (<a href=\"https://redirect.github.com/getsentry/sentry-python/issues/3411\">#3411</a>) by <a href=\"https://github.com/seyoon-lim\"><code>@​seyoon-lim</code></a></p>\n</li>\n<li>\n<p>Preserve ARQ enqueue_job <strong>kwdefaults</strong> after patching (<a href=\"https://redirect.github.com/getsentry/sentry-python/issues/3903\">#3903</a>) by <a href=\"https://github.com/danmr\"><code>@​danmr</code></a></p>\n</li>\n<li>\n<p>Add Github workflow to comment on issues when a fix was released (<a href=\"https://redirect.github.com/getsentry/sentry-python/issues/3866\">#3866</a>) by <a href=\"https://github.com/antonpirker\"><code>@​antonpirker</code></a></p>\n</li>\n<li>\n<p>Update test matrix for Sanic (<a href=\"https://redirect.github.com/getsentry/sentry-python/issues/3904\">#3904</a>) by <a href=\"https://github.com/antonpirker\"><code>@​antonpirker</code></a></p>\n</li>\n<li>\n<p>Rename scripts (<a href=\"https://redirect.github.com/getsentry/sentry-python/issues/3885\">#3885</a>) by <a href=\"https://github.com/sentrivana\"><code>@​sentrivana</code></a></p>\n</li>\n<li>\n<p>Fix CI (<a href=\"https://redirect.github.com/getsentry/sentry-python/issues/3878\">#3878</a>) by <a href=\"https://github.com/sentrivana\"><code>@​sentrivana</code></a></p>\n</li>\n<li>\n<p>Treat <code>potel-base</code> as release branch in CI (<a href=\"https://redirect.github.com/getsentry/sentry-python/issues/3912\">#3912</a>) by <a href=\"https://github.com/sentrivana\"><code>@​sentrivana</code></a></p>\n</li>\n<li>\n<p>build(deps): bump actions/create-github-app-token from 1.11.0 to 1.11.1 (<a href=\"https://redirect.github.com/getsentry/sentry-python/issues/3893\">#3893</a>) by <a href=\"https://github.com/dependabot\"><code>@​dependabot</code></a></p>\n</li>\n<li>\n<p>build(deps): bump codecov/codecov-action from 5.0.7 to 5.1.1 (<a href=\"https://redirect.github.com/getsentry/sentry-python/issues/3867\">#3867</a>) by <a href=\"https://github.com/dependabot\"><code>@​dependabot</code></a></p>\n</li>\n<li>\n<p>build(deps): bump codecov/codecov-action from 5.1.1 to 5.1.2 (<a href=\"https://redirect.github.com/getsentry/sentry-python/issues/3892\">#3892</a>) by <a href=\"https://github.com/dependabot\"><code>@​dependabot</code></a></p>\n</li>\n</ul>\n<h2>2.19.2</h2>\n<h3>Various fixes &amp; improvements</h3>\n<ul>\n<li>Deepcopy and ensure get_all function always terminates (<a href=\"https://redirect.github.com/getsentry/sentry-python/issues/3861\">#3861</a>) by <a href=\"https://github.com/cmanallen\"><code>@​cmanallen</code></a></li>\n<li>Cleanup chalice test environment (<a href=\"https://redirect.github.com/getsentry/sentry-python/issues/3858\">#3858</a>) by <a href=\"https://github.com/antonpirker\"><code>@​antonpirker</code></a></li>\n</ul>\n<h2>2.19.1</h2>\n<h3>Various fixes &amp; improvements</h3>\n<ul>\n<li>Fix errors when instrumenting Django cache (<a href=\"https://redirect.github.com/getsentry/sentry-python/issues/3855\">#3855</a>) by <a href=\"https://github.com/BYK\"><code>@​BYK</code></a></li>\n<li>Copy <code>scope.client</code> reference as well (<a href=\"https://redirect.github.com/getsentry/sentry-python/issues/3857\">#3857</a>) by <a href=\"https://github.com/sl0thentr0py\"><code>@​sl0thentr0py</code></a></li>\n<li>Don't give up on Spotlight on 3 errors (<a href=\"https://redirect.github.com/getsentry/sentry-python/issues/3856\">#3856</a>) by <a href=\"https://github.com/BYK\"><code>@​BYK</code></a></li>\n<li>Add missing stack frames (<a href=\"https://redirect.github.com/getsentry/sentry-python/issues/3673\">#3673</a>) by <a href=\"https://github.com/antonpirker\"><code>@​antonpirker</code></a></li>\n<li>Fix wrong metadata type in async gRPC interceptor (<a href=\"https://redirect.github.com/getsentry/sentry-python/issues/3205\">#3205</a>) by <a href=\"https://github.com/fdellekart\"><code>@​fdellekart</code></a></li>\n<li>Rename launch darkly hook to match JS SDK (<a href=\"https://redirect.github.com/getsentry/sentry-python/issues/3743\">#3743</a>) by <a href=\"https://github.com/aliu39\"><code>@​aliu39</code></a></li>\n<li>Script for checking if our instrumented libs are Python 3.13 compatible (<a href=\"https://redirect.github.com/getsentry/sentry-python/issues/3425\">#3425</a>) by <a href=\"https://github.com/antonpirker\"><code>@​antonpirker</code></a></li>\n<li>Improve Ray tests (<a href=\"https://redirect.github.com/getsentry/sentry-python/issues/3846\">#3846</a>) by <a href=\"https://github.com/antonpirker\"><code>@​antonpirker</code></a></li>\n<li>Test with Celery <code>5.5.0rc3</code> (<a href=\"https://redirect.github.com/getsentry/sentry-python/issues/3842\">#3842</a>) by <a href=\"https://github.com/sentrivana\"><code>@​sentrivana</code></a></li>\n<li>Fix asyncio testing setup (<a href=\"https://redirect.github.com/getsentry/sentry-python/issues/3832\">#3832</a>) by <a href=\"https://github.com/sl0thentr0py\"><code>@​sl0thentr0py</code></a></li>\n</ul>\n<!-- raw HTML omitted -->\n</blockquote>\n<p>... (truncated)</p>\n</details>\n<details>\n<summary>Commits</summary>\n<ul>\n<li><a href=\"https://github.com/getsentry/sentry-python/commit/4e0505ea5c58943f31de35f03d834daa18e7f7ed\"><code>4e0505e</code></a> Updated changelog</li>\n<li><a href=\"https://github.com/getsentry/sentry-python/commit/ca68a7f3fb8e1cb6e1c58432211422b4c2bc4530\"><code>ca68a7f</code></a> release: 2.20.0</li>\n<li><a href=\"https://github.com/getsentry/sentry-python/commit/2ee194c0d4fac809b40ef81d90ae859998962afa\"><code>2ee194c</code></a> feat(flags): remove Unleash get_variant patching code (<a href=\"https://redirect.github.com/getsentry/sentry-python/issues/3914\">#3914</a>)</li>\n<li><a href=\"https://github.com/getsentry/sentry-python/commit/288f69a962e4ae9e929ae1116ec683297a0a416a\"><code>288f69a</code></a> Moved adding of <code>flags</code> context into Scope (<a href=\"https://redirect.github.com/getsentry/sentry-python/issues/3917\">#3917</a>)</li>\n<li><a href=\"https://github.com/getsentry/sentry-python/commit/9f9ff345c6054e0623a293c1f90e6e590ceb8a9f\"><code>9f9ff34</code></a> tests: Create a separate group for feature flag suites (<a href=\"https://redirect.github.com/getsentry/sentry-python/issues/3911\">#3911</a>)</li>\n<li><a href=\"https://github.com/getsentry/sentry-python/commit/fa241c3425e446878f173407fd7358f38d8bd529\"><code>fa241c3</code></a> Treat potel-base as release branch in CI (<a href=\"https://redirect.github.com/getsentry/sentry-python/issues/3912\">#3912</a>)</li>\n<li><a href=\"https://github.com/getsentry/sentry-python/commit/be5327356fdae8efc77a9faa9a2ffb0773e80665\"><code>be53273</code></a> Centralize minimum version checking (<a href=\"https://redirect.github.com/getsentry/sentry-python/issues/3910\">#3910</a>)</li>\n<li><a href=\"https://github.com/getsentry/sentry-python/commit/4432e26a45873080d4eaf20e769bc82f026851bb\"><code>4432e26</code></a> Small contribution docs update (<a href=\"https://redirect.github.com/getsentry/sentry-python/issues/3909\">#3909</a>)</li>\n<li><a href=\"https://github.com/getsentry/sentry-python/commit/c6a89d64db965fe0ece6de10df38ab936af8f5e4\"><code>c6a89d6</code></a> feat(flags): add Unleash feature flagging integration (<a href=\"https://redirect.github.com/getsentry/sentry-python/issues/3888\">#3888</a>)</li>\n<li><a href=\"https://github.com/getsentry/sentry-python/commit/bf65ede42172dd9bc6718b69e3ea9a9dd417c93d\"><code>bf65ede</code></a> ref(flags): Beter naming for featureflags module and identifier (<a href=\"https://redirect.github.com/getsentry/sentry-python/issues/3902\">#3902</a>)</li>\n<li>Additional commits viewable in <a href=\"https://github.com/getsentry/sentry-python/compare/2.18.0...2.20.0\">compare view</a></li>\n</ul>\n</details>\n<br />\n\n\n[![Dependabot compatibility score](https://dependabot-badges.githubapp.com/badges/compatibility_score?dependency-name=sentry-sdk&package-manager=pip&previous-version=2.18.0&new-version=2.20.0)](https://docs.github.com/en/github/managing-security-vulnerabilities/about-dependabot-security-updates#about-compatibility-scores)\n\nDependabot will resolve any conflicts with this PR as long as you don't alter it yourself. You can also trigger a rebase manually by commenting `@dependabot rebase`.\n\n[//]: # (dependabot-automerge-start)\n[//]: # (dependabot-automerge-end)\n\n---\n\n<details>\n<summary>Dependabot commands and options</summary>\n<br />\n\nYou can trigger Dependabot actions by commenting on this PR:\n- `@dependabot rebase` will rebase this PR\n- `@dependabot recreate` will recreate this PR, overwriting any edits that have been made to it\n- `@dependabot merge` will merge this PR after your CI passes on it\n- `@dependabot squash and merge` will squash and merge this PR after your CI passes on it\n- `@dependabot cancel merge` will cancel a previously requested merge and block automerging\n- `@dependabot reopen` will reopen this PR if it is closed\n- `@dependabot close` will close this PR and stop Dependabot recreating it. You can achieve the same result by closing it manually\n- `@dependabot show <dependency name> ignore conditions` will show all of the ignore conditions of the specified dependency\n- `@dependabot ignore this major version` will close this PR and stop Dependabot creating any more for this major version (unless you reopen the PR or upgrade to it yourself)\n- `@dependabot ignore this minor version` will close this PR and stop Dependabot creating any more for this minor version (unless you reopen the PR or upgrade to it yourself)\n- `@dependabot ignore this dependency` will close this PR and stop Dependabot creating any more for this dependency (unless you reopen the PR or upgrade to it yourself)\n\n\n</details>",
        "closed_by": null,
        "reactions": {
            "url": "https://api.github.com/repos/AlmaLinux/albs-sign-node/issues/164/reactions",
            "total_count": 0,
            "+1": 0,
            "-1": 0,
            "laugh": 0,
            "hooray": 0,
            "confused": 0,
            "heart": 0,
            "rocket": 0,
            "eyes": 0
        },
        "timeline_url": "https://api.github.com/repos/AlmaLinux/albs-sign-node/issues/164/timeline",
        "performed_via_github_app": null,
        "state_reason": null
    },
    {
        "url": "https://api.github.com/repos/AlmaLinux/albs-sign-node/issues/163",
        "repository_url": "https://api.github.com/repos/AlmaLinux/albs-sign-node",
        "labels_url": "https://api.github.com/repos/AlmaLinux/albs-sign-node/issues/163/labels{/name}",
        "comments_url": "https://api.github.com/repos/AlmaLinux/albs-sign-node/issues/163/comments",
        "events_url": "https://api.github.com/repos/AlmaLinux/albs-sign-node/issues/163/events",
        "html_url": "https://github.com/AlmaLinux/albs-sign-node/pull/163",
        "id": 2783156377,
        "node_id": "PR_kwDOGA2oks6HfN7l",
        "number": 163,
        "title": "Bump bandit[toml] from 1.7.10 to 1.8.2",
        "user": {
            "login": "dependabot[bot]",
            "id": 49699333,
            "node_id": "MDM6Qm90NDk2OTkzMzM=",
            "avatar_url": "https://avatars.githubusercontent.com/in/29110?v=4",
            "gravatar_id": "",
            "url": "https://api.github.com/users/dependabot%5Bbot%5D",
            "html_url": "https://github.com/apps/dependabot",
            "followers_url": "https://api.github.com/users/dependabot%5Bbot%5D/followers",
            "following_url": "https://api.github.com/users/dependabot%5Bbot%5D/following{/other_user}",
            "gists_url": "https://api.github.com/users/dependabot%5Bbot%5D/gists{/gist_id}",
            "starred_url": "https://api.github.com/users/dependabot%5Bbot%5D/starred{/owner}{/repo}",
            "subscriptions_url": "https://api.github.com/users/dependabot%5Bbot%5D/subscriptions",
            "organizations_url": "https://api.github.com/users/dependabot%5Bbot%5D/orgs",
            "repos_url": "https://api.github.com/users/dependabot%5Bbot%5D/repos",
            "events_url": "https://api.github.com/users/dependabot%5Bbot%5D/events{/privacy}",
            "received_events_url": "https://api.github.com/users/dependabot%5Bbot%5D/received_events",
            "type": "Bot",
            "user_view_type": "public",
            "site_admin": false
        },
        "labels": [
            {
                "id": 5982167503,
                "node_id": "LA_kwDOGA2oks8AAAABZJChzw",
                "url": "https://api.github.com/repos/AlmaLinux/albs-sign-node/labels/dependencies",
                "name": "dependencies",
                "color": "0366d6",
                "default": false,
                "description": "Pull requests that update a dependency file"
            }
        ],
        "state": "open",
        "locked": false,
        "assignee": null,
        "assignees": [],
        "milestone": null,
        "comments": 0,
        "created_at": "2025-01-13T06:46:53Z",
        "updated_at": "2025-01-13T06:46:54Z",
        "closed_at": null,
        "author_association": "CONTRIBUTOR",
        "sub_issues_summary": {
            "total": 0,
            "completed": 0,
            "percent_completed": 0
        },
        "active_lock_reason": null,
        "draft": false,
        "pull_request": {
            "url": "https://api.github.com/repos/AlmaLinux/albs-sign-node/pulls/163",
            "html_url": "https://github.com/AlmaLinux/albs-sign-node/pull/163",
            "diff_url": "https://github.com/AlmaLinux/albs-sign-node/pull/163.diff",
            "patch_url": "https://github.com/AlmaLinux/albs-sign-node/pull/163.patch",
            "merged_at": null
        },
        "body": "Bumps [bandit[toml]](https://github.com/PyCQA/bandit) from 1.7.10 to 1.8.2.\n<details>\n<summary>Release notes</summary>\n<p><em>Sourced from <a href=\"https://github.com/PyCQA/bandit/releases\">bandit[toml]'s releases</a>.</em></p>\n<blockquote>\n<h2>1.8.2</h2>\n<h2>What's Changed</h2>\n<ul>\n<li>Revert &quot;Start testing with 3.14 alphas&quot; by <a href=\"https://github.com/ericwb\"><code>@​ericwb</code></a> in <a href=\"https://redirect.github.com/PyCQA/bandit/pull/1217\">PyCQA/bandit#1217</a></li>\n</ul>\n<p><strong>Full Changelog</strong>: <a href=\"https://github.com/PyCQA/bandit/compare/1.8.1...1.8.2\">https://github.com/PyCQA/bandit/compare/1.8.1...1.8.2</a></p>\n<h2>1.8.1</h2>\n<h2>What's Changed</h2>\n<ul>\n<li>Bump docker/build-push-action from 6.9.0 to 6.10.0 by <a href=\"https://github.com/dependabot\"><code>@​dependabot</code></a> in <a href=\"https://redirect.github.com/PyCQA/bandit/pull/1209\">PyCQA/bandit#1209</a></li>\n<li>Update the bug template with latest bandit version by <a href=\"https://github.com/ericwb\"><code>@​ericwb</code></a> in <a href=\"https://redirect.github.com/PyCQA/bandit/pull/1208\">PyCQA/bandit#1208</a></li>\n<li>Add Mercedes-Benz to sponsor list by <a href=\"https://github.com/ericwb\"><code>@​ericwb</code></a> in <a href=\"https://redirect.github.com/PyCQA/bandit/pull/1210\">PyCQA/bandit#1210</a></li>\n<li>Bump docker/setup-buildx-action from 3.7.1 to 3.8.0 by <a href=\"https://github.com/dependabot\"><code>@​dependabot</code></a> in <a href=\"https://redirect.github.com/PyCQA/bandit/pull/1211\">PyCQA/bandit#1211</a></li>\n<li>[pre-commit.ci] pre-commit autoupdate by <a href=\"https://github.com/pre-commit-ci\"><code>@​pre-commit-ci</code></a> in <a href=\"https://redirect.github.com/PyCQA/bandit/pull/1213\">PyCQA/bandit#1213</a></li>\n<li>Start testing with 3.14 alphas by <a href=\"https://github.com/ericwb\"><code>@​ericwb</code></a> in <a href=\"https://redirect.github.com/PyCQA/bandit/pull/1189\">PyCQA/bandit#1189</a></li>\n<li>Remove lxml (B320 &amp; B410) from blacklist by <a href=\"https://github.com/djbrown\"><code>@​djbrown</code></a> in <a href=\"https://redirect.github.com/PyCQA/bandit/pull/1212\">PyCQA/bandit#1212</a></li>\n<li>Clarify &quot;getting started&quot; docs by <a href=\"https://github.com/Flimm\"><code>@​Flimm</code></a> in <a href=\"https://redirect.github.com/PyCQA/bandit/pull/963\">PyCQA/bandit#963</a></li>\n</ul>\n<h2>New Contributors</h2>\n<ul>\n<li><a href=\"https://github.com/djbrown\"><code>@​djbrown</code></a> made their first contribution in <a href=\"https://redirect.github.com/PyCQA/bandit/pull/1212\">PyCQA/bandit#1212</a></li>\n<li><a href=\"https://github.com/Flimm\"><code>@​Flimm</code></a> made their first contribution in <a href=\"https://redirect.github.com/PyCQA/bandit/pull/963\">PyCQA/bandit#963</a></li>\n</ul>\n<p><strong>Full Changelog</strong>: <a href=\"https://github.com/PyCQA/bandit/compare/1.8.0...1.8.1\">https://github.com/PyCQA/bandit/compare/1.8.0...1.8.1</a></p>\n<h2>1.8.0</h2>\n<h2>What's Changed</h2>\n<ul>\n<li>Bump docker/build-push-action from 6.7.0 to 6.9.0 by <a href=\"https://github.com/dependabot\"><code>@​dependabot</code></a> in <a href=\"https://redirect.github.com/PyCQA/bandit/pull/1178\">PyCQA/bandit#1178</a></li>\n<li>Rename doc file to match proper bandit ID by <a href=\"https://github.com/ericwb\"><code>@​ericwb</code></a> in <a href=\"https://redirect.github.com/PyCQA/bandit/pull/1183\">PyCQA/bandit#1183</a></li>\n<li>Removal of Python 3.8 support by <a href=\"https://github.com/ericwb\"><code>@​ericwb</code></a> in <a href=\"https://redirect.github.com/PyCQA/bandit/pull/1174\">PyCQA/bandit#1174</a></li>\n<li>Add more insecure cryptography cipher algorithms by <a href=\"https://github.com/ericwb\"><code>@​ericwb</code></a> in <a href=\"https://redirect.github.com/PyCQA/bandit/pull/1185\">PyCQA/bandit#1185</a></li>\n<li>Bump docker/setup-buildx-action from 3.6.1 to 3.7.1 by <a href=\"https://github.com/dependabot\"><code>@​dependabot</code></a> in <a href=\"https://redirect.github.com/PyCQA/bandit/pull/1186\">PyCQA/bandit#1186</a></li>\n<li>Bump sigstore/cosign-installer from 3.6.0 to 3.7.0 by <a href=\"https://github.com/dependabot\"><code>@​dependabot</code></a> in <a href=\"https://redirect.github.com/PyCQA/bandit/pull/1187\">PyCQA/bandit#1187</a></li>\n<li>[pre-commit.ci] pre-commit autoupdate by <a href=\"https://github.com/pre-commit-ci\"><code>@​pre-commit-ci</code></a> in <a href=\"https://redirect.github.com/PyCQA/bandit/pull/1162\">PyCQA/bandit#1162</a></li>\n<li>No need to check httpx client without timeout defined by <a href=\"https://github.com/ericwb\"><code>@​ericwb</code></a> in <a href=\"https://redirect.github.com/PyCQA/bandit/pull/1177\">PyCQA/bandit#1177</a></li>\n<li>[pre-commit.ci] pre-commit autoupdate by <a href=\"https://github.com/pre-commit-ci\"><code>@​pre-commit-ci</code></a> in <a href=\"https://redirect.github.com/PyCQA/bandit/pull/1191\">PyCQA/bandit#1191</a></li>\n<li>Mark Python 3.13 as officially supported by <a href=\"https://github.com/ericwb\"><code>@​ericwb</code></a> in <a href=\"https://redirect.github.com/PyCQA/bandit/pull/1192\">PyCQA/bandit#1192</a></li>\n<li>Update project urls with added links by <a href=\"https://github.com/ericwb\"><code>@​ericwb</code></a> in <a href=\"https://redirect.github.com/PyCQA/bandit/pull/1193\">PyCQA/bandit#1193</a></li>\n<li>[pre-commit.ci] pre-commit autoupdate by <a href=\"https://github.com/pre-commit-ci\"><code>@​pre-commit-ci</code></a> in <a href=\"https://redirect.github.com/PyCQA/bandit/pull/1196\">PyCQA/bandit#1196</a></li>\n<li>Add a JSON to seek funding from the FLOSS/fund by <a href=\"https://github.com/ericwb\"><code>@​ericwb</code></a> in <a href=\"https://redirect.github.com/PyCQA/bandit/pull/1194\">PyCQA/bandit#1194</a></li>\n<li>Remove Sentry as a sponsor by <a href=\"https://github.com/ericwb\"><code>@​ericwb</code></a> in <a href=\"https://redirect.github.com/PyCQA/bandit/pull/1198\">PyCQA/bandit#1198</a></li>\n<li>Remove more leftover OpenStack references by <a href=\"https://github.com/ericwb\"><code>@​ericwb</code></a> in <a href=\"https://redirect.github.com/PyCQA/bandit/pull/1195\">PyCQA/bandit#1195</a></li>\n</ul>\n<p><strong>Full Changelog</strong>: <a href=\"https://github.com/PyCQA/bandit/compare/1.7.10...1.8.0\">https://github.com/PyCQA/bandit/compare/1.7.10...1.8.0</a></p>\n</blockquote>\n</details>\n<details>\n<summary>Commits</summary>\n<ul>\n<li><a href=\"https://github.com/PyCQA/bandit/commit/c2c336d1273b06fb667a31d4ecb83de7ea23a6cb\"><code>c2c336d</code></a> Revert &quot;Start testing with 3.14 alphas&quot; (<a href=\"https://redirect.github.com/PyCQA/bandit/issues/1217\">#1217</a>)</li>\n<li><a href=\"https://github.com/PyCQA/bandit/commit/e58379c5089305c845bae6e816e5faa5680b8097\"><code>e58379c</code></a> Clarify &quot;getting started&quot; docs (<a href=\"https://redirect.github.com/PyCQA/bandit/issues/963\">#963</a>)</li>\n<li><a href=\"https://github.com/PyCQA/bandit/commit/e4da0b351f89a82b5de8dd791cbdd963476b5a11\"><code>e4da0b3</code></a> Remove lxml (B320 &amp; B410) from blacklist (<a href=\"https://redirect.github.com/PyCQA/bandit/issues/1212\">#1212</a>)</li>\n<li><a href=\"https://github.com/PyCQA/bandit/commit/13d3406dbba67e22d80f8f8e5b182c5f6e45face\"><code>13d3406</code></a> Start testing with 3.14 alphas (<a href=\"https://redirect.github.com/PyCQA/bandit/issues/1189\">#1189</a>)</li>\n<li><a href=\"https://github.com/PyCQA/bandit/commit/1abd1d7d65bebad99c6a1731216d46203359fa1e\"><code>1abd1d7</code></a> [pre-commit.ci] pre-commit autoupdate (<a href=\"https://redirect.github.com/PyCQA/bandit/issues/1213\">#1213</a>)</li>\n<li><a href=\"https://github.com/PyCQA/bandit/commit/8e3c928985e9c4000d74622520b92c322e7b9024\"><code>8e3c928</code></a> Bump docker/setup-buildx-action from 3.7.1 to 3.8.0 (<a href=\"https://redirect.github.com/PyCQA/bandit/issues/1211\">#1211</a>)</li>\n<li><a href=\"https://github.com/PyCQA/bandit/commit/929d5976f3949f7507d035b98c9b2db9911ab790\"><code>929d597</code></a> Add Mercedes-Benz to sponsor list (<a href=\"https://redirect.github.com/PyCQA/bandit/issues/1210\">#1210</a>)</li>\n<li><a href=\"https://github.com/PyCQA/bandit/commit/ead671777dd6cff5f995e92c13814a9eb62db13e\"><code>ead6717</code></a> Update the bug template with latest bandit version (<a href=\"https://redirect.github.com/PyCQA/bandit/issues/1208\">#1208</a>)</li>\n<li><a href=\"https://github.com/PyCQA/bandit/commit/65ddf8f572f6d6068781b3cb970df2e412406b19\"><code>65ddf8f</code></a> Bump docker/build-push-action from 6.9.0 to 6.10.0 (<a href=\"https://redirect.github.com/PyCQA/bandit/issues/1209\">#1209</a>)</li>\n<li><a href=\"https://github.com/PyCQA/bandit/commit/8fd258abbac759d62863779f946d6a88e8eabb0f\"><code>8fd258a</code></a> Remove more leftover OpenStack references (<a href=\"https://redirect.github.com/PyCQA/bandit/issues/1195\">#1195</a>)</li>\n<li>Additional commits viewable in <a href=\"https://github.com/PyCQA/bandit/compare/1.7.10...1.8.2\">compare view</a></li>\n</ul>\n</details>\n<br />\n\n\n[![Dependabot compatibility score](https://dependabot-badges.githubapp.com/badges/compatibility_score?dependency-name=bandit[toml]&package-manager=pip&previous-version=1.7.10&new-version=1.8.2)](https://docs.github.com/en/github/managing-security-vulnerabilities/about-dependabot-security-updates#about-compatibility-scores)\n\nDependabot will resolve any conflicts with this PR as long as you don't alter it yourself. You can also trigger a rebase manually by commenting `@dependabot rebase`.\n\n[//]: # (dependabot-automerge-start)\n[//]: # (dependabot-automerge-end)\n\n---\n\n<details>\n<summary>Dependabot commands and options</summary>\n<br />\n\nYou can trigger Dependabot actions by commenting on this PR:\n- `@dependabot rebase` will rebase this PR\n- `@dependabot recreate` will recreate this PR, overwriting any edits that have been made to it\n- `@dependabot merge` will merge this PR after your CI passes on it\n- `@dependabot squash and merge` will squash and merge this PR after your CI passes on it\n- `@dependabot cancel merge` will cancel a previously requested merge and block automerging\n- `@dependabot reopen` will reopen this PR if it is closed\n- `@dependabot close` will close this PR and stop Dependabot recreating it. You can achieve the same result by closing it manually\n- `@dependabot show <dependency name> ignore conditions` will show all of the ignore conditions of the specified dependency\n- `@dependabot ignore this major version` will close this PR and stop Dependabot creating any more for this major version (unless you reopen the PR or upgrade to it yourself)\n- `@dependabot ignore this minor version` will close this PR and stop Dependabot creating any more for this minor version (unless you reopen the PR or upgrade to it yourself)\n- `@dependabot ignore this dependency` will close this PR and stop Dependabot creating any more for this dependency (unless you reopen the PR or upgrade to it yourself)\n\n\n</details>",
        "closed_by": null,
        "reactions": {
            "url": "https://api.github.com/repos/AlmaLinux/albs-sign-node/issues/163/reactions",
            "total_count": 0,
            "+1": 0,
            "-1": 0,
            "laugh": 0,
            "hooray": 0,
            "confused": 0,
            "heart": 0,
            "rocket": 0,
            "eyes": 0
        },
        "timeline_url": "https://api.github.com/repos/AlmaLinux/albs-sign-node/issues/163/timeline",
        "performed_via_github_app": null,
        "state_reason": null
    },
    {
        "url": "https://api.github.com/repos/AlmaLinux/albs-sign-node/issues/157",
        "repository_url": "https://api.github.com/repos/AlmaLinux/albs-sign-node",
        "labels_url": "https://api.github.com/repos/AlmaLinux/albs-sign-node/issues/157/labels{/name}",
        "comments_url": "https://api.github.com/repos/AlmaLinux/albs-sign-node/issues/157/comments",
        "events_url": "https://api.github.com/repos/AlmaLinux/albs-sign-node/issues/157/events",
        "html_url": "https://github.com/AlmaLinux/albs-sign-node/pull/157",
        "id": 2717501933,
        "node_id": "PR_kwDOGA2oks6EBtJZ",
        "number": 157,
        "title": "AL-5634: Integrate shared library into CLBS and ALBS",
        "user": {
            "login": "maccelf",
            "id": 48645931,
            "node_id": "MDQ6VXNlcjQ4NjQ1OTMx",
            "avatar_url": "https://avatars.githubusercontent.com/u/48645931?v=4",
            "gravatar_id": "",
            "url": "https://api.github.com/users/maccelf",
            "html_url": "https://github.com/maccelf",
            "followers_url": "https://api.github.com/users/maccelf/followers",
            "following_url": "https://api.github.com/users/maccelf/following{/other_user}",
            "gists_url": "https://api.github.com/users/maccelf/gists{/gist_id}",
            "starred_url": "https://api.github.com/users/maccelf/starred{/owner}{/repo}",
            "subscriptions_url": "https://api.github.com/users/maccelf/subscriptions",
            "organizations_url": "https://api.github.com/users/maccelf/orgs",
            "repos_url": "https://api.github.com/users/maccelf/repos",
            "events_url": "https://api.github.com/users/maccelf/events{/privacy}",
            "received_events_url": "https://api.github.com/users/maccelf/received_events",
            "type": "User",
            "user_view_type": "public",
            "site_admin": false
        },
        "labels": [],
        "state": "open",
        "locked": false,
        "assignee": null,
        "assignees": [],
        "milestone": null,
        "comments": 1,
        "created_at": "2024-12-04T11:54:19Z",
        "updated_at": "2025-01-16T17:50:58Z",
        "closed_at": null,
        "author_association": "MEMBER",
        "sub_issues_summary": {
            "total": 0,
            "completed": 0,
            "percent_completed": 0
        },
        "active_lock_reason": null,
        "draft": false,
        "pull_request": {
            "url": "https://api.github.com/repos/AlmaLinux/albs-sign-node/pulls/157",
            "html_url": "https://github.com/AlmaLinux/albs-sign-node/pull/157",
            "diff_url": "https://github.com/AlmaLinux/albs-sign-node/pull/157.diff",
            "patch_url": "https://github.com/AlmaLinux/albs-sign-node/pull/157.patch",
            "merged_at": null
        },
        "body": "Integrate the newly created shared libraries into both CLBS and ALBS systems. Ensure that both systems are correctly utilizing the shared libraries and that there are no conflicts or issues",
        "closed_by": null,
        "reactions": {
            "url": "https://api.github.com/repos/AlmaLinux/albs-sign-node/issues/157/reactions",
            "total_count": 0,
            "+1": 0,
            "-1": 0,
            "laugh": 0,
            "hooray": 0,
            "confused": 0,
            "heart": 0,
            "rocket": 0,
            "eyes": 0
        },
        "timeline_url": "https://api.github.com/repos/AlmaLinux/albs-sign-node/issues/157/timeline",
        "performed_via_github_app": null,
        "state_reason": null
    },
    {
        "url": "https://api.github.com/repos/AlmaLinux/albs-sign-node/issues/143",
        "repository_url": "https://api.github.com/repos/AlmaLinux/albs-sign-node",
        "labels_url": "https://api.github.com/repos/AlmaLinux/albs-sign-node/issues/143/labels{/name}",
        "comments_url": "https://api.github.com/repos/AlmaLinux/albs-sign-node/issues/143/comments",
        "events_url": "https://api.github.com/repos/AlmaLinux/albs-sign-node/issues/143/events",
        "html_url": "https://github.com/AlmaLinux/albs-sign-node/pull/143",
        "id": 2601566502,
        "node_id": "PR_kwDOGA2oks5_RZA-",
        "number": 143,
        "title": "Bump filesplit from 3.0.2 to 4.1.0",
        "user": {
            "login": "dependabot[bot]",
            "id": 49699333,
            "node_id": "MDM6Qm90NDk2OTkzMzM=",
            "avatar_url": "https://avatars.githubusercontent.com/in/29110?v=4",
            "gravatar_id": "",
            "url": "https://api.github.com/users/dependabot%5Bbot%5D",
            "html_url": "https://github.com/apps/dependabot",
            "followers_url": "https://api.github.com/users/dependabot%5Bbot%5D/followers",
            "following_url": "https://api.github.com/users/dependabot%5Bbot%5D/following{/other_user}",
            "gists_url": "https://api.github.com/users/dependabot%5Bbot%5D/gists{/gist_id}",
            "starred_url": "https://api.github.com/users/dependabot%5Bbot%5D/starred{/owner}{/repo}",
            "subscriptions_url": "https://api.github.com/users/dependabot%5Bbot%5D/subscriptions",
            "organizations_url": "https://api.github.com/users/dependabot%5Bbot%5D/orgs",
            "repos_url": "https://api.github.com/users/dependabot%5Bbot%5D/repos",
            "events_url": "https://api.github.com/users/dependabot%5Bbot%5D/events{/privacy}",
            "received_events_url": "https://api.github.com/users/dependabot%5Bbot%5D/received_events",
            "type": "Bot",
            "user_view_type": "public",
            "site_admin": false
        },
        "labels": [
            {
                "id": 5982167503,
                "node_id": "LA_kwDOGA2oks8AAAABZJChzw",
                "url": "https://api.github.com/repos/AlmaLinux/albs-sign-node/labels/dependencies",
                "name": "dependencies",
                "color": "0366d6",
                "default": false,
                "description": "Pull requests that update a dependency file"
            }
        ],
        "state": "open",
        "locked": false,
        "assignee": null,
        "assignees": [],
        "milestone": null,
        "comments": 0,
        "created_at": "2024-10-21T07:03:38Z",
        "updated_at": "2024-11-13T09:12:23Z",
        "closed_at": null,
        "author_association": "CONTRIBUTOR",
        "sub_issues_summary": {
            "total": 0,
            "completed": 0,
            "percent_completed": 0
        },
        "active_lock_reason": null,
        "draft": false,
        "pull_request": {
            "url": "https://api.github.com/repos/AlmaLinux/albs-sign-node/pulls/143",
            "html_url": "https://github.com/AlmaLinux/albs-sign-node/pull/143",
            "diff_url": "https://github.com/AlmaLinux/albs-sign-node/pull/143.diff",
            "patch_url": "https://github.com/AlmaLinux/albs-sign-node/pull/143.patch",
            "merged_at": null
        },
        "body": "Bumps [filesplit](https://github.com/ram-jayapalan/filesplit) from 3.0.2 to 4.1.0.\n<details>\n<summary>Release notes</summary>\n<p><em>Sourced from <a href=\"https://github.com/ram-jayapalan/filesplit/releases\">filesplit's releases</a>.</em></p>\n<blockquote>\n<h2>v4.1.0</h2>\n<h2>What's Changed</h2>\n<ul>\n<li>Feature/zerofill by <a href=\"https://github.com/jeremyis78\"><code>@​jeremyis78</code></a> in <a href=\"https://redirect.github.com/ram-jayapalan/filesplit/pull/30\">ram-jayapalan/filesplit#30</a></li>\n</ul>\n<h2>New Contributors</h2>\n<ul>\n<li><a href=\"https://github.com/jeremyis78\"><code>@​jeremyis78</code></a> made their first contribution in <a href=\"https://redirect.github.com/ram-jayapalan/filesplit/pull/30\">ram-jayapalan/filesplit#30</a></li>\n</ul>\n<p><strong>Full Changelog</strong>: <a href=\"https://github.com/ram-jayapalan/filesplit/compare/v4.0.1...v4.1.0\">https://github.com/ram-jayapalan/filesplit/compare/v4.0.1...v4.1.0</a></p>\n<h2>Stable Release v4.0.1</h2>\n<p>Typo corrections in the readme file</p>\n<h2>Stable Release v4.0.0</h2>\n<p>This is a new major release that is not backward compatible with the previous releases. This release adds split by line count functionality. The method names have been renamed to use specific split types for ease of use and extensibility.</p>\n<p><strong>Full Changelog</strong>: <a href=\"https://github.com/ram-jayapalan/filesplit/compare/v3.0.2...v4.0.0\">https://github.com/ram-jayapalan/filesplit/compare/v3.0.2...v4.0.0</a></p>\n</blockquote>\n</details>\n<details>\n<summary>Commits</summary>\n<ul>\n<li><a href=\"https://github.com/ram-jayapalan/filesplit/commit/4cec83f1f6c96d4a89f7307d404e22a3c647c966\"><code>4cec83f</code></a> Merge branch 'master' of <a href=\"https://github.com/ram-jayapalan/filesplit\">https://github.com/ram-jayapalan/filesplit</a></li>\n<li><a href=\"https://github.com/ram-jayapalan/filesplit/commit/5be0c644acbad47d240254e27b12838338ed3191\"><code>5be0c64</code></a> Bump up the version to 4.1.0</li>\n<li><a href=\"https://github.com/ram-jayapalan/filesplit/commit/621312e70750e29fcca8a108b5d7579cc0e9cee5\"><code>621312e</code></a> Create python-publish.yml</li>\n<li><a href=\"https://github.com/ram-jayapalan/filesplit/commit/32685762793f3f6efdb7b9f0bbfc25a636489eef\"><code>3268576</code></a> Merge branch 'feature/non-recursive-split'</li>\n<li><a href=\"https://github.com/ram-jayapalan/filesplit/commit/05537a623ee79f244833e350e3abf9c7df44c068\"><code>05537a6</code></a> Replace recursive strategy with iterative approach for generating splits to o...</li>\n<li><a href=\"https://github.com/ram-jayapalan/filesplit/commit/3737d5d894a8565dd931f140b70a56f165f2066c\"><code>3737d5d</code></a> Merge branch 'master' into feature/non-recursive-split</li>\n<li><a href=\"https://github.com/ram-jayapalan/filesplit/commit/baea9e536013b9b6b5f2e2e51e12f485cb607ddf\"><code>baea9e5</code></a> Merge branch 'jeremyis78-feature/zerofill'</li>\n<li><a href=\"https://github.com/ram-jayapalan/filesplit/commit/c16c1b6f0025c7321bedeb9b8cb49d76fb863b29\"><code>c16c1b6</code></a> Get split zero fill from the property instead of private instance variable</li>\n<li><a href=\"https://github.com/ram-jayapalan/filesplit/commit/b5a671668564bf2b06a211928a27a532bb111f59\"><code>b5a6716</code></a> comment out the test; ready to merge zerofill feature back to main</li>\n<li><a href=\"https://github.com/ram-jayapalan/filesplit/commit/2260d504d0497f81cec8c0b808eef0d0ad8d6dda\"><code>2260d50</code></a> intital commit; verify w/ python -m src.split then python3 -m src.merge</li>\n<li>Additional commits viewable in <a href=\"https://github.com/ram-jayapalan/filesplit/compare/v3.0.2...v4.1.0\">compare view</a></li>\n</ul>\n</details>\n<br />\n\n\n[![Dependabot compatibility score](https://dependabot-badges.githubapp.com/badges/compatibility_score?dependency-name=filesplit&package-manager=pip&previous-version=3.0.2&new-version=4.1.0)](https://docs.github.com/en/github/managing-security-vulnerabilities/about-dependabot-security-updates#about-compatibility-scores)\n\nDependabot will resolve any conflicts with this PR as long as you don't alter it yourself. You can also trigger a rebase manually by commenting `@dependabot rebase`.\n\n[//]: # (dependabot-automerge-start)\n[//]: # (dependabot-automerge-end)\n\n---\n\n<details>\n<summary>Dependabot commands and options</summary>\n<br />\n\nYou can trigger Dependabot actions by commenting on this PR:\n- `@dependabot rebase` will rebase this PR\n- `@dependabot recreate` will recreate this PR, overwriting any edits that have been made to it\n- `@dependabot merge` will merge this PR after your CI passes on it\n- `@dependabot squash and merge` will squash and merge this PR after your CI passes on it\n- `@dependabot cancel merge` will cancel a previously requested merge and block automerging\n- `@dependabot reopen` will reopen this PR if it is closed\n- `@dependabot close` will close this PR and stop Dependabot recreating it. You can achieve the same result by closing it manually\n- `@dependabot show <dependency name> ignore conditions` will show all of the ignore conditions of the specified dependency\n- `@dependabot ignore this major version` will close this PR and stop Dependabot creating any more for this major version (unless you reopen the PR or upgrade to it yourself)\n- `@dependabot ignore this minor version` will close this PR and stop Dependabot creating any more for this minor version (unless you reopen the PR or upgrade to it yourself)\n- `@dependabot ignore this dependency` will close this PR and stop Dependabot creating any more for this dependency (unless you reopen the PR or upgrade to it yourself)\n\n\n</details>",
        "closed_by": null,
        "reactions": {
            "url": "https://api.github.com/repos/AlmaLinux/albs-sign-node/issues/143/reactions",
            "total_count": 0,
            "+1": 0,
            "-1": 0,
            "laugh": 0,
            "hooray": 0,
            "confused": 0,
            "heart": 0,
            "rocket": 0,
            "eyes": 0
        },
        "timeline_url": "https://api.github.com/repos/AlmaLinux/albs-sign-node/issues/143/timeline",
        "performed_via_github_app": null,
        "state_reason": null
    }
]