[
    {
        "url": "https://api.github.com/repos/AlmaLinux/docker-images/issues/115",
        "repository_url": "https://api.github.com/repos/AlmaLinux/docker-images",
        "labels_url": "https://api.github.com/repos/AlmaLinux/docker-images/issues/115/labels{/name}",
        "comments_url": "https://api.github.com/repos/AlmaLinux/docker-images/issues/115/comments",
        "events_url": "https://api.github.com/repos/AlmaLinux/docker-images/issues/115/events",
        "html_url": "https://github.com/AlmaLinux/docker-images/issues/115",
        "id": 2621926849,
        "node_id": "I_kwDOFApwFM6cR23B",
        "number": 115,
        "title": "Docker Container almalinux:9 cannot install anything",
        "user": {
            "login": "marcvs",
            "id": 2298166,
            "node_id": "MDQ6VXNlcjIyOTgxNjY=",
            "avatar_url": "https://avatars.githubusercontent.com/u/2298166?v=4",
            "gravatar_id": "",
            "url": "https://api.github.com/users/marcvs",
            "html_url": "https://github.com/marcvs",
            "followers_url": "https://api.github.com/users/marcvs/followers",
            "following_url": "https://api.github.com/users/marcvs/following{/other_user}",
            "gists_url": "https://api.github.com/users/marcvs/gists{/gist_id}",
            "starred_url": "https://api.github.com/users/marcvs/starred{/owner}{/repo}",
            "subscriptions_url": "https://api.github.com/users/marcvs/subscriptions",
            "organizations_url": "https://api.github.com/users/marcvs/orgs",
            "repos_url": "https://api.github.com/users/marcvs/repos",
            "events_url": "https://api.github.com/users/marcvs/events{/privacy}",
            "received_events_url": "https://api.github.com/users/marcvs/received_events",
            "type": "User",
            "user_view_type": "public",
            "site_admin": false
        },
        "labels": [],
        "state": "open",
        "locked": false,
        "assignee": null,
        "assignees": [],
        "milestone": null,
        "comments": 0,
        "created_at": "2024-10-29T17:35:09Z",
        "updated_at": "2024-10-29T17:35:09Z",
        "closed_at": null,
        "author_association": "NONE",
        "sub_issues_summary": {
            "total": 0,
            "completed": 0,
            "percent_completed": 0
        },
        "active_lock_reason": null,
        "body": "All I do is:\r\n```\r\ndocker run --rm -it almalinux:9\r\nyum -y install make\r\n```\r\nAnd I get: \r\n```\r\n[root@57d74276d78d yum.repos.d]# yum -y install make\r\nAlmaLinux 9 - AppStream                                                                                0.0  B/s |   0  B     00:00    \r\nErrors during downloading metadata for repository 'appstream':\r\n  - Curl error (6): Couldn't resolve host name for https://repo.almalinux.org/almalinux/9/BaseOS/x86_64/os/repodata/repomd.xml [getaddrinfo() thread failed to start]\r\nError: Failed to download metadata for repo 'appstream': Cannot download repomd.xml: Cannot download repodata/repomd.xml: All mirrors were tried\r\n```\r\n\r\nI know what you're thinking: DNS trouble, but:\r\n\r\n```\r\n[root@57d74276d78d yum.repos.d]# ping repo.almalinux.org\r\nPING repo.almalinux.org (151.101.67.52) 56(84) bytes of data.\r\n64 bytes from 151.101.67.52 (151.101.67.52): icmp_seq=1 ttl=58 time=11.4 ms\r\n^C\r\n```\r\nand\r\n```\r\n--- repo.almalinux.org ping statistics ---\r\n1 packets transmitted, 1 received, 0% packet loss, time 0ms\r\nrtt min/avg/max/mdev = 11.408/11.408/11.408/0.000 ms\r\n[root@57d74276d78d yum.repos.d]# curl ix.de\r\ncurl: (6) getaddrinfo() thread failed to start\r\n```\r\n\r\nI'd say libc is messed up. Or?",
        "closed_by": null,
        "reactions": {
            "url": "https://api.github.com/repos/AlmaLinux/docker-images/issues/115/reactions",
            "total_count": 0,
            "+1": 0,
            "-1": 0,
            "laugh": 0,
            "hooray": 0,
            "confused": 0,
            "heart": 0,
            "rocket": 0,
            "eyes": 0
        },
        "timeline_url": "https://api.github.com/repos/AlmaLinux/docker-images/issues/115/timeline",
        "performed_via_github_app": null,
        "state_reason": null
    },
    {
        "url": "https://api.github.com/repos/AlmaLinux/docker-images/issues/111",
        "repository_url": "https://api.github.com/repos/AlmaLinux/docker-images",
        "labels_url": "https://api.github.com/repos/AlmaLinux/docker-images/issues/111/labels{/name}",
        "comments_url": "https://api.github.com/repos/AlmaLinux/docker-images/issues/111/comments",
        "events_url": "https://api.github.com/repos/AlmaLinux/docker-images/issues/111/events",
        "html_url": "https://github.com/AlmaLinux/docker-images/issues/111",
        "id": 2145306767,
        "node_id": "I_kwDOFApwFM5_3siP",
        "number": 111,
        "title": "Simplify Docker containers build and publish",
        "user": {
            "login": "andrewlukoshko",
            "id": 3509720,
            "node_id": "MDQ6VXNlcjM1MDk3MjA=",
            "avatar_url": "https://avatars.githubusercontent.com/u/3509720?v=4",
            "gravatar_id": "",
            "url": "https://api.github.com/users/andrewlukoshko",
            "html_url": "https://github.com/andrewlukoshko",
            "followers_url": "https://api.github.com/users/andrewlukoshko/followers",
            "following_url": "https://api.github.com/users/andrewlukoshko/following{/other_user}",
            "gists_url": "https://api.github.com/users/andrewlukoshko/gists{/gist_id}",
            "starred_url": "https://api.github.com/users/andrewlukoshko/starred{/owner}{/repo}",
            "subscriptions_url": "https://api.github.com/users/andrewlukoshko/subscriptions",
            "organizations_url": "https://api.github.com/users/andrewlukoshko/orgs",
            "repos_url": "https://api.github.com/users/andrewlukoshko/repos",
            "events_url": "https://api.github.com/users/andrewlukoshko/events{/privacy}",
            "received_events_url": "https://api.github.com/users/andrewlukoshko/received_events",
            "type": "User",
            "user_view_type": "public",
            "site_admin": false
        },
        "labels": [
            {
                "id": 2717542536,
                "node_id": "MDU6TGFiZWwyNzE3NTQyNTM2",
                "url": "https://api.github.com/repos/AlmaLinux/docker-images/labels/enhancement",
                "name": "enhancement",
                "color": "a2eeef",
                "default": true,
                "description": "New feature or request"
            }
        ],
        "state": "open",
        "locked": false,
        "assignee": null,
        "assignees": [],
        "milestone": null,
        "comments": 1,
        "created_at": "2024-02-20T21:22:12Z",
        "updated_at": "2024-02-20T21:49:31Z",
        "closed_at": null,
        "author_association": "MEMBER",
        "sub_issues_summary": {
            "total": 0,
            "completed": 0,
            "percent_completed": 0
        },
        "active_lock_reason": null,
        "body": "Since we originally invented Docker container build scripts there are a lot of new technologies available to make this process simplier and easier to maintain.\r\nI'd propose to consider the following:\r\n- Move containers build process to GitHub Actions to make it transparent\r\n- Use QEMU to build for different architectures\r\n- Simplify and unify containers publish process as we need to publish to different places:\r\n  - Docker Hub Official\r\n  - Docker Hub AlmaLinux repo\r\n  - Quay.io",
        "closed_by": null,
        "reactions": {
            "url": "https://api.github.com/repos/AlmaLinux/docker-images/issues/111/reactions",
            "total_count": 0,
            "+1": 0,
            "-1": 0,
            "laugh": 0,
            "hooray": 0,
            "confused": 0,
            "heart": 0,
            "rocket": 0,
            "eyes": 0
        },
        "timeline_url": "https://api.github.com/repos/AlmaLinux/docker-images/issues/111/timeline",
        "performed_via_github_app": null,
        "state_reason": null
    },
    {
        "url": "https://api.github.com/repos/AlmaLinux/docker-images/issues/110",
        "repository_url": "https://api.github.com/repos/AlmaLinux/docker-images",
        "labels_url": "https://api.github.com/repos/AlmaLinux/docker-images/issues/110/labels{/name}",
        "comments_url": "https://api.github.com/repos/AlmaLinux/docker-images/issues/110/comments",
        "events_url": "https://api.github.com/repos/AlmaLinux/docker-images/issues/110/events",
        "html_url": "https://github.com/AlmaLinux/docker-images/issues/110",
        "id": 2086154715,
        "node_id": "I_kwDOFApwFM58WDHb",
        "number": 110,
        "title": "Almalinux dnf upgrade fail: GPG check FAILED",
        "user": {
            "login": "jordanefillatre",
            "id": 51080055,
            "node_id": "MDQ6VXNlcjUxMDgwMDU1",
            "avatar_url": "https://avatars.githubusercontent.com/u/51080055?v=4",
            "gravatar_id": "",
            "url": "https://api.github.com/users/jordanefillatre",
            "html_url": "https://github.com/jordanefillatre",
            "followers_url": "https://api.github.com/users/jordanefillatre/followers",
            "following_url": "https://api.github.com/users/jordanefillatre/following{/other_user}",
            "gists_url": "https://api.github.com/users/jordanefillatre/gists{/gist_id}",
            "starred_url": "https://api.github.com/users/jordanefillatre/starred{/owner}{/repo}",
            "subscriptions_url": "https://api.github.com/users/jordanefillatre/subscriptions",
            "organizations_url": "https://api.github.com/users/jordanefillatre/orgs",
            "repos_url": "https://api.github.com/users/jordanefillatre/repos",
            "events_url": "https://api.github.com/users/jordanefillatre/events{/privacy}",
            "received_events_url": "https://api.github.com/users/jordanefillatre/received_events",
            "type": "User",
            "user_view_type": "public",
            "site_admin": false
        },
        "labels": [],
        "state": "open",
        "locked": false,
        "assignee": null,
        "assignees": [],
        "milestone": null,
        "comments": 8,
        "created_at": "2024-01-17T13:05:45Z",
        "updated_at": "2024-08-27T22:07:43Z",
        "closed_at": null,
        "author_association": "NONE",
        "sub_issues_summary": {
            "total": 0,
            "completed": 0,
            "percent_completed": 0
        },
        "active_lock_reason": null,
        "body": "Since the 17/01/24, the dnf upgrade run from almalinux:8.8 image fail:\r\n\r\n```\r\nAlmaLinux 8 - BaseOS                                                                                                            3.3 MB/s | 3.4 kB     00:00    \r\nImporting GPG key 0xC21AD6EA:\r\n Userid     : \"AlmaLinux <packager@almalinux.org>\"\r\n Fingerprint: E53C F5EF 91CE B0AD 1812 ECB8 51D6 647E C21A D6EA\r\n From       : /etc/pki/rpm-gpg/RPM-GPG-KEY-AlmaLinux\r\nIs this ok [y/N]: y\r\nKey imported successfully\r\nImport of key(s) didn't help, wrong key(s)?\r\nPublic key for platform-python-3.6.8-56.el8_9.3.alma.1.x86_64.rpm is not installed. Failing package is: platform-python-3.6.8-56.el8_9.3.alma.1.x86_64\r\n GPG Keys are configured as: file:///etc/pki/rpm-gpg/RPM-GPG-KEY-AlmaLinux\r\nPublic key for python3-libs-3.6.8-56.el8_9.3.alma.1.x86_64.rpm is not installed. Failing package is: python3-libs-3.6.8-56.el8_9.3.alma.1.x86_64\r\n GPG Keys are configured as: file:///etc/pki/rpm-gpg/RPM-GPG-KEY-AlmaLinux\r\nPublic key for sqlite-libs-3.26.0-19.el8_9.x86_64.rpm is not installed. Failing package is: sqlite-libs-3.26.0-19.el8_9.x86_64\r\n GPG Keys are configured as: file:///etc/pki/rpm-gpg/RPM-GPG-KEY-AlmaLinux\r\nThe downloaded packages were saved in cache until the next successful transaction.\r\nYou can remove cached packages by executing 'dnf clean packages'.\r\nError: GPG check FAILED\r\n```\r\n\r\nIt appears that these packages versions have been added between the 16-Jan-2024 at 11:57 and the 16-Jan-2024 at 16:46\r\n\r\n",
        "closed_by": null,
        "reactions": {
            "url": "https://api.github.com/repos/AlmaLinux/docker-images/issues/110/reactions",
            "total_count": 1,
            "+1": 1,
            "-1": 0,
            "laugh": 0,
            "hooray": 0,
            "confused": 0,
            "heart": 0,
            "rocket": 0,
            "eyes": 0
        },
        "timeline_url": "https://api.github.com/repos/AlmaLinux/docker-images/issues/110/timeline",
        "performed_via_github_app": null,
        "state_reason": null
    },
    {
        "url": "https://api.github.com/repos/AlmaLinux/docker-images/issues/109",
        "repository_url": "https://api.github.com/repos/AlmaLinux/docker-images",
        "labels_url": "https://api.github.com/repos/AlmaLinux/docker-images/issues/109/labels{/name}",
        "comments_url": "https://api.github.com/repos/AlmaLinux/docker-images/issues/109/comments",
        "events_url": "https://api.github.com/repos/AlmaLinux/docker-images/issues/109/events",
        "html_url": "https://github.com/AlmaLinux/docker-images/issues/109",
        "id": 2079222791,
        "node_id": "I_kwDOFApwFM577mwH",
        "number": 109,
        "title": "At least 8-minimal:latest is outdated in quay.io",
        "user": {
            "login": "andrewlukoshko",
            "id": 3509720,
            "node_id": "MDQ6VXNlcjM1MDk3MjA=",
            "avatar_url": "https://avatars.githubusercontent.com/u/3509720?v=4",
            "gravatar_id": "",
            "url": "https://api.github.com/users/andrewlukoshko",
            "html_url": "https://github.com/andrewlukoshko",
            "followers_url": "https://api.github.com/users/andrewlukoshko/followers",
            "following_url": "https://api.github.com/users/andrewlukoshko/following{/other_user}",
            "gists_url": "https://api.github.com/users/andrewlukoshko/gists{/gist_id}",
            "starred_url": "https://api.github.com/users/andrewlukoshko/starred{/owner}{/repo}",
            "subscriptions_url": "https://api.github.com/users/andrewlukoshko/subscriptions",
            "organizations_url": "https://api.github.com/users/andrewlukoshko/orgs",
            "repos_url": "https://api.github.com/users/andrewlukoshko/repos",
            "events_url": "https://api.github.com/users/andrewlukoshko/events{/privacy}",
            "received_events_url": "https://api.github.com/users/andrewlukoshko/received_events",
            "type": "User",
            "user_view_type": "public",
            "site_admin": false
        },
        "labels": [],
        "state": "open",
        "locked": false,
        "assignee": {
            "login": "LKHN",
            "id": 10092215,
            "node_id": "MDQ6VXNlcjEwMDkyMjE1",
            "avatar_url": "https://avatars.githubusercontent.com/u/10092215?v=4",
            "gravatar_id": "",
            "url": "https://api.github.com/users/LKHN",
            "html_url": "https://github.com/LKHN",
            "followers_url": "https://api.github.com/users/LKHN/followers",
            "following_url": "https://api.github.com/users/LKHN/following{/other_user}",
            "gists_url": "https://api.github.com/users/LKHN/gists{/gist_id}",
            "starred_url": "https://api.github.com/users/LKHN/starred{/owner}{/repo}",
            "subscriptions_url": "https://api.github.com/users/LKHN/subscriptions",
            "organizations_url": "https://api.github.com/users/LKHN/orgs",
            "repos_url": "https://api.github.com/users/LKHN/repos",
            "events_url": "https://api.github.com/users/LKHN/events{/privacy}",
            "received_events_url": "https://api.github.com/users/LKHN/received_events",
            "type": "User",
            "user_view_type": "public",
            "site_admin": false
        },
        "assignees": [
            {
                "login": "LKHN",
                "id": 10092215,
                "node_id": "MDQ6VXNlcjEwMDkyMjE1",
                "avatar_url": "https://avatars.githubusercontent.com/u/10092215?v=4",
                "gravatar_id": "",
                "url": "https://api.github.com/users/LKHN",
                "html_url": "https://github.com/LKHN",
                "followers_url": "https://api.github.com/users/LKHN/followers",
                "following_url": "https://api.github.com/users/LKHN/following{/other_user}",
                "gists_url": "https://api.github.com/users/LKHN/gists{/gist_id}",
                "starred_url": "https://api.github.com/users/LKHN/starred{/owner}{/repo}",
                "subscriptions_url": "https://api.github.com/users/LKHN/subscriptions",
                "organizations_url": "https://api.github.com/users/LKHN/orgs",
                "repos_url": "https://api.github.com/users/LKHN/repos",
                "events_url": "https://api.github.com/users/LKHN/events{/privacy}",
                "received_events_url": "https://api.github.com/users/LKHN/received_events",
                "type": "User",
                "user_view_type": "public",
                "site_admin": false
            }
        ],
        "milestone": null,
        "comments": 1,
        "created_at": "2024-01-12T16:23:35Z",
        "updated_at": "2024-01-17T22:33:39Z",
        "closed_at": null,
        "author_association": "MEMBER",
        "sub_issues_summary": {
            "total": 0,
            "completed": 0,
            "percent_completed": 0
        },
        "active_lock_reason": null,
        "body": "It's reported in AlmaLinux chat that 8-minimal:latest is outdated in quay.io:\r\n```\r\n$ podman run -it --rm docker.io/almalinux/8-minimal:latest rpm -q --qf '%{nevra} %{buildtime:date}\\n' almalinux-release\r\nalmalinux-release-8.9-1.el8.x86_64 Thu Nov 16 08:05:10 2023\r\n```\r\nvs.\r\n```\r\n$ podman run -it --rm quay.io/almalinux/8-minimal:latest rpm -q --qf '%{nevra} %{buildtime:date}\\n' almalinux-release\r\nalmalinux-release-8.7-3.el8.x86_64 Sat Nov 19 02:44:12 2022\r\n```\r\nWe need to check all images and fix release pipeline",
        "closed_by": null,
        "reactions": {
            "url": "https://api.github.com/repos/AlmaLinux/docker-images/issues/109/reactions",
            "total_count": 0,
            "+1": 0,
            "-1": 0,
            "laugh": 0,
            "hooray": 0,
            "confused": 0,
            "heart": 0,
            "rocket": 0,
            "eyes": 0
        },
        "timeline_url": "https://api.github.com/repos/AlmaLinux/docker-images/issues/109/timeline",
        "performed_via_github_app": null,
        "state_reason": null
    },
    {
        "url": "https://api.github.com/repos/AlmaLinux/docker-images/issues/101",
        "repository_url": "https://api.github.com/repos/AlmaLinux/docker-images",
        "labels_url": "https://api.github.com/repos/AlmaLinux/docker-images/issues/101/labels{/name}",
        "comments_url": "https://api.github.com/repos/AlmaLinux/docker-images/issues/101/comments",
        "events_url": "https://api.github.com/repos/AlmaLinux/docker-images/issues/101/events",
        "html_url": "https://github.com/AlmaLinux/docker-images/issues/101",
        "id": 1974014866,
        "node_id": "I_kwDOFApwFM51qROS",
        "number": 101,
        "title": "Installing of packages fails due to a peer certificate cannot be authenticated",
        "user": {
            "login": "HerbertKoelman",
            "id": 2906905,
            "node_id": "MDQ6VXNlcjI5MDY5MDU=",
            "avatar_url": "https://avatars.githubusercontent.com/u/2906905?v=4",
            "gravatar_id": "",
            "url": "https://api.github.com/users/HerbertKoelman",
            "html_url": "https://github.com/HerbertKoelman",
            "followers_url": "https://api.github.com/users/HerbertKoelman/followers",
            "following_url": "https://api.github.com/users/HerbertKoelman/following{/other_user}",
            "gists_url": "https://api.github.com/users/HerbertKoelman/gists{/gist_id}",
            "starred_url": "https://api.github.com/users/HerbertKoelman/starred{/owner}{/repo}",
            "subscriptions_url": "https://api.github.com/users/HerbertKoelman/subscriptions",
            "organizations_url": "https://api.github.com/users/HerbertKoelman/orgs",
            "repos_url": "https://api.github.com/users/HerbertKoelman/repos",
            "events_url": "https://api.github.com/users/HerbertKoelman/events{/privacy}",
            "received_events_url": "https://api.github.com/users/HerbertKoelman/received_events",
            "type": "User",
            "user_view_type": "public",
            "site_admin": false
        },
        "labels": [],
        "state": "open",
        "locked": false,
        "assignee": null,
        "assignees": [],
        "milestone": null,
        "comments": 2,
        "created_at": "2023-11-02T11:07:57Z",
        "updated_at": "2023-11-24T22:52:24Z",
        "closed_at": null,
        "author_association": "NONE",
        "sub_issues_summary": {
            "total": 0,
            "completed": 0,
            "percent_completed": 0
        },
        "active_lock_reason": null,
        "body": "Hello,\r\n\r\nI want to create a docker image based on AlmaLinux 6 with:\r\n- maven\r\n- openjdk 11\r\n\r\nThis what my Dockerfile looks like:\r\n``` \r\nFROM almalinux:8\r\n\r\nRUN dnf clean all && dnf install -y java-11-openjdk-devel\r\n\r\nADD apache-maven-3.9.5-bin.tar.gz /\r\nENV  PATH=\"${PATH}:/apache-maven-3.9.5/bin\"\r\n\r\nCOPY settings.xml /apache-maven-3.9.5/conf/\r\n\r\nCMD  mvn\r\n``` \r\nWhen I build this Dockerfile I get this error message: **Curl error (60): Peer certificate cannot be authenticated with given CA certificates**\r\n```\r\n$ docker build --no-cache --progress=plain --tag mvn-runner:latest .\r\n#0 building with \"default\" instance using docker driver\r\n\r\n#1 [internal] load .dockerignore\r\n#1 transferring context: 2B done\r\n#1 DONE 0.0s\r\n\r\n#2 [internal] load build definition from Dockerfile\r\n#2 transferring dockerfile: 543B done\r\n#2 DONE 0.0s\r\n\r\n#3 [internal] load metadata for docker.io/almalinux/8-base:latest\r\n#3 DONE 0.7s\r\n\r\n#4 [internal] load build context\r\n#4 transferring context: 289B done\r\n#4 DONE 0.0s\r\n\r\n#5 [1/5] FROM docker.io/almalinux/8-base@sha256:3e4974e643b1010ee539f7c2f4c07d7bc9d7789d6860e78c2d042c16568f5d8d\r\n#5 CACHED\r\n\r\n#6 [2/5] RUN update-crypto-policies --set DEFAULT\r\n#6 0.308 Setting system policy to DEFAULT\r\n#6 0.308 Note: System-wide crypto policies are applied on application start-up.\r\n#6 0.308 It is recommended to restart the system for the change of policies\r\n#6 0.308 to fully take place.\r\n#6 DONE 0.4s\r\n\r\n#7 [3/5] RUN dnf clean all && dnf install -y java-11-openjdk-devel\r\n#7 0.548 0 files removed\r\n#7 3.373 AlmaLinux 8 - BaseOS                            0.0  B/s |   0  B     00:02\r\n#7 3.374 Errors during downloading metadata for repository 'baseos':\r\n#7 3.374   - Curl error (60): Peer certificate cannot be authenticated with given CA certificates for https://mirrors.almalinux.org/mirrorlist/8/baseos?countme=1 [SSL certificate problem: unable to get local issuer certificate]\r\n#7 3.374   - Curl error (60): Peer certificate cannot be authenticated with given CA certificates for https://mirrors.almalinux.org/mirrorlist/8/baseos [SSL certificate problem: unable to get local issuer certificate]\r\n#7 3.382 Error: Failed to download metadata for repo 'baseos': Cannot prepare internal mirrorlist: Curl error (60): Peer certificate cannot be authenticated with given CA certificates for https://mirrors.almalinux.org/mirrorlist/8/baseos [SSL certificate problem: unable to get local issuer certificate]\r\n#7 ERROR: process \"/bin/sh -c dnf clean all && dnf install -y java-11-openjdk-devel\" did not complete successfully: exit code: 1\r\n------\r\n > [3/5] RUN dnf clean all && dnf install -y java-11-openjdk-devel:\r\n0.548 0 files removed\r\n3.373 AlmaLinux 8 - BaseOS                            0.0  B/s |   0  B     00:02\r\n3.374 Errors during downloading metadata for repository 'baseos':\r\n3.374   - Curl error (60): Peer certificate cannot be authenticated with given CA certificates for https://mirrors.almalinux.org/mirrorlist/8/baseos?countme=1 [SSL certificate problem: unable to get local issuer certificate]\r\n3.374   - Curl error (60): Peer certificate cannot be authenticated with given CA certificates for https://mirrors.almalinux.org/mirrorlist/8/baseos [SSL certificate problem: unable to get local issuer certificate]\r\n3.382 Error: Failed to download metadata for repo 'baseos': Cannot prepare internal mirrorlist: Curl error (60): Peer certificate cannot be authenticated with given CA certificates for https://mirrors.almalinux.org/mirrorlist/8/baseos [SSL certificate problem: unable to get local issuer certificate]\r\n------\r\nDockerfile:5\r\n--------------------\r\n   3 |     # install dependencies\r\n   4 |     RUN update-crypto-policies --set DEFAULT\r\n   5 | >>> RUN dnf clean all && dnf install -y java-11-openjdk-devel\r\n   6 |     # install maven and extend PATH to use installed maven\r\n   7 |     ADD apache-maven-3.9.5-bin.tar.gz /\r\n--------------------\r\nERROR: failed to solve: process \"/bin/sh -c dnf clean all && dnf install -y java-11-openjdk-devel\" did not complete successfully: exit code: 1\r\n\r\nshell returned 1\r\n\r\nPress ENTER or type command to continue\r\n[No write since last change]\r\n#0 building with \"default\" instance using docker driver\r\n\r\n#1 [internal] load .dockerignore\r\n#1 transferring context: 2B done\r\n#1 DONE 0.0s\r\n\r\n#2 [internal] load build definition from Dockerfile\r\n#2 transferring dockerfile: 543B done\r\n#2 DONE 0.0s\r\n\r\n#3 [internal] load metadata for docker.io/almalinux/8-base:latest\r\n#3 DONE 0.9s\r\n\r\n#4 [1/5] FROM docker.io/almalinux/8-base@sha256:3e4974e643b1010ee539f7c2f4c07d7bc9d7789d6860e78c2d042c16568f5d8d\r\n#4 CACHED\r\n\r\n#5 [internal] load build context\r\n#5 transferring context: 289B done\r\n#5 DONE 0.0s\r\n\r\n#6 [2/5] RUN update-crypto-policies --set DEFAULT\r\n#6 0.324 Setting system policy to DEFAULT\r\n#6 0.324 Note: System-wide crypto policies are applied on application start-up.\r\n#6 0.324 It is recommended to restart the system for the change of policies\r\n#6 0.324 to fully take place.\r\n#6 DONE 0.4s\r\n\r\n#7 [3/5] RUN dnf clean all && dnf install -y java-11-openjdk-devel\r\n#7 0.536 0 files removed\r\n#7 3.068 AlmaLinux 8 - BaseOS                            0.0  B/s |   0  B     00:02\r\n#7 3.069 Errors during downloading metadata for repository 'baseos':\r\n#7 3.069   - Curl error (60): Peer certificate cannot be authenticated with given CA certificates for https://mirrors.almalinux.org/mirrorlist/8/baseos?countme=1 [SSL certificate problem: unable to get local issuer certificate]\r\n#7 3.069   - Curl error (60): Peer certificate cannot be authenticated with given CA certificates for https://mirrors.almalinux.org/mirrorlist/8/baseos [SSL certificate problem: unable to get local issuer certificate]\r\n#7 3.077 Error: Failed to download metadata for repo 'baseos': Cannot prepare internal mirrorlist: Curl error (60): Peer certificate cannot be authenticated with given CA certificates for https://mirrors.almalinux.org/mirrorlist/8/baseos [SSL certificate problem: unable to get local issuer certificate]\r\n#7 ERROR: process \"/bin/sh -c dnf clean all && dnf install -y java-11-openjdk-devel\" did not complete successfully: exit code: 1\r\n------\r\n > [3/5] RUN dnf clean all && dnf install -y java-11-openjdk-devel:\r\n0.536 0 files removed\r\n3.068 AlmaLinux 8 - BaseOS                            0.0  B/s |   0  B     00:02\r\n3.069 Errors during downloading metadata for repository 'baseos':\r\n3.069   - Curl error (60): Peer certificate cannot be authenticated with given CA certificates for https://mirrors.almalinux.org/mirrorlist/8/baseos?countme=1 [SSL certificate problem: unable to get local issuer certificate]\r\n3.069   - Curl error (60): Peer certificate cannot be authenticated with given CA certificates for https://mirrors.almalinux.org/mirrorlist/8/baseos [SSL certificate problem: unable to get local issuer certificate]\r\n3.077 Error: Failed to download metadata for repo 'baseos': Cannot prepare internal mirrorlist: Curl error (60): Peer certificate cannot be authenticated with given CA certificates for https://mirrors.almalinux.org/mirrorlist/8/baseos [SSL certificate problem: unable to get local issuer certificate]\r\n------\r\nDockerfile:5\r\n--------------------\r\n   3 |     # install dependencies\r\n   4 |     RUN update-crypto-policies --set DEFAULT\r\n   5 | >>> RUN dnf clean all && dnf install -y java-11-openjdk-devel\r\n   6 |     # install maven and extend PATH to use installed maven\r\n   7 |     ADD apache-maven-3.9.5-bin.tar.gz /\r\n--------------------\r\nERROR: failed to solve: process \"/bin/sh -c dnf clean all && dnf install -y java-11-openjdk-devel\" did not complete successfully: exit code: 1\r\n\r\nshell returned 1\r\n```\r\n\r\nI'm running this build on an AlmaLinux 8\r\n\r\nAny idea ?",
        "closed_by": null,
        "reactions": {
            "url": "https://api.github.com/repos/AlmaLinux/docker-images/issues/101/reactions",
            "total_count": 0,
            "+1": 0,
            "-1": 0,
            "laugh": 0,
            "hooray": 0,
            "confused": 0,
            "heart": 0,
            "rocket": 0,
            "eyes": 0
        },
        "timeline_url": "https://api.github.com/repos/AlmaLinux/docker-images/issues/101/timeline",
        "performed_via_github_app": null,
        "state_reason": null
    },
    {
        "url": "https://api.github.com/repos/AlmaLinux/docker-images/issues/94",
        "repository_url": "https://api.github.com/repos/AlmaLinux/docker-images",
        "labels_url": "https://api.github.com/repos/AlmaLinux/docker-images/issues/94/labels{/name}",
        "comments_url": "https://api.github.com/repos/AlmaLinux/docker-images/issues/94/comments",
        "events_url": "https://api.github.com/repos/AlmaLinux/docker-images/issues/94/events",
        "html_url": "https://github.com/AlmaLinux/docker-images/pull/94",
        "id": 1709427951,
        "node_id": "PR_kwDOFApwFM5QeoKD",
        "number": 94,
        "title": "docker_utils_functions: Prevent globbing and word splitting",
        "user": {
            "login": "m10k",
            "id": 19570637,
            "node_id": "MDQ6VXNlcjE5NTcwNjM3",
            "avatar_url": "https://avatars.githubusercontent.com/u/19570637?v=4",
            "gravatar_id": "",
            "url": "https://api.github.com/users/m10k",
            "html_url": "https://github.com/m10k",
            "followers_url": "https://api.github.com/users/m10k/followers",
            "following_url": "https://api.github.com/users/m10k/following{/other_user}",
            "gists_url": "https://api.github.com/users/m10k/gists{/gist_id}",
            "starred_url": "https://api.github.com/users/m10k/starred{/owner}{/repo}",
            "subscriptions_url": "https://api.github.com/users/m10k/subscriptions",
            "organizations_url": "https://api.github.com/users/m10k/orgs",
            "repos_url": "https://api.github.com/users/m10k/repos",
            "events_url": "https://api.github.com/users/m10k/events{/privacy}",
            "received_events_url": "https://api.github.com/users/m10k/received_events",
            "type": "User",
            "user_view_type": "public",
            "site_admin": false
        },
        "labels": [],
        "state": "open",
        "locked": false,
        "assignee": null,
        "assignees": [],
        "milestone": null,
        "comments": 0,
        "created_at": "2023-05-15T06:50:02Z",
        "updated_at": "2023-05-15T06:50:02Z",
        "closed_at": null,
        "author_association": "MEMBER",
        "sub_issues_summary": {
            "total": 0,
            "completed": 0,
            "percent_completed": 0
        },
        "active_lock_reason": null,
        "draft": false,
        "pull_request": {
            "url": "https://api.github.com/repos/AlmaLinux/docker-images/pulls/94",
            "html_url": "https://github.com/AlmaLinux/docker-images/pull/94",
            "diff_url": "https://github.com/AlmaLinux/docker-images/pull/94.diff",
            "patch_url": "https://github.com/AlmaLinux/docker-images/pull/94.patch",
            "merged_at": null
        },
        "body": "Shellcheck reports several lines in *docker_utils_functions* where\r\nglobbing and word splitting may occur because of missing quotes\r\naround variables.\r\n\r\nThis commit prevents globbing and word splitting by adding quotes\r\naround variables or replacing strings with arrays where necessary.",
        "closed_by": null,
        "reactions": {
            "url": "https://api.github.com/repos/AlmaLinux/docker-images/issues/94/reactions",
            "total_count": 0,
            "+1": 0,
            "-1": 0,
            "laugh": 0,
            "hooray": 0,
            "confused": 0,
            "heart": 0,
            "rocket": 0,
            "eyes": 0
        },
        "timeline_url": "https://api.github.com/repos/AlmaLinux/docker-images/issues/94/timeline",
        "performed_via_github_app": null,
        "state_reason": null
    },
    {
        "url": "https://api.github.com/repos/AlmaLinux/docker-images/issues/86",
        "repository_url": "https://api.github.com/repos/AlmaLinux/docker-images",
        "labels_url": "https://api.github.com/repos/AlmaLinux/docker-images/issues/86/labels{/name}",
        "comments_url": "https://api.github.com/repos/AlmaLinux/docker-images/issues/86/comments",
        "events_url": "https://api.github.com/repos/AlmaLinux/docker-images/issues/86/events",
        "html_url": "https://github.com/AlmaLinux/docker-images/issues/86",
        "id": 1602622922,
        "node_id": "I_kwDOFApwFM5fhhXK",
        "number": 86,
        "title": "Unable to change network interfaces in corporate environments",
        "user": {
            "login": "willemavjc",
            "id": 321359,
            "node_id": "MDQ6VXNlcjMyMTM1OQ==",
            "avatar_url": "https://avatars.githubusercontent.com/u/321359?v=4",
            "gravatar_id": "",
            "url": "https://api.github.com/users/willemavjc",
            "html_url": "https://github.com/willemavjc",
            "followers_url": "https://api.github.com/users/willemavjc/followers",
            "following_url": "https://api.github.com/users/willemavjc/following{/other_user}",
            "gists_url": "https://api.github.com/users/willemavjc/gists{/gist_id}",
            "starred_url": "https://api.github.com/users/willemavjc/starred{/owner}{/repo}",
            "subscriptions_url": "https://api.github.com/users/willemavjc/subscriptions",
            "organizations_url": "https://api.github.com/users/willemavjc/orgs",
            "repos_url": "https://api.github.com/users/willemavjc/repos",
            "events_url": "https://api.github.com/users/willemavjc/events{/privacy}",
            "received_events_url": "https://api.github.com/users/willemavjc/received_events",
            "type": "User",
            "user_view_type": "public",
            "site_admin": false
        },
        "labels": [
            {
                "id": 2717542546,
                "node_id": "MDU6TGFiZWwyNzE3NTQyNTQ2",
                "url": "https://api.github.com/repos/AlmaLinux/docker-images/labels/question",
                "name": "question",
                "color": "d876e3",
                "default": true,
                "description": "Further information is requested"
            }
        ],
        "state": "open",
        "locked": false,
        "assignee": null,
        "assignees": [],
        "milestone": null,
        "comments": 1,
        "created_at": "2023-02-28T08:59:14Z",
        "updated_at": "2023-10-02T09:49:28Z",
        "closed_at": null,
        "author_association": "NONE",
        "sub_issues_summary": {
            "total": 0,
            "completed": 0,
            "percent_completed": 0
        },
        "active_lock_reason": null,
        "body": "# Context\r\n\r\nSome very outdated service but yet critical is required to be upgraded in a corporate environment. Critical service operates on a RHEL. A proof of concept (PoC) on an upgrade procedure is being designed so that various testings may be run in order to ensure that no relevant issues may appear once the deep layers of the said service are upgraded.\r\n\r\nAlmalinux is the (guest) O.S. that has been chosen for this PoC. \r\n\r\nThe PoC is being designed both within the company's office and from homes connected to the company using a VPN solution.\r\n\r\nNote: Packets transmission fails by default when using the VPN solution; this means when working from home. That failure comes from the *default* MTU size being too large for virtualized environments thus requiring to be decreased in order to get acknowledgements in time. Setting MTU size - from 1500 to 1400 - has been confirmed solving the issue on various Linux environments.\r\n\r\n# Issue\r\n\r\nSuch required modification cannot be performed on Almalinux when working remotely - i.e. from home - due to the lack of `ifconfig` and `ip` commands. Installation of those commands using `dnf` is impossible since `dnf` also suffers from packets loss/timeout since the MTU cannot be changed.\r\n\r\nNote: Any change of a corporate policy has been denied so no solution on that side may be possible.\r\n\r\nI personally spent quite some time googling for an alternative/native way to do so on Almalinux but failed to identify any other way than \"Install the missing package using dnf\" ...which is not possible since MTU is needed to be edited before to pass through the VPN.\r\n\r\nNote: Corporate policies prevent any use of PCs without any valid and active VPN connection first. This means that no network switching \"trick\" may be used.\r\n\r\n# Expectations\r\n\r\nBeing able to change MTU size with any command that may work like the following:\r\n\r\n```\r\nip link set dev eth0 mtu 1400\r\n```\r\n\r\nPerhaps have a minimal set of network commands to work with, like `ip`?\r\n\r\n# Example\r\n\r\n```\r\n[root@2edd0b057d25 /]# dnf upgrade -y\r\n^CAlmaLinux 9 - AppStream                                                                   [                                                            ===                     ] ---  B/s |   0  B     --:-- ETAlmaLinux 9 - AppStream                                                                                                                                                          0.0  B/s |   0  B     00:20\r\nError: Failed to download metadata for repo 'appstream': Cannot prepare internal mirrorlist: Interrupted by signal\r\n```",
        "closed_by": null,
        "reactions": {
            "url": "https://api.github.com/repos/AlmaLinux/docker-images/issues/86/reactions",
            "total_count": 0,
            "+1": 0,
            "-1": 0,
            "laugh": 0,
            "hooray": 0,
            "confused": 0,
            "heart": 0,
            "rocket": 0,
            "eyes": 0
        },
        "timeline_url": "https://api.github.com/repos/AlmaLinux/docker-images/issues/86/timeline",
        "performed_via_github_app": null,
        "state_reason": null
    },
    {
        "url": "https://api.github.com/repos/AlmaLinux/docker-images/issues/62",
        "repository_url": "https://api.github.com/repos/AlmaLinux/docker-images",
        "labels_url": "https://api.github.com/repos/AlmaLinux/docker-images/issues/62/labels{/name}",
        "comments_url": "https://api.github.com/repos/AlmaLinux/docker-images/issues/62/comments",
        "events_url": "https://api.github.com/repos/AlmaLinux/docker-images/issues/62/events",
        "html_url": "https://github.com/AlmaLinux/docker-images/issues/62",
        "id": 1235037659,
        "node_id": "I_kwDOFApwFM5JnS3b",
        "number": 62,
        "title": "Add util scripts to manage container image publish process",
        "user": {
            "login": "srbala",
            "id": 1273137,
            "node_id": "MDQ6VXNlcjEyNzMxMzc=",
            "avatar_url": "https://avatars.githubusercontent.com/u/1273137?v=4",
            "gravatar_id": "",
            "url": "https://api.github.com/users/srbala",
            "html_url": "https://github.com/srbala",
            "followers_url": "https://api.github.com/users/srbala/followers",
            "following_url": "https://api.github.com/users/srbala/following{/other_user}",
            "gists_url": "https://api.github.com/users/srbala/gists{/gist_id}",
            "starred_url": "https://api.github.com/users/srbala/starred{/owner}{/repo}",
            "subscriptions_url": "https://api.github.com/users/srbala/subscriptions",
            "organizations_url": "https://api.github.com/users/srbala/orgs",
            "repos_url": "https://api.github.com/users/srbala/repos",
            "events_url": "https://api.github.com/users/srbala/events{/privacy}",
            "received_events_url": "https://api.github.com/users/srbala/received_events",
            "type": "User",
            "user_view_type": "public",
            "site_admin": false
        },
        "labels": [
            {
                "id": 2717542536,
                "node_id": "MDU6TGFiZWwyNzE3NTQyNTM2",
                "url": "https://api.github.com/repos/AlmaLinux/docker-images/labels/enhancement",
                "name": "enhancement",
                "color": "a2eeef",
                "default": true,
                "description": "New feature or request"
            },
            {
                "id": 4207874015,
                "node_id": "LA_kwDOFApwFM76zw_f",
                "url": "https://api.github.com/repos/AlmaLinux/docker-images/labels/wip",
                "name": "wip",
                "color": "62B4D9",
                "default": false,
                "description": ""
            }
        ],
        "state": "open",
        "locked": false,
        "assignee": {
            "login": "srbala",
            "id": 1273137,
            "node_id": "MDQ6VXNlcjEyNzMxMzc=",
            "avatar_url": "https://avatars.githubusercontent.com/u/1273137?v=4",
            "gravatar_id": "",
            "url": "https://api.github.com/users/srbala",
            "html_url": "https://github.com/srbala",
            "followers_url": "https://api.github.com/users/srbala/followers",
            "following_url": "https://api.github.com/users/srbala/following{/other_user}",
            "gists_url": "https://api.github.com/users/srbala/gists{/gist_id}",
            "starred_url": "https://api.github.com/users/srbala/starred{/owner}{/repo}",
            "subscriptions_url": "https://api.github.com/users/srbala/subscriptions",
            "organizations_url": "https://api.github.com/users/srbala/orgs",
            "repos_url": "https://api.github.com/users/srbala/repos",
            "events_url": "https://api.github.com/users/srbala/events{/privacy}",
            "received_events_url": "https://api.github.com/users/srbala/received_events",
            "type": "User",
            "user_view_type": "public",
            "site_admin": false
        },
        "assignees": [
            {
                "login": "srbala",
                "id": 1273137,
                "node_id": "MDQ6VXNlcjEyNzMxMzc=",
                "avatar_url": "https://avatars.githubusercontent.com/u/1273137?v=4",
                "gravatar_id": "",
                "url": "https://api.github.com/users/srbala",
                "html_url": "https://github.com/srbala",
                "followers_url": "https://api.github.com/users/srbala/followers",
                "following_url": "https://api.github.com/users/srbala/following{/other_user}",
                "gists_url": "https://api.github.com/users/srbala/gists{/gist_id}",
                "starred_url": "https://api.github.com/users/srbala/starred{/owner}{/repo}",
                "subscriptions_url": "https://api.github.com/users/srbala/subscriptions",
                "organizations_url": "https://api.github.com/users/srbala/orgs",
                "repos_url": "https://api.github.com/users/srbala/repos",
                "events_url": "https://api.github.com/users/srbala/events{/privacy}",
                "received_events_url": "https://api.github.com/users/srbala/received_events",
                "type": "User",
                "user_view_type": "public",
                "site_admin": false
            }
        ],
        "milestone": null,
        "comments": 0,
        "created_at": "2022-05-13T10:15:47Z",
        "updated_at": "2022-06-07T07:15:10Z",
        "closed_at": null,
        "author_association": "CONTRIBUTOR",
        "sub_issues_summary": {
            "total": 0,
            "completed": 0,
            "percent_completed": 0
        },
        "active_lock_reason": null,
        "body": "Container images now have two major versions, four different arch support, and five types of images in place. Since each image type can have multiple tags, some util scripts will help ease up the process.",
        "closed_by": null,
        "reactions": {
            "url": "https://api.github.com/repos/AlmaLinux/docker-images/issues/62/reactions",
            "total_count": 0,
            "+1": 0,
            "-1": 0,
            "laugh": 0,
            "hooray": 0,
            "confused": 0,
            "heart": 0,
            "rocket": 0,
            "eyes": 0
        },
        "timeline_url": "https://api.github.com/repos/AlmaLinux/docker-images/issues/62/timeline",
        "performed_via_github_app": null,
        "state_reason": null
    },
    {
        "url": "https://api.github.com/repos/AlmaLinux/docker-images/issues/46",
        "repository_url": "https://api.github.com/repos/AlmaLinux/docker-images",
        "labels_url": "https://api.github.com/repos/AlmaLinux/docker-images/issues/46/labels{/name}",
        "comments_url": "https://api.github.com/repos/AlmaLinux/docker-images/issues/46/comments",
        "events_url": "https://api.github.com/repos/AlmaLinux/docker-images/issues/46/events",
        "html_url": "https://github.com/AlmaLinux/docker-images/issues/46",
        "id": 1093971508,
        "node_id": "I_kwDOFApwFM5BNK40",
        "number": 46,
        "title": "Create image diff script",
        "user": {
            "login": "srbala",
            "id": 1273137,
            "node_id": "MDQ6VXNlcjEyNzMxMzc=",
            "avatar_url": "https://avatars.githubusercontent.com/u/1273137?v=4",
            "gravatar_id": "",
            "url": "https://api.github.com/users/srbala",
            "html_url": "https://github.com/srbala",
            "followers_url": "https://api.github.com/users/srbala/followers",
            "following_url": "https://api.github.com/users/srbala/following{/other_user}",
            "gists_url": "https://api.github.com/users/srbala/gists{/gist_id}",
            "starred_url": "https://api.github.com/users/srbala/starred{/owner}{/repo}",
            "subscriptions_url": "https://api.github.com/users/srbala/subscriptions",
            "organizations_url": "https://api.github.com/users/srbala/orgs",
            "repos_url": "https://api.github.com/users/srbala/repos",
            "events_url": "https://api.github.com/users/srbala/events{/privacy}",
            "received_events_url": "https://api.github.com/users/srbala/received_events",
            "type": "User",
            "user_view_type": "public",
            "site_admin": false
        },
        "labels": [
            {
                "id": 2717542536,
                "node_id": "MDU6TGFiZWwyNzE3NTQyNTM2",
                "url": "https://api.github.com/repos/AlmaLinux/docker-images/labels/enhancement",
                "name": "enhancement",
                "color": "a2eeef",
                "default": true,
                "description": "New feature or request"
            }
        ],
        "state": "open",
        "locked": false,
        "assignee": {
            "login": "srbala",
            "id": 1273137,
            "node_id": "MDQ6VXNlcjEyNzMxMzc=",
            "avatar_url": "https://avatars.githubusercontent.com/u/1273137?v=4",
            "gravatar_id": "",
            "url": "https://api.github.com/users/srbala",
            "html_url": "https://github.com/srbala",
            "followers_url": "https://api.github.com/users/srbala/followers",
            "following_url": "https://api.github.com/users/srbala/following{/other_user}",
            "gists_url": "https://api.github.com/users/srbala/gists{/gist_id}",
            "starred_url": "https://api.github.com/users/srbala/starred{/owner}{/repo}",
            "subscriptions_url": "https://api.github.com/users/srbala/subscriptions",
            "organizations_url": "https://api.github.com/users/srbala/orgs",
            "repos_url": "https://api.github.com/users/srbala/repos",
            "events_url": "https://api.github.com/users/srbala/events{/privacy}",
            "received_events_url": "https://api.github.com/users/srbala/received_events",
            "type": "User",
            "user_view_type": "public",
            "site_admin": false
        },
        "assignees": [
            {
                "login": "srbala",
                "id": 1273137,
                "node_id": "MDQ6VXNlcjEyNzMxMzc=",
                "avatar_url": "https://avatars.githubusercontent.com/u/1273137?v=4",
                "gravatar_id": "",
                "url": "https://api.github.com/users/srbala",
                "html_url": "https://github.com/srbala",
                "followers_url": "https://api.github.com/users/srbala/followers",
                "following_url": "https://api.github.com/users/srbala/following{/other_user}",
                "gists_url": "https://api.github.com/users/srbala/gists{/gist_id}",
                "starred_url": "https://api.github.com/users/srbala/starred{/owner}{/repo}",
                "subscriptions_url": "https://api.github.com/users/srbala/subscriptions",
                "organizations_url": "https://api.github.com/users/srbala/orgs",
                "repos_url": "https://api.github.com/users/srbala/repos",
                "events_url": "https://api.github.com/users/srbala/events{/privacy}",
                "received_events_url": "https://api.github.com/users/srbala/received_events",
                "type": "User",
                "user_view_type": "public",
                "site_admin": false
            }
        ],
        "milestone": null,
        "comments": 1,
        "created_at": "2022-01-05T04:32:00Z",
        "updated_at": "2022-03-11T13:09:06Z",
        "closed_at": null,
        "author_association": "CONTRIBUTOR",
        "sub_issues_summary": {
            "total": 0,
            "completed": 0,
            "percent_completed": 0
        },
        "active_lock_reason": null,
        "body": "Create scripts to compare images, generate change log from image diff",
        "closed_by": null,
        "reactions": {
            "url": "https://api.github.com/repos/AlmaLinux/docker-images/issues/46/reactions",
            "total_count": 0,
            "+1": 0,
            "-1": 0,
            "laugh": 0,
            "hooray": 0,
            "confused": 0,
            "heart": 0,
            "rocket": 0,
            "eyes": 0
        },
        "timeline_url": "https://api.github.com/repos/AlmaLinux/docker-images/issues/46/timeline",
        "performed_via_github_app": null,
        "state_reason": null
    },
    {
        "url": "https://api.github.com/repos/AlmaLinux/docker-images/issues/19",
        "repository_url": "https://api.github.com/repos/AlmaLinux/docker-images",
        "labels_url": "https://api.github.com/repos/AlmaLinux/docker-images/issues/19/labels{/name}",
        "comments_url": "https://api.github.com/repos/AlmaLinux/docker-images/issues/19/comments",
        "events_url": "https://api.github.com/repos/AlmaLinux/docker-images/issues/19/events",
        "html_url": "https://github.com/AlmaLinux/docker-images/issues/19",
        "id": 984562903,
        "node_id": "MDU6SXNzdWU5ODQ1NjI5MDM=",
        "number": 19,
        "title": "Add Github workflow for daily image scan for updates",
        "user": {
            "login": "srbala",
            "id": 1273137,
            "node_id": "MDQ6VXNlcjEyNzMxMzc=",
            "avatar_url": "https://avatars.githubusercontent.com/u/1273137?v=4",
            "gravatar_id": "",
            "url": "https://api.github.com/users/srbala",
            "html_url": "https://github.com/srbala",
            "followers_url": "https://api.github.com/users/srbala/followers",
            "following_url": "https://api.github.com/users/srbala/following{/other_user}",
            "gists_url": "https://api.github.com/users/srbala/gists{/gist_id}",
            "starred_url": "https://api.github.com/users/srbala/starred{/owner}{/repo}",
            "subscriptions_url": "https://api.github.com/users/srbala/subscriptions",
            "organizations_url": "https://api.github.com/users/srbala/orgs",
            "repos_url": "https://api.github.com/users/srbala/repos",
            "events_url": "https://api.github.com/users/srbala/events{/privacy}",
            "received_events_url": "https://api.github.com/users/srbala/received_events",
            "type": "User",
            "user_view_type": "public",
            "site_admin": false
        },
        "labels": [
            {
                "id": 2717542536,
                "node_id": "MDU6TGFiZWwyNzE3NTQyNTM2",
                "url": "https://api.github.com/repos/AlmaLinux/docker-images/labels/enhancement",
                "name": "enhancement",
                "color": "a2eeef",
                "default": true,
                "description": "New feature or request"
            }
        ],
        "state": "open",
        "locked": false,
        "assignee": {
            "login": "srbala",
            "id": 1273137,
            "node_id": "MDQ6VXNlcjEyNzMxMzc=",
            "avatar_url": "https://avatars.githubusercontent.com/u/1273137?v=4",
            "gravatar_id": "",
            "url": "https://api.github.com/users/srbala",
            "html_url": "https://github.com/srbala",
            "followers_url": "https://api.github.com/users/srbala/followers",
            "following_url": "https://api.github.com/users/srbala/following{/other_user}",
            "gists_url": "https://api.github.com/users/srbala/gists{/gist_id}",
            "starred_url": "https://api.github.com/users/srbala/starred{/owner}{/repo}",
            "subscriptions_url": "https://api.github.com/users/srbala/subscriptions",
            "organizations_url": "https://api.github.com/users/srbala/orgs",
            "repos_url": "https://api.github.com/users/srbala/repos",
            "events_url": "https://api.github.com/users/srbala/events{/privacy}",
            "received_events_url": "https://api.github.com/users/srbala/received_events",
            "type": "User",
            "user_view_type": "public",
            "site_admin": false
        },
        "assignees": [
            {
                "login": "srbala",
                "id": 1273137,
                "node_id": "MDQ6VXNlcjEyNzMxMzc=",
                "avatar_url": "https://avatars.githubusercontent.com/u/1273137?v=4",
                "gravatar_id": "",
                "url": "https://api.github.com/users/srbala",
                "html_url": "https://github.com/srbala",
                "followers_url": "https://api.github.com/users/srbala/followers",
                "following_url": "https://api.github.com/users/srbala/following{/other_user}",
                "gists_url": "https://api.github.com/users/srbala/gists{/gist_id}",
                "starred_url": "https://api.github.com/users/srbala/starred{/owner}{/repo}",
                "subscriptions_url": "https://api.github.com/users/srbala/subscriptions",
                "organizations_url": "https://api.github.com/users/srbala/orgs",
                "repos_url": "https://api.github.com/users/srbala/repos",
                "events_url": "https://api.github.com/users/srbala/events{/privacy}",
                "received_events_url": "https://api.github.com/users/srbala/received_events",
                "type": "User",
                "user_view_type": "public",
                "site_admin": false
            }
        ],
        "milestone": null,
        "comments": 0,
        "created_at": "2021-09-01T03:20:36Z",
        "updated_at": "2022-05-13T10:03:53Z",
        "closed_at": null,
        "author_association": "CONTRIBUTOR",
        "sub_issues_summary": {
            "total": 0,
            "completed": 0,
            "percent_completed": 0
        },
        "active_lock_reason": null,
        "body": null,
        "closed_by": null,
        "reactions": {
            "url": "https://api.github.com/repos/AlmaLinux/docker-images/issues/19/reactions",
            "total_count": 0,
            "+1": 0,
            "-1": 0,
            "laugh": 0,
            "hooray": 0,
            "confused": 0,
            "heart": 0,
            "rocket": 0,
            "eyes": 0
        },
        "timeline_url": "https://api.github.com/repos/AlmaLinux/docker-images/issues/19/timeline",
        "performed_via_github_app": null,
        "state_reason": null
    }
]