[
    {
        "url": "https://api.github.com/repos/alovajs/alova/issues/633",
        "repository_url": "https://api.github.com/repos/alovajs/alova",
        "labels_url": "https://api.github.com/repos/alovajs/alova/issues/633/labels{/name}",
        "comments_url": "https://api.github.com/repos/alovajs/alova/issues/633/comments",
        "events_url": "https://api.github.com/repos/alovajs/alova/issues/633/events",
        "html_url": "https://github.com/alovajs/alova/pull/633",
        "id": 2803312037,
        "node_id": "PR_kwDOIUSc686IkjR6",
        "number": 633,
        "title": "chore(deps-dev): bump vite from 5.4.10 to 5.4.12",
        "user": {
            "login": "dependabot[bot]",
            "id": 49699333,
            "node_id": "MDM6Qm90NDk2OTkzMzM=",
            "avatar_url": "https://avatars.githubusercontent.com/in/29110?v=4",
            "gravatar_id": "",
            "url": "https://api.github.com/users/dependabot%5Bbot%5D",
            "html_url": "https://github.com/apps/dependabot",
            "followers_url": "https://api.github.com/users/dependabot%5Bbot%5D/followers",
            "following_url": "https://api.github.com/users/dependabot%5Bbot%5D/following{/other_user}",
            "gists_url": "https://api.github.com/users/dependabot%5Bbot%5D/gists{/gist_id}",
            "starred_url": "https://api.github.com/users/dependabot%5Bbot%5D/starred{/owner}{/repo}",
            "subscriptions_url": "https://api.github.com/users/dependabot%5Bbot%5D/subscriptions",
            "organizations_url": "https://api.github.com/users/dependabot%5Bbot%5D/orgs",
            "repos_url": "https://api.github.com/users/dependabot%5Bbot%5D/repos",
            "events_url": "https://api.github.com/users/dependabot%5Bbot%5D/events{/privacy}",
            "received_events_url": "https://api.github.com/users/dependabot%5Bbot%5D/received_events",
            "type": "Bot",
            "user_view_type": "public",
            "site_admin": false
        },
        "labels": [
            {
                "id": 4890442924,
                "node_id": "LA_kwDOIUSc688AAAABI348rA",
                "url": "https://api.github.com/repos/alovajs/alova/labels/dependencies",
                "name": "dependencies",
                "color": "0366d6",
                "default": false,
                "description": "Pull requests that update a dependency file"
            },
            {
                "id": 7234776311,
                "node_id": "LA_kwDOIUSc688AAAABrzns9w",
                "url": "https://api.github.com/repos/alovajs/alova/labels/example",
                "name": "example",
                "color": "ededed",
                "default": false,
                "description": null
            }
        ],
        "state": "open",
        "locked": false,
        "assignee": null,
        "assignees": [],
        "milestone": null,
        "comments": 1,
        "created_at": "2025-01-22T04:01:27Z",
        "updated_at": "2025-01-22T04:01:40Z",
        "closed_at": null,
        "author_association": "CONTRIBUTOR",
        "sub_issues_summary": {
            "total": 0,
            "completed": 0,
            "percent_completed": 0
        },
        "active_lock_reason": null,
        "draft": false,
        "pull_request": {
            "url": "https://api.github.com/repos/alovajs/alova/pulls/633",
            "html_url": "https://github.com/alovajs/alova/pull/633",
            "diff_url": "https://github.com/alovajs/alova/pull/633.diff",
            "patch_url": "https://github.com/alovajs/alova/pull/633.patch",
            "merged_at": null
        },
        "body": "Bumps [vite](https://github.com/vitejs/vite/tree/HEAD/packages/vite) from 5.4.10 to 5.4.12.\n<details>\n<summary>Release notes</summary>\n<p><em>Sourced from <a href=\"https://github.com/vitejs/vite/releases\">vite's releases</a>.</em></p>\n<blockquote>\n<h2>v5.4.12</h2>\n<p>This version contains a breaking change due to security fixes. See <a href=\"https://github.com/vitejs/vite/security/advisories/GHSA-vg6x-rcgg-rjx6\">https://github.com/vitejs/vite/security/advisories/GHSA-vg6x-rcgg-rjx6</a> for more details.</p>\n<p>Please refer to <a href=\"https://github.com/vitejs/vite/blob/v5.4.12/packages/vite/CHANGELOG.md\">CHANGELOG.md</a> for details.</p>\n<h2>v5.4.11</h2>\n<p>Please refer to <a href=\"https://github.com/vitejs/vite/blob/ecd2375460edb4ae258fed4abe6c6f6ed7323b23/packages/vite/CHANGELOG.md\">CHANGELOG.md</a> for details.</p>\n</blockquote>\n</details>\n<details>\n<summary>Changelog</summary>\n<p><em>Sourced from <a href=\"https://github.com/vitejs/vite/blob/v5.4.12/packages/vite/CHANGELOG.md\">vite's changelog</a>.</em></p>\n<blockquote>\n<h2><!-- raw HTML omitted -->5.4.12 (2025-01-20)<!-- raw HTML omitted --></h2>\n<ul>\n<li>fix!: check host header to prevent DNS rebinding attacks and introduce <code>server.allowedHosts</code> (<a href=\"https://github.com/vitejs/vite/commit/9da4abc8dde7f032ca1f23f425c2060b9b9ebd34\">9da4abc</a>)</li>\n<li>fix!: default <code>server.cors: false</code> to disallow fetching from untrusted origins (<a href=\"https://github.com/vitejs/vite/commit/dfea38f1ff9f6fc0f0ca57927c527b0b9ffd2210\">dfea38f</a>)</li>\n<li>fix: verify token for HMR WebSocket connection (<a href=\"https://github.com/vitejs/vite/commit/b71a5c89a1b4b913813ae665e6e04dd9d18c189c\">b71a5c8</a>)</li>\n<li>chore: add deps update changelog (<a href=\"https://github.com/vitejs/vite/commit/ecd2375460edb4ae258fed4abe6c6f6ed7323b23\">ecd2375</a>)</li>\n</ul>\n<h2><!-- raw HTML omitted -->5.4.11 (2024-11-11)<!-- raw HTML omitted --></h2>\n<ul>\n<li>fix(deps): update dependencies of postcss-modules (<a href=\"https://github.com/vitejs/vite/commit/ceb15db613d107e29f7cc1d441364f7b5c831ed3\">ceb15db</a>), closes <a href=\"https://redirect.github.com/vitejs/vite/issues/18617\">#18617</a></li>\n</ul>\n</blockquote>\n</details>\n<details>\n<summary>Commits</summary>\n<ul>\n<li><a href=\"https://github.com/vitejs/vite/commit/f428aa9af8534b214abb09fe4456653eb09913e7\"><code>f428aa9</code></a> release: v5.4.12</li>\n<li><a href=\"https://github.com/vitejs/vite/commit/9da4abc8dde7f032ca1f23f425c2060b9b9ebd34\"><code>9da4abc</code></a> fix!: check host header to prevent DNS rebinding attacks and introduce `serve...</li>\n<li><a href=\"https://github.com/vitejs/vite/commit/b71a5c89a1b4b913813ae665e6e04dd9d18c189c\"><code>b71a5c8</code></a> fix: verify token for HMR WebSocket connection</li>\n<li><a href=\"https://github.com/vitejs/vite/commit/dfea38f1ff9f6fc0f0ca57927c527b0b9ffd2210\"><code>dfea38f</code></a> fix!: default <code>server.cors: false</code> to disallow fetching from untrusted origins</li>\n<li><a href=\"https://github.com/vitejs/vite/commit/ecd2375460edb4ae258fed4abe6c6f6ed7323b23\"><code>ecd2375</code></a> chore: add deps update changelog</li>\n<li><a href=\"https://github.com/vitejs/vite/commit/c54c860f9d90e4074e5321648f9c5ee9fbda7038\"><code>c54c860</code></a> release: v5.4.11</li>\n<li>See full diff in <a href=\"https://github.com/vitejs/vite/commits/v5.4.12/packages/vite\">compare view</a></li>\n</ul>\n</details>\n<br />\n\n\n[![Dependabot compatibility score](https://dependabot-badges.githubapp.com/badges/compatibility_score?dependency-name=vite&package-manager=npm_and_yarn&previous-version=5.4.10&new-version=5.4.12)](https://docs.github.com/en/github/managing-security-vulnerabilities/about-dependabot-security-updates#about-compatibility-scores)\n\nDependabot will resolve any conflicts with this PR as long as you don't alter it yourself. You can also trigger a rebase manually by commenting `@dependabot rebase`.\n\n[//]: # (dependabot-automerge-start)\n[//]: # (dependabot-automerge-end)\n\n---\n\n<details>\n<summary>Dependabot commands and options</summary>\n<br />\n\nYou can trigger Dependabot actions by commenting on this PR:\n- `@dependabot rebase` will rebase this PR\n- `@dependabot recreate` will recreate this PR, overwriting any edits that have been made to it\n- `@dependabot merge` will merge this PR after your CI passes on it\n- `@dependabot squash and merge` will squash and merge this PR after your CI passes on it\n- `@dependabot cancel merge` will cancel a previously requested merge and block automerging\n- `@dependabot reopen` will reopen this PR if it is closed\n- `@dependabot close` will close this PR and stop Dependabot recreating it. You can achieve the same result by closing it manually\n- `@dependabot show <dependency name> ignore conditions` will show all of the ignore conditions of the specified dependency\n- `@dependabot ignore this major version` will close this PR and stop Dependabot creating any more for this major version (unless you reopen the PR or upgrade to it yourself)\n- `@dependabot ignore this minor version` will close this PR and stop Dependabot creating any more for this minor version (unless you reopen the PR or upgrade to it yourself)\n- `@dependabot ignore this dependency` will close this PR and stop Dependabot creating any more for this dependency (unless you reopen the PR or upgrade to it yourself)\nYou can disable automated security fix PRs for this repo from the [Security Alerts page](https://github.com/alovajs/alova/network/alerts).\n\n</details>",
        "closed_by": null,
        "reactions": {
            "url": "https://api.github.com/repos/alovajs/alova/issues/633/reactions",
            "total_count": 0,
            "+1": 0,
            "-1": 0,
            "laugh": 0,
            "hooray": 0,
            "confused": 0,
            "heart": 0,
            "rocket": 0,
            "eyes": 0
        },
        "timeline_url": "https://api.github.com/repos/alovajs/alova/issues/633/timeline",
        "performed_via_github_app": null,
        "state_reason": null
    },
    {
        "url": "https://api.github.com/repos/alovajs/alova/issues/620",
        "repository_url": "https://api.github.com/repos/alovajs/alova",
        "labels_url": "https://api.github.com/repos/alovajs/alova/issues/620/labels{/name}",
        "comments_url": "https://api.github.com/repos/alovajs/alova/issues/620/comments",
        "events_url": "https://api.github.com/repos/alovajs/alova/issues/620/events",
        "html_url": "https://github.com/alovajs/alova/issues/620",
        "id": 2763884312,
        "node_id": "I_kwDOIUSc686kvYcY",
        "number": 620,
        "title": "v3版本请求带上cookie",
        "user": {
            "login": "bailihuiyue",
            "id": 33573384,
            "node_id": "MDQ6VXNlcjMzNTczMzg0",
            "avatar_url": "https://avatars.githubusercontent.com/u/33573384?v=4",
            "gravatar_id": "",
            "url": "https://api.github.com/users/bailihuiyue",
            "html_url": "https://github.com/bailihuiyue",
            "followers_url": "https://api.github.com/users/bailihuiyue/followers",
            "following_url": "https://api.github.com/users/bailihuiyue/following{/other_user}",
            "gists_url": "https://api.github.com/users/bailihuiyue/gists{/gist_id}",
            "starred_url": "https://api.github.com/users/bailihuiyue/starred{/owner}{/repo}",
            "subscriptions_url": "https://api.github.com/users/bailihuiyue/subscriptions",
            "organizations_url": "https://api.github.com/users/bailihuiyue/orgs",
            "repos_url": "https://api.github.com/users/bailihuiyue/repos",
            "events_url": "https://api.github.com/users/bailihuiyue/events{/privacy}",
            "received_events_url": "https://api.github.com/users/bailihuiyue/received_events",
            "type": "User",
            "user_view_type": "public",
            "site_admin": false
        },
        "labels": [
            {
                "id": 5754929286,
                "node_id": "LA_kwDOIUSc688AAAABVwVAhg",
                "url": "https://api.github.com/repos/alovajs/alova/labels/bug:need-confirm",
                "name": "bug:need-confirm",
                "color": "F9D0C4",
                "default": false,
                "description": "It's probably a bug"
            },
            {
                "id": 7032826241,
                "node_id": "LA_kwDOIUSc688AAAABozBpgQ",
                "url": "https://api.github.com/repos/alovajs/alova/labels/lang:chinese",
                "name": "lang:chinese",
                "color": "6142DC",
                "default": false,
                "description": "This issue uses Chinese"
            }
        ],
        "state": "open",
        "locked": false,
        "assignee": {
            "login": "MeetinaXD",
            "id": 40497962,
            "node_id": "MDQ6VXNlcjQwNDk3OTYy",
            "avatar_url": "https://avatars.githubusercontent.com/u/40497962?v=4",
            "gravatar_id": "",
            "url": "https://api.github.com/users/MeetinaXD",
            "html_url": "https://github.com/MeetinaXD",
            "followers_url": "https://api.github.com/users/MeetinaXD/followers",
            "following_url": "https://api.github.com/users/MeetinaXD/following{/other_user}",
            "gists_url": "https://api.github.com/users/MeetinaXD/gists{/gist_id}",
            "starred_url": "https://api.github.com/users/MeetinaXD/starred{/owner}{/repo}",
            "subscriptions_url": "https://api.github.com/users/MeetinaXD/subscriptions",
            "organizations_url": "https://api.github.com/users/MeetinaXD/orgs",
            "repos_url": "https://api.github.com/users/MeetinaXD/repos",
            "events_url": "https://api.github.com/users/MeetinaXD/events{/privacy}",
            "received_events_url": "https://api.github.com/users/MeetinaXD/received_events",
            "type": "User",
            "user_view_type": "public",
            "site_admin": false
        },
        "assignees": [
            {
                "login": "MeetinaXD",
                "id": 40497962,
                "node_id": "MDQ6VXNlcjQwNDk3OTYy",
                "avatar_url": "https://avatars.githubusercontent.com/u/40497962?v=4",
                "gravatar_id": "",
                "url": "https://api.github.com/users/MeetinaXD",
                "html_url": "https://github.com/MeetinaXD",
                "followers_url": "https://api.github.com/users/MeetinaXD/followers",
                "following_url": "https://api.github.com/users/MeetinaXD/following{/other_user}",
                "gists_url": "https://api.github.com/users/MeetinaXD/gists{/gist_id}",
                "starred_url": "https://api.github.com/users/MeetinaXD/starred{/owner}{/repo}",
                "subscriptions_url": "https://api.github.com/users/MeetinaXD/subscriptions",
                "organizations_url": "https://api.github.com/users/MeetinaXD/orgs",
                "repos_url": "https://api.github.com/users/MeetinaXD/repos",
                "events_url": "https://api.github.com/users/MeetinaXD/events{/privacy}",
                "received_events_url": "https://api.github.com/users/MeetinaXD/received_events",
                "type": "User",
                "user_view_type": "public",
                "site_admin": false
            }
        ],
        "milestone": null,
        "comments": 1,
        "created_at": "2024-12-31T02:33:13Z",
        "updated_at": "2024-12-31T15:50:58Z",
        "closed_at": null,
        "author_association": "NONE",
        "sub_issues_summary": {
            "total": 0,
            "completed": 0,
            "percent_completed": 0
        },
        "active_lock_reason": null,
        "body": "### 这是否是一个 Bug？\n\n- [X] 我已经确认我要报告的是一个 Bug\n\n### 这个问题是否已经存在？\n\n- [X] 我已经确认这个 Issue 没有被报告过\n\n### Alova 版本\n\n3.0.13\n\n### 前端框架\n\nVue\n\n### 问题描述\n\n大佬打扰了,我的alova是3.0.13版本,我想让请求带上cookie\r\n\r\ncreateAlova({\r\n  ...\r\n  requestAdapter: adapterFetch(),\r\n  beforeRequest(method) {\r\n    method.config.credentials = 'include'\r\n    method.config.referrerPolicy = 'no-referrer'\r\n    method.config.mode = 'cors'\r\n  }\r\n})\r\n\r\n这样写不管用呢,请问哪里不对呢\n\n### 期望的表现\n\n_No response_\n\n### 复现链接\n\n_No response_\n\n### 复现步骤\n\n大佬打扰了,我的alova是3.0.13版本,我想让请求带上cookie\r\n\r\ncreateAlova({\r\n  ...\r\n  requestAdapter: adapterFetch(),\r\n  beforeRequest(method) {\r\n    method.config.credentials = 'include'\r\n    method.config.referrerPolicy = 'no-referrer'\r\n    method.config.mode = 'cors'\r\n  }\r\n})\r\n\r\n这样写不管用呢,请问哪里不对呢\n\n### 系统信息\n\n_No response_\n\n### 补充说明\n\n_No response_",
        "closed_by": null,
        "reactions": {
            "url": "https://api.github.com/repos/alovajs/alova/issues/620/reactions",
            "total_count": 0,
            "+1": 0,
            "-1": 0,
            "laugh": 0,
            "hooray": 0,
            "confused": 0,
            "heart": 0,
            "rocket": 0,
            "eyes": 0
        },
        "timeline_url": "https://api.github.com/repos/alovajs/alova/issues/620/timeline",
        "performed_via_github_app": null,
        "state_reason": null
    },
    {
        "url": "https://api.github.com/repos/alovajs/alova/issues/538",
        "repository_url": "https://api.github.com/repos/alovajs/alova",
        "labels_url": "https://api.github.com/repos/alovajs/alova/issues/538/labels{/name}",
        "comments_url": "https://api.github.com/repos/alovajs/alova/issues/538/comments",
        "events_url": "https://api.github.com/repos/alovajs/alova/issues/538/events",
        "html_url": "https://github.com/alovajs/alova/issues/538",
        "id": 2532836998,
        "node_id": "I_kwDOIUSc686W-AaG",
        "number": 538,
        "title": "📢please tell us If your project is using alova",
        "user": {
            "login": "JOU-amjs",
            "id": 29848971,
            "node_id": "MDQ6VXNlcjI5ODQ4OTcx",
            "avatar_url": "https://avatars.githubusercontent.com/u/29848971?v=4",
            "gravatar_id": "",
            "url": "https://api.github.com/users/JOU-amjs",
            "html_url": "https://github.com/JOU-amjs",
            "followers_url": "https://api.github.com/users/JOU-amjs/followers",
            "following_url": "https://api.github.com/users/JOU-amjs/following{/other_user}",
            "gists_url": "https://api.github.com/users/JOU-amjs/gists{/gist_id}",
            "starred_url": "https://api.github.com/users/JOU-amjs/starred{/owner}{/repo}",
            "subscriptions_url": "https://api.github.com/users/JOU-amjs/subscriptions",
            "organizations_url": "https://api.github.com/users/JOU-amjs/orgs",
            "repos_url": "https://api.github.com/users/JOU-amjs/repos",
            "events_url": "https://api.github.com/users/JOU-amjs/events{/privacy}",
            "received_events_url": "https://api.github.com/users/JOU-amjs/received_events",
            "type": "User",
            "user_view_type": "public",
            "site_admin": false
        },
        "labels": [],
        "state": "open",
        "locked": false,
        "assignee": null,
        "assignees": [],
        "milestone": null,
        "comments": 2,
        "created_at": "2024-09-18T06:26:58Z",
        "updated_at": "2024-11-11T01:33:55Z",
        "closed_at": null,
        "author_association": "CONTRIBUTOR",
        "sub_issues_summary": {
            "total": 0,
            "completed": 0,
            "percent_completed": 0
        },
        "active_lock_reason": null,
        "body": "We believe that using alova in projects is also a contributor of alova, which is telling people that alova is a trustworthy open source project.🥳🥳🥳\r\n\r\nif your project uses alova, please commit a PR that adding it to [showcase.json](https://github.com/alovajs/alovajs.github.io/blob/main/showcase.json), your project will have the opportunity to be showcased on alova's official website.",
        "closed_by": null,
        "reactions": {
            "url": "https://api.github.com/repos/alovajs/alova/issues/538/reactions",
            "total_count": 0,
            "+1": 0,
            "-1": 0,
            "laugh": 0,
            "hooray": 0,
            "confused": 0,
            "heart": 0,
            "rocket": 0,
            "eyes": 0
        },
        "timeline_url": "https://api.github.com/repos/alovajs/alova/issues/538/timeline",
        "performed_via_github_app": null,
        "state_reason": null
    },
    {
        "url": "https://api.github.com/repos/alovajs/alova/issues/435",
        "repository_url": "https://api.github.com/repos/alovajs/alova",
        "labels_url": "https://api.github.com/repos/alovajs/alova/issues/435/labels{/name}",
        "comments_url": "https://api.github.com/repos/alovajs/alova/issues/435/comments",
        "events_url": "https://api.github.com/repos/alovajs/alova/issues/435/events",
        "html_url": "https://github.com/alovajs/alova/issues/435",
        "id": 2387558629,
        "node_id": "I_kwDOIUSc686OT0Dl",
        "number": 435,
        "title": "[Bug]: `useForm`在多步骤表单中`loading`不变且`onSuccess`多次触发",
        "user": {
            "login": "JOU-amjs",
            "id": 29848971,
            "node_id": "MDQ6VXNlcjI5ODQ4OTcx",
            "avatar_url": "https://avatars.githubusercontent.com/u/29848971?v=4",
            "gravatar_id": "",
            "url": "https://api.github.com/users/JOU-amjs",
            "html_url": "https://github.com/JOU-amjs",
            "followers_url": "https://api.github.com/users/JOU-amjs/followers",
            "following_url": "https://api.github.com/users/JOU-amjs/following{/other_user}",
            "gists_url": "https://api.github.com/users/JOU-amjs/gists{/gist_id}",
            "starred_url": "https://api.github.com/users/JOU-amjs/starred{/owner}{/repo}",
            "subscriptions_url": "https://api.github.com/users/JOU-amjs/subscriptions",
            "organizations_url": "https://api.github.com/users/JOU-amjs/orgs",
            "repos_url": "https://api.github.com/users/JOU-amjs/repos",
            "events_url": "https://api.github.com/users/JOU-amjs/events{/privacy}",
            "received_events_url": "https://api.github.com/users/JOU-amjs/received_events",
            "type": "User",
            "user_view_type": "public",
            "site_admin": false
        },
        "labels": [
            {
                "id": 4728158772,
                "node_id": "LA_kwDOIUSc688AAAABGdH6NA",
                "url": "https://api.github.com/repos/alovajs/alova/labels/bug:confirmed",
                "name": "bug:confirmed",
                "color": "dd0000",
                "default": false,
                "description": "Something isn't working"
            },
            {
                "id": 5754864566,
                "node_id": "LA_kwDOIUSc688AAAABVwRDtg",
                "url": "https://api.github.com/repos/alovajs/alova/labels/React",
                "name": "React",
                "color": "087ea4",
                "default": false,
                "description": "Issues or pull request for React"
            },
            {
                "id": 7032826241,
                "node_id": "LA_kwDOIUSc688AAAABozBpgQ",
                "url": "https://api.github.com/repos/alovajs/alova/labels/lang:chinese",
                "name": "lang:chinese",
                "color": "6142DC",
                "default": false,
                "description": "This issue uses Chinese"
            }
        ],
        "state": "open",
        "locked": false,
        "assignee": null,
        "assignees": [],
        "milestone": null,
        "comments": 1,
        "created_at": "2024-07-03T03:12:46Z",
        "updated_at": "2024-10-31T06:14:40Z",
        "closed_at": null,
        "author_association": "CONTRIBUTOR",
        "sub_issues_summary": {
            "total": 0,
            "completed": 0,
            "percent_completed": 0
        },
        "active_lock_reason": null,
        "body": "### 这是否是一个 Bug？\n\n- [X] 我已经确认我要报告的是一个 Bug\n\n### 这个问题是否已经存在？\n\n- [X] 我已经确认这个 Issue 没有被报告过\n\n### Alova 版本\n\n3.0.0-beta.9\n\n### 前端框架\n\nReact\n\n### 问题描述\n\n如题，截图如下：\r\n![image](https://github.com/alovajs/alova/assets/29848971/ead31488-b1ca-46a3-bb7c-3509ed82ee59)\r\n\n\n### 期望的表现\n\n1. 调用send时loading可以正常切换\r\n2. onSuccess绑定一次的情况下只触发一次\n\n### 复现链接\n\nhttps://github.com/alovajs/alova/blob/chore/demo/examples/react/src/views/FormHook/MultiForm.jsx\n\n### 复现步骤\n\n1. `pnpm --filter=react-demo run dev`启动demo项目\r\n2. 访问http://localhost:5173/?path=other%20strategies.form_hook\r\n3. 在multiple form中框中正常填写数据和提交表单，可见控制台打印以下内容\r\n\r\n![image](https://github.com/alovajs/alova/assets/29848971/8caa41f4-b744-4a92-990c-7fd265ef5bfd)\r\n\n\n### 系统信息\n\n_No response_\n\n### 补充说明\n\n_No response_",
        "closed_by": null,
        "reactions": {
            "url": "https://api.github.com/repos/alovajs/alova/issues/435/reactions",
            "total_count": 0,
            "+1": 0,
            "-1": 0,
            "laugh": 0,
            "hooray": 0,
            "confused": 0,
            "heart": 0,
            "rocket": 0,
            "eyes": 0
        },
        "timeline_url": "https://api.github.com/repos/alovajs/alova/issues/435/timeline",
        "performed_via_github_app": null,
        "state_reason": null
    },
    {
        "url": "https://api.github.com/repos/alovajs/alova/issues/369",
        "repository_url": "https://api.github.com/repos/alovajs/alova",
        "labels_url": "https://api.github.com/repos/alovajs/alova/issues/369/labels{/name}",
        "comments_url": "https://api.github.com/repos/alovajs/alova/issues/369/comments",
        "events_url": "https://api.github.com/repos/alovajs/alova/issues/369/events",
        "html_url": "https://github.com/alovajs/alova/issues/369",
        "id": 2317740323,
        "node_id": "I_kwDOIUSc686KJekj",
        "number": 369,
        "title": "Get请求时 传键值对无法解析",
        "user": {
            "login": "ByteXiong",
            "id": 43088080,
            "node_id": "MDQ6VXNlcjQzMDg4MDgw",
            "avatar_url": "https://avatars.githubusercontent.com/u/43088080?v=4",
            "gravatar_id": "",
            "url": "https://api.github.com/users/ByteXiong",
            "html_url": "https://github.com/ByteXiong",
            "followers_url": "https://api.github.com/users/ByteXiong/followers",
            "following_url": "https://api.github.com/users/ByteXiong/following{/other_user}",
            "gists_url": "https://api.github.com/users/ByteXiong/gists{/gist_id}",
            "starred_url": "https://api.github.com/users/ByteXiong/starred{/owner}{/repo}",
            "subscriptions_url": "https://api.github.com/users/ByteXiong/subscriptions",
            "organizations_url": "https://api.github.com/users/ByteXiong/orgs",
            "repos_url": "https://api.github.com/users/ByteXiong/repos",
            "events_url": "https://api.github.com/users/ByteXiong/events{/privacy}",
            "received_events_url": "https://api.github.com/users/ByteXiong/received_events",
            "type": "User",
            "user_view_type": "public",
            "site_admin": false
        },
        "labels": [
            {
                "id": 4728158772,
                "node_id": "LA_kwDOIUSc688AAAABGdH6NA",
                "url": "https://api.github.com/repos/alovajs/alova/labels/bug:confirmed",
                "name": "bug:confirmed",
                "color": "dd0000",
                "default": false,
                "description": "Something isn't working"
            },
            {
                "id": 4728158793,
                "node_id": "LA_kwDOIUSc688AAAABGdH6SQ",
                "url": "https://api.github.com/repos/alovajs/alova/labels/good%20first%20issue",
                "name": "good first issue",
                "color": "7057ff",
                "default": true,
                "description": "Good for newcomers"
            },
            {
                "id": 5754858787,
                "node_id": "LA_kwDOIUSc688AAAABVwQtIw",
                "url": "https://api.github.com/repos/alovajs/alova/labels/Vue",
                "name": "Vue",
                "color": "55CB8E",
                "default": false,
                "description": "Issues or pull request for Vue"
            }
        ],
        "state": "open",
        "locked": false,
        "assignee": null,
        "assignees": [],
        "milestone": null,
        "comments": 15,
        "created_at": "2024-05-26T14:29:00Z",
        "updated_at": "2024-12-28T07:05:27Z",
        "closed_at": null,
        "author_association": "NONE",
        "sub_issues_summary": {
            "total": 0,
            "completed": 0,
            "percent_completed": 0
        },
        "active_lock_reason": null,
        "body": "### 请详细描述bug\r\n\r\nget传参{ keyWord:\"\", sortList: { sort: 'desc' }} \r\n在Axios中 get  url: ?keyWord=&sortList[sort]=desc\r\n在alova中 get  url: ?keyWord=&sortList=[object%20Object]\r\n\r\n### 复现链接\r\n\r\n_No response_\r\n\r\n### 复现步骤\r\n\r\nget请求传 json 键值对\r\n\r\n### 期望的表现\r\n\r\n_No response_\r\n\r\n### alova 版本\r\n\r\n2.20.5\r\n\r\n### 设备/浏览器/浏览器版本\r\n\r\n_No response_\r\n\r\n### 额外的说明\r\n\r\n_No response_",
        "closed_by": null,
        "reactions": {
            "url": "https://api.github.com/repos/alovajs/alova/issues/369/reactions",
            "total_count": 0,
            "+1": 0,
            "-1": 0,
            "laugh": 0,
            "hooray": 0,
            "confused": 0,
            "heart": 0,
            "rocket": 0,
            "eyes": 0
        },
        "timeline_url": "https://api.github.com/repos/alovajs/alova/issues/369/timeline",
        "performed_via_github_app": null,
        "state_reason": null
    },
    {
        "url": "https://api.github.com/repos/alovajs/alova/issues/210",
        "repository_url": "https://api.github.com/repos/alovajs/alova",
        "labels_url": "https://api.github.com/repos/alovajs/alova/issues/210/labels{/name}",
        "comments_url": "https://api.github.com/repos/alovajs/alova/issues/210/comments",
        "events_url": "https://api.github.com/repos/alovajs/alova/issues/210/events",
        "html_url": "https://github.com/alovajs/alova/issues/210",
        "id": 1891744512,
        "node_id": "I_kwDOIUSc685wwbsA",
        "number": 210,
        "title": "📢Welcome to Discord or Wechat Group",
        "user": {
            "login": "JOU-amjs",
            "id": 29848971,
            "node_id": "MDQ6VXNlcjI5ODQ4OTcx",
            "avatar_url": "https://avatars.githubusercontent.com/u/29848971?v=4",
            "gravatar_id": "",
            "url": "https://api.github.com/users/JOU-amjs",
            "html_url": "https://github.com/JOU-amjs",
            "followers_url": "https://api.github.com/users/JOU-amjs/followers",
            "following_url": "https://api.github.com/users/JOU-amjs/following{/other_user}",
            "gists_url": "https://api.github.com/users/JOU-amjs/gists{/gist_id}",
            "starred_url": "https://api.github.com/users/JOU-amjs/starred{/owner}{/repo}",
            "subscriptions_url": "https://api.github.com/users/JOU-amjs/subscriptions",
            "organizations_url": "https://api.github.com/users/JOU-amjs/orgs",
            "repos_url": "https://api.github.com/users/JOU-amjs/repos",
            "events_url": "https://api.github.com/users/JOU-amjs/events{/privacy}",
            "received_events_url": "https://api.github.com/users/JOU-amjs/received_events",
            "type": "User",
            "user_view_type": "public",
            "site_admin": false
        },
        "labels": [],
        "state": "open",
        "locked": false,
        "assignee": null,
        "assignees": [],
        "milestone": null,
        "comments": 0,
        "created_at": "2023-09-12T06:12:57Z",
        "updated_at": "2023-12-06T07:17:47Z",
        "closed_at": null,
        "author_association": "CONTRIBUTOR",
        "sub_issues_summary": {
            "total": 0,
            "completed": 0,
            "percent_completed": 0
        },
        "active_lock_reason": null,
        "body": "NOW alova has been created realtime discussion. Welcome to join them.🤞🤞🤞\r\n- [Join Discord community](https://discord.gg/S47QGJgkVb)\r\n- [Scan qrcode to join Wechat group](https://github.com/alovajs/alova/assets/29848971/e8c94239-e2e9-490d-b21d-862a85241d72)\r\n\r\n![1](https://github.com/alovajs/alova/assets/29848971/e8c94239-e2e9-490d-b21d-862a85241d72)\r\n\r\n",
        "closed_by": null,
        "reactions": {
            "url": "https://api.github.com/repos/alovajs/alova/issues/210/reactions",
            "total_count": 2,
            "+1": 2,
            "-1": 0,
            "laugh": 0,
            "hooray": 0,
            "confused": 0,
            "heart": 0,
            "rocket": 0,
            "eyes": 0
        },
        "timeline_url": "https://api.github.com/repos/alovajs/alova/issues/210/timeline",
        "performed_via_github_app": null,
        "state_reason": null
    },
    {
        "url": "https://api.github.com/repos/alovajs/alova/issues/47",
        "repository_url": "https://api.github.com/repos/alovajs/alova",
        "labels_url": "https://api.github.com/repos/alovajs/alova/issues/47/labels{/name}",
        "comments_url": "https://api.github.com/repos/alovajs/alova/issues/47/comments",
        "events_url": "https://api.github.com/repos/alovajs/alova/issues/47/events",
        "html_url": "https://github.com/alovajs/alova/issues/47",
        "id": 1666054030,
        "node_id": "I_kwDOIUSc685jTfeO",
        "number": 47,
        "title": "[Feature Request] 请问浏览器兼容情况有数据吗?",
        "user": {
            "login": "Onesimu",
            "id": 29217916,
            "node_id": "MDQ6VXNlcjI5MjE3OTE2",
            "avatar_url": "https://avatars.githubusercontent.com/u/29217916?v=4",
            "gravatar_id": "",
            "url": "https://api.github.com/users/Onesimu",
            "html_url": "https://github.com/Onesimu",
            "followers_url": "https://api.github.com/users/Onesimu/followers",
            "following_url": "https://api.github.com/users/Onesimu/following{/other_user}",
            "gists_url": "https://api.github.com/users/Onesimu/gists{/gist_id}",
            "starred_url": "https://api.github.com/users/Onesimu/starred{/owner}{/repo}",
            "subscriptions_url": "https://api.github.com/users/Onesimu/subscriptions",
            "organizations_url": "https://api.github.com/users/Onesimu/orgs",
            "repos_url": "https://api.github.com/users/Onesimu/repos",
            "events_url": "https://api.github.com/users/Onesimu/events{/privacy}",
            "received_events_url": "https://api.github.com/users/Onesimu/received_events",
            "type": "User",
            "user_view_type": "public",
            "site_admin": false
        },
        "labels": [],
        "state": "open",
        "locked": false,
        "assignee": null,
        "assignees": [],
        "milestone": null,
        "comments": 2,
        "created_at": "2023-04-13T09:25:45Z",
        "updated_at": "2023-07-29T06:24:12Z",
        "closed_at": null,
        "author_association": "NONE",
        "sub_issues_summary": {
            "total": 0,
            "completed": 0,
            "percent_completed": 0
        },
        "active_lock_reason": null,
        "body": "### 你在什么情况下，需要这个功能解决什么问题？\n\n生产环境需要兼容Chrome 49 以上浏览器.\n\n### 你期望的 API 是什么样子的？\n\n希望文档中能给出兼容的浏览器数据.",
        "closed_by": null,
        "reactions": {
            "url": "https://api.github.com/repos/alovajs/alova/issues/47/reactions",
            "total_count": 0,
            "+1": 0,
            "-1": 0,
            "laugh": 0,
            "hooray": 0,
            "confused": 0,
            "heart": 0,
            "rocket": 0,
            "eyes": 0
        },
        "timeline_url": "https://api.github.com/repos/alovajs/alova/issues/47/timeline",
        "performed_via_github_app": null,
        "state_reason": null
    }
]