[
    {
        "url": "https://api.github.com/repos/amethyst/specs-physics/issues/34",
        "repository_url": "https://api.github.com/repos/amethyst/specs-physics",
        "labels_url": "https://api.github.com/repos/amethyst/specs-physics/issues/34/labels{/name}",
        "comments_url": "https://api.github.com/repos/amethyst/specs-physics/issues/34/comments",
        "events_url": "https://api.github.com/repos/amethyst/specs-physics/issues/34/events",
        "html_url": "https://github.com/amethyst/specs-physics/issues/34",
        "id": 608785841,
        "node_id": "MDU6SXNzdWU2MDg3ODU4NDE=",
        "number": 34,
        "title": "CI/Testing",
        "user": {
            "login": "AnneKitsune",
            "id": 4755185,
            "node_id": "MDQ6VXNlcjQ3NTUxODU=",
            "avatar_url": "https://avatars.githubusercontent.com/u/4755185?v=4",
            "gravatar_id": "",
            "url": "https://api.github.com/users/AnneKitsune",
            "html_url": "https://github.com/AnneKitsune",
            "followers_url": "https://api.github.com/users/AnneKitsune/followers",
            "following_url": "https://api.github.com/users/AnneKitsune/following{/other_user}",
            "gists_url": "https://api.github.com/users/AnneKitsune/gists{/gist_id}",
            "starred_url": "https://api.github.com/users/AnneKitsune/starred{/owner}{/repo}",
            "subscriptions_url": "https://api.github.com/users/AnneKitsune/subscriptions",
            "organizations_url": "https://api.github.com/users/AnneKitsune/orgs",
            "repos_url": "https://api.github.com/users/AnneKitsune/repos",
            "events_url": "https://api.github.com/users/AnneKitsune/events{/privacy}",
            "received_events_url": "https://api.github.com/users/AnneKitsune/received_events",
            "type": "User",
            "user_view_type": "public",
            "site_admin": false
        },
        "labels": [],
        "state": "open",
        "locked": false,
        "assignee": null,
        "assignees": [],
        "milestone": null,
        "comments": 0,
        "created_at": "2020-04-29T05:21:21Z",
        "updated_at": "2020-04-29T05:21:21Z",
        "closed_at": null,
        "author_association": "CONTRIBUTOR",
        "sub_issues_summary": {
            "total": 0,
            "completed": 0,
            "percent_completed": 0
        },
        "active_lock_reason": null,
        "body": "We need to add a CI setup to this repo :3",
        "closed_by": null,
        "reactions": {
            "url": "https://api.github.com/repos/amethyst/specs-physics/issues/34/reactions",
            "total_count": 0,
            "+1": 0,
            "-1": 0,
            "laugh": 0,
            "hooray": 0,
            "confused": 0,
            "heart": 0,
            "rocket": 0,
            "eyes": 0
        },
        "timeline_url": "https://api.github.com/repos/amethyst/specs-physics/issues/34/timeline",
        "performed_via_github_app": null,
        "state_reason": null
    },
    {
        "url": "https://api.github.com/repos/amethyst/specs-physics/issues/27",
        "repository_url": "https://api.github.com/repos/amethyst/specs-physics",
        "labels_url": "https://api.github.com/repos/amethyst/specs-physics/issues/27/labels{/name}",
        "comments_url": "https://api.github.com/repos/amethyst/specs-physics/issues/27/comments",
        "events_url": "https://api.github.com/repos/amethyst/specs-physics/issues/27/events",
        "html_url": "https://github.com/amethyst/specs-physics/issues/27",
        "id": 528570445,
        "node_id": "MDU6SXNzdWU1Mjg1NzA0NDU=",
        "number": 27,
        "title": "If you use .insert on Write<StorageCollider> you might cause a unwrap() to fail",
        "user": {
            "login": "tom-leys",
            "id": 5285589,
            "node_id": "MDQ6VXNlcjUyODU1ODk=",
            "avatar_url": "https://avatars.githubusercontent.com/u/5285589?v=4",
            "gravatar_id": "",
            "url": "https://api.github.com/users/tom-leys",
            "html_url": "https://github.com/tom-leys",
            "followers_url": "https://api.github.com/users/tom-leys/followers",
            "following_url": "https://api.github.com/users/tom-leys/following{/other_user}",
            "gists_url": "https://api.github.com/users/tom-leys/gists{/gist_id}",
            "starred_url": "https://api.github.com/users/tom-leys/starred{/owner}{/repo}",
            "subscriptions_url": "https://api.github.com/users/tom-leys/subscriptions",
            "organizations_url": "https://api.github.com/users/tom-leys/orgs",
            "repos_url": "https://api.github.com/users/tom-leys/repos",
            "events_url": "https://api.github.com/users/tom-leys/events{/privacy}",
            "received_events_url": "https://api.github.com/users/tom-leys/received_events",
            "type": "User",
            "user_view_type": "public",
            "site_admin": false
        },
        "labels": [
            {
                "id": 1383343705,
                "node_id": "MDU6TGFiZWwxMzgzMzQzNzA1",
                "url": "https://api.github.com/repos/amethyst/specs-physics/labels/bug",
                "name": "bug",
                "color": "d73a4a",
                "default": true,
                "description": "Something isn't working"
            }
        ],
        "state": "open",
        "locked": false,
        "assignee": null,
        "assignees": [],
        "milestone": null,
        "comments": 0,
        "created_at": "2019-11-26T08:39:57Z",
        "updated_at": "2019-11-28T03:09:25Z",
        "closed_at": null,
        "author_association": "CONTRIBUTOR",
        "sub_issues_summary": {
            "total": 0,
            "completed": 0,
            "percent_completed": 0
        },
        "active_lock_reason": null,
        "body": "1. Create a collider and do a tick\r\n2. Replace that with a new collider using Write<StorageCollider>::insert\r\n-- Modify event is created by Specs, not Remove and insert --\r\n3. let collider_handle = physics_collider.handle.unwrap();   - This line in sync_colliders_to_physics (update_collider) will panic\r\n\r\n-- \r\n\r\nWorkaround,\r\nUse Write<StorageCollider>::remove first.\r\n\r\n",
        "closed_by": null,
        "reactions": {
            "url": "https://api.github.com/repos/amethyst/specs-physics/issues/27/reactions",
            "total_count": 0,
            "+1": 0,
            "-1": 0,
            "laugh": 0,
            "hooray": 0,
            "confused": 0,
            "heart": 0,
            "rocket": 0,
            "eyes": 0
        },
        "timeline_url": "https://api.github.com/repos/amethyst/specs-physics/issues/27/timeline",
        "performed_via_github_app": null,
        "state_reason": null
    },
    {
        "url": "https://api.github.com/repos/amethyst/specs-physics/issues/23",
        "repository_url": "https://api.github.com/repos/amethyst/specs-physics",
        "labels_url": "https://api.github.com/repos/amethyst/specs-physics/issues/23/labels{/name}",
        "comments_url": "https://api.github.com/repos/amethyst/specs-physics/issues/23/comments",
        "events_url": "https://api.github.com/repos/amethyst/specs-physics/issues/23/events",
        "html_url": "https://github.com/amethyst/specs-physics/pull/23",
        "id": 502617001,
        "node_id": "MDExOlB1bGxSZXF1ZXN0MzI0NjY0MDAw",
        "number": 23,
        "title": "0.4.0 Rewrite",
        "user": {
            "login": "distransient",
            "id": 2965148,
            "node_id": "MDQ6VXNlcjI5NjUxNDg=",
            "avatar_url": "https://avatars.githubusercontent.com/u/2965148?v=4",
            "gravatar_id": "",
            "url": "https://api.github.com/users/distransient",
            "html_url": "https://github.com/distransient",
            "followers_url": "https://api.github.com/users/distransient/followers",
            "following_url": "https://api.github.com/users/distransient/following{/other_user}",
            "gists_url": "https://api.github.com/users/distransient/gists{/gist_id}",
            "starred_url": "https://api.github.com/users/distransient/starred{/owner}{/repo}",
            "subscriptions_url": "https://api.github.com/users/distransient/subscriptions",
            "organizations_url": "https://api.github.com/users/distransient/orgs",
            "repos_url": "https://api.github.com/users/distransient/repos",
            "events_url": "https://api.github.com/users/distransient/events{/privacy}",
            "received_events_url": "https://api.github.com/users/distransient/received_events",
            "type": "User",
            "user_view_type": "public",
            "site_admin": false
        },
        "labels": [],
        "state": "open",
        "locked": false,
        "assignee": null,
        "assignees": [],
        "milestone": null,
        "comments": 16,
        "created_at": "2019-10-04T12:47:14Z",
        "updated_at": "2020-08-29T14:50:19Z",
        "closed_at": null,
        "author_association": "MEMBER",
        "sub_issues_summary": {
            "total": 0,
            "completed": 0,
            "percent_completed": 0
        },
        "active_lock_reason": null,
        "draft": false,
        "pull_request": {
            "url": "https://api.github.com/repos/amethyst/specs-physics/pulls/23",
            "html_url": "https://github.com/amethyst/specs-physics/pull/23",
            "diff_url": "https://github.com/amethyst/specs-physics/pull/23.diff",
            "patch_url": "https://github.com/amethyst/specs-physics/pull/23.patch",
            "merged_at": null
        },
        "body": "# Specs-physics 0.4 Rewrite\r\n\r\nThis rewrites the specs-physics API to remove unnecessary synchronization and copying by implementing the new BodySet and ColliderSet traits with Component Storages, indexing handles for each object type using Entity. This new API reduces maintenance burden, complexity, and better exposes the entirety of nphysics, all while likely improving performance.\r\n\r\n## Background\r\n\r\nI originally planned to more directly integrate with the traits provided by nphysics (such as with concrete storages for different body types, that together implement the set traits, or even borrowing   a custom rigidbody type and its associated position together to implement Body, eliminating the local position data and associated pose synchronization), reducing indirection and making access more simple, but this proved to be difficult, maybe impossible, to implement. And it didn't seem if such an approach was beneficial enough for its maintenance costs. \r\n\r\nHowever, I came up with the idea of doing this the opposite direction with the join extension trait API, and found that it could be a very nice solution that would make the crate a lot easier to maintain. This led to me opening https://github.com/rustsim/nphysics/pull/237 when I discovered that given the BodySet parameters were removed from some types, I could very simply implement BodySet (albeit using `Box<dyn Body>`) and other associated Set types over Component Storages. \r\n\r\n## Changes\r\n\r\n- Adds support for 2D from @jmeggitt's PR.\r\n- Updates to latest nphysics/ncollide\r\n- Replaces old Body API with `BodySet` and `ColliderSet` implemented as Storages, with object handles implemented using the Entity type.\r\n- Removes parameter bits and their synchronization in lieu of simply exposing new nphysics resources.\r\n- Removes collider bits since bodies and their colliders are now easily addressable by the Entity type.\r\n\r\n## To Do\r\n\r\nWhile the API itself is ready for use and review, I still have some of all of the following stuff to do:\r\n\r\n- [x] Update documentation\r\n- [x] Update examples\r\n- [x] Add Amethyst example from my crusty old Amethyst example branch\r\n- [x] Provide a nice EntityBuilder extension API Bodies and Colliders\r\n- [x] Refactor pose synchronization\r\n\r\nHowever, the bulk of the work is done, especially the spooky (happy October) unsafe blocks in `handle.rs`.\r\n\r\nOne might say that the library *definitely* shouldn't be called nphysics-ecs-dumb any longer!",
        "closed_by": null,
        "reactions": {
            "url": "https://api.github.com/repos/amethyst/specs-physics/issues/23/reactions",
            "total_count": 9,
            "+1": 0,
            "-1": 0,
            "laugh": 0,
            "hooray": 0,
            "confused": 0,
            "heart": 9,
            "rocket": 0,
            "eyes": 0
        },
        "timeline_url": "https://api.github.com/repos/amethyst/specs-physics/issues/23/timeline",
        "performed_via_github_app": null,
        "state_reason": null
    },
    {
        "url": "https://api.github.com/repos/amethyst/specs-physics/issues/18",
        "repository_url": "https://api.github.com/repos/amethyst/specs-physics",
        "labels_url": "https://api.github.com/repos/amethyst/specs-physics/issues/18/labels{/name}",
        "comments_url": "https://api.github.com/repos/amethyst/specs-physics/issues/18/comments",
        "events_url": "https://api.github.com/repos/amethyst/specs-physics/issues/18/events",
        "html_url": "https://github.com/amethyst/specs-physics/issues/18",
        "id": 478794692,
        "node_id": "MDU6SXNzdWU0Nzg3OTQ2OTI=",
        "number": 18,
        "title": "Amethyst prefab loading of collision shapes",
        "user": {
            "login": "distransient",
            "id": 2965148,
            "node_id": "MDQ6VXNlcjI5NjUxNDg=",
            "avatar_url": "https://avatars.githubusercontent.com/u/2965148?v=4",
            "gravatar_id": "",
            "url": "https://api.github.com/users/distransient",
            "html_url": "https://github.com/distransient",
            "followers_url": "https://api.github.com/users/distransient/followers",
            "following_url": "https://api.github.com/users/distransient/following{/other_user}",
            "gists_url": "https://api.github.com/users/distransient/gists{/gist_id}",
            "starred_url": "https://api.github.com/users/distransient/starred{/owner}{/repo}",
            "subscriptions_url": "https://api.github.com/users/distransient/subscriptions",
            "organizations_url": "https://api.github.com/users/distransient/orgs",
            "repos_url": "https://api.github.com/users/distransient/repos",
            "events_url": "https://api.github.com/users/distransient/events{/privacy}",
            "received_events_url": "https://api.github.com/users/distransient/received_events",
            "type": "User",
            "user_view_type": "public",
            "site_admin": false
        },
        "labels": [
            {
                "id": 1383343707,
                "node_id": "MDU6TGFiZWwxMzgzMzQzNzA3",
                "url": "https://api.github.com/repos/amethyst/specs-physics/labels/enhancement",
                "name": "enhancement",
                "color": "a2eeef",
                "default": true,
                "description": "New feature or request"
            }
        ],
        "state": "open",
        "locked": false,
        "assignee": null,
        "assignees": [],
        "milestone": null,
        "comments": 0,
        "created_at": "2019-08-09T04:48:31Z",
        "updated_at": "2019-08-09T04:48:31Z",
        "closed_at": null,
        "author_association": "MEMBER",
        "sub_issues_summary": {
            "total": 0,
            "completed": 0,
            "percent_completed": 0
        },
        "active_lock_reason": null,
        "body": "",
        "closed_by": null,
        "reactions": {
            "url": "https://api.github.com/repos/amethyst/specs-physics/issues/18/reactions",
            "total_count": 0,
            "+1": 0,
            "-1": 0,
            "laugh": 0,
            "hooray": 0,
            "confused": 0,
            "heart": 0,
            "rocket": 0,
            "eyes": 0
        },
        "timeline_url": "https://api.github.com/repos/amethyst/specs-physics/issues/18/timeline",
        "performed_via_github_app": null,
        "state_reason": null
    },
    {
        "url": "https://api.github.com/repos/amethyst/specs-physics/issues/17",
        "repository_url": "https://api.github.com/repos/amethyst/specs-physics",
        "labels_url": "https://api.github.com/repos/amethyst/specs-physics/issues/17/labels{/name}",
        "comments_url": "https://api.github.com/repos/amethyst/specs-physics/issues/17/comments",
        "events_url": "https://api.github.com/repos/amethyst/specs-physics/issues/17/events",
        "html_url": "https://github.com/amethyst/specs-physics/issues/17",
        "id": 478682252,
        "node_id": "MDU6SXNzdWU0Nzg2ODIyNTI=",
        "number": 17,
        "title": "Expose 2D ncollide/nphysics via feature flag",
        "user": {
            "login": "distransient",
            "id": 2965148,
            "node_id": "MDQ6VXNlcjI5NjUxNDg=",
            "avatar_url": "https://avatars.githubusercontent.com/u/2965148?v=4",
            "gravatar_id": "",
            "url": "https://api.github.com/users/distransient",
            "html_url": "https://github.com/distransient",
            "followers_url": "https://api.github.com/users/distransient/followers",
            "following_url": "https://api.github.com/users/distransient/following{/other_user}",
            "gists_url": "https://api.github.com/users/distransient/gists{/gist_id}",
            "starred_url": "https://api.github.com/users/distransient/starred{/owner}{/repo}",
            "subscriptions_url": "https://api.github.com/users/distransient/subscriptions",
            "organizations_url": "https://api.github.com/users/distransient/orgs",
            "repos_url": "https://api.github.com/users/distransient/repos",
            "events_url": "https://api.github.com/users/distransient/events{/privacy}",
            "received_events_url": "https://api.github.com/users/distransient/received_events",
            "type": "User",
            "user_view_type": "public",
            "site_admin": false
        },
        "labels": [
            {
                "id": 1383343707,
                "node_id": "MDU6TGFiZWwxMzgzMzQzNzA3",
                "url": "https://api.github.com/repos/amethyst/specs-physics/labels/enhancement",
                "name": "enhancement",
                "color": "a2eeef",
                "default": true,
                "description": "New feature or request"
            }
        ],
        "state": "open",
        "locked": false,
        "assignee": null,
        "assignees": [],
        "milestone": null,
        "comments": 1,
        "created_at": "2019-08-08T20:52:31Z",
        "updated_at": "2019-10-05T01:21:31Z",
        "closed_at": null,
        "author_association": "MEMBER",
        "sub_issues_summary": {
            "total": 0,
            "completed": 0,
            "percent_completed": 0
        },
        "active_lock_reason": null,
        "body": "",
        "closed_by": null,
        "reactions": {
            "url": "https://api.github.com/repos/amethyst/specs-physics/issues/17/reactions",
            "total_count": 0,
            "+1": 0,
            "-1": 0,
            "laugh": 0,
            "hooray": 0,
            "confused": 0,
            "heart": 0,
            "rocket": 0,
            "eyes": 0
        },
        "timeline_url": "https://api.github.com/repos/amethyst/specs-physics/issues/17/timeline",
        "performed_via_github_app": null,
        "state_reason": null
    },
    {
        "url": "https://api.github.com/repos/amethyst/specs-physics/issues/15",
        "repository_url": "https://api.github.com/repos/amethyst/specs-physics",
        "labels_url": "https://api.github.com/repos/amethyst/specs-physics/issues/15/labels{/name}",
        "comments_url": "https://api.github.com/repos/amethyst/specs-physics/issues/15/comments",
        "events_url": "https://api.github.com/repos/amethyst/specs-physics/issues/15/events",
        "html_url": "https://github.com/amethyst/specs-physics/issues/15",
        "id": 476460265,
        "node_id": "MDU6SXNzdWU0NzY0NjAyNjU=",
        "number": 15,
        "title": "Provide Physics Stepper for non-Amethyst users",
        "user": {
            "login": "AnneKitsune",
            "id": 4755185,
            "node_id": "MDQ6VXNlcjQ3NTUxODU=",
            "avatar_url": "https://avatars.githubusercontent.com/u/4755185?v=4",
            "gravatar_id": "",
            "url": "https://api.github.com/users/AnneKitsune",
            "html_url": "https://github.com/AnneKitsune",
            "followers_url": "https://api.github.com/users/AnneKitsune/followers",
            "following_url": "https://api.github.com/users/AnneKitsune/following{/other_user}",
            "gists_url": "https://api.github.com/users/AnneKitsune/gists{/gist_id}",
            "starred_url": "https://api.github.com/users/AnneKitsune/starred{/owner}{/repo}",
            "subscriptions_url": "https://api.github.com/users/AnneKitsune/subscriptions",
            "organizations_url": "https://api.github.com/users/AnneKitsune/orgs",
            "repos_url": "https://api.github.com/users/AnneKitsune/repos",
            "events_url": "https://api.github.com/users/AnneKitsune/events{/privacy}",
            "received_events_url": "https://api.github.com/users/AnneKitsune/received_events",
            "type": "User",
            "user_view_type": "public",
            "site_admin": false
        },
        "labels": [
            {
                "id": 1383343707,
                "node_id": "MDU6TGFiZWwxMzgzMzQzNzA3",
                "url": "https://api.github.com/repos/amethyst/specs-physics/labels/enhancement",
                "name": "enhancement",
                "color": "a2eeef",
                "default": true,
                "description": "New feature or request"
            }
        ],
        "state": "open",
        "locked": false,
        "assignee": null,
        "assignees": [],
        "milestone": null,
        "comments": 1,
        "created_at": "2019-08-03T15:09:11Z",
        "updated_at": "2019-08-08T20:51:59Z",
        "closed_at": null,
        "author_association": "CONTRIBUTOR",
        "sub_issues_summary": {
            "total": 0,
            "completed": 0,
            "percent_completed": 0
        },
        "active_lock_reason": null,
        "body": "As far as I know, the old stepper was not integrated in this version of the library.\r\n\r\nThe old one can be found here: https://github.com/distransient/nphysics-ecs-dumb/blob/master/src/systems/physics_stepper.rs\r\n\r\nFor a lot of games, including mine, multiple steps per frame is an essential feature.\r\n\r\nAre we supposed to externally manage the stepping, or were you planning on having this feature included in the stepper system?\r\n",
        "closed_by": null,
        "reactions": {
            "url": "https://api.github.com/repos/amethyst/specs-physics/issues/15/reactions",
            "total_count": 1,
            "+1": 1,
            "-1": 0,
            "laugh": 0,
            "hooray": 0,
            "confused": 0,
            "heart": 0,
            "rocket": 0,
            "eyes": 0
        },
        "timeline_url": "https://api.github.com/repos/amethyst/specs-physics/issues/15/timeline",
        "performed_via_github_app": null,
        "state_reason": null
    },
    {
        "url": "https://api.github.com/repos/amethyst/specs-physics/issues/13",
        "repository_url": "https://api.github.com/repos/amethyst/specs-physics",
        "labels_url": "https://api.github.com/repos/amethyst/specs-physics/issues/13/labels{/name}",
        "comments_url": "https://api.github.com/repos/amethyst/specs-physics/issues/13/comments",
        "events_url": "https://api.github.com/repos/amethyst/specs-physics/issues/13/events",
        "html_url": "https://github.com/amethyst/specs-physics/issues/13",
        "id": 472267700,
        "node_id": "MDU6SXNzdWU0NzIyNjc3MDA=",
        "number": 13,
        "title": "Colliders attached to dead Entities are never removed",
        "user": {
            "login": "cedric-h",
            "id": 25539554,
            "node_id": "MDQ6VXNlcjI1NTM5NTU0",
            "avatar_url": "https://avatars.githubusercontent.com/u/25539554?v=4",
            "gravatar_id": "",
            "url": "https://api.github.com/users/cedric-h",
            "html_url": "https://github.com/cedric-h",
            "followers_url": "https://api.github.com/users/cedric-h/followers",
            "following_url": "https://api.github.com/users/cedric-h/following{/other_user}",
            "gists_url": "https://api.github.com/users/cedric-h/gists{/gist_id}",
            "starred_url": "https://api.github.com/users/cedric-h/starred{/owner}{/repo}",
            "subscriptions_url": "https://api.github.com/users/cedric-h/subscriptions",
            "organizations_url": "https://api.github.com/users/cedric-h/orgs",
            "repos_url": "https://api.github.com/users/cedric-h/repos",
            "events_url": "https://api.github.com/users/cedric-h/events{/privacy}",
            "received_events_url": "https://api.github.com/users/cedric-h/received_events",
            "type": "User",
            "user_view_type": "public",
            "site_admin": false
        },
        "labels": [
            {
                "id": 1383343705,
                "node_id": "MDU6TGFiZWwxMzgzMzQzNzA1",
                "url": "https://api.github.com/repos/amethyst/specs-physics/labels/bug",
                "name": "bug",
                "color": "d73a4a",
                "default": true,
                "description": "Something isn't working"
            }
        ],
        "state": "open",
        "locked": false,
        "assignee": null,
        "assignees": [],
        "milestone": null,
        "comments": 3,
        "created_at": "2019-07-24T12:55:43Z",
        "updated_at": "2020-05-04T12:48:42Z",
        "closed_at": null,
        "author_association": "CONTRIBUTOR",
        "sub_issues_summary": {
            "total": 0,
            "completed": 0,
            "percent_completed": 0
        },
        "active_lock_reason": null,
        "body": "I've been using this lib, it's very nice but of course some functionality is missing.\r\nAs I go along, I've been adding the things that it's missing that I need and keeping each feature in a separate branch on my github. I'll make an effort to merge all that you guys want after Amethyst is updated to specs 0.15.0, because all of my add-ons are based off of that.\r\n\r\nAnyway, I needed to do some raycasting, so I exposed a method on your Physics struct which calls the `interferences_with_ray` method on the collider world of the nphysics::World that the Physics stores. I'm able to very easily just grab this Physics struct from my ECS systems and do the raycasting that I need to do.\r\n\r\nI wanted to manipulate the components of the entity which owns the collider that the ray hit. I was planning on making it so that I could use the `user_data` method of the nphysics ColliderDesc through your guys's PhysicsColliderBuilder. This would allow me to put the Id of the ECS entity associated with the collider in the user data, so that I could fetch it later and use it to manipulate some components.\r\n\r\nWhen I started trying to add a method to the PhysicsColliderBuilder to let me add user data, I learned that you guys are already using the struct to store the Id of the entity just as I would've.\r\nNaturally, to test my solution, I attempt to delete the entity attached to the collider in question. This seems to work: all of the other components are removed from my entity.\r\n\r\nThe collider, however, is still there. The bodies I'm doing raycasting against are static and in their own collision group, but I suspect that if I had them as normal dynamic bodies, one would still be able to collide with them, despite the fact that the colliders in question are associated with entities which are, in fact, dead.\r\n\r\nI'm more than willing to PR a bugfix for this, but this is getting into the sort of arcane nphysics juggling systems magic that would require some pretty good knowledge of your guys's code base. Some pointers would be greatly appreciated. (I'm also not too worried about this because the bodies I'm raycasting against are static; the fact that they aren't actually deleted is somewhat annoying but functionally irrelevant to me, so this issue also serves as documentation of the problem)\r\n\r\nThanks in advance,\r\nCedric Hutchings.",
        "closed_by": null,
        "reactions": {
            "url": "https://api.github.com/repos/amethyst/specs-physics/issues/13/reactions",
            "total_count": 0,
            "+1": 0,
            "-1": 0,
            "laugh": 0,
            "hooray": 0,
            "confused": 0,
            "heart": 0,
            "rocket": 0,
            "eyes": 0
        },
        "timeline_url": "https://api.github.com/repos/amethyst/specs-physics/issues/13/timeline",
        "performed_via_github_app": null,
        "state_reason": null
    },
    {
        "url": "https://api.github.com/repos/amethyst/specs-physics/issues/11",
        "repository_url": "https://api.github.com/repos/amethyst/specs-physics",
        "labels_url": "https://api.github.com/repos/amethyst/specs-physics/issues/11/labels{/name}",
        "comments_url": "https://api.github.com/repos/amethyst/specs-physics/issues/11/comments",
        "events_url": "https://api.github.com/repos/amethyst/specs-physics/issues/11/events",
        "html_url": "https://github.com/amethyst/specs-physics/issues/11",
        "id": 466015206,
        "node_id": "MDU6SXNzdWU0NjYwMTUyMDY=",
        "number": 11,
        "title": "Serde all the types",
        "user": {
            "login": "cedric-h",
            "id": 25539554,
            "node_id": "MDQ6VXNlcjI1NTM5NTU0",
            "avatar_url": "https://avatars.githubusercontent.com/u/25539554?v=4",
            "gravatar_id": "",
            "url": "https://api.github.com/users/cedric-h",
            "html_url": "https://github.com/cedric-h",
            "followers_url": "https://api.github.com/users/cedric-h/followers",
            "following_url": "https://api.github.com/users/cedric-h/following{/other_user}",
            "gists_url": "https://api.github.com/users/cedric-h/gists{/gist_id}",
            "starred_url": "https://api.github.com/users/cedric-h/starred{/owner}{/repo}",
            "subscriptions_url": "https://api.github.com/users/cedric-h/subscriptions",
            "organizations_url": "https://api.github.com/users/cedric-h/orgs",
            "repos_url": "https://api.github.com/users/cedric-h/repos",
            "events_url": "https://api.github.com/users/cedric-h/events{/privacy}",
            "received_events_url": "https://api.github.com/users/cedric-h/received_events",
            "type": "User",
            "user_view_type": "public",
            "site_admin": false
        },
        "labels": [
            {
                "id": 1383343707,
                "node_id": "MDU6TGFiZWwxMzgzMzQzNzA3",
                "url": "https://api.github.com/repos/amethyst/specs-physics/labels/enhancement",
                "name": "enhancement",
                "color": "a2eeef",
                "default": true,
                "description": "New feature or request"
            }
        ],
        "state": "open",
        "locked": false,
        "assignee": null,
        "assignees": [],
        "milestone": null,
        "comments": 1,
        "created_at": "2019-07-09T22:38:17Z",
        "updated_at": "2019-10-05T01:23:04Z",
        "closed_at": null,
        "author_association": "CONTRIBUTOR",
        "sub_issues_summary": {
            "total": 0,
            "completed": 0,
            "percent_completed": 0
        },
        "active_lock_reason": null,
        "body": "There are other features that could be exported as well.\r\nI was just using the nalgebra that this crate rexported until now.",
        "closed_by": null,
        "reactions": {
            "url": "https://api.github.com/repos/amethyst/specs-physics/issues/11/reactions",
            "total_count": 0,
            "+1": 0,
            "-1": 0,
            "laugh": 0,
            "hooray": 0,
            "confused": 0,
            "heart": 0,
            "rocket": 0,
            "eyes": 0
        },
        "timeline_url": "https://api.github.com/repos/amethyst/specs-physics/issues/11/timeline",
        "performed_via_github_app": null,
        "state_reason": null
    }
]