[
    {
        "url": "https://api.github.com/repos/amethyst/resources/issues/2",
        "repository_url": "https://api.github.com/repos/amethyst/resources",
        "labels_url": "https://api.github.com/repos/amethyst/resources/issues/2/labels{/name}",
        "comments_url": "https://api.github.com/repos/amethyst/resources/issues/2/comments",
        "events_url": "https://api.github.com/repos/amethyst/resources/issues/2/events",
        "html_url": "https://github.com/amethyst/resources/pull/2",
        "id": 391868177,
        "node_id": "MDExOlB1bGxSZXF1ZXN0MjM5MjY2NDQ5",
        "number": 2,
        "title": "Added logo license and guidelines",
        "user": {
            "login": "Moxinilian",
            "id": 30992420,
            "node_id": "MDQ6VXNlcjMwOTkyNDIw",
            "avatar_url": "https://avatars.githubusercontent.com/u/30992420?v=4",
            "gravatar_id": "",
            "url": "https://api.github.com/users/Moxinilian",
            "html_url": "https://github.com/Moxinilian",
            "followers_url": "https://api.github.com/users/Moxinilian/followers",
            "following_url": "https://api.github.com/users/Moxinilian/following{/other_user}",
            "gists_url": "https://api.github.com/users/Moxinilian/gists{/gist_id}",
            "starred_url": "https://api.github.com/users/Moxinilian/starred{/owner}{/repo}",
            "subscriptions_url": "https://api.github.com/users/Moxinilian/subscriptions",
            "organizations_url": "https://api.github.com/users/Moxinilian/orgs",
            "repos_url": "https://api.github.com/users/Moxinilian/repos",
            "events_url": "https://api.github.com/users/Moxinilian/events{/privacy}",
            "received_events_url": "https://api.github.com/users/Moxinilian/received_events",
            "type": "User",
            "user_view_type": "public",
            "site_admin": false
        },
        "labels": [],
        "state": "open",
        "locked": false,
        "assignee": null,
        "assignees": [],
        "milestone": null,
        "comments": 0,
        "created_at": "2018-12-17T20:00:21Z",
        "updated_at": "2018-12-23T20:17:13Z",
        "closed_at": null,
        "author_association": "MEMBER",
        "sub_issues_summary": {
            "total": 0,
            "completed": 0,
            "percent_completed": 0
        },
        "active_lock_reason": null,
        "draft": false,
        "pull_request": {
            "url": "https://api.github.com/repos/amethyst/resources/pulls/2",
            "html_url": "https://github.com/amethyst/resources/pull/2",
            "diff_url": "https://github.com/amethyst/resources/pull/2.diff",
            "patch_url": "https://github.com/amethyst/resources/pull/2.patch",
            "merged_at": null
        },
        "body": "Fixes #1",
        "closed_by": null,
        "reactions": {
            "url": "https://api.github.com/repos/amethyst/resources/issues/2/reactions",
            "total_count": 0,
            "+1": 0,
            "-1": 0,
            "laugh": 0,
            "hooray": 0,
            "confused": 0,
            "heart": 0,
            "rocket": 0,
            "eyes": 0
        },
        "timeline_url": "https://api.github.com/repos/amethyst/resources/issues/2/timeline",
        "performed_via_github_app": null,
        "state_reason": null
    },
    {
        "url": "https://api.github.com/repos/amethyst/resources/issues/1",
        "repository_url": "https://api.github.com/repos/amethyst/resources",
        "labels_url": "https://api.github.com/repos/amethyst/resources/issues/1/labels{/name}",
        "comments_url": "https://api.github.com/repos/amethyst/resources/issues/1/comments",
        "events_url": "https://api.github.com/repos/amethyst/resources/issues/1/events",
        "html_url": "https://github.com/amethyst/resources/issues/1",
        "id": 391814504,
        "node_id": "MDU6SXNzdWUzOTE4MTQ1MDQ=",
        "number": 1,
        "title": "Add licensing guidelines for the logo",
        "user": {
            "login": "Xaeroxe",
            "id": 6182002,
            "node_id": "MDQ6VXNlcjYxODIwMDI=",
            "avatar_url": "https://avatars.githubusercontent.com/u/6182002?v=4",
            "gravatar_id": "",
            "url": "https://api.github.com/users/Xaeroxe",
            "html_url": "https://github.com/Xaeroxe",
            "followers_url": "https://api.github.com/users/Xaeroxe/followers",
            "following_url": "https://api.github.com/users/Xaeroxe/following{/other_user}",
            "gists_url": "https://api.github.com/users/Xaeroxe/gists{/gist_id}",
            "starred_url": "https://api.github.com/users/Xaeroxe/starred{/owner}{/repo}",
            "subscriptions_url": "https://api.github.com/users/Xaeroxe/subscriptions",
            "organizations_url": "https://api.github.com/users/Xaeroxe/orgs",
            "repos_url": "https://api.github.com/users/Xaeroxe/repos",
            "events_url": "https://api.github.com/users/Xaeroxe/events{/privacy}",
            "received_events_url": "https://api.github.com/users/Xaeroxe/received_events",
            "type": "User",
            "user_view_type": "public",
            "site_admin": false
        },
        "labels": [],
        "state": "open",
        "locked": false,
        "assignee": null,
        "assignees": [],
        "milestone": null,
        "comments": 0,
        "created_at": "2018-12-17T17:25:48Z",
        "updated_at": "2018-12-17T17:25:48Z",
        "closed_at": null,
        "author_association": "MEMBER",
        "sub_issues_summary": {
            "total": 0,
            "completed": 0,
            "percent_completed": 0
        },
        "active_lock_reason": null,
        "body": "",
        "closed_by": null,
        "reactions": {
            "url": "https://api.github.com/repos/amethyst/resources/issues/1/reactions",
            "total_count": 0,
            "+1": 0,
            "-1": 0,
            "laugh": 0,
            "hooray": 0,
            "confused": 0,
            "heart": 0,
            "rocket": 0,
            "eyes": 0
        },
        "timeline_url": "https://api.github.com/repos/amethyst/resources/issues/1/timeline",
        "performed_via_github_app": null,
        "state_reason": null
    }
]