[
    {
        "url": "https://api.github.com/repos/amethyst/sheep/issues/46",
        "repository_url": "https://api.github.com/repos/amethyst/sheep",
        "labels_url": "https://api.github.com/repos/amethyst/sheep/issues/46/labels{/name}",
        "comments_url": "https://api.github.com/repos/amethyst/sheep/issues/46/comments",
        "events_url": "https://api.github.com/repos/amethyst/sheep/issues/46/events",
        "html_url": "https://github.com/amethyst/sheep/pull/46",
        "id": 1755599178,
        "node_id": "PR_kwDOCYem885S7OoH",
        "number": 46,
        "title": "Bump rgb from 0.8.13 to 0.8.36",
        "user": {
            "login": "dependabot[bot]",
            "id": 49699333,
            "node_id": "MDM6Qm90NDk2OTkzMzM=",
            "avatar_url": "https://avatars.githubusercontent.com/in/29110?v=4",
            "gravatar_id": "",
            "url": "https://api.github.com/users/dependabot%5Bbot%5D",
            "html_url": "https://github.com/apps/dependabot",
            "followers_url": "https://api.github.com/users/dependabot%5Bbot%5D/followers",
            "following_url": "https://api.github.com/users/dependabot%5Bbot%5D/following{/other_user}",
            "gists_url": "https://api.github.com/users/dependabot%5Bbot%5D/gists{/gist_id}",
            "starred_url": "https://api.github.com/users/dependabot%5Bbot%5D/starred{/owner}{/repo}",
            "subscriptions_url": "https://api.github.com/users/dependabot%5Bbot%5D/subscriptions",
            "organizations_url": "https://api.github.com/users/dependabot%5Bbot%5D/orgs",
            "repos_url": "https://api.github.com/users/dependabot%5Bbot%5D/repos",
            "events_url": "https://api.github.com/users/dependabot%5Bbot%5D/events{/privacy}",
            "received_events_url": "https://api.github.com/users/dependabot%5Bbot%5D/received_events",
            "type": "Bot",
            "user_view_type": "public",
            "site_admin": false
        },
        "labels": [
            {
                "id": 4206292955,
                "node_id": "LA_kwDOCYem8876tu_b",
                "url": "https://api.github.com/repos/amethyst/sheep/labels/dependencies",
                "name": "dependencies",
                "color": "0366d6",
                "default": false,
                "description": "Pull requests that update a dependency file"
            }
        ],
        "state": "open",
        "locked": false,
        "assignee": null,
        "assignees": [],
        "milestone": null,
        "comments": 0,
        "created_at": "2023-06-13T20:27:25Z",
        "updated_at": "2023-06-13T20:27:27Z",
        "closed_at": null,
        "author_association": "NONE",
        "sub_issues_summary": {
            "total": 0,
            "completed": 0,
            "percent_completed": 0
        },
        "active_lock_reason": null,
        "draft": false,
        "pull_request": {
            "url": "https://api.github.com/repos/amethyst/sheep/pulls/46",
            "html_url": "https://github.com/amethyst/sheep/pull/46",
            "diff_url": "https://github.com/amethyst/sheep/pull/46.diff",
            "patch_url": "https://github.com/amethyst/sheep/pull/46.patch",
            "merged_at": null
        },
        "body": "Bumps [rgb](https://github.com/kornelski/rust-rgb) from 0.8.13 to 0.8.36.\n<details>\n<summary>Commits</summary>\n<ul>\n<li>See full diff in <a href=\"https://github.com/kornelski/rust-rgb/commits/v0.8.36\">compare view</a></li>\n</ul>\n</details>\n<br />\n\n\n[![Dependabot compatibility score](https://dependabot-badges.githubapp.com/badges/compatibility_score?dependency-name=rgb&package-manager=cargo&previous-version=0.8.13&new-version=0.8.36)](https://docs.github.com/en/github/managing-security-vulnerabilities/about-dependabot-security-updates#about-compatibility-scores)\n\nDependabot will resolve any conflicts with this PR as long as you don't alter it yourself. You can also trigger a rebase manually by commenting `@dependabot rebase`.\n\n[//]: # (dependabot-automerge-start)\n[//]: # (dependabot-automerge-end)\n\n---\n\n<details>\n<summary>Dependabot commands and options</summary>\n<br />\n\nYou can trigger Dependabot actions by commenting on this PR:\n- `@dependabot rebase` will rebase this PR\n- `@dependabot recreate` will recreate this PR, overwriting any edits that have been made to it\n- `@dependabot merge` will merge this PR after your CI passes on it\n- `@dependabot squash and merge` will squash and merge this PR after your CI passes on it\n- `@dependabot cancel merge` will cancel a previously requested merge and block automerging\n- `@dependabot reopen` will reopen this PR if it is closed\n- `@dependabot close` will close this PR and stop Dependabot recreating it. You can achieve the same result by closing it manually\n- `@dependabot ignore this major version` will close this PR and stop Dependabot creating any more for this major version (unless you reopen the PR or upgrade to it yourself)\n- `@dependabot ignore this minor version` will close this PR and stop Dependabot creating any more for this minor version (unless you reopen the PR or upgrade to it yourself)\n- `@dependabot ignore this dependency` will close this PR and stop Dependabot creating any more for this dependency (unless you reopen the PR or upgrade to it yourself)\nYou can disable automated security fix PRs for this repo from the [Security Alerts page](https://github.com/amethyst/sheep/network/alerts).\n\n</details>",
        "closed_by": null,
        "reactions": {
            "url": "https://api.github.com/repos/amethyst/sheep/issues/46/reactions",
            "total_count": 0,
            "+1": 0,
            "-1": 0,
            "laugh": 0,
            "hooray": 0,
            "confused": 0,
            "heart": 0,
            "rocket": 0,
            "eyes": 0
        },
        "timeline_url": "https://api.github.com/repos/amethyst/sheep/issues/46/timeline",
        "performed_via_github_app": null,
        "state_reason": null
    },
    {
        "url": "https://api.github.com/repos/amethyst/sheep/issues/45",
        "repository_url": "https://api.github.com/repos/amethyst/sheep",
        "labels_url": "https://api.github.com/repos/amethyst/sheep/issues/45/labels{/name}",
        "comments_url": "https://api.github.com/repos/amethyst/sheep/issues/45/comments",
        "events_url": "https://api.github.com/repos/amethyst/sheep/issues/45/events",
        "html_url": "https://github.com/amethyst/sheep/issues/45",
        "id": 1302324914,
        "node_id": "I_kwDOCYem885Nn-ay",
        "number": 45,
        "title": "SimplePacker results in overlapping sprites",
        "user": {
            "login": "TwilightFlower",
            "id": 13630340,
            "node_id": "MDQ6VXNlcjEzNjMwMzQw",
            "avatar_url": "https://avatars.githubusercontent.com/u/13630340?v=4",
            "gravatar_id": "",
            "url": "https://api.github.com/users/TwilightFlower",
            "html_url": "https://github.com/TwilightFlower",
            "followers_url": "https://api.github.com/users/TwilightFlower/followers",
            "following_url": "https://api.github.com/users/TwilightFlower/following{/other_user}",
            "gists_url": "https://api.github.com/users/TwilightFlower/gists{/gist_id}",
            "starred_url": "https://api.github.com/users/TwilightFlower/starred{/owner}{/repo}",
            "subscriptions_url": "https://api.github.com/users/TwilightFlower/subscriptions",
            "organizations_url": "https://api.github.com/users/TwilightFlower/orgs",
            "repos_url": "https://api.github.com/users/TwilightFlower/repos",
            "events_url": "https://api.github.com/users/TwilightFlower/events{/privacy}",
            "received_events_url": "https://api.github.com/users/TwilightFlower/received_events",
            "type": "User",
            "user_view_type": "public",
            "site_admin": false
        },
        "labels": [],
        "state": "open",
        "locked": false,
        "assignee": null,
        "assignees": [],
        "milestone": null,
        "comments": 0,
        "created_at": "2022-07-12T16:24:12Z",
        "updated_at": "2022-07-12T16:24:12Z",
        "closed_at": null,
        "author_association": "NONE",
        "sub_issues_summary": {
            "total": 0,
            "completed": 0,
            "percent_completed": 0
        },
        "active_lock_reason": null,
        "body": "Not much else to say. Here's a result from packing a font signed distance field:\r\n![out](https://user-images.githubusercontent.com/13630340/178543778-ff84a489-b0f9-4c0d-88dd-97eadf8e98e6.png)\r\n\r\n",
        "closed_by": null,
        "reactions": {
            "url": "https://api.github.com/repos/amethyst/sheep/issues/45/reactions",
            "total_count": 0,
            "+1": 0,
            "-1": 0,
            "laugh": 0,
            "hooray": 0,
            "confused": 0,
            "heart": 0,
            "rocket": 0,
            "eyes": 0
        },
        "timeline_url": "https://api.github.com/repos/amethyst/sheep/issues/45/timeline",
        "performed_via_github_app": null,
        "state_reason": null
    },
    {
        "url": "https://api.github.com/repos/amethyst/sheep/issues/44",
        "repository_url": "https://api.github.com/repos/amethyst/sheep",
        "labels_url": "https://api.github.com/repos/amethyst/sheep/issues/44/labels{/name}",
        "comments_url": "https://api.github.com/repos/amethyst/sheep/issues/44/comments",
        "events_url": "https://api.github.com/repos/amethyst/sheep/issues/44/events",
        "html_url": "https://github.com/amethyst/sheep/pull/44",
        "id": 1274334891,
        "node_id": "PR_kwDOCYem88450RVh",
        "number": 44,
        "title": "Bump smallvec from 0.6.10 to 0.6.14",
        "user": {
            "login": "dependabot[bot]",
            "id": 49699333,
            "node_id": "MDM6Qm90NDk2OTkzMzM=",
            "avatar_url": "https://avatars.githubusercontent.com/in/29110?v=4",
            "gravatar_id": "",
            "url": "https://api.github.com/users/dependabot%5Bbot%5D",
            "html_url": "https://github.com/apps/dependabot",
            "followers_url": "https://api.github.com/users/dependabot%5Bbot%5D/followers",
            "following_url": "https://api.github.com/users/dependabot%5Bbot%5D/following{/other_user}",
            "gists_url": "https://api.github.com/users/dependabot%5Bbot%5D/gists{/gist_id}",
            "starred_url": "https://api.github.com/users/dependabot%5Bbot%5D/starred{/owner}{/repo}",
            "subscriptions_url": "https://api.github.com/users/dependabot%5Bbot%5D/subscriptions",
            "organizations_url": "https://api.github.com/users/dependabot%5Bbot%5D/orgs",
            "repos_url": "https://api.github.com/users/dependabot%5Bbot%5D/repos",
            "events_url": "https://api.github.com/users/dependabot%5Bbot%5D/events{/privacy}",
            "received_events_url": "https://api.github.com/users/dependabot%5Bbot%5D/received_events",
            "type": "Bot",
            "user_view_type": "public",
            "site_admin": false
        },
        "labels": [
            {
                "id": 4206292955,
                "node_id": "LA_kwDOCYem8876tu_b",
                "url": "https://api.github.com/repos/amethyst/sheep/labels/dependencies",
                "name": "dependencies",
                "color": "0366d6",
                "default": false,
                "description": "Pull requests that update a dependency file"
            }
        ],
        "state": "open",
        "locked": false,
        "assignee": null,
        "assignees": [],
        "milestone": null,
        "comments": 0,
        "created_at": "2022-06-17T01:27:07Z",
        "updated_at": "2022-06-17T01:27:08Z",
        "closed_at": null,
        "author_association": "NONE",
        "sub_issues_summary": {
            "total": 0,
            "completed": 0,
            "percent_completed": 0
        },
        "active_lock_reason": null,
        "draft": false,
        "pull_request": {
            "url": "https://api.github.com/repos/amethyst/sheep/pulls/44",
            "html_url": "https://github.com/amethyst/sheep/pull/44",
            "diff_url": "https://github.com/amethyst/sheep/pull/44.diff",
            "patch_url": "https://github.com/amethyst/sheep/pull/44.patch",
            "merged_at": null
        },
        "body": "Bumps [smallvec](https://github.com/servo/rust-smallvec) from 0.6.10 to 0.6.14.\n<details>\n<summary>Release notes</summary>\n<p><em>Sourced from <a href=\"https://github.com/servo/rust-smallvec/releases\">smallvec's releases</a>.</em></p>\n<blockquote>\n<h2>v0.6.14</h2>\n<ul>\n<li>Fix a possible buffer overflow in <code>insert_many</code> (<a href=\"https://github-redirect.dependabot.com/servo/rust-smallvec/issues/252\">#252</a>, <a href=\"https://github-redirect.dependabot.com/servo/rust-smallvec/issues/254\">#254</a>).</li>\n</ul>\n<h2>v0.6.13</h2>\n<ul>\n<li>Use the <code>maybe-unit</code> crate in place of soon-to-be-deprecated <code>std::mem::uninitialized</code> (<a href=\"https://github-redirect.dependabot.com/servo/rust-smallvec/issues/180\">#180</a>). When built with Rust 1.36 or later, this fixes a source of undefined behavior. It also fixes deprecation warnings in Rust 1.39 and later, and test failures when run in MIRI. In Rust 1.35 and earlier it provides some safety improvements but does not completely eliminate undefined behavior. (However, we are not aware of any cases where the undefined behavior causes bugs in practice in those toolchains.)</li>\n</ul>\n<h2>v0.6.12</h2>\n<ul>\n<li>Move code using <code>default fn</code> into its own module (<a href=\"https://github-redirect.dependabot.com/servo/rust-smallvec/issues/161\">#161</a>).</li>\n</ul>\n<h2>v0.6.11</h2>\n<ul>\n<li>The unstable <code>alloc</code> feature is no longer needed.  This crate can now build with the <code>std</code> feature disabled on stable Rust 1.36 or later (<a href=\"https://github-redirect.dependabot.com/servo/rust-smallvec/issues/159\">#159</a>).</li>\n</ul>\n</blockquote>\n</details>\n<details>\n<summary>Commits</summary>\n<ul>\n<li><a href=\"https://github.com/servo/rust-smallvec/commit/5757ac500d4e544485d796b542e4e589749c291b\"><code>5757ac5</code></a> Fix potential buffer overflow in <code>insert_many</code></li>\n<li><a href=\"https://github.com/servo/rust-smallvec/commit/78522049b3ce129d02eea4e802747ba1090a5586\"><code>7852204</code></a> Merge pull request <a href=\"https://github-redirect.dependabot.com/servo/rust-smallvec/issues/180\">#180</a> from mbrubeck/maybe_uninit</li>\n<li><a href=\"https://github.com/servo/rust-smallvec/commit/58d5416fab7cae3d1f87f89a0afd91ffa1ccb7ee\"><code>58d5416</code></a> Add a test for <a href=\"https://github-redirect.dependabot.com/servo/rust-smallvec/issues/139\">#139</a>.</li>\n<li><a href=\"https://github.com/servo/rust-smallvec/commit/26ea2caa43eabe5e3fe43b2ef4f3c60c757745c9\"><code>26ea2ca</code></a> Run miri in CI</li>\n<li><a href=\"https://github.com/servo/rust-smallvec/commit/e64afc8c473d43e375ab42bd33db2d0d4ac4e41b\"><code>e64afc8</code></a> Use MaybeUninit for storage of inline items.</li>\n<li><a href=\"https://github.com/servo/rust-smallvec/commit/87f156b7adc96100571baf602d5bc61bd4431626\"><code>87f156b</code></a> Version 0.6.12</li>\n<li><a href=\"https://github.com/servo/rust-smallvec/commit/e60df76fe606c5390b7505b12dc7b69e96b1260e\"><code>e60df76</code></a> Version 0.6.11</li>\n<li><a href=\"https://github.com/servo/rust-smallvec/commit/3ee6d1e3e5a8b5a6eafa5f396c397d5038a9c97e\"><code>3ee6d1e</code></a> Auto merge of <a href=\"https://github-redirect.dependabot.com/servo/rust-smallvec/issues/161\">#161</a> - Centril:master, r=emilio</li>\n<li><a href=\"https://github.com/servo/rust-smallvec/commit/92122e2d642f3610925679f8f1e6c3d259a7db09\"><code>92122e2</code></a> Move use of 'default fn' to its own module.</li>\n<li><a href=\"https://github.com/servo/rust-smallvec/commit/c83bb71afe7bdfd824da9c24cccc78753abb059e\"><code>c83bb71</code></a> Auto merge of <a href=\"https://github-redirect.dependabot.com/servo/rust-smallvec/issues/159\">#159</a> - CryZe:no-std, r=emilio</li>\n<li>Additional commits viewable in <a href=\"https://github.com/servo/rust-smallvec/compare/v0.6.10...v0.6.14\">compare view</a></li>\n</ul>\n</details>\n<br />\n\n\n[![Dependabot compatibility score](https://dependabot-badges.githubapp.com/badges/compatibility_score?dependency-name=smallvec&package-manager=cargo&previous-version=0.6.10&new-version=0.6.14)](https://docs.github.com/en/github/managing-security-vulnerabilities/about-dependabot-security-updates#about-compatibility-scores)\n\nDependabot will resolve any conflicts with this PR as long as you don't alter it yourself. You can also trigger a rebase manually by commenting `@dependabot rebase`.\n\n[//]: # (dependabot-automerge-start)\n[//]: # (dependabot-automerge-end)\n\n---\n\n<details>\n<summary>Dependabot commands and options</summary>\n<br />\n\nYou can trigger Dependabot actions by commenting on this PR:\n- `@dependabot rebase` will rebase this PR\n- `@dependabot recreate` will recreate this PR, overwriting any edits that have been made to it\n- `@dependabot merge` will merge this PR after your CI passes on it\n- `@dependabot squash and merge` will squash and merge this PR after your CI passes on it\n- `@dependabot cancel merge` will cancel a previously requested merge and block automerging\n- `@dependabot reopen` will reopen this PR if it is closed\n- `@dependabot close` will close this PR and stop Dependabot recreating it. You can achieve the same result by closing it manually\n- `@dependabot ignore this major version` will close this PR and stop Dependabot creating any more for this major version (unless you reopen the PR or upgrade to it yourself)\n- `@dependabot ignore this minor version` will close this PR and stop Dependabot creating any more for this minor version (unless you reopen the PR or upgrade to it yourself)\n- `@dependabot ignore this dependency` will close this PR and stop Dependabot creating any more for this dependency (unless you reopen the PR or upgrade to it yourself)\n- `@dependabot use these labels` will set the current labels as the default for future PRs for this repo and language\n- `@dependabot use these reviewers` will set the current reviewers as the default for future PRs for this repo and language\n- `@dependabot use these assignees` will set the current assignees as the default for future PRs for this repo and language\n- `@dependabot use this milestone` will set the current milestone as the default for future PRs for this repo and language\n\nYou can disable automated security fix PRs for this repo from the [Security Alerts page](https://github.com/amethyst/sheep/network/alerts).\n\n</details>",
        "closed_by": null,
        "reactions": {
            "url": "https://api.github.com/repos/amethyst/sheep/issues/44/reactions",
            "total_count": 0,
            "+1": 0,
            "-1": 0,
            "laugh": 0,
            "hooray": 0,
            "confused": 0,
            "heart": 0,
            "rocket": 0,
            "eyes": 0
        },
        "timeline_url": "https://api.github.com/repos/amethyst/sheep/issues/44/timeline",
        "performed_via_github_app": null,
        "state_reason": null
    },
    {
        "url": "https://api.github.com/repos/amethyst/sheep/issues/41",
        "repository_url": "https://api.github.com/repos/amethyst/sheep",
        "labels_url": "https://api.github.com/repos/amethyst/sheep/issues/41/labels{/name}",
        "comments_url": "https://api.github.com/repos/amethyst/sheep/issues/41/comments",
        "events_url": "https://api.github.com/repos/amethyst/sheep/issues/41/events",
        "html_url": "https://github.com/amethyst/sheep/issues/41",
        "id": 666556960,
        "node_id": "MDU6SXNzdWU2NjY1NTY5NjA=",
        "number": 41,
        "title": "Amethyst format is broken for 0.15",
        "user": {
            "login": "lizfeed",
            "id": 61433510,
            "node_id": "MDQ6VXNlcjYxNDMzNTEw",
            "avatar_url": "https://avatars.githubusercontent.com/u/61433510?v=4",
            "gravatar_id": "",
            "url": "https://api.github.com/users/lizfeed",
            "html_url": "https://github.com/lizfeed",
            "followers_url": "https://api.github.com/users/lizfeed/followers",
            "following_url": "https://api.github.com/users/lizfeed/following{/other_user}",
            "gists_url": "https://api.github.com/users/lizfeed/gists{/gist_id}",
            "starred_url": "https://api.github.com/users/lizfeed/starred{/owner}{/repo}",
            "subscriptions_url": "https://api.github.com/users/lizfeed/subscriptions",
            "organizations_url": "https://api.github.com/users/lizfeed/orgs",
            "repos_url": "https://api.github.com/users/lizfeed/repos",
            "events_url": "https://api.github.com/users/lizfeed/events{/privacy}",
            "received_events_url": "https://api.github.com/users/lizfeed/received_events",
            "type": "User",
            "user_view_type": "public",
            "site_admin": false
        },
        "labels": [],
        "state": "open",
        "locked": false,
        "assignee": null,
        "assignees": [],
        "milestone": null,
        "comments": 0,
        "created_at": "2020-07-27T20:15:30Z",
        "updated_at": "2020-07-27T20:15:30Z",
        "closed_at": null,
        "author_association": "NONE",
        "sub_issues_summary": {
            "total": 0,
            "completed": 0,
            "percent_completed": 0
        },
        "active_lock_reason": null,
        "body": "0.15 now requires a `List(())` to surround the `ron` file. Example: https://github.com/amethyst/amethyst-starter-2d/pull/14/files#diff-ee91fa974052bd6353c9077e79d522eb\r\n\r\nFrom the changelog for 0.14:\r\n\r\n```\r\nChanged SpriteSheetFormat::import_simple to allow importing grid based SpriteSheets (#2023)\r\nMigration Note: Rons need to wrap their content in either Grid() or List()\r\n```\r\n\r\nError:\r\n```\r\n[ERROR][amethyst_assets::storage] \"renderer::SpriteSheet\": Asset \"textures/spritesheet.ron\" (handle id: Handle { id: 0 }) could not be loaded: Failed to load asset with name \"textures/spritesheet.ron\"\r\n[ERROR][amethyst_assets::progress] Error loading handle 0, renderer::SpriteSheet, with name textures/spritesheet.ron: Failed to load asset with name \"textures/spritesheet.ron\"\r\ncaused by: Failed to load asset with name \"textures/spritesheet.ron\"\r\nError { inner: Inner { source: Some(Error { inner: Inner { source: Some(Error { inner: Inner { source: None, backtrace: None, error: LoadSpritesheetError(Parser(ExpectedIdentifier, Position { col: 1, line: 1 })) } }), backtrace: None, error: Format(\"SPRITE_SHEET\") } }), backtrace: None, error: Asset(\"textures/spritesheet.ron\") } }\r\ncaused by: Format \"SPRITE_SHEET\" could not load asset\r\nError { inner: Inner { source: Some(Error { inner: Inner { source: None, backtrace: None, error: LoadSpritesheetError(Parser(ExpectedIdentifier, Position { col: 1, line: 1 })) } }), backtrace: None, error: Format(\"SPRITE_SHEET\") } }\r\ncaused by: Failed to parse SpriteSheet\r\nError { inner: Inner { source: None, backtrace: None, error: LoadSpritesheetError(Parser(ExpectedIdentifier, Position { col: 1, line: 1 })) } }\r\n```\r\n\r\n```\r\n$ sheep --version\r\nsheep 0.3.0\r\n```",
        "closed_by": null,
        "reactions": {
            "url": "https://api.github.com/repos/amethyst/sheep/issues/41/reactions",
            "total_count": 0,
            "+1": 0,
            "-1": 0,
            "laugh": 0,
            "hooray": 0,
            "confused": 0,
            "heart": 0,
            "rocket": 0,
            "eyes": 0
        },
        "timeline_url": "https://api.github.com/repos/amethyst/sheep/issues/41/timeline",
        "performed_via_github_app": null,
        "state_reason": null
    },
    {
        "url": "https://api.github.com/repos/amethyst/sheep/issues/38",
        "repository_url": "https://api.github.com/repos/amethyst/sheep",
        "labels_url": "https://api.github.com/repos/amethyst/sheep/issues/38/labels{/name}",
        "comments_url": "https://api.github.com/repos/amethyst/sheep/issues/38/comments",
        "events_url": "https://api.github.com/repos/amethyst/sheep/issues/38/events",
        "html_url": "https://github.com/amethyst/sheep/pull/38",
        "id": 598370375,
        "node_id": "MDExOlB1bGxSZXF1ZXN0NDAyMjYwMDM1",
        "number": 38,
        "title": "Fix `RON` formatting for Amethyst",
        "user": {
            "login": "conectado",
            "id": 3310803,
            "node_id": "MDQ6VXNlcjMzMTA4MDM=",
            "avatar_url": "https://avatars.githubusercontent.com/u/3310803?v=4",
            "gravatar_id": "",
            "url": "https://api.github.com/users/conectado",
            "html_url": "https://github.com/conectado",
            "followers_url": "https://api.github.com/users/conectado/followers",
            "following_url": "https://api.github.com/users/conectado/following{/other_user}",
            "gists_url": "https://api.github.com/users/conectado/gists{/gist_id}",
            "starred_url": "https://api.github.com/users/conectado/starred{/owner}{/repo}",
            "subscriptions_url": "https://api.github.com/users/conectado/subscriptions",
            "organizations_url": "https://api.github.com/users/conectado/orgs",
            "repos_url": "https://api.github.com/users/conectado/repos",
            "events_url": "https://api.github.com/users/conectado/events{/privacy}",
            "received_events_url": "https://api.github.com/users/conectado/received_events",
            "type": "User",
            "user_view_type": "public",
            "site_admin": false
        },
        "labels": [],
        "state": "open",
        "locked": false,
        "assignee": null,
        "assignees": [],
        "milestone": null,
        "comments": 0,
        "created_at": "2020-04-11T23:15:19Z",
        "updated_at": "2020-04-11T23:15:19Z",
        "closed_at": null,
        "author_association": "NONE",
        "sub_issues_summary": {
            "total": 0,
            "completed": 0,
            "percent_completed": 0
        },
        "active_lock_reason": null,
        "draft": false,
        "pull_request": {
            "url": "https://api.github.com/repos/amethyst/sheep/pulls/38",
            "html_url": "https://github.com/amethyst/sheep/pull/38",
            "diff_url": "https://github.com/amethyst/sheep/pull/38.diff",
            "patch_url": "https://github.com/amethyst/sheep/pull/38.patch",
            "merged_at": null
        },
        "body": "When trying to load an sprite sheet generated by the CLI using:\r\n\r\n```rust\r\n    let sheet_handle = {\r\n        let loader = world.read_resource::<Loader>();\r\n        let sheet_storage = world.read_resource::<AssetStorage<SpriteSheet>>();\r\n        loader.load(\r\n            \"sprites/sprite_sheet.ron\",\r\n            SpriteSheetFormat(texture_handle),\r\n            (),\r\n            &sheet_storage,\r\n        )\r\n    };\r\n```\r\n\r\nI was getting and error due to the formatting of `sprites/sprite_sheet.ron`\r\n\r\n```\r\n[ERROR][amethyst_assets::progress] Error loading handle 6, Mesh, with name sprites/sprite_sheet..png: Asset was loaded but no handle to it was saved.\r\ncaused by: Asset was loaded but no handle to it was saved.\r\nError { inner: Inner { source: None, backtrace: None, error: UnusedHandle } }\r\n[ERROR][amethyst_assets::progress] Note: to handle the error, use a `Progress` other than `()`\r\n[ERROR][amethyst_assets::storage] \"renderer::SpriteSheet\": Asset \"sprites/sprite_sheet.ron\" (handle id: Handle { id: 0 }) could not be loaded: Failed to load asset with name \"sprites/sprite_sheet.ron\"\r\n[ERROR][amethyst_assets::progress] Error loading handle 0, renderer::SpriteSheet, with name sprites/peakbeak.ron: Failed to load asset with name \"sprites/sprite_sheet.ron\"\r\ncaused by: Failed to load asset with name \"sprites/sprite_sheet.ron\"\r\nError { inner: Inner { source: Some(Error { inner: Inner { source: Some(Error { inner: Inner { source: None, backtrace: None, error: LoadSpritesheetError(Parser(ExpectedIdentifier, Position { col: 1, line: 1 })) } }), backtrace: None, error: Format(\"SPRITE_SHEET\") } }), backtrace: None, error: Asset(\"sprites/peakbeak.ron\") } }\r\ncaused by: Format \"SPRITE_SHEET\" could not load asset\r\nError { inner: Inner { source: Some(Error { inner: Inner { source: None, backtrace: None, error: LoadSpritesheetError(Parser(ExpectedIdentifier, Position { col: 1, line: 1 })) } }), backtrace: None, error: Format(\"SPRITE_SHEET\") } }\r\ncaused by: Failed to parse SpriteSheet\r\nError { inner: Inner { source: None, backtrace: None, error: LoadSpritesheetError(Parser(ExpectedIdentifier, Position { col: 1, line: 1 })) } }\r\n[ERROR][amethyst_assets::progress] Note: to handle the error, use a `Progress` other than `()`\r\n```\r\n\r\nWhen comparing the `ron` generated by the cli with the `ron` provided by Amethyst's examples I found out that the `Sprite` struct was wrapped with a `List` enum. So by doing the same with the output of `AmethystFormat` I managed to fix this problem.\r\n\r\n**Note**: This PR includes a fix of #32 which I realize is fixed in #33 but was never merged and is currently outdated. If needed I can make a branch including only \r\n436bec5 .",
        "closed_by": null,
        "reactions": {
            "url": "https://api.github.com/repos/amethyst/sheep/issues/38/reactions",
            "total_count": 0,
            "+1": 0,
            "-1": 0,
            "laugh": 0,
            "hooray": 0,
            "confused": 0,
            "heart": 0,
            "rocket": 0,
            "eyes": 0
        },
        "timeline_url": "https://api.github.com/repos/amethyst/sheep/issues/38/timeline",
        "performed_via_github_app": null,
        "state_reason": null
    },
    {
        "url": "https://api.github.com/repos/amethyst/sheep/issues/37",
        "repository_url": "https://api.github.com/repos/amethyst/sheep",
        "labels_url": "https://api.github.com/repos/amethyst/sheep/issues/37/labels{/name}",
        "comments_url": "https://api.github.com/repos/amethyst/sheep/issues/37/comments",
        "events_url": "https://api.github.com/repos/amethyst/sheep/issues/37/events",
        "html_url": "https://github.com/amethyst/sheep/pull/37",
        "id": 564259106,
        "node_id": "MDExOlB1bGxSZXF1ZXN0Mzc0NTIyODQ0",
        "number": 37,
        "title": "Fix typo in README.md",
        "user": {
            "login": "Spaceface16518",
            "id": 33424649,
            "node_id": "MDQ6VXNlcjMzNDI0NjQ5",
            "avatar_url": "https://avatars.githubusercontent.com/u/33424649?v=4",
            "gravatar_id": "",
            "url": "https://api.github.com/users/Spaceface16518",
            "html_url": "https://github.com/Spaceface16518",
            "followers_url": "https://api.github.com/users/Spaceface16518/followers",
            "following_url": "https://api.github.com/users/Spaceface16518/following{/other_user}",
            "gists_url": "https://api.github.com/users/Spaceface16518/gists{/gist_id}",
            "starred_url": "https://api.github.com/users/Spaceface16518/starred{/owner}{/repo}",
            "subscriptions_url": "https://api.github.com/users/Spaceface16518/subscriptions",
            "organizations_url": "https://api.github.com/users/Spaceface16518/orgs",
            "repos_url": "https://api.github.com/users/Spaceface16518/repos",
            "events_url": "https://api.github.com/users/Spaceface16518/events{/privacy}",
            "received_events_url": "https://api.github.com/users/Spaceface16518/received_events",
            "type": "User",
            "user_view_type": "public",
            "site_admin": false
        },
        "labels": [],
        "state": "open",
        "locked": false,
        "assignee": null,
        "assignees": [],
        "milestone": null,
        "comments": 0,
        "created_at": "2020-02-12T20:43:33Z",
        "updated_at": "2020-02-13T00:23:10Z",
        "closed_at": null,
        "author_association": "NONE",
        "sub_issues_summary": {
            "total": 0,
            "completed": 0,
            "percent_completed": 0
        },
        "active_lock_reason": null,
        "draft": false,
        "pull_request": {
            "url": "https://api.github.com/repos/amethyst/sheep/pulls/37",
            "html_url": "https://github.com/amethyst/sheep/pull/37",
            "diff_url": "https://github.com/amethyst/sheep/pull/37.diff",
            "patch_url": "https://github.com/amethyst/sheep/pull/37.patch",
            "merged_at": null
        },
        "body": "I want to contribute to this project but I don't know how to, so I thought this would be a start.",
        "closed_by": null,
        "reactions": {
            "url": "https://api.github.com/repos/amethyst/sheep/issues/37/reactions",
            "total_count": 0,
            "+1": 0,
            "-1": 0,
            "laugh": 0,
            "hooray": 0,
            "confused": 0,
            "heart": 0,
            "rocket": 0,
            "eyes": 0
        },
        "timeline_url": "https://api.github.com/repos/amethyst/sheep/issues/37/timeline",
        "performed_via_github_app": null,
        "state_reason": null
    },
    {
        "url": "https://api.github.com/repos/amethyst/sheep/issues/36",
        "repository_url": "https://api.github.com/repos/amethyst/sheep",
        "labels_url": "https://api.github.com/repos/amethyst/sheep/issues/36/labels{/name}",
        "comments_url": "https://api.github.com/repos/amethyst/sheep/issues/36/comments",
        "events_url": "https://api.github.com/repos/amethyst/sheep/issues/36/events",
        "html_url": "https://github.com/amethyst/sheep/issues/36",
        "id": 557047939,
        "node_id": "MDU6SXNzdWU1NTcwNDc5Mzk=",
        "number": 36,
        "title": "Rounding to power-of-two dimensions",
        "user": {
            "login": "LPGhatguy",
            "id": 654598,
            "node_id": "MDQ6VXNlcjY1NDU5OA==",
            "avatar_url": "https://avatars.githubusercontent.com/u/654598?v=4",
            "gravatar_id": "",
            "url": "https://api.github.com/users/LPGhatguy",
            "html_url": "https://github.com/LPGhatguy",
            "followers_url": "https://api.github.com/users/LPGhatguy/followers",
            "following_url": "https://api.github.com/users/LPGhatguy/following{/other_user}",
            "gists_url": "https://api.github.com/users/LPGhatguy/gists{/gist_id}",
            "starred_url": "https://api.github.com/users/LPGhatguy/starred{/owner}{/repo}",
            "subscriptions_url": "https://api.github.com/users/LPGhatguy/subscriptions",
            "organizations_url": "https://api.github.com/users/LPGhatguy/orgs",
            "repos_url": "https://api.github.com/users/LPGhatguy/repos",
            "events_url": "https://api.github.com/users/LPGhatguy/events{/privacy}",
            "received_events_url": "https://api.github.com/users/LPGhatguy/received_events",
            "type": "User",
            "user_view_type": "public",
            "site_admin": false
        },
        "labels": [],
        "state": "open",
        "locked": false,
        "assignee": null,
        "assignees": [],
        "milestone": null,
        "comments": 0,
        "created_at": "2020-01-29T18:47:43Z",
        "updated_at": "2020-01-29T18:47:43Z",
        "closed_at": null,
        "author_association": "NONE",
        "sub_issues_summary": {
            "total": 0,
            "completed": 0,
            "percent_completed": 0
        },
        "active_lock_reason": null,
        "body": "First, thanks for publishing sheep! It was heartening to see other people working on asset pipeline tooling for games in Rust.\r\n\r\nIn a tool my team is working on, we need to pack images into square power-of-two textures for some devices, preferring to waste a little space to get a square image instead of a perfectly packed non-square image.\r\n\r\nWhen using Sheep's Max Rects packer with five 128x128 textures and a max size of 1024x1024, it produces a 128x640 texture like this:\r\n\r\n![22d80dd5ebdb967194b2d144f57eee3e](https://user-images.githubusercontent.com/654598/73386258-6d4af780-4283-11ea-8a86-59f9822a06b2.png)\r\n\r\nWe'd prefer that it instead produce a 512x512 square texture with wasted space. On some platforms, would have to expand a 128x640 texture into a 1024x1024 texture, which is more wasteful!\r\n\r\nWe've found [some other tools](https://github.com/soimy/maxrects-packer) that mention the problem of PO2 textures with maxrects, but I'm not familiar enough with packing algorithms to know if it's feasible to enforce exactly.",
        "closed_by": null,
        "reactions": {
            "url": "https://api.github.com/repos/amethyst/sheep/issues/36/reactions",
            "total_count": 0,
            "+1": 0,
            "-1": 0,
            "laugh": 0,
            "hooray": 0,
            "confused": 0,
            "heart": 0,
            "rocket": 0,
            "eyes": 0
        },
        "timeline_url": "https://api.github.com/repos/amethyst/sheep/issues/36/timeline",
        "performed_via_github_app": null,
        "state_reason": null
    },
    {
        "url": "https://api.github.com/repos/amethyst/sheep/issues/34",
        "repository_url": "https://api.github.com/repos/amethyst/sheep",
        "labels_url": "https://api.github.com/repos/amethyst/sheep/issues/34/labels{/name}",
        "comments_url": "https://api.github.com/repos/amethyst/sheep/issues/34/comments",
        "events_url": "https://api.github.com/repos/amethyst/sheep/issues/34/events",
        "html_url": "https://github.com/amethyst/sheep/pull/34",
        "id": 545419497,
        "node_id": "MDExOlB1bGxSZXF1ZXN0MzU5MzAyODAy",
        "number": 34,
        "title": "Fix cli example to use input argument in the right position.",
        "user": {
            "login": "joarfish",
            "id": 22035786,
            "node_id": "MDQ6VXNlcjIyMDM1Nzg2",
            "avatar_url": "https://avatars.githubusercontent.com/u/22035786?v=4",
            "gravatar_id": "",
            "url": "https://api.github.com/users/joarfish",
            "html_url": "https://github.com/joarfish",
            "followers_url": "https://api.github.com/users/joarfish/followers",
            "following_url": "https://api.github.com/users/joarfish/following{/other_user}",
            "gists_url": "https://api.github.com/users/joarfish/gists{/gist_id}",
            "starred_url": "https://api.github.com/users/joarfish/starred{/owner}{/repo}",
            "subscriptions_url": "https://api.github.com/users/joarfish/subscriptions",
            "organizations_url": "https://api.github.com/users/joarfish/orgs",
            "repos_url": "https://api.github.com/users/joarfish/repos",
            "events_url": "https://api.github.com/users/joarfish/events{/privacy}",
            "received_events_url": "https://api.github.com/users/joarfish/received_events",
            "type": "User",
            "user_view_type": "public",
            "site_admin": false
        },
        "labels": [],
        "state": "open",
        "locked": false,
        "assignee": null,
        "assignees": [],
        "milestone": null,
        "comments": 2,
        "created_at": "2020-01-05T13:43:53Z",
        "updated_at": "2020-12-20T18:49:44Z",
        "closed_at": null,
        "author_association": "NONE",
        "sub_issues_summary": {
            "total": 0,
            "completed": 0,
            "percent_completed": 0
        },
        "active_lock_reason": null,
        "draft": false,
        "pull_request": {
            "url": "https://api.github.com/repos/amethyst/sheep/pulls/34",
            "html_url": "https://github.com/amethyst/sheep/pull/34",
            "diff_url": "https://github.com/amethyst/sheep/pull/34.diff",
            "patch_url": "https://github.com/amethyst/sheep/pull/34.patch",
            "merged_at": null
        },
        "body": "Fix #31 ",
        "closed_by": null,
        "reactions": {
            "url": "https://api.github.com/repos/amethyst/sheep/issues/34/reactions",
            "total_count": 0,
            "+1": 0,
            "-1": 0,
            "laugh": 0,
            "hooray": 0,
            "confused": 0,
            "heart": 0,
            "rocket": 0,
            "eyes": 0
        },
        "timeline_url": "https://api.github.com/repos/amethyst/sheep/issues/34/timeline",
        "performed_via_github_app": null,
        "state_reason": null
    },
    {
        "url": "https://api.github.com/repos/amethyst/sheep/issues/33",
        "repository_url": "https://api.github.com/repos/amethyst/sheep",
        "labels_url": "https://api.github.com/repos/amethyst/sheep/issues/33/labels{/name}",
        "comments_url": "https://api.github.com/repos/amethyst/sheep/issues/33/comments",
        "events_url": "https://api.github.com/repos/amethyst/sheep/issues/33/events",
        "html_url": "https://github.com/amethyst/sheep/pull/33",
        "id": 545417819,
        "node_id": "MDExOlB1bGxSZXF1ZXN0MzU5MzAxNjI2",
        "number": 33,
        "title": "Fix issue 32",
        "user": {
            "login": "joarfish",
            "id": 22035786,
            "node_id": "MDQ6VXNlcjIyMDM1Nzg2",
            "avatar_url": "https://avatars.githubusercontent.com/u/22035786?v=4",
            "gravatar_id": "",
            "url": "https://api.github.com/users/joarfish",
            "html_url": "https://github.com/joarfish",
            "followers_url": "https://api.github.com/users/joarfish/followers",
            "following_url": "https://api.github.com/users/joarfish/following{/other_user}",
            "gists_url": "https://api.github.com/users/joarfish/gists{/gist_id}",
            "starred_url": "https://api.github.com/users/joarfish/starred{/owner}{/repo}",
            "subscriptions_url": "https://api.github.com/users/joarfish/subscriptions",
            "organizations_url": "https://api.github.com/users/joarfish/orgs",
            "repos_url": "https://api.github.com/users/joarfish/repos",
            "events_url": "https://api.github.com/users/joarfish/events{/privacy}",
            "received_events_url": "https://api.github.com/users/joarfish/received_events",
            "type": "User",
            "user_view_type": "public",
            "site_admin": false
        },
        "labels": [],
        "state": "open",
        "locked": false,
        "assignee": null,
        "assignees": [],
        "milestone": null,
        "comments": 2,
        "created_at": "2020-01-05T13:28:14Z",
        "updated_at": "2020-05-29T18:34:19Z",
        "closed_at": null,
        "author_association": "NONE",
        "sub_issues_summary": {
            "total": 0,
            "completed": 0,
            "percent_completed": 0
        },
        "active_lock_reason": null,
        "draft": false,
        "pull_request": {
            "url": "https://api.github.com/repos/amethyst/sheep/pulls/33",
            "html_url": "https://github.com/amethyst/sheep/pull/33",
            "diff_url": "https://github.com/amethyst/sheep/pull/33.diff",
            "patch_url": "https://github.com/amethyst/sheep/pull/33.patch",
            "merged_at": null
        },
        "body": "This is a proposal for solving #32 ",
        "closed_by": null,
        "reactions": {
            "url": "https://api.github.com/repos/amethyst/sheep/issues/33/reactions",
            "total_count": 0,
            "+1": 0,
            "-1": 0,
            "laugh": 0,
            "hooray": 0,
            "confused": 0,
            "heart": 0,
            "rocket": 0,
            "eyes": 0
        },
        "timeline_url": "https://api.github.com/repos/amethyst/sheep/issues/33/timeline",
        "performed_via_github_app": null,
        "state_reason": null
    },
    {
        "url": "https://api.github.com/repos/amethyst/sheep/issues/32",
        "repository_url": "https://api.github.com/repos/amethyst/sheep",
        "labels_url": "https://api.github.com/repos/amethyst/sheep/issues/32/labels{/name}",
        "comments_url": "https://api.github.com/repos/amethyst/sheep/issues/32/comments",
        "events_url": "https://api.github.com/repos/amethyst/sheep/issues/32/events",
        "html_url": "https://github.com/amethyst/sheep/issues/32",
        "id": 545416070,
        "node_id": "MDU6SXNzdWU1NDU0MTYwNzA=",
        "number": 32,
        "title": "Bug: sheep-cli panics on input with globbing (Windows)",
        "user": {
            "login": "joarfish",
            "id": 22035786,
            "node_id": "MDQ6VXNlcjIyMDM1Nzg2",
            "avatar_url": "https://avatars.githubusercontent.com/u/22035786?v=4",
            "gravatar_id": "",
            "url": "https://api.github.com/users/joarfish",
            "html_url": "https://github.com/joarfish",
            "followers_url": "https://api.github.com/users/joarfish/followers",
            "following_url": "https://api.github.com/users/joarfish/following{/other_user}",
            "gists_url": "https://api.github.com/users/joarfish/gists{/gist_id}",
            "starred_url": "https://api.github.com/users/joarfish/starred{/owner}{/repo}",
            "subscriptions_url": "https://api.github.com/users/joarfish/subscriptions",
            "organizations_url": "https://api.github.com/users/joarfish/orgs",
            "repos_url": "https://api.github.com/users/joarfish/repos",
            "events_url": "https://api.github.com/users/joarfish/events{/privacy}",
            "received_events_url": "https://api.github.com/users/joarfish/received_events",
            "type": "User",
            "user_view_type": "public",
            "site_admin": false
        },
        "labels": [],
        "state": "open",
        "locked": false,
        "assignee": null,
        "assignees": [],
        "milestone": null,
        "comments": 0,
        "created_at": "2020-01-05T13:12:25Z",
        "updated_at": "2020-01-05T13:12:25Z",
        "closed_at": null,
        "author_association": "NONE",
        "sub_issues_summary": {
            "total": 0,
            "completed": 0,
            "percent_completed": 0
        },
        "active_lock_reason": null,
        "body": "### Issue\r\nWhen I specify the input files using globbing, sheep-cli crashes with\r\n```\r\nthread 'main' panicked at ' Failed to open image: IOError(Os { code: 123, kind: Other, message: \"The filename, directory name, or volume label syntax is incorrect.\" })\r\n```\r\nI looked into it and found out that this is due to Windows not expanding input arguments using globbing. \r\n\r\n### Possible Fix\r\nUse glob crate to expand inputs with globbing.",
        "closed_by": null,
        "reactions": {
            "url": "https://api.github.com/repos/amethyst/sheep/issues/32/reactions",
            "total_count": 0,
            "+1": 0,
            "-1": 0,
            "laugh": 0,
            "hooray": 0,
            "confused": 0,
            "heart": 0,
            "rocket": 0,
            "eyes": 0
        },
        "timeline_url": "https://api.github.com/repos/amethyst/sheep/issues/32/timeline",
        "performed_via_github_app": null,
        "state_reason": null
    },
    {
        "url": "https://api.github.com/repos/amethyst/sheep/issues/31",
        "repository_url": "https://api.github.com/repos/amethyst/sheep",
        "labels_url": "https://api.github.com/repos/amethyst/sheep/issues/31/labels{/name}",
        "comments_url": "https://api.github.com/repos/amethyst/sheep/issues/31/comments",
        "events_url": "https://api.github.com/repos/amethyst/sheep/issues/31/events",
        "html_url": "https://github.com/amethyst/sheep/issues/31",
        "id": 523648257,
        "node_id": "MDU6SXNzdWU1MjM2NDgyNTc=",
        "number": 31,
        "title": "Sheep CLI options parsed as files",
        "user": {
            "login": "MichaelMcDonnell",
            "id": 20253,
            "node_id": "MDQ6VXNlcjIwMjUz",
            "avatar_url": "https://avatars.githubusercontent.com/u/20253?v=4",
            "gravatar_id": "",
            "url": "https://api.github.com/users/MichaelMcDonnell",
            "html_url": "https://github.com/MichaelMcDonnell",
            "followers_url": "https://api.github.com/users/MichaelMcDonnell/followers",
            "following_url": "https://api.github.com/users/MichaelMcDonnell/following{/other_user}",
            "gists_url": "https://api.github.com/users/MichaelMcDonnell/gists{/gist_id}",
            "starred_url": "https://api.github.com/users/MichaelMcDonnell/starred{/owner}{/repo}",
            "subscriptions_url": "https://api.github.com/users/MichaelMcDonnell/subscriptions",
            "organizations_url": "https://api.github.com/users/MichaelMcDonnell/orgs",
            "repos_url": "https://api.github.com/users/MichaelMcDonnell/repos",
            "events_url": "https://api.github.com/users/MichaelMcDonnell/events{/privacy}",
            "received_events_url": "https://api.github.com/users/MichaelMcDonnell/received_events",
            "type": "User",
            "user_view_type": "public",
            "site_admin": false
        },
        "labels": [],
        "state": "open",
        "locked": false,
        "assignee": null,
        "assignees": [],
        "milestone": null,
        "comments": 0,
        "created_at": "2019-11-15T19:31:25Z",
        "updated_at": "2019-11-15T19:31:25Z",
        "closed_at": null,
        "author_association": "NONE",
        "sub_issues_summary": {
            "total": 0,
            "completed": 0,
            "percent_completed": 0
        },
        "active_lock_reason": null,
        "body": "The README says to run the CLI like this:\r\n\r\n```console\r\nsheep pack --options max_width=1024 max_height=1024 sprites/*.png\r\n```\r\n\r\nI tried it and it did not work. Adding the options after works:\r\n\r\n```console\r\nsheep pack sprites/*.png --options max_width=1024 max_height=1024\r\n```\r\n\r\nI think the options might get interpreted as files?",
        "closed_by": null,
        "reactions": {
            "url": "https://api.github.com/repos/amethyst/sheep/issues/31/reactions",
            "total_count": 0,
            "+1": 0,
            "-1": 0,
            "laugh": 0,
            "hooray": 0,
            "confused": 0,
            "heart": 0,
            "rocket": 0,
            "eyes": 0
        },
        "timeline_url": "https://api.github.com/repos/amethyst/sheep/issues/31/timeline",
        "performed_via_github_app": null,
        "state_reason": null
    },
    {
        "url": "https://api.github.com/repos/amethyst/sheep/issues/29",
        "repository_url": "https://api.github.com/repos/amethyst/sheep",
        "labels_url": "https://api.github.com/repos/amethyst/sheep/issues/29/labels{/name}",
        "comments_url": "https://api.github.com/repos/amethyst/sheep/issues/29/comments",
        "events_url": "https://api.github.com/repos/amethyst/sheep/issues/29/events",
        "html_url": "https://github.com/amethyst/sheep/issues/29",
        "id": 507907460,
        "node_id": "MDU6SXNzdWU1MDc5MDc0NjA=",
        "number": 29,
        "title": "Textures overlap",
        "user": {
            "login": "pum-purum-pum-pum",
            "id": 22634168,
            "node_id": "MDQ6VXNlcjIyNjM0MTY4",
            "avatar_url": "https://avatars.githubusercontent.com/u/22634168?v=4",
            "gravatar_id": "",
            "url": "https://api.github.com/users/pum-purum-pum-pum",
            "html_url": "https://github.com/pum-purum-pum-pum",
            "followers_url": "https://api.github.com/users/pum-purum-pum-pum/followers",
            "following_url": "https://api.github.com/users/pum-purum-pum-pum/following{/other_user}",
            "gists_url": "https://api.github.com/users/pum-purum-pum-pum/gists{/gist_id}",
            "starred_url": "https://api.github.com/users/pum-purum-pum-pum/starred{/owner}{/repo}",
            "subscriptions_url": "https://api.github.com/users/pum-purum-pum-pum/subscriptions",
            "organizations_url": "https://api.github.com/users/pum-purum-pum-pum/orgs",
            "repos_url": "https://api.github.com/users/pum-purum-pum-pum/repos",
            "events_url": "https://api.github.com/users/pum-purum-pum-pum/events{/privacy}",
            "received_events_url": "https://api.github.com/users/pum-purum-pum-pum/received_events",
            "type": "User",
            "user_view_type": "public",
            "site_admin": false
        },
        "labels": [],
        "state": "open",
        "locked": false,
        "assignee": null,
        "assignees": [],
        "milestone": null,
        "comments": 8,
        "created_at": "2019-10-16T14:56:33Z",
        "updated_at": "2020-05-21T14:16:29Z",
        "closed_at": null,
        "author_association": "NONE",
        "sub_issues_summary": {
            "total": 0,
            "completed": 0,
            "percent_completed": 0
        },
        "active_lock_reason": null,
        "body": "My texture atlas looks like this in some cases\r\n![Screenshot from 2019-10-16 17-53-24](https://user-images.githubusercontent.com/22634168/66930972-173ca600-f03e-11e9-9252-1b7f7057b7af.png)\r\nProbably it's due to I'm using too big textures(I will write here when I resize them).",
        "closed_by": null,
        "reactions": {
            "url": "https://api.github.com/repos/amethyst/sheep/issues/29/reactions",
            "total_count": 4,
            "+1": 4,
            "-1": 0,
            "laugh": 0,
            "hooray": 0,
            "confused": 0,
            "heart": 0,
            "rocket": 0,
            "eyes": 0
        },
        "timeline_url": "https://api.github.com/repos/amethyst/sheep/issues/29/timeline",
        "performed_via_github_app": null,
        "state_reason": null
    },
    {
        "url": "https://api.github.com/repos/amethyst/sheep/issues/25",
        "repository_url": "https://api.github.com/repos/amethyst/sheep",
        "labels_url": "https://api.github.com/repos/amethyst/sheep/issues/25/labels{/name}",
        "comments_url": "https://api.github.com/repos/amethyst/sheep/issues/25/comments",
        "events_url": "https://api.github.com/repos/amethyst/sheep/issues/25/events",
        "html_url": "https://github.com/amethyst/sheep/issues/25",
        "id": 478728588,
        "node_id": "MDU6SXNzdWU0Nzg3Mjg1ODg=",
        "number": 25,
        "title": "Hashing the output",
        "user": {
            "login": "basil-cow",
            "id": 25266609,
            "node_id": "MDQ6VXNlcjI1MjY2NjA5",
            "avatar_url": "https://avatars.githubusercontent.com/u/25266609?v=4",
            "gravatar_id": "",
            "url": "https://api.github.com/users/basil-cow",
            "html_url": "https://github.com/basil-cow",
            "followers_url": "https://api.github.com/users/basil-cow/followers",
            "following_url": "https://api.github.com/users/basil-cow/following{/other_user}",
            "gists_url": "https://api.github.com/users/basil-cow/gists{/gist_id}",
            "starred_url": "https://api.github.com/users/basil-cow/starred{/owner}{/repo}",
            "subscriptions_url": "https://api.github.com/users/basil-cow/subscriptions",
            "organizations_url": "https://api.github.com/users/basil-cow/orgs",
            "repos_url": "https://api.github.com/users/basil-cow/repos",
            "events_url": "https://api.github.com/users/basil-cow/events{/privacy}",
            "received_events_url": "https://api.github.com/users/basil-cow/received_events",
            "type": "User",
            "user_view_type": "public",
            "site_admin": false
        },
        "labels": [
            {
                "id": 1146214017,
                "node_id": "MDU6TGFiZWwxMTQ2MjE0MDE3",
                "url": "https://api.github.com/repos/amethyst/sheep/labels/enhancement",
                "name": "enhancement",
                "color": "a2eeef",
                "default": true,
                "description": "New feature or request"
            }
        ],
        "state": "open",
        "locked": false,
        "assignee": null,
        "assignees": [],
        "milestone": null,
        "comments": 1,
        "created_at": "2019-08-08T23:22:23Z",
        "updated_at": "2019-08-09T08:43:22Z",
        "closed_at": null,
        "author_association": "CONTRIBUTOR",
        "sub_issues_summary": {
            "total": 0,
            "completed": 0,
            "percent_completed": 0
        },
        "active_lock_reason": null,
        "body": "I think it's an important feature is to keep a hash of the input data and options somewhere in the output folder in order to do nothing in case nothing changed since the last time the packer ran so you can call sheep painlessly on your game startup.",
        "closed_by": null,
        "reactions": {
            "url": "https://api.github.com/repos/amethyst/sheep/issues/25/reactions",
            "total_count": 0,
            "+1": 0,
            "-1": 0,
            "laugh": 0,
            "hooray": 0,
            "confused": 0,
            "heart": 0,
            "rocket": 0,
            "eyes": 0
        },
        "timeline_url": "https://api.github.com/repos/amethyst/sheep/issues/25/timeline",
        "performed_via_github_app": null,
        "state_reason": null
    },
    {
        "url": "https://api.github.com/repos/amethyst/sheep/issues/23",
        "repository_url": "https://api.github.com/repos/amethyst/sheep",
        "labels_url": "https://api.github.com/repos/amethyst/sheep/issues/23/labels{/name}",
        "comments_url": "https://api.github.com/repos/amethyst/sheep/issues/23/comments",
        "events_url": "https://api.github.com/repos/amethyst/sheep/issues/23/events",
        "html_url": "https://github.com/amethyst/sheep/issues/23",
        "id": 478626901,
        "node_id": "MDU6SXNzdWU0Nzg2MjY5MDE=",
        "number": 23,
        "title": "Skyline packer",
        "user": {
            "login": "basil-cow",
            "id": 25266609,
            "node_id": "MDQ6VXNlcjI1MjY2NjA5",
            "avatar_url": "https://avatars.githubusercontent.com/u/25266609?v=4",
            "gravatar_id": "",
            "url": "https://api.github.com/users/basil-cow",
            "html_url": "https://github.com/basil-cow",
            "followers_url": "https://api.github.com/users/basil-cow/followers",
            "following_url": "https://api.github.com/users/basil-cow/following{/other_user}",
            "gists_url": "https://api.github.com/users/basil-cow/gists{/gist_id}",
            "starred_url": "https://api.github.com/users/basil-cow/starred{/owner}{/repo}",
            "subscriptions_url": "https://api.github.com/users/basil-cow/subscriptions",
            "organizations_url": "https://api.github.com/users/basil-cow/orgs",
            "repos_url": "https://api.github.com/users/basil-cow/repos",
            "events_url": "https://api.github.com/users/basil-cow/events{/privacy}",
            "received_events_url": "https://api.github.com/users/basil-cow/received_events",
            "type": "User",
            "user_view_type": "public",
            "site_admin": false
        },
        "labels": [],
        "state": "open",
        "locked": false,
        "assignee": null,
        "assignees": [],
        "milestone": null,
        "comments": 5,
        "created_at": "2019-08-08T18:35:47Z",
        "updated_at": "2019-08-08T20:52:20Z",
        "closed_at": null,
        "author_association": "CONTRIBUTOR",
        "sub_issues_summary": {
            "total": 0,
            "completed": 0,
            "percent_completed": 0
        },
        "active_lock_reason": null,
        "body": "I've read about skyline heuristics given in [2011](https://www.sciencedirect.com/science/article/abs/pii/S0377221711005510) and [2016](https://www.sciencedirect.com/science/article/pii/S0305054816302982) works and they both work by trying to achieve as low height as possible given a width of a spritesheet. \r\n\r\n1. I'm not sure how to adopt this to output multiple spritesheets, since their approach relies heavily on being able to shuffle the input. One possible approach is trying to fit it into one spritesheet, then if it fails, splitting the input randomly into two parts and trying to fit it into two spritesheets and so on. I'm not sure this is an optimal approach and would like to hear your thoughts.\r\n\r\n2. I'm not sure how to choose the width of a spritesheet, I don't really like `maxrects` approach of giving it a default value since in it will just produce a long horizontal stripe of sprites and that doesn't feel optimal (maybe it's really efficient or doesn't make a difference at all, I don't know). So I propose to make some kind of algorithm on top of skyline (and maybe maxrects too) that tries to determine optimal width and height. Again, I'd like to hear your thoughts.",
        "closed_by": null,
        "reactions": {
            "url": "https://api.github.com/repos/amethyst/sheep/issues/23/reactions",
            "total_count": 0,
            "+1": 0,
            "-1": 0,
            "laugh": 0,
            "hooray": 0,
            "confused": 0,
            "heart": 0,
            "rocket": 0,
            "eyes": 0
        },
        "timeline_url": "https://api.github.com/repos/amethyst/sheep/issues/23/timeline",
        "performed_via_github_app": null,
        "state_reason": null
    },
    {
        "url": "https://api.github.com/repos/amethyst/sheep/issues/13",
        "repository_url": "https://api.github.com/repos/amethyst/sheep",
        "labels_url": "https://api.github.com/repos/amethyst/sheep/issues/13/labels{/name}",
        "comments_url": "https://api.github.com/repos/amethyst/sheep/issues/13/comments",
        "events_url": "https://api.github.com/repos/amethyst/sheep/issues/13/events",
        "html_url": "https://github.com/amethyst/sheep/issues/13",
        "id": 472427125,
        "node_id": "MDU6SXNzdWU0NzI0MjcxMjU=",
        "number": 13,
        "title": "Named format uses `Vec<String>` instead of `&[String]`",
        "user": {
            "login": "olivia-fl",
            "id": 6504174,
            "node_id": "MDQ6VXNlcjY1MDQxNzQ=",
            "avatar_url": "https://avatars.githubusercontent.com/u/6504174?v=4",
            "gravatar_id": "",
            "url": "https://api.github.com/users/olivia-fl",
            "html_url": "https://github.com/olivia-fl",
            "followers_url": "https://api.github.com/users/olivia-fl/followers",
            "following_url": "https://api.github.com/users/olivia-fl/following{/other_user}",
            "gists_url": "https://api.github.com/users/olivia-fl/gists{/gist_id}",
            "starred_url": "https://api.github.com/users/olivia-fl/starred{/owner}{/repo}",
            "subscriptions_url": "https://api.github.com/users/olivia-fl/subscriptions",
            "organizations_url": "https://api.github.com/users/olivia-fl/orgs",
            "repos_url": "https://api.github.com/users/olivia-fl/repos",
            "events_url": "https://api.github.com/users/olivia-fl/events{/privacy}",
            "received_events_url": "https://api.github.com/users/olivia-fl/received_events",
            "type": "User",
            "user_view_type": "public",
            "site_admin": false
        },
        "labels": [
            {
                "id": 1146214017,
                "node_id": "MDU6TGFiZWwxMTQ2MjE0MDE3",
                "url": "https://api.github.com/repos/amethyst/sheep/labels/enhancement",
                "name": "enhancement",
                "color": "a2eeef",
                "default": true,
                "description": "New feature or request"
            },
            {
                "id": 1146214018,
                "node_id": "MDU6TGFiZWwxMTQ2MjE0MDE4",
                "url": "https://api.github.com/repos/amethyst/sheep/labels/help%20wanted",
                "name": "help wanted",
                "color": "008672",
                "default": true,
                "description": "Extra attention is needed"
            }
        ],
        "state": "open",
        "locked": false,
        "assignee": null,
        "assignees": [],
        "milestone": null,
        "comments": 2,
        "created_at": "2019-07-24T18:19:15Z",
        "updated_at": "2020-08-19T13:17:19Z",
        "closed_at": null,
        "author_association": "NONE",
        "sub_issues_summary": {
            "total": 0,
            "completed": 0,
            "percent_completed": 0
        },
        "active_lock_reason": null,
        "body": "Currently, `AmethystNamedFormat` takes extra options in the form `Vec<String>`. This is suboptimal since it requires moving the whole container and cloning it if it needs to be reused. Instead it could be `&[String]`, or even `&[S]` with `AmethystNamedFormat<S> where S: Deref<Target=str>`.\r\n\r\nI'm happy to write up a PR for this if people think it's a good idea.",
        "closed_by": null,
        "reactions": {
            "url": "https://api.github.com/repos/amethyst/sheep/issues/13/reactions",
            "total_count": 0,
            "+1": 0,
            "-1": 0,
            "laugh": 0,
            "hooray": 0,
            "confused": 0,
            "heart": 0,
            "rocket": 0,
            "eyes": 0
        },
        "timeline_url": "https://api.github.com/repos/amethyst/sheep/issues/13/timeline",
        "performed_via_github_app": null,
        "state_reason": null
    }
]