[
    {
        "url": "https://api.github.com/repos/amuzil/skillapi/issues/13",
        "repository_url": "https://api.github.com/repos/amuzil/skillapi",
        "labels_url": "https://api.github.com/repos/amuzil/skillapi/issues/13/labels{/name}",
        "comments_url": "https://api.github.com/repos/amuzil/skillapi/issues/13/comments",
        "events_url": "https://api.github.com/repos/amuzil/skillapi/issues/13/events",
        "html_url": "https://github.com/amuzil/skillapi/pull/13",
        "id": 1955761582,
        "node_id": "PR_kwDOG4DgwM5ddT9P",
        "number": 13,
        "title": "Fd/activator setup",
        "user": {
            "login": "FavouriteDragon",
            "id": 24467235,
            "node_id": "MDQ6VXNlcjI0NDY3MjM1",
            "avatar_url": "https://avatars.githubusercontent.com/u/24467235?v=4",
            "gravatar_id": "",
            "url": "https://api.github.com/users/FavouriteDragon",
            "html_url": "https://github.com/FavouriteDragon",
            "followers_url": "https://api.github.com/users/FavouriteDragon/followers",
            "following_url": "https://api.github.com/users/FavouriteDragon/following{/other_user}",
            "gists_url": "https://api.github.com/users/FavouriteDragon/gists{/gist_id}",
            "starred_url": "https://api.github.com/users/FavouriteDragon/starred{/owner}{/repo}",
            "subscriptions_url": "https://api.github.com/users/FavouriteDragon/subscriptions",
            "organizations_url": "https://api.github.com/users/FavouriteDragon/orgs",
            "repos_url": "https://api.github.com/users/FavouriteDragon/repos",
            "events_url": "https://api.github.com/users/FavouriteDragon/events{/privacy}",
            "received_events_url": "https://api.github.com/users/FavouriteDragon/received_events",
            "type": "User",
            "user_view_type": "public",
            "site_admin": false
        },
        "labels": [],
        "state": "open",
        "locked": false,
        "assignee": null,
        "assignees": [],
        "milestone": null,
        "comments": 0,
        "created_at": "2023-10-22T04:56:01Z",
        "updated_at": "2025-01-24T23:10:36Z",
        "closed_at": null,
        "author_association": "MEMBER",
        "sub_issues_summary": {
            "total": 0,
            "completed": 0,
            "percent_completed": 0
        },
        "active_lock_reason": null,
        "draft": false,
        "pull_request": {
            "url": "https://api.github.com/repos/amuzil/skillapi/pulls/13",
            "html_url": "https://github.com/amuzil/skillapi/pull/13",
            "diff_url": "https://github.com/amuzil/skillapi/pull/13.diff",
            "patch_url": "https://github.com/amuzil/skillapi/pull/13.patch",
            "merged_at": null
        },
        "body": "Desc:\r\nPrimary focus on the Form implementations, rather than the input modules (blame Aidan for those).\r\nFocuses on issue #2 . Does not close it, as there are issues to be solved and design ideas that need to be addressed- see my TODO and other relevant comments within the commit.\r\n\r\nImpact: \r\nThis PR will add basic Form implementation to the API, as well as generic InputData support for chaining together any conceivable sequence of inputs from any compatible source. It does not include a thorough InputModule, but again, @aidan99davis for that.",
        "closed_by": null,
        "reactions": {
            "url": "https://api.github.com/repos/amuzil/skillapi/issues/13/reactions",
            "total_count": 0,
            "+1": 0,
            "-1": 0,
            "laugh": 0,
            "hooray": 0,
            "confused": 0,
            "heart": 0,
            "rocket": 0,
            "eyes": 0
        },
        "timeline_url": "https://api.github.com/repos/amuzil/skillapi/issues/13/timeline",
        "performed_via_github_app": null,
        "state_reason": null
    },
    {
        "url": "https://api.github.com/repos/amuzil/skillapi/issues/12",
        "repository_url": "https://api.github.com/repos/amuzil/skillapi",
        "labels_url": "https://api.github.com/repos/amuzil/skillapi/issues/12/labels{/name}",
        "comments_url": "https://api.github.com/repos/amuzil/skillapi/issues/12/comments",
        "events_url": "https://api.github.com/repos/amuzil/skillapi/issues/12/events",
        "html_url": "https://github.com/amuzil/skillapi/issues/12",
        "id": 1943758012,
        "node_id": "I_kwDOG4DgwM5z22S8",
        "number": 12,
        "title": "Add Documenation For Effect Trees",
        "user": {
            "login": "FavouriteDragon",
            "id": 24467235,
            "node_id": "MDQ6VXNlcjI0NDY3MjM1",
            "avatar_url": "https://avatars.githubusercontent.com/u/24467235?v=4",
            "gravatar_id": "",
            "url": "https://api.github.com/users/FavouriteDragon",
            "html_url": "https://github.com/FavouriteDragon",
            "followers_url": "https://api.github.com/users/FavouriteDragon/followers",
            "following_url": "https://api.github.com/users/FavouriteDragon/following{/other_user}",
            "gists_url": "https://api.github.com/users/FavouriteDragon/gists{/gist_id}",
            "starred_url": "https://api.github.com/users/FavouriteDragon/starred{/owner}{/repo}",
            "subscriptions_url": "https://api.github.com/users/FavouriteDragon/subscriptions",
            "organizations_url": "https://api.github.com/users/FavouriteDragon/orgs",
            "repos_url": "https://api.github.com/users/FavouriteDragon/repos",
            "events_url": "https://api.github.com/users/FavouriteDragon/events{/privacy}",
            "received_events_url": "https://api.github.com/users/FavouriteDragon/received_events",
            "type": "User",
            "user_view_type": "public",
            "site_admin": false
        },
        "labels": [
            {
                "id": 3851607026,
                "node_id": "LA_kwDOG4DgwM7lktvy",
                "url": "https://api.github.com/repos/amuzil/skillapi/labels/enhancement",
                "name": "enhancement",
                "color": "a2eeef",
                "default": true,
                "description": "New feature or request"
            }
        ],
        "state": "open",
        "locked": false,
        "assignee": null,
        "assignees": [],
        "milestone": null,
        "comments": 0,
        "created_at": "2023-10-15T07:05:54Z",
        "updated_at": "2023-10-15T07:05:54Z",
        "closed_at": null,
        "author_association": "MEMBER",
        "sub_issues_summary": {
            "total": 0,
            "completed": 0,
            "percent_completed": 0
        },
        "active_lock_reason": null,
        "body": "### Code of Conduct\n\n- [X] I have read the [code of conduct](https://github.com/amuzil/.github/blob/main/.github/code-of-conduct.md) and wholeheartedly agree\n\n### Contribution Guidelines\n\n- [X] I have read and understood the [contribution guidelines](https://github.com/amuzil/.github/blob/main/.github/contributing.md)\n\n### I have a feature request and checked that…\n\n- [X] the documentation does not mention anything about my feature\n- [X] there are no open or closed issues that are related to my feature\n\n### Description\n\nWe need documentation on how Effects build their activation tree from Forms and Modifiers. This will then be added to the docs repository for ease of developer use.\n\n### Reasons\n\nA better docs page results in easier understanding and better use of our API for future developers.\n\n### Current situation\n\nNo real documentation on how Effects convert a list of Forms and Modifiers into a tree.\n\n### Proposed solution\n\nAdded documentation.\n\n### Alternatives\n\n_No response_\n\n### Additional context\n\n_No response_\n\n### Attachments\n\n- [X] I have attached relevant files (if any)",
        "closed_by": null,
        "reactions": {
            "url": "https://api.github.com/repos/amuzil/skillapi/issues/12/reactions",
            "total_count": 0,
            "+1": 0,
            "-1": 0,
            "laugh": 0,
            "hooray": 0,
            "confused": 0,
            "heart": 0,
            "rocket": 0,
            "eyes": 0
        },
        "timeline_url": "https://api.github.com/repos/amuzil/skillapi/issues/12/timeline",
        "performed_via_github_app": null,
        "state_reason": null
    },
    {
        "url": "https://api.github.com/repos/amuzil/skillapi/issues/11",
        "repository_url": "https://api.github.com/repos/amuzil/skillapi",
        "labels_url": "https://api.github.com/repos/amuzil/skillapi/issues/11/labels{/name}",
        "comments_url": "https://api.github.com/repos/amuzil/skillapi/issues/11/comments",
        "events_url": "https://api.github.com/repos/amuzil/skillapi/issues/11/events",
        "html_url": "https://github.com/amuzil/skillapi/issues/11",
        "id": 1943751904,
        "node_id": "I_kwDOG4DgwM5z20zg",
        "number": 11,
        "title": "Add Documentation For Forms",
        "user": {
            "login": "FavouriteDragon",
            "id": 24467235,
            "node_id": "MDQ6VXNlcjI0NDY3MjM1",
            "avatar_url": "https://avatars.githubusercontent.com/u/24467235?v=4",
            "gravatar_id": "",
            "url": "https://api.github.com/users/FavouriteDragon",
            "html_url": "https://github.com/FavouriteDragon",
            "followers_url": "https://api.github.com/users/FavouriteDragon/followers",
            "following_url": "https://api.github.com/users/FavouriteDragon/following{/other_user}",
            "gists_url": "https://api.github.com/users/FavouriteDragon/gists{/gist_id}",
            "starred_url": "https://api.github.com/users/FavouriteDragon/starred{/owner}{/repo}",
            "subscriptions_url": "https://api.github.com/users/FavouriteDragon/subscriptions",
            "organizations_url": "https://api.github.com/users/FavouriteDragon/orgs",
            "repos_url": "https://api.github.com/users/FavouriteDragon/repos",
            "events_url": "https://api.github.com/users/FavouriteDragon/events{/privacy}",
            "received_events_url": "https://api.github.com/users/FavouriteDragon/received_events",
            "type": "User",
            "user_view_type": "public",
            "site_admin": false
        },
        "labels": [
            {
                "id": 3851607026,
                "node_id": "LA_kwDOG4DgwM7lktvy",
                "url": "https://api.github.com/repos/amuzil/skillapi/labels/enhancement",
                "name": "enhancement",
                "color": "a2eeef",
                "default": true,
                "description": "New feature or request"
            }
        ],
        "state": "open",
        "locked": false,
        "assignee": null,
        "assignees": [],
        "milestone": null,
        "comments": 0,
        "created_at": "2023-10-15T06:48:42Z",
        "updated_at": "2023-10-15T06:48:42Z",
        "closed_at": null,
        "author_association": "MEMBER",
        "sub_issues_summary": {
            "total": 0,
            "completed": 0,
            "percent_completed": 0
        },
        "active_lock_reason": null,
        "body": "### Code of Conduct\n\n- [X] I have read the [code of conduct](https://github.com/amuzil/.github/blob/main/.github/code-of-conduct.md) and wholeheartedly agree\n\n### Contribution Guidelines\n\n- [X] I have read and understood the [contribution guidelines](https://github.com/amuzil/.github/blob/main/.github/contributing.md)\n\n### I have a feature request and checked that…\n\n- [X] the documentation does not mention anything about my feature\n- [X] there are no open or closed issues that are related to my feature\n\n### Description\n\nWe need thorough documentation on every Form and Modifier and their intended use. Our documentation will then be used to update the documentation repository.\n\n### Reasons\n\nA better website with our documentation will result in better usage of our API>\n\n### Current situation\n\n_No response_\n\n### Proposed solution\n\nSimply add text.\n\n### Alternatives\n\n_No response_\n\n### Additional context\n\n_No response_\n\n### Attachments\n\n- [X] I have attached relevant files (if any)",
        "closed_by": null,
        "reactions": {
            "url": "https://api.github.com/repos/amuzil/skillapi/issues/11/reactions",
            "total_count": 0,
            "+1": 0,
            "-1": 0,
            "laugh": 0,
            "hooray": 0,
            "confused": 0,
            "heart": 0,
            "rocket": 0,
            "eyes": 0
        },
        "timeline_url": "https://api.github.com/repos/amuzil/skillapi/issues/11/timeline",
        "performed_via_github_app": null,
        "state_reason": null
    },
    {
        "url": "https://api.github.com/repos/amuzil/skillapi/issues/4",
        "repository_url": "https://api.github.com/repos/amuzil/skillapi",
        "labels_url": "https://api.github.com/repos/amuzil/skillapi/issues/4/labels{/name}",
        "comments_url": "https://api.github.com/repos/amuzil/skillapi/issues/4/comments",
        "events_url": "https://api.github.com/repos/amuzil/skillapi/issues/4/events",
        "html_url": "https://github.com/amuzil/skillapi/issues/4",
        "id": 1561024545,
        "node_id": "I_kwDOG4DgwM5dC1gh",
        "number": 4,
        "title": "Input Modules",
        "user": {
            "login": "FavouriteDragon",
            "id": 24467235,
            "node_id": "MDQ6VXNlcjI0NDY3MjM1",
            "avatar_url": "https://avatars.githubusercontent.com/u/24467235?v=4",
            "gravatar_id": "",
            "url": "https://api.github.com/users/FavouriteDragon",
            "html_url": "https://github.com/FavouriteDragon",
            "followers_url": "https://api.github.com/users/FavouriteDragon/followers",
            "following_url": "https://api.github.com/users/FavouriteDragon/following{/other_user}",
            "gists_url": "https://api.github.com/users/FavouriteDragon/gists{/gist_id}",
            "starred_url": "https://api.github.com/users/FavouriteDragon/starred{/owner}{/repo}",
            "subscriptions_url": "https://api.github.com/users/FavouriteDragon/subscriptions",
            "organizations_url": "https://api.github.com/users/FavouriteDragon/orgs",
            "repos_url": "https://api.github.com/users/FavouriteDragon/repos",
            "events_url": "https://api.github.com/users/FavouriteDragon/events{/privacy}",
            "received_events_url": "https://api.github.com/users/FavouriteDragon/received_events",
            "type": "User",
            "user_view_type": "public",
            "site_admin": false
        },
        "labels": [],
        "state": "open",
        "locked": false,
        "assignee": {
            "login": "aidan99davis",
            "id": 8738903,
            "node_id": "MDQ6VXNlcjg3Mzg5MDM=",
            "avatar_url": "https://avatars.githubusercontent.com/u/8738903?v=4",
            "gravatar_id": "",
            "url": "https://api.github.com/users/aidan99davis",
            "html_url": "https://github.com/aidan99davis",
            "followers_url": "https://api.github.com/users/aidan99davis/followers",
            "following_url": "https://api.github.com/users/aidan99davis/following{/other_user}",
            "gists_url": "https://api.github.com/users/aidan99davis/gists{/gist_id}",
            "starred_url": "https://api.github.com/users/aidan99davis/starred{/owner}{/repo}",
            "subscriptions_url": "https://api.github.com/users/aidan99davis/subscriptions",
            "organizations_url": "https://api.github.com/users/aidan99davis/orgs",
            "repos_url": "https://api.github.com/users/aidan99davis/repos",
            "events_url": "https://api.github.com/users/aidan99davis/events{/privacy}",
            "received_events_url": "https://api.github.com/users/aidan99davis/received_events",
            "type": "User",
            "user_view_type": "public",
            "site_admin": false
        },
        "assignees": [
            {
                "login": "aidan99davis",
                "id": 8738903,
                "node_id": "MDQ6VXNlcjg3Mzg5MDM=",
                "avatar_url": "https://avatars.githubusercontent.com/u/8738903?v=4",
                "gravatar_id": "",
                "url": "https://api.github.com/users/aidan99davis",
                "html_url": "https://github.com/aidan99davis",
                "followers_url": "https://api.github.com/users/aidan99davis/followers",
                "following_url": "https://api.github.com/users/aidan99davis/following{/other_user}",
                "gists_url": "https://api.github.com/users/aidan99davis/gists{/gist_id}",
                "starred_url": "https://api.github.com/users/aidan99davis/starred{/owner}{/repo}",
                "subscriptions_url": "https://api.github.com/users/aidan99davis/subscriptions",
                "organizations_url": "https://api.github.com/users/aidan99davis/orgs",
                "repos_url": "https://api.github.com/users/aidan99davis/repos",
                "events_url": "https://api.github.com/users/aidan99davis/events{/privacy}",
                "received_events_url": "https://api.github.com/users/aidan99davis/received_events",
                "type": "User",
                "user_view_type": "public",
                "site_admin": false
            }
        ],
        "milestone": null,
        "comments": 1,
        "created_at": "2023-01-28T21:46:45Z",
        "updated_at": "2023-01-29T06:17:28Z",
        "closed_at": null,
        "author_association": "MEMBER",
        "sub_issues_summary": {
            "total": 0,
            "completed": 0,
            "percent_completed": 0
        },
        "active_lock_reason": null,
        "body": "Input will be consolidated into isolated `input modules`. An input module has a couple of tasks:\r\n1. Register any listeners it needs for input\r\n2. Listen and keep track of input\r\n3. Emit events to the radix tree as they occur\r\n\r\nFor example, within the context of the `keyboard & mouse input module`, this would look like this:\r\n1. Subscribing to the correct Forge events\r\n2. Keeping track of mouse movement and traversing a radix tree based on the keypresses\r\n3. Send a `start input` event once the `bending toggle` key is pressed, send Forms as they are formed from keyboard presses or mouse movement, then send the `stop input` event once the `bending toggle` key is pressed once more.\r\n\r\nSo, what is needed is at least an implementation of the `keyboard & mouse input module`. A base `input module` interface might be helpful, but it shouldn't be too restrictive as it is up to each individual input module to decide how they want to structure themselves, as data is passed directly from each input module to the radix tree.\r\n\r\nImportant is that input modules should be dynamic. It should be possible to unregister and register them at any point, even mid-game.",
        "closed_by": null,
        "reactions": {
            "url": "https://api.github.com/repos/amuzil/skillapi/issues/4/reactions",
            "total_count": 0,
            "+1": 0,
            "-1": 0,
            "laugh": 0,
            "hooray": 0,
            "confused": 0,
            "heart": 0,
            "rocket": 0,
            "eyes": 0
        },
        "timeline_url": "https://api.github.com/repos/amuzil/skillapi/issues/4/timeline",
        "performed_via_github_app": null,
        "state_reason": null
    },
    {
        "url": "https://api.github.com/repos/amuzil/skillapi/issues/2",
        "repository_url": "https://api.github.com/repos/amuzil/skillapi",
        "labels_url": "https://api.github.com/repos/amuzil/skillapi/issues/2/labels{/name}",
        "comments_url": "https://api.github.com/repos/amuzil/skillapi/issues/2/comments",
        "events_url": "https://api.github.com/repos/amuzil/skillapi/issues/2/events",
        "html_url": "https://github.com/amuzil/skillapi/issues/2",
        "id": 1552460359,
        "node_id": "I_kwDOG4DgwM5ciKpH",
        "number": 2,
        "title": "Implement Forms",
        "user": {
            "login": "FavouriteDragon",
            "id": 24467235,
            "node_id": "MDQ6VXNlcjI0NDY3MjM1",
            "avatar_url": "https://avatars.githubusercontent.com/u/24467235?v=4",
            "gravatar_id": "",
            "url": "https://api.github.com/users/FavouriteDragon",
            "html_url": "https://github.com/FavouriteDragon",
            "followers_url": "https://api.github.com/users/FavouriteDragon/followers",
            "following_url": "https://api.github.com/users/FavouriteDragon/following{/other_user}",
            "gists_url": "https://api.github.com/users/FavouriteDragon/gists{/gist_id}",
            "starred_url": "https://api.github.com/users/FavouriteDragon/starred{/owner}{/repo}",
            "subscriptions_url": "https://api.github.com/users/FavouriteDragon/subscriptions",
            "organizations_url": "https://api.github.com/users/FavouriteDragon/orgs",
            "repos_url": "https://api.github.com/users/FavouriteDragon/repos",
            "events_url": "https://api.github.com/users/FavouriteDragon/events{/privacy}",
            "received_events_url": "https://api.github.com/users/FavouriteDragon/received_events",
            "type": "User",
            "user_view_type": "public",
            "site_admin": false
        },
        "labels": [],
        "state": "open",
        "locked": false,
        "assignee": {
            "login": "aidan99davis",
            "id": 8738903,
            "node_id": "MDQ6VXNlcjg3Mzg5MDM=",
            "avatar_url": "https://avatars.githubusercontent.com/u/8738903?v=4",
            "gravatar_id": "",
            "url": "https://api.github.com/users/aidan99davis",
            "html_url": "https://github.com/aidan99davis",
            "followers_url": "https://api.github.com/users/aidan99davis/followers",
            "following_url": "https://api.github.com/users/aidan99davis/following{/other_user}",
            "gists_url": "https://api.github.com/users/aidan99davis/gists{/gist_id}",
            "starred_url": "https://api.github.com/users/aidan99davis/starred{/owner}{/repo}",
            "subscriptions_url": "https://api.github.com/users/aidan99davis/subscriptions",
            "organizations_url": "https://api.github.com/users/aidan99davis/orgs",
            "repos_url": "https://api.github.com/users/aidan99davis/repos",
            "events_url": "https://api.github.com/users/aidan99davis/events{/privacy}",
            "received_events_url": "https://api.github.com/users/aidan99davis/received_events",
            "type": "User",
            "user_view_type": "public",
            "site_admin": false
        },
        "assignees": [
            {
                "login": "aidan99davis",
                "id": 8738903,
                "node_id": "MDQ6VXNlcjg3Mzg5MDM=",
                "avatar_url": "https://avatars.githubusercontent.com/u/8738903?v=4",
                "gravatar_id": "",
                "url": "https://api.github.com/users/aidan99davis",
                "html_url": "https://github.com/aidan99davis",
                "followers_url": "https://api.github.com/users/aidan99davis/followers",
                "following_url": "https://api.github.com/users/aidan99davis/following{/other_user}",
                "gists_url": "https://api.github.com/users/aidan99davis/gists{/gist_id}",
                "starred_url": "https://api.github.com/users/aidan99davis/starred{/owner}{/repo}",
                "subscriptions_url": "https://api.github.com/users/aidan99davis/subscriptions",
                "organizations_url": "https://api.github.com/users/aidan99davis/orgs",
                "repos_url": "https://api.github.com/users/aidan99davis/repos",
                "events_url": "https://api.github.com/users/aidan99davis/events{/privacy}",
                "received_events_url": "https://api.github.com/users/aidan99davis/received_events",
                "type": "User",
                "user_view_type": "public",
                "site_admin": false
            },
            {
                "login": "FavouriteDragon",
                "id": 24467235,
                "node_id": "MDQ6VXNlcjI0NDY3MjM1",
                "avatar_url": "https://avatars.githubusercontent.com/u/24467235?v=4",
                "gravatar_id": "",
                "url": "https://api.github.com/users/FavouriteDragon",
                "html_url": "https://github.com/FavouriteDragon",
                "followers_url": "https://api.github.com/users/FavouriteDragon/followers",
                "following_url": "https://api.github.com/users/FavouriteDragon/following{/other_user}",
                "gists_url": "https://api.github.com/users/FavouriteDragon/gists{/gist_id}",
                "starred_url": "https://api.github.com/users/FavouriteDragon/starred{/owner}{/repo}",
                "subscriptions_url": "https://api.github.com/users/FavouriteDragon/subscriptions",
                "organizations_url": "https://api.github.com/users/FavouriteDragon/orgs",
                "repos_url": "https://api.github.com/users/FavouriteDragon/repos",
                "events_url": "https://api.github.com/users/FavouriteDragon/events{/privacy}",
                "received_events_url": "https://api.github.com/users/FavouriteDragon/received_events",
                "type": "User",
                "user_view_type": "public",
                "site_admin": false
            }
        ],
        "milestone": null,
        "comments": 2,
        "created_at": "2023-01-23T03:31:48Z",
        "updated_at": "2023-10-14T06:09:17Z",
        "closed_at": null,
        "author_association": "MEMBER",
        "sub_issues_summary": {
            "total": 0,
            "completed": 0,
            "percent_completed": 0
        },
        "active_lock_reason": null,
        "body": "Forms, as described in https://docs.amuzil.com/magus/skills/forms/, should be fully added. This means the input groups for each different type should be defined and ready to use. The effects from each form are different from the input group, and will be defined elsewhere.",
        "closed_by": null,
        "reactions": {
            "url": "https://api.github.com/repos/amuzil/skillapi/issues/2/reactions",
            "total_count": 0,
            "+1": 0,
            "-1": 0,
            "laugh": 0,
            "hooray": 0,
            "confused": 0,
            "heart": 0,
            "rocket": 0,
            "eyes": 0
        },
        "timeline_url": "https://api.github.com/repos/amuzil/skillapi/issues/2/timeline",
        "performed_via_github_app": null,
        "state_reason": null
    }
]