[
    {
        "url": "https://api.github.com/repos/amuzil/colour-palette-demo/issues/1",
        "repository_url": "https://api.github.com/repos/amuzil/colour-palette-demo",
        "labels_url": "https://api.github.com/repos/amuzil/colour-palette-demo/issues/1/labels{/name}",
        "comments_url": "https://api.github.com/repos/amuzil/colour-palette-demo/issues/1/comments",
        "events_url": "https://api.github.com/repos/amuzil/colour-palette-demo/issues/1/events",
        "html_url": "https://github.com/amuzil/colour-palette-demo/issues/1",
        "id": 1492438548,
        "node_id": "I_kwDOIfCCns5Y9M4U",
        "number": 1,
        "title": "Build template site to showcase colour palette",
        "user": {
            "login": "mahtaran",
            "id": 22727323,
            "node_id": "MDQ6VXNlcjIyNzI3MzIz",
            "avatar_url": "https://avatars.githubusercontent.com/u/22727323?v=4",
            "gravatar_id": "",
            "url": "https://api.github.com/users/mahtaran",
            "html_url": "https://github.com/mahtaran",
            "followers_url": "https://api.github.com/users/mahtaran/followers",
            "following_url": "https://api.github.com/users/mahtaran/following{/other_user}",
            "gists_url": "https://api.github.com/users/mahtaran/gists{/gist_id}",
            "starred_url": "https://api.github.com/users/mahtaran/starred{/owner}{/repo}",
            "subscriptions_url": "https://api.github.com/users/mahtaran/subscriptions",
            "organizations_url": "https://api.github.com/users/mahtaran/orgs",
            "repos_url": "https://api.github.com/users/mahtaran/repos",
            "events_url": "https://api.github.com/users/mahtaran/events{/privacy}",
            "received_events_url": "https://api.github.com/users/mahtaran/received_events",
            "type": "User",
            "user_view_type": "public",
            "site_admin": false
        },
        "labels": [],
        "state": "open",
        "locked": false,
        "assignee": {
            "login": "mahtaran",
            "id": 22727323,
            "node_id": "MDQ6VXNlcjIyNzI3MzIz",
            "avatar_url": "https://avatars.githubusercontent.com/u/22727323?v=4",
            "gravatar_id": "",
            "url": "https://api.github.com/users/mahtaran",
            "html_url": "https://github.com/mahtaran",
            "followers_url": "https://api.github.com/users/mahtaran/followers",
            "following_url": "https://api.github.com/users/mahtaran/following{/other_user}",
            "gists_url": "https://api.github.com/users/mahtaran/gists{/gist_id}",
            "starred_url": "https://api.github.com/users/mahtaran/starred{/owner}{/repo}",
            "subscriptions_url": "https://api.github.com/users/mahtaran/subscriptions",
            "organizations_url": "https://api.github.com/users/mahtaran/orgs",
            "repos_url": "https://api.github.com/users/mahtaran/repos",
            "events_url": "https://api.github.com/users/mahtaran/events{/privacy}",
            "received_events_url": "https://api.github.com/users/mahtaran/received_events",
            "type": "User",
            "user_view_type": "public",
            "site_admin": false
        },
        "assignees": [
            {
                "login": "mahtaran",
                "id": 22727323,
                "node_id": "MDQ6VXNlcjIyNzI3MzIz",
                "avatar_url": "https://avatars.githubusercontent.com/u/22727323?v=4",
                "gravatar_id": "",
                "url": "https://api.github.com/users/mahtaran",
                "html_url": "https://github.com/mahtaran",
                "followers_url": "https://api.github.com/users/mahtaran/followers",
                "following_url": "https://api.github.com/users/mahtaran/following{/other_user}",
                "gists_url": "https://api.github.com/users/mahtaran/gists{/gist_id}",
                "starred_url": "https://api.github.com/users/mahtaran/starred{/owner}{/repo}",
                "subscriptions_url": "https://api.github.com/users/mahtaran/subscriptions",
                "organizations_url": "https://api.github.com/users/mahtaran/orgs",
                "repos_url": "https://api.github.com/users/mahtaran/repos",
                "events_url": "https://api.github.com/users/mahtaran/events{/privacy}",
                "received_events_url": "https://api.github.com/users/mahtaran/received_events",
                "type": "User",
                "user_view_type": "public",
                "site_admin": false
            }
        ],
        "milestone": null,
        "comments": 0,
        "created_at": "2022-12-12T17:59:11Z",
        "updated_at": "2022-12-12T17:59:11Z",
        "closed_at": null,
        "author_association": "MEMBER",
        "sub_issues_summary": {
            "total": 0,
            "completed": 0,
            "percent_completed": 0
        },
        "active_lock_reason": null,
        "body": null,
        "closed_by": null,
        "reactions": {
            "url": "https://api.github.com/repos/amuzil/colour-palette-demo/issues/1/reactions",
            "total_count": 0,
            "+1": 0,
            "-1": 0,
            "laugh": 0,
            "hooray": 0,
            "confused": 0,
            "heart": 0,
            "rocket": 0,
            "eyes": 0
        },
        "timeline_url": "https://api.github.com/repos/amuzil/colour-palette-demo/issues/1/timeline",
        "performed_via_github_app": null,
        "state_reason": null
    }
]