[
    {
        "url": "https://api.github.com/repos/analysis-tools-dev/website-next/issues/78",
        "repository_url": "https://api.github.com/repos/analysis-tools-dev/website-next",
        "labels_url": "https://api.github.com/repos/analysis-tools-dev/website-next/issues/78/labels{/name}",
        "comments_url": "https://api.github.com/repos/analysis-tools-dev/website-next/issues/78/comments",
        "events_url": "https://api.github.com/repos/analysis-tools-dev/website-next/issues/78/events",
        "html_url": "https://github.com/analysis-tools-dev/website-next/pull/78",
        "id": 2326539996,
        "node_id": "PR_kwDOGdXrkM5xDtMp",
        "number": 78,
        "title": "Update to Next 14",
        "user": {
            "login": "mre",
            "id": 175809,
            "node_id": "MDQ6VXNlcjE3NTgwOQ==",
            "avatar_url": "https://avatars.githubusercontent.com/u/175809?v=4",
            "gravatar_id": "",
            "url": "https://api.github.com/users/mre",
            "html_url": "https://github.com/mre",
            "followers_url": "https://api.github.com/users/mre/followers",
            "following_url": "https://api.github.com/users/mre/following{/other_user}",
            "gists_url": "https://api.github.com/users/mre/gists{/gist_id}",
            "starred_url": "https://api.github.com/users/mre/starred{/owner}{/repo}",
            "subscriptions_url": "https://api.github.com/users/mre/subscriptions",
            "organizations_url": "https://api.github.com/users/mre/orgs",
            "repos_url": "https://api.github.com/users/mre/repos",
            "events_url": "https://api.github.com/users/mre/events{/privacy}",
            "received_events_url": "https://api.github.com/users/mre/received_events",
            "type": "User",
            "user_view_type": "public",
            "site_admin": false
        },
        "labels": [],
        "state": "open",
        "locked": false,
        "assignee": null,
        "assignees": [],
        "milestone": null,
        "comments": 0,
        "created_at": "2024-05-30T21:03:25Z",
        "updated_at": "2024-05-30T21:03:25Z",
        "closed_at": null,
        "author_association": "MEMBER",
        "sub_issues_summary": {
            "total": 0,
            "completed": 0,
            "percent_completed": 0
        },
        "active_lock_reason": null,
        "draft": false,
        "pull_request": {
            "url": "https://api.github.com/repos/analysis-tools-dev/website-next/pulls/78",
            "html_url": "https://github.com/analysis-tools-dev/website-next/pull/78",
            "diff_url": "https://github.com/analysis-tools-dev/website-next/pull/78.diff",
            "patch_url": "https://github.com/analysis-tools-dev/website-next/pull/78.patch",
            "merged_at": null
        },
        "body": null,
        "closed_by": null,
        "reactions": {
            "url": "https://api.github.com/repos/analysis-tools-dev/website-next/issues/78/reactions",
            "total_count": 0,
            "+1": 0,
            "-1": 0,
            "laugh": 0,
            "hooray": 0,
            "confused": 0,
            "heart": 0,
            "rocket": 0,
            "eyes": 0
        },
        "timeline_url": "https://api.github.com/repos/analysis-tools-dev/website-next/issues/78/timeline",
        "performed_via_github_app": null,
        "state_reason": null
    }
]