[
    {
        "url": "https://api.github.com/repos/anticensority/discussions/issues/3",
        "repository_url": "https://api.github.com/repos/anticensority/discussions",
        "labels_url": "https://api.github.com/repos/anticensority/discussions/issues/3/labels{/name}",
        "comments_url": "https://api.github.com/repos/anticensority/discussions/issues/3/comments",
        "events_url": "https://api.github.com/repos/anticensority/discussions/issues/3/events",
        "html_url": "https://github.com/anticensority/discussions/issues/3",
        "id": 2249887139,
        "node_id": "I_kwDOC43HE86GGo2j",
        "number": 3,
        "title": "Материальная поддержка проекта",
        "user": {
            "login": "zlocate",
            "id": 43764701,
            "node_id": "MDQ6VXNlcjQzNzY0NzAx",
            "avatar_url": "https://avatars.githubusercontent.com/u/43764701?v=4",
            "gravatar_id": "",
            "url": "https://api.github.com/users/zlocate",
            "html_url": "https://github.com/zlocate",
            "followers_url": "https://api.github.com/users/zlocate/followers",
            "following_url": "https://api.github.com/users/zlocate/following{/other_user}",
            "gists_url": "https://api.github.com/users/zlocate/gists{/gist_id}",
            "starred_url": "https://api.github.com/users/zlocate/starred{/owner}{/repo}",
            "subscriptions_url": "https://api.github.com/users/zlocate/subscriptions",
            "organizations_url": "https://api.github.com/users/zlocate/orgs",
            "repos_url": "https://api.github.com/users/zlocate/repos",
            "events_url": "https://api.github.com/users/zlocate/events{/privacy}",
            "received_events_url": "https://api.github.com/users/zlocate/received_events",
            "type": "User",
            "user_view_type": "public",
            "site_admin": false
        },
        "labels": [],
        "state": "open",
        "locked": false,
        "assignee": null,
        "assignees": [],
        "milestone": null,
        "comments": 1,
        "created_at": "2024-04-18T06:44:39Z",
        "updated_at": "2024-04-18T17:57:41Z",
        "closed_at": null,
        "author_association": "NONE",
        "sub_issues_summary": {
            "total": 0,
            "completed": 0,
            "percent_completed": 0
        },
        "active_lock_reason": null,
        "body": "Привет. \r\nХочу поддержать ваши начинания и отличное расширение путём доната. (на аренду сервера и прочие технические нужды и прочее)\r\nЕсть ли способ это сделать? Если не заметил ткните пожалуйста ссылкой (я нахожусь в рф если что, задонатить через заграничные сервисы не смогу)",
        "closed_by": null,
        "reactions": {
            "url": "https://api.github.com/repos/anticensority/discussions/issues/3/reactions",
            "total_count": 0,
            "+1": 0,
            "-1": 0,
            "laugh": 0,
            "hooray": 0,
            "confused": 0,
            "heart": 0,
            "rocket": 0,
            "eyes": 0
        },
        "timeline_url": "https://api.github.com/repos/anticensority/discussions/issues/3/timeline",
        "performed_via_github_app": null,
        "state_reason": null
    },
    {
        "url": "https://api.github.com/repos/anticensority/discussions/issues/2",
        "repository_url": "https://api.github.com/repos/anticensority/discussions",
        "labels_url": "https://api.github.com/repos/anticensority/discussions/issues/2/labels{/name}",
        "comments_url": "https://api.github.com/repos/anticensority/discussions/issues/2/comments",
        "events_url": "https://api.github.com/repos/anticensority/discussions/issues/2/events",
        "html_url": "https://github.com/anticensority/discussions/issues/2",
        "id": 1749631304,
        "node_id": "I_kwDOC43HE85oSUFI",
        "number": 2,
        "title": "Создание правила Anticensority для sing-box",
        "user": {
            "login": "savely-krasovsky",
            "id": 5345489,
            "node_id": "MDQ6VXNlcjUzNDU0ODk=",
            "avatar_url": "https://avatars.githubusercontent.com/u/5345489?v=4",
            "gravatar_id": "",
            "url": "https://api.github.com/users/savely-krasovsky",
            "html_url": "https://github.com/savely-krasovsky",
            "followers_url": "https://api.github.com/users/savely-krasovsky/followers",
            "following_url": "https://api.github.com/users/savely-krasovsky/following{/other_user}",
            "gists_url": "https://api.github.com/users/savely-krasovsky/gists{/gist_id}",
            "starred_url": "https://api.github.com/users/savely-krasovsky/starred{/owner}{/repo}",
            "subscriptions_url": "https://api.github.com/users/savely-krasovsky/subscriptions",
            "organizations_url": "https://api.github.com/users/savely-krasovsky/orgs",
            "repos_url": "https://api.github.com/users/savely-krasovsky/repos",
            "events_url": "https://api.github.com/users/savely-krasovsky/events{/privacy}",
            "received_events_url": "https://api.github.com/users/savely-krasovsky/received_events",
            "type": "User",
            "user_view_type": "public",
            "site_admin": false
        },
        "labels": [],
        "state": "open",
        "locked": false,
        "assignee": null,
        "assignees": [],
        "milestone": null,
        "comments": 4,
        "created_at": "2023-06-09T10:34:19Z",
        "updated_at": "2023-07-02T15:23:02Z",
        "closed_at": null,
        "author_association": "NONE",
        "sub_issues_summary": {
            "total": 0,
            "completed": 0,
            "percent_completed": 0
        },
        "active_lock_reason": null,
        "body": "Расширение очень крутое и поэтому мне хотелось бы концепцию на system-wide уровень. Особенно это актуально для Android. Да, там можно настроить в системе PAC-файл, но в небраузерных приложениях это работать не будет.\r\n\r\nКитайцы придумали мощную коробку под названием [sing-box](https://sing-box.sagernet.org/), она интегрирована в кучу приложений включая Nekoray, NekoBox, SagerNet и другие.\r\n\r\nТам есть удобная фича с правилами маршрутизации, в частности правила geosite и geoip. Компилируют готовую базу они тут: https://github.com/SagerNet/sing-geosite\r\n\r\nВкладывают при этом вручную подобные списки, которые делает коммьюнити: https://github.com/v2fly/domain-list-community\r\n\r\nСобственно идея простая:\r\n1. Можно компилировать базу в похожем формате.\r\n2. Далее форкнуть sing-box и сделать отдельное правило, например `antizapret`, при его добавлении в конфигурацию подгружать БД запрещенных доменов и IP.\r\n3. В конфигурации sing-box сделать два правила: по умолчанию обход, а antizapret пускать через прокси.\r\n\r\nНа мой взгляд изменения подготовить достаточно легко:\r\n1. Генератор PAC-файлов у нас уже есть. Адаптировать под генерацию db-файлов и можно также заливать в GitHub-релизы новые версии.\r\n2. Форкнуть и добавить для sing-box новое правило по аналогии с geosite: https://github.com/SagerNet/sing-box/blob/dev-next/route/router_geo_resources.go (загрузка актуальной БД), https://github.com/SagerNet/sing-box/blob/dev-next/route/rule_item_geosite.go (сам матчер)\r\n3. Форкнуть Nekobox и использовать нашу версию sing-box (других изменений делать там не придется).\r\n\r\nВ теории можно будет даже попробовать это замержить, если поговорить с оригинальными авторами, но тут уже не знаю насколько они открыты к подобному.",
        "closed_by": null,
        "reactions": {
            "url": "https://api.github.com/repos/anticensority/discussions/issues/2/reactions",
            "total_count": 1,
            "+1": 1,
            "-1": 0,
            "laugh": 0,
            "hooray": 0,
            "confused": 0,
            "heart": 0,
            "rocket": 0,
            "eyes": 0
        },
        "timeline_url": "https://api.github.com/repos/anticensority/discussions/issues/2/timeline",
        "performed_via_github_app": null,
        "state_reason": null
    },
    {
        "url": "https://api.github.com/repos/anticensority/discussions/issues/1",
        "repository_url": "https://api.github.com/repos/anticensority/discussions",
        "labels_url": "https://api.github.com/repos/anticensority/discussions/issues/1/labels{/name}",
        "comments_url": "https://api.github.com/repos/anticensority/discussions/issues/1/comments",
        "events_url": "https://api.github.com/repos/anticensority/discussions/issues/1/events",
        "html_url": "https://github.com/anticensority/discussions/issues/1",
        "id": 460798183,
        "node_id": "MDU6SXNzdWU0NjA3OTgxODM=",
        "number": 1,
        "title": "Challenges by \"Antizapret\" and \"Anticensority\" | Призывы «Антизапрет» и «Антицензорити»",
        "user": {
            "login": "ilyaigpetrov",
            "id": 1090811,
            "node_id": "MDQ6VXNlcjEwOTA4MTE=",
            "avatar_url": "https://avatars.githubusercontent.com/u/1090811?v=4",
            "gravatar_id": "",
            "url": "https://api.github.com/users/ilyaigpetrov",
            "html_url": "https://github.com/ilyaigpetrov",
            "followers_url": "https://api.github.com/users/ilyaigpetrov/followers",
            "following_url": "https://api.github.com/users/ilyaigpetrov/following{/other_user}",
            "gists_url": "https://api.github.com/users/ilyaigpetrov/gists{/gist_id}",
            "starred_url": "https://api.github.com/users/ilyaigpetrov/starred{/owner}{/repo}",
            "subscriptions_url": "https://api.github.com/users/ilyaigpetrov/subscriptions",
            "organizations_url": "https://api.github.com/users/ilyaigpetrov/orgs",
            "repos_url": "https://api.github.com/users/ilyaigpetrov/repos",
            "events_url": "https://api.github.com/users/ilyaigpetrov/events{/privacy}",
            "received_events_url": "https://api.github.com/users/ilyaigpetrov/received_events",
            "type": "User",
            "user_view_type": "public",
            "site_admin": false
        },
        "labels": [],
        "state": "open",
        "locked": false,
        "assignee": null,
        "assignees": [],
        "milestone": null,
        "comments": 1,
        "created_at": "2019-06-26T07:06:36Z",
        "updated_at": "2023-06-01T00:54:53Z",
        "closed_at": null,
        "author_association": "COLLABORATOR",
        "sub_issues_summary": {
            "total": 0,
            "completed": 0,
            "percent_completed": 0
        },
        "active_lock_reason": null,
        "body": "https://rebrand.ly/ac-challenges | https://git.io/ac-challenges\r\n\r\nРусская версия ниже и обновляется во вторую очередь.\r\n\r\n# 1. Size Of The PAC-Script \"Antizapret\"\r\n\r\nPAC-script [\"Antizapret\"](https://antizapret.prostovpn.org) is used not only in [our browser extension](https://github.com/anticensority/runet-censorship-bypass) but also via a command line argument to chrome or in Windows system settings.\r\nIn these modes PAC-script [can't](https://bugs.chromium.org/p/chromium/issues/detail?id=678022) exceed 1MB and the project author employed lots of compression techniques already however it is not enough.\r\nThe offered challenges:\r\n\r\n1. Apply `lz-string` and base128 to compress a script: https://github.com/pieroxy/lz-string/issues/135.\r\n2. Learn how to classify censored addresses from https://github.com/zapret-info/z-i/blob/master/dump.csv into categories (machine learning) and then we will be able to publish/generate PAC-scripts targeted for specific categories.\r\n   If user don't need all the categories then he will fit 1MB or he may speed up the script. Also providers of public proxies may block unwanted categories from proxying.\r\n3. Bloom filter: yet we ourselves try to research this (memory consumption, performance, probability of false positives) and experiment. We can't proxy all addresses (errors) on our proxy servers so we need to measure error distance on the server and decide if it exceeds a chosen threshold. ([My old code](https://github.com/anticensority/benched-pac-scripts/blob/master/new-gen/bloom.js) and [results](https://github.com/anticensority/runet-censorship-bypass/issues/13#issuecomment-313915808)).\r\n\r\n# 2. Universal PAC-Script Generator\r\n\r\nI run [my own generator](https://github.com/anticensority/pac-script-generator), \"Antizapret\" uses its own (old sources are [here](https://bitbucket.org/ValdikSS/antizapret/src/master/)). I have an idea of writing a PAC script generator that my be used:\r\n1) Locally on unix/posix/win.\r\n2) In browser extensions.\r\n3) On servers (CloudFlare workers, NodeJS).\r\n4) Maybe even on web pages.\r\n\r\nIn this kind of flexible generator you may choose:\r\n\r\n1) Sources of input (https://github.com/zapret-info/z-i/blob/master/dump.csv, google spreadsheet, other format, input via ipfs/ipns/https).\r\n2) Output targets (1MB for Chrome's command line, Chromium-based browser extensions, FireFox browser extensions (don't support remote PAC-scripts, need to take a list of addresses and a list of proxies in some format)).\r\n3) Employed algorithm and compression method (Bloom, deterministic, lz-string, binary search).\r\n4) Proxies to be used: local Tor, known proxies with good reputation (Antizapret), provided by user.\r\n5) Publishing targets: save results to local files, upload to github, publish on ipfs/ipns, etc.\r\n\r\nThis generator also instead of generating PAC-script from inputs may search provided trusted sources for already generated PAC-scripts (local cache, ipfs/ipns, github repo, on some site via https, etc.).\r\n\r\nThis kind of generator may be used:\r\n1) By users on their local machines in browsers or in command line.\r\n2) Deployed on servers, CloudFlare workers, etc. Results are shared somehow, publicly or privately.\r\n\r\nGenerator itself and code generated are desired to work in old browsers (Windows XP for generator, Internet Explorer for PAC-script consumers).\r\n\r\n# 3. Browser Extension For FireFox\r\n\r\nFireFox doesn't support remote PAC-scripts, PAC-scripts must be built in into the extension but may be passed list of addresses or proxies via messages. The task is to write extension able to consume results of universal PAC script generator from the previous challenge and structure it internally somehow for better speeds. This extension may be abstracted out into something like the idea of [Request Kitchen](https://gist.github.com/ilyaigpetrov/9ba6b86626f7d6cde09ef46fa8bdceaa). [`proxy.onRequest`](https://developer.mozilla.org/en-US/docs/Mozilla/Add-ons/WebExtensions/API/proxy/onRequest) may be used instead of PAC-scripts.\r\n\r\n# Contact Us\r\n\r\n1. Create an issue on this repo for a public discussion.\r\n2.  antizapret@prostovpn.org (private, email group, multiple participants)\r\n3.  anticensority+owners@googlegroups.com (private, email group, multiple participants)\r\n\r\nYou may publish your solution anywhere or on https://gist.github.com (comments notifications should work there) and email us.\r\n\r\n-------------\r\n\r\n# 1. Размер PAC-скрипта «Антизапрет»\r\n\r\nPAC-скрипт «Антизапрет» используют не только в расшрении, но и через параметр командой строки хрому.\r\nВ этом режиме PAC-скрипт не может превышать 1MB, и автор уже задействовал кучу техник сжатий, но этого недостаточно.\r\nПризываем решить следующие проблемы:\r\n\r\n1. Применить `lz-string` и base128 к сжатию скрипта: https://github.com/pieroxy/lz-string/issues/135.\r\n2. Научиться разбивать https://github.com/zapret-info/z-i/blob/master/dump.csv на категории (machine learning) и тогда мы будем публиковать/генерировать PAC-скрипты для отдельных категорий.\r\n   Если пользователю не нужны все категории, то он впишется в размер 1MB или сможет ускорить работу скрипта.\r\n3. Фильтр Блума: мы пока сами пытаемся исследовать (потребление памяти, производительность, вероятность ошибок) и экспериментировать. На серверы мы также должны не проксировать адреса не из реестра, но ошибки с определенным порогом дистанции допустимы. ([Мой старый код](https://github.com/anticensority/benched-pac-scripts/blob/master/new-gen/bloom.js) и [результаты](https://github.com/anticensority/runet-censorship-bypass/issues/13#issuecomment-313915808)).\r\n\r\n# Как с нами связаться\r\n\r\nСвязаться с нами можно через электропочту на https://antizapret.prostovpn.org или на https://rebrand.ly/ac-contact (оба адреса — почтовые группы с несколькими участниками). Создать публичное обсуждение можно в https://github.com/anticensority/discussions/issues или для обсуждения конкретно своего решения можно создать статью на https://gist.github.com (комментарии теперь имеют уведомления).",
        "closed_by": null,
        "reactions": {
            "url": "https://api.github.com/repos/anticensority/discussions/issues/1/reactions",
            "total_count": 4,
            "+1": 2,
            "-1": 0,
            "laugh": 0,
            "hooray": 0,
            "confused": 0,
            "heart": 1,
            "rocket": 1,
            "eyes": 0
        },
        "timeline_url": "https://api.github.com/repos/anticensority/discussions/issues/1/timeline",
        "performed_via_github_app": null,
        "state_reason": null
    }
]