[
    {
        "url": "https://api.github.com/repos/anticensority/generated-pac-scripts/issues/2",
        "repository_url": "https://api.github.com/repos/anticensority/generated-pac-scripts",
        "labels_url": "https://api.github.com/repos/anticensority/generated-pac-scripts/issues/2/labels{/name}",
        "comments_url": "https://api.github.com/repos/anticensority/generated-pac-scripts/issues/2/comments",
        "events_url": "https://api.github.com/repos/anticensority/generated-pac-scripts/issues/2/events",
        "html_url": "https://github.com/anticensority/generated-pac-scripts/issues/2",
        "id": 2788481880,
        "node_id": "I_kwDOBKMUnc6mNNtY",
        "number": 2,
        "title": "Добавить Psiphon TM в const",
        "user": {
            "login": "Verity-Freedom",
            "id": 143919205,
            "node_id": "U_kgDOCJQIZQ",
            "avatar_url": "https://avatars.githubusercontent.com/u/143919205?v=4",
            "gravatar_id": "",
            "url": "https://api.github.com/users/Verity-Freedom",
            "html_url": "https://github.com/Verity-Freedom",
            "followers_url": "https://api.github.com/users/Verity-Freedom/followers",
            "following_url": "https://api.github.com/users/Verity-Freedom/following{/other_user}",
            "gists_url": "https://api.github.com/users/Verity-Freedom/gists{/gist_id}",
            "starred_url": "https://api.github.com/users/Verity-Freedom/starred{/owner}{/repo}",
            "subscriptions_url": "https://api.github.com/users/Verity-Freedom/subscriptions",
            "organizations_url": "https://api.github.com/users/Verity-Freedom/orgs",
            "repos_url": "https://api.github.com/users/Verity-Freedom/repos",
            "events_url": "https://api.github.com/users/Verity-Freedom/events{/privacy}",
            "received_events_url": "https://api.github.com/users/Verity-Freedom/received_events",
            "type": "User",
            "user_view_type": "public",
            "site_admin": false
        },
        "labels": [],
        "state": "open",
        "locked": false,
        "assignee": null,
        "assignees": [],
        "milestone": null,
        "comments": 6,
        "created_at": "2025-01-14T23:35:23Z",
        "updated_at": "2025-01-15T02:16:52Z",
        "closed_at": null,
        "author_association": "NONE",
        "sub_issues_summary": {
            "total": 0,
            "completed": 0,
            "percent_completed": 0
        },
        "active_lock_reason": null,
        "body": "Psiphon TM (для туркменистана) создаёт http прокси на localhost с портом 13128, и такой же на socks с портом 11080, только я не знаю на socks4 или на socks5. Его сделал Valdik, он до сих пор отлично работает, скорость невысокая, но вряд ли ниже, чем у антизапрета. В отличие от Тора сайты гораздо реже блокируют Psiphon как прокси, Тор хорош и несколько быстрее, но с этим у него прямо беда.\n\nБыло бы удобно если бы сгенерированный антицензорити уже содержал в себе Psiphon в const. Можно будет также добавить в Обход блокировок рунета при обновлении (если и когда оно будет). Скачать для тестов его [можно здесь](https://github.com/Verity-Freedom/Tor-Portable/releases/tag/v1.0) (тот что hot start)\n\n![Image](https://github.com/user-attachments/assets/95c5d8b4-171a-4586-ad0b-eee7fe9f430c)\n",
        "closed_by": null,
        "reactions": {
            "url": "https://api.github.com/repos/anticensority/generated-pac-scripts/issues/2/reactions",
            "total_count": 0,
            "+1": 0,
            "-1": 0,
            "laugh": 0,
            "hooray": 0,
            "confused": 0,
            "heart": 0,
            "rocket": 0,
            "eyes": 0
        },
        "timeline_url": "https://api.github.com/repos/anticensority/generated-pac-scripts/issues/2/timeline",
        "performed_via_github_app": null,
        "state_reason": null
    }
]