[
    {
        "url": "https://api.github.com/repos/anticensority/pac-script-generator/issues/3",
        "repository_url": "https://api.github.com/repos/anticensority/pac-script-generator",
        "labels_url": "https://api.github.com/repos/anticensority/pac-script-generator/issues/3/labels{/name}",
        "comments_url": "https://api.github.com/repos/anticensority/pac-script-generator/issues/3/comments",
        "events_url": "https://api.github.com/repos/anticensority/pac-script-generator/issues/3/events",
        "html_url": "https://github.com/anticensority/pac-script-generator/issues/3",
        "id": 969178367,
        "node_id": "MDU6SXNzdWU5NjkxNzgzNjc=",
        "number": 3,
        "title": "Новости генератора PAC-скрипта «АнтиЦензорити»",
        "user": {
            "login": "ilyaigpetrov",
            "id": 1090811,
            "node_id": "MDQ6VXNlcjEwOTA4MTE=",
            "avatar_url": "https://avatars.githubusercontent.com/u/1090811?v=4",
            "gravatar_id": "",
            "url": "https://api.github.com/users/ilyaigpetrov",
            "html_url": "https://github.com/ilyaigpetrov",
            "followers_url": "https://api.github.com/users/ilyaigpetrov/followers",
            "following_url": "https://api.github.com/users/ilyaigpetrov/following{/other_user}",
            "gists_url": "https://api.github.com/users/ilyaigpetrov/gists{/gist_id}",
            "starred_url": "https://api.github.com/users/ilyaigpetrov/starred{/owner}{/repo}",
            "subscriptions_url": "https://api.github.com/users/ilyaigpetrov/subscriptions",
            "organizations_url": "https://api.github.com/users/ilyaigpetrov/orgs",
            "repos_url": "https://api.github.com/users/ilyaigpetrov/repos",
            "events_url": "https://api.github.com/users/ilyaigpetrov/events{/privacy}",
            "received_events_url": "https://api.github.com/users/ilyaigpetrov/received_events",
            "type": "User",
            "user_view_type": "public",
            "site_admin": false
        },
        "labels": [],
        "state": "open",
        "locked": true,
        "assignee": null,
        "assignees": [],
        "milestone": null,
        "comments": 5,
        "created_at": "2021-08-12T16:48:50Z",
        "updated_at": "2023-12-09T12:49:19Z",
        "closed_at": null,
        "author_association": "CONTRIBUTOR",
        "sub_issues_summary": {
            "total": 0,
            "completed": 0,
            "percent_completed": 0
        },
        "active_lock_reason": null,
        "body": "Подписаться на эти новостные сообщения можно кнопкой \"Subscribe\" справа после авторизации, в числе участников вас не укажут.",
        "closed_by": null,
        "reactions": {
            "url": "https://api.github.com/repos/anticensority/pac-script-generator/issues/3/reactions",
            "total_count": 0,
            "+1": 0,
            "-1": 0,
            "laugh": 0,
            "hooray": 0,
            "confused": 0,
            "heart": 0,
            "rocket": 0,
            "eyes": 0
        },
        "timeline_url": "https://api.github.com/repos/anticensority/pac-script-generator/issues/3/timeline",
        "performed_via_github_app": null,
        "state_reason": null
    }
]