[
    {
        "url": "https://api.github.com/repos/apolloconfig/agollo/issues/327",
        "repository_url": "https://api.github.com/repos/apolloconfig/agollo",
        "labels_url": "https://api.github.com/repos/apolloconfig/agollo/issues/327/labels{/name}",
        "comments_url": "https://api.github.com/repos/apolloconfig/agollo/issues/327/comments",
        "events_url": "https://api.github.com/repos/apolloconfig/agollo/issues/327/events",
        "html_url": "https://github.com/apolloconfig/agollo/issues/327",
        "id": 2763068126,
        "node_id": "I_kwDOBaxQ6c6ksRLe",
        "number": 327,
        "title": "[BUG] 报错 load default cache fail",
        "user": {
            "login": "zkcrescent",
            "id": 14883259,
            "node_id": "MDQ6VXNlcjE0ODgzMjU5",
            "avatar_url": "https://avatars.githubusercontent.com/u/14883259?v=4",
            "gravatar_id": "",
            "url": "https://api.github.com/users/zkcrescent",
            "html_url": "https://github.com/zkcrescent",
            "followers_url": "https://api.github.com/users/zkcrescent/followers",
            "following_url": "https://api.github.com/users/zkcrescent/following{/other_user}",
            "gists_url": "https://api.github.com/users/zkcrescent/gists{/gist_id}",
            "starred_url": "https://api.github.com/users/zkcrescent/starred{/owner}{/repo}",
            "subscriptions_url": "https://api.github.com/users/zkcrescent/subscriptions",
            "organizations_url": "https://api.github.com/users/zkcrescent/orgs",
            "repos_url": "https://api.github.com/users/zkcrescent/repos",
            "events_url": "https://api.github.com/users/zkcrescent/events{/privacy}",
            "received_events_url": "https://api.github.com/users/zkcrescent/received_events",
            "type": "User",
            "user_view_type": "public",
            "site_admin": false
        },
        "labels": [
            {
                "id": 632554148,
                "node_id": "MDU6TGFiZWw2MzI1NTQxNDg=",
                "url": "https://api.github.com/repos/apolloconfig/agollo/labels/bug",
                "name": "bug",
                "color": "ee0701",
                "default": true,
                "description": null
            }
        ],
        "state": "open",
        "locked": false,
        "assignee": {
            "login": "zouyx",
            "id": 3828072,
            "node_id": "MDQ6VXNlcjM4MjgwNzI=",
            "avatar_url": "https://avatars.githubusercontent.com/u/3828072?v=4",
            "gravatar_id": "",
            "url": "https://api.github.com/users/zouyx",
            "html_url": "https://github.com/zouyx",
            "followers_url": "https://api.github.com/users/zouyx/followers",
            "following_url": "https://api.github.com/users/zouyx/following{/other_user}",
            "gists_url": "https://api.github.com/users/zouyx/gists{/gist_id}",
            "starred_url": "https://api.github.com/users/zouyx/starred{/owner}{/repo}",
            "subscriptions_url": "https://api.github.com/users/zouyx/subscriptions",
            "organizations_url": "https://api.github.com/users/zouyx/orgs",
            "repos_url": "https://api.github.com/users/zouyx/repos",
            "events_url": "https://api.github.com/users/zouyx/events{/privacy}",
            "received_events_url": "https://api.github.com/users/zouyx/received_events",
            "type": "User",
            "user_view_type": "public",
            "site_admin": false
        },
        "assignees": [
            {
                "login": "zouyx",
                "id": 3828072,
                "node_id": "MDQ6VXNlcjM4MjgwNzI=",
                "avatar_url": "https://avatars.githubusercontent.com/u/3828072?v=4",
                "gravatar_id": "",
                "url": "https://api.github.com/users/zouyx",
                "html_url": "https://github.com/zouyx",
                "followers_url": "https://api.github.com/users/zouyx/followers",
                "following_url": "https://api.github.com/users/zouyx/following{/other_user}",
                "gists_url": "https://api.github.com/users/zouyx/gists{/gist_id}",
                "starred_url": "https://api.github.com/users/zouyx/starred{/owner}{/repo}",
                "subscriptions_url": "https://api.github.com/users/zouyx/subscriptions",
                "organizations_url": "https://api.github.com/users/zouyx/orgs",
                "repos_url": "https://api.github.com/users/zouyx/repos",
                "events_url": "https://api.github.com/users/zouyx/events{/privacy}",
                "received_events_url": "https://api.github.com/users/zouyx/received_events",
                "type": "User",
                "user_view_type": "public",
                "site_admin": false
            }
        ],
        "milestone": null,
        "comments": 0,
        "created_at": "2024-12-30T11:29:05Z",
        "updated_at": "2024-12-30T11:29:53Z",
        "closed_at": null,
        "author_association": "NONE",
        "sub_issues_summary": {
            "total": 0,
            "completed": 0,
            "percent_completed": 0
        },
        "active_lock_reason": null,
        "body": "**请简单描述bug的场景**\r\n\r\napollo 源内容设定为yaml 格式\r\n`cli.GetConfig(res.ns).GetContent()`\r\n\r\n 使用该方法 可以获得property 格式的value \r\n\r\n`cli.GetConfigCache(res.ns).Get(\"content\")`\r\n\r\n使用该方法会报错  load default cache fail\r\n\r\n**如何重现**\r\n\r\nagollo.StartWithConfig 后直接调用上述方法\r\n\r\n**期望**\r\n获取yaml 的原始文件\r\n\r\n\r\n**Agollo 版本 :**\r\n - Version [e.g. 22]\r\nv4.4.0\r\n\r\n",
        "closed_by": null,
        "reactions": {
            "url": "https://api.github.com/repos/apolloconfig/agollo/issues/327/reactions",
            "total_count": 0,
            "+1": 0,
            "-1": 0,
            "laugh": 0,
            "hooray": 0,
            "confused": 0,
            "heart": 0,
            "rocket": 0,
            "eyes": 0
        },
        "timeline_url": "https://api.github.com/repos/apolloconfig/agollo/issues/327/timeline",
        "performed_via_github_app": null,
        "state_reason": null
    },
    {
        "url": "https://api.github.com/repos/apolloconfig/agollo/issues/326",
        "repository_url": "https://api.github.com/repos/apolloconfig/agollo",
        "labels_url": "https://api.github.com/repos/apolloconfig/agollo/issues/326/labels{/name}",
        "comments_url": "https://api.github.com/repos/apolloconfig/agollo/issues/326/comments",
        "events_url": "https://api.github.com/repos/apolloconfig/agollo/issues/326/events",
        "html_url": "https://github.com/apolloconfig/agollo/issues/326",
        "id": 2711154176,
        "node_id": "I_kwDOBaxQ6c6hmO4A",
        "number": 326,
        "title": "[FEATURE] 支持连接Apollo集群",
        "user": {
            "login": "xuzhijvn",
            "id": 20964259,
            "node_id": "MDQ6VXNlcjIwOTY0MjU5",
            "avatar_url": "https://avatars.githubusercontent.com/u/20964259?v=4",
            "gravatar_id": "",
            "url": "https://api.github.com/users/xuzhijvn",
            "html_url": "https://github.com/xuzhijvn",
            "followers_url": "https://api.github.com/users/xuzhijvn/followers",
            "following_url": "https://api.github.com/users/xuzhijvn/following{/other_user}",
            "gists_url": "https://api.github.com/users/xuzhijvn/gists{/gist_id}",
            "starred_url": "https://api.github.com/users/xuzhijvn/starred{/owner}{/repo}",
            "subscriptions_url": "https://api.github.com/users/xuzhijvn/subscriptions",
            "organizations_url": "https://api.github.com/users/xuzhijvn/orgs",
            "repos_url": "https://api.github.com/users/xuzhijvn/repos",
            "events_url": "https://api.github.com/users/xuzhijvn/events{/privacy}",
            "received_events_url": "https://api.github.com/users/xuzhijvn/received_events",
            "type": "User",
            "user_view_type": "public",
            "site_admin": false
        },
        "labels": [
            {
                "id": 632554150,
                "node_id": "MDU6TGFiZWw2MzI1NTQxNTA=",
                "url": "https://api.github.com/repos/apolloconfig/agollo/labels/enhancement",
                "name": "enhancement",
                "color": "84b6eb",
                "default": true,
                "description": null
            }
        ],
        "state": "open",
        "locked": false,
        "assignee": {
            "login": "zouyx",
            "id": 3828072,
            "node_id": "MDQ6VXNlcjM4MjgwNzI=",
            "avatar_url": "https://avatars.githubusercontent.com/u/3828072?v=4",
            "gravatar_id": "",
            "url": "https://api.github.com/users/zouyx",
            "html_url": "https://github.com/zouyx",
            "followers_url": "https://api.github.com/users/zouyx/followers",
            "following_url": "https://api.github.com/users/zouyx/following{/other_user}",
            "gists_url": "https://api.github.com/users/zouyx/gists{/gist_id}",
            "starred_url": "https://api.github.com/users/zouyx/starred{/owner}{/repo}",
            "subscriptions_url": "https://api.github.com/users/zouyx/subscriptions",
            "organizations_url": "https://api.github.com/users/zouyx/orgs",
            "repos_url": "https://api.github.com/users/zouyx/repos",
            "events_url": "https://api.github.com/users/zouyx/events{/privacy}",
            "received_events_url": "https://api.github.com/users/zouyx/received_events",
            "type": "User",
            "user_view_type": "public",
            "site_admin": false
        },
        "assignees": [
            {
                "login": "zouyx",
                "id": 3828072,
                "node_id": "MDQ6VXNlcjM4MjgwNzI=",
                "avatar_url": "https://avatars.githubusercontent.com/u/3828072?v=4",
                "gravatar_id": "",
                "url": "https://api.github.com/users/zouyx",
                "html_url": "https://github.com/zouyx",
                "followers_url": "https://api.github.com/users/zouyx/followers",
                "following_url": "https://api.github.com/users/zouyx/following{/other_user}",
                "gists_url": "https://api.github.com/users/zouyx/gists{/gist_id}",
                "starred_url": "https://api.github.com/users/zouyx/starred{/owner}{/repo}",
                "subscriptions_url": "https://api.github.com/users/zouyx/subscriptions",
                "organizations_url": "https://api.github.com/users/zouyx/orgs",
                "repos_url": "https://api.github.com/users/zouyx/repos",
                "events_url": "https://api.github.com/users/zouyx/events{/privacy}",
                "received_events_url": "https://api.github.com/users/zouyx/received_events",
                "type": "User",
                "user_view_type": "public",
                "site_admin": false
            }
        ],
        "milestone": null,
        "comments": 1,
        "created_at": "2024-12-02T09:13:52Z",
        "updated_at": "2024-12-13T04:17:05Z",
        "closed_at": null,
        "author_association": "NONE",
        "sub_issues_summary": {
            "total": 0,
            "completed": 0,
            "percent_completed": 0
        },
        "active_lock_reason": null,
        "body": "**功能适用的场景？**\r\napollo集群部署\r\n\r\n**你需要的功能是否有关联问题？**\r\n无\r\n\r\n**你期望的解决方案是？**\r\n\r\n\tc := &config.AppConfig{\r\n\t\tAppID:          global.CONFIG.Apollo.AppId,\r\n\t\tCluster:        global.CONFIG.Apollo.Cluster,\r\n\t\tIP:             global.CONFIG.Apollo.Endpoint,\r\n\t\tNamespaceName:  global.CONFIG.Apollo.Namespace,\r\n\t\tIsBackupConfig: true,\r\n\t}\r\nIP只能设置为单个IP节点吗？不支持连接Apollo集群？\r\n\r\n项目这么久连这都不支持吗？你们生产都是单节点部署的？\r\n\r\n",
        "closed_by": null,
        "reactions": {
            "url": "https://api.github.com/repos/apolloconfig/agollo/issues/326/reactions",
            "total_count": 0,
            "+1": 0,
            "-1": 0,
            "laugh": 0,
            "hooray": 0,
            "confused": 0,
            "heart": 0,
            "rocket": 0,
            "eyes": 0
        },
        "timeline_url": "https://api.github.com/repos/apolloconfig/agollo/issues/326/timeline",
        "performed_via_github_app": null,
        "state_reason": null
    },
    {
        "url": "https://api.github.com/repos/apolloconfig/agollo/issues/324",
        "repository_url": "https://api.github.com/repos/apolloconfig/agollo",
        "labels_url": "https://api.github.com/repos/apolloconfig/agollo/issues/324/labels{/name}",
        "comments_url": "https://api.github.com/repos/apolloconfig/agollo/issues/324/comments",
        "events_url": "https://api.github.com/repos/apolloconfig/agollo/issues/324/events",
        "html_url": "https://github.com/apolloconfig/agollo/issues/324",
        "id": 2657453288,
        "node_id": "I_kwDOBaxQ6c6eZYTo",
        "number": 324,
        "title": "connectionConfig中的IsRetry开放到config.AppConfig中",
        "user": {
            "login": "BumblebeeMax",
            "id": 90947505,
            "node_id": "MDQ6VXNlcjkwOTQ3NTA1",
            "avatar_url": "https://avatars.githubusercontent.com/u/90947505?v=4",
            "gravatar_id": "",
            "url": "https://api.github.com/users/BumblebeeMax",
            "html_url": "https://github.com/BumblebeeMax",
            "followers_url": "https://api.github.com/users/BumblebeeMax/followers",
            "following_url": "https://api.github.com/users/BumblebeeMax/following{/other_user}",
            "gists_url": "https://api.github.com/users/BumblebeeMax/gists{/gist_id}",
            "starred_url": "https://api.github.com/users/BumblebeeMax/starred{/owner}{/repo}",
            "subscriptions_url": "https://api.github.com/users/BumblebeeMax/subscriptions",
            "organizations_url": "https://api.github.com/users/BumblebeeMax/orgs",
            "repos_url": "https://api.github.com/users/BumblebeeMax/repos",
            "events_url": "https://api.github.com/users/BumblebeeMax/events{/privacy}",
            "received_events_url": "https://api.github.com/users/BumblebeeMax/received_events",
            "type": "User",
            "user_view_type": "public",
            "site_admin": false
        },
        "labels": [
            {
                "id": 632554150,
                "node_id": "MDU6TGFiZWw2MzI1NTQxNTA=",
                "url": "https://api.github.com/repos/apolloconfig/agollo/labels/enhancement",
                "name": "enhancement",
                "color": "84b6eb",
                "default": true,
                "description": null
            },
            {
                "id": 1634205459,
                "node_id": "MDU6TGFiZWwxNjM0MjA1NDU5",
                "url": "https://api.github.com/repos/apolloconfig/agollo/labels/stale",
                "name": "stale",
                "color": "f9d0c4",
                "default": false,
                "description": ""
            }
        ],
        "state": "open",
        "locked": false,
        "assignee": {
            "login": "zouyx",
            "id": 3828072,
            "node_id": "MDQ6VXNlcjM4MjgwNzI=",
            "avatar_url": "https://avatars.githubusercontent.com/u/3828072?v=4",
            "gravatar_id": "",
            "url": "https://api.github.com/users/zouyx",
            "html_url": "https://github.com/zouyx",
            "followers_url": "https://api.github.com/users/zouyx/followers",
            "following_url": "https://api.github.com/users/zouyx/following{/other_user}",
            "gists_url": "https://api.github.com/users/zouyx/gists{/gist_id}",
            "starred_url": "https://api.github.com/users/zouyx/starred{/owner}{/repo}",
            "subscriptions_url": "https://api.github.com/users/zouyx/subscriptions",
            "organizations_url": "https://api.github.com/users/zouyx/orgs",
            "repos_url": "https://api.github.com/users/zouyx/repos",
            "events_url": "https://api.github.com/users/zouyx/events{/privacy}",
            "received_events_url": "https://api.github.com/users/zouyx/received_events",
            "type": "User",
            "user_view_type": "public",
            "site_admin": false
        },
        "assignees": [
            {
                "login": "zouyx",
                "id": 3828072,
                "node_id": "MDQ6VXNlcjM4MjgwNzI=",
                "avatar_url": "https://avatars.githubusercontent.com/u/3828072?v=4",
                "gravatar_id": "",
                "url": "https://api.github.com/users/zouyx",
                "html_url": "https://github.com/zouyx",
                "followers_url": "https://api.github.com/users/zouyx/followers",
                "following_url": "https://api.github.com/users/zouyx/following{/other_user}",
                "gists_url": "https://api.github.com/users/zouyx/gists{/gist_id}",
                "starred_url": "https://api.github.com/users/zouyx/starred{/owner}{/repo}",
                "subscriptions_url": "https://api.github.com/users/zouyx/subscriptions",
                "organizations_url": "https://api.github.com/users/zouyx/orgs",
                "repos_url": "https://api.github.com/users/zouyx/repos",
                "events_url": "https://api.github.com/users/zouyx/events{/privacy}",
                "received_events_url": "https://api.github.com/users/zouyx/received_events",
                "type": "User",
                "user_view_type": "public",
                "site_admin": false
            }
        ],
        "milestone": null,
        "comments": 1,
        "created_at": "2024-11-14T03:40:07Z",
        "updated_at": "2025-01-15T06:01:54Z",
        "closed_at": null,
        "author_association": "NONE",
        "sub_issues_summary": {
            "total": 0,
            "completed": 0,
            "percent_completed": 0
        },
        "active_lock_reason": null,
        "body": "目前连接服务端是没有重试，希望能开放到配置中,让用户进行配置\r\n不然容易出现失败的情况",
        "closed_by": null,
        "reactions": {
            "url": "https://api.github.com/repos/apolloconfig/agollo/issues/324/reactions",
            "total_count": 0,
            "+1": 0,
            "-1": 0,
            "laugh": 0,
            "hooray": 0,
            "confused": 0,
            "heart": 0,
            "rocket": 0,
            "eyes": 0
        },
        "timeline_url": "https://api.github.com/repos/apolloconfig/agollo/issues/324/timeline",
        "performed_via_github_app": null,
        "state_reason": null
    },
    {
        "url": "https://api.github.com/repos/apolloconfig/agollo/issues/317",
        "repository_url": "https://api.github.com/repos/apolloconfig/agollo",
        "labels_url": "https://api.github.com/repos/apolloconfig/agollo/issues/317/labels{/name}",
        "comments_url": "https://api.github.com/repos/apolloconfig/agollo/issues/317/comments",
        "events_url": "https://api.github.com/repos/apolloconfig/agollo/issues/317/events",
        "html_url": "https://github.com/apolloconfig/agollo/issues/317",
        "id": 2501860292,
        "node_id": "I_kwDOBaxQ6c6VH1vE",
        "number": 317,
        "title": "[BUG] agollo 服务端有go写的或者rust写的吗， java性能太差了成本太高",
        "user": {
            "login": "icetech233",
            "id": 17383321,
            "node_id": "MDQ6VXNlcjE3MzgzMzIx",
            "avatar_url": "https://avatars.githubusercontent.com/u/17383321?v=4",
            "gravatar_id": "",
            "url": "https://api.github.com/users/icetech233",
            "html_url": "https://github.com/icetech233",
            "followers_url": "https://api.github.com/users/icetech233/followers",
            "following_url": "https://api.github.com/users/icetech233/following{/other_user}",
            "gists_url": "https://api.github.com/users/icetech233/gists{/gist_id}",
            "starred_url": "https://api.github.com/users/icetech233/starred{/owner}{/repo}",
            "subscriptions_url": "https://api.github.com/users/icetech233/subscriptions",
            "organizations_url": "https://api.github.com/users/icetech233/orgs",
            "repos_url": "https://api.github.com/users/icetech233/repos",
            "events_url": "https://api.github.com/users/icetech233/events{/privacy}",
            "received_events_url": "https://api.github.com/users/icetech233/received_events",
            "type": "User",
            "user_view_type": "public",
            "site_admin": false
        },
        "labels": [
            {
                "id": 632554148,
                "node_id": "MDU6TGFiZWw2MzI1NTQxNDg=",
                "url": "https://api.github.com/repos/apolloconfig/agollo/labels/bug",
                "name": "bug",
                "color": "ee0701",
                "default": true,
                "description": null
            }
        ],
        "state": "open",
        "locked": false,
        "assignee": {
            "login": "zouyx",
            "id": 3828072,
            "node_id": "MDQ6VXNlcjM4MjgwNzI=",
            "avatar_url": "https://avatars.githubusercontent.com/u/3828072?v=4",
            "gravatar_id": "",
            "url": "https://api.github.com/users/zouyx",
            "html_url": "https://github.com/zouyx",
            "followers_url": "https://api.github.com/users/zouyx/followers",
            "following_url": "https://api.github.com/users/zouyx/following{/other_user}",
            "gists_url": "https://api.github.com/users/zouyx/gists{/gist_id}",
            "starred_url": "https://api.github.com/users/zouyx/starred{/owner}{/repo}",
            "subscriptions_url": "https://api.github.com/users/zouyx/subscriptions",
            "organizations_url": "https://api.github.com/users/zouyx/orgs",
            "repos_url": "https://api.github.com/users/zouyx/repos",
            "events_url": "https://api.github.com/users/zouyx/events{/privacy}",
            "received_events_url": "https://api.github.com/users/zouyx/received_events",
            "type": "User",
            "user_view_type": "public",
            "site_admin": false
        },
        "assignees": [
            {
                "login": "zouyx",
                "id": 3828072,
                "node_id": "MDQ6VXNlcjM4MjgwNzI=",
                "avatar_url": "https://avatars.githubusercontent.com/u/3828072?v=4",
                "gravatar_id": "",
                "url": "https://api.github.com/users/zouyx",
                "html_url": "https://github.com/zouyx",
                "followers_url": "https://api.github.com/users/zouyx/followers",
                "following_url": "https://api.github.com/users/zouyx/following{/other_user}",
                "gists_url": "https://api.github.com/users/zouyx/gists{/gist_id}",
                "starred_url": "https://api.github.com/users/zouyx/starred{/owner}{/repo}",
                "subscriptions_url": "https://api.github.com/users/zouyx/subscriptions",
                "organizations_url": "https://api.github.com/users/zouyx/orgs",
                "repos_url": "https://api.github.com/users/zouyx/repos",
                "events_url": "https://api.github.com/users/zouyx/events{/privacy}",
                "received_events_url": "https://api.github.com/users/zouyx/received_events",
                "type": "User",
                "user_view_type": "public",
                "site_admin": false
            }
        ],
        "milestone": null,
        "comments": 5,
        "created_at": "2024-09-03T03:44:11Z",
        "updated_at": "2025-01-26T07:56:56Z",
        "closed_at": null,
        "author_association": "NONE",
        "sub_issues_summary": {
            "total": 0,
            "completed": 0,
            "percent_completed": 0
        },
        "active_lock_reason": null,
        "body": "服务器成本太高",
        "closed_by": null,
        "reactions": {
            "url": "https://api.github.com/repos/apolloconfig/agollo/issues/317/reactions",
            "total_count": 0,
            "+1": 0,
            "-1": 0,
            "laugh": 0,
            "hooray": 0,
            "confused": 0,
            "heart": 0,
            "rocket": 0,
            "eyes": 0
        },
        "timeline_url": "https://api.github.com/repos/apolloconfig/agollo/issues/317/timeline",
        "performed_via_github_app": null,
        "state_reason": null
    },
    {
        "url": "https://api.github.com/repos/apolloconfig/agollo/issues/309",
        "repository_url": "https://api.github.com/repos/apolloconfig/agollo",
        "labels_url": "https://api.github.com/repos/apolloconfig/agollo/issues/309/labels{/name}",
        "comments_url": "https://api.github.com/repos/apolloconfig/agollo/issues/309/comments",
        "events_url": "https://api.github.com/repos/apolloconfig/agollo/issues/309/events",
        "html_url": "https://github.com/apolloconfig/agollo/pull/309",
        "id": 2290813622,
        "node_id": "PR_kwDOBaxQ6c5vJ-D-",
        "number": 309,
        "title": "fix：初始加载失败依旧加入懒加载列表，异步检查流程优化",
        "user": {
            "login": "qdsordinarydream",
            "id": 66229105,
            "node_id": "MDQ6VXNlcjY2MjI5MTA1",
            "avatar_url": "https://avatars.githubusercontent.com/u/66229105?v=4",
            "gravatar_id": "",
            "url": "https://api.github.com/users/qdsordinarydream",
            "html_url": "https://github.com/qdsordinarydream",
            "followers_url": "https://api.github.com/users/qdsordinarydream/followers",
            "following_url": "https://api.github.com/users/qdsordinarydream/following{/other_user}",
            "gists_url": "https://api.github.com/users/qdsordinarydream/gists{/gist_id}",
            "starred_url": "https://api.github.com/users/qdsordinarydream/starred{/owner}{/repo}",
            "subscriptions_url": "https://api.github.com/users/qdsordinarydream/subscriptions",
            "organizations_url": "https://api.github.com/users/qdsordinarydream/orgs",
            "repos_url": "https://api.github.com/users/qdsordinarydream/repos",
            "events_url": "https://api.github.com/users/qdsordinarydream/events{/privacy}",
            "received_events_url": "https://api.github.com/users/qdsordinarydream/received_events",
            "type": "User",
            "user_view_type": "public",
            "site_admin": false
        },
        "labels": [
            {
                "id": 1634205459,
                "node_id": "MDU6TGFiZWwxNjM0MjA1NDU5",
                "url": "https://api.github.com/repos/apolloconfig/agollo/labels/stale",
                "name": "stale",
                "color": "f9d0c4",
                "default": false,
                "description": ""
            }
        ],
        "state": "open",
        "locked": false,
        "assignee": null,
        "assignees": [],
        "milestone": null,
        "comments": 7,
        "created_at": "2024-05-11T09:53:46Z",
        "updated_at": "2025-01-01T20:23:43Z",
        "closed_at": null,
        "author_association": "CONTRIBUTOR",
        "sub_issues_summary": {
            "total": 0,
            "completed": 0,
            "percent_completed": 0
        },
        "active_lock_reason": null,
        "draft": false,
        "pull_request": {
            "url": "https://api.github.com/repos/apolloconfig/agollo/pulls/309",
            "html_url": "https://github.com/apolloconfig/agollo/pull/309",
            "diff_url": "https://github.com/apolloconfig/agollo/pull/309.diff",
            "patch_url": "https://github.com/apolloconfig/agollo/pull/309.patch",
            "merged_at": null
        },
        "body": "1. 初始加载失败依旧加入懒加载列表\r\n\r\n2. 检查到存在通知，需要判断返回的结构做没有值的容错，在异步流程中，没有值的返回是异常的，应该在请求的时候就报错了\r\n![image](https://github.com/apolloconfig/agollo/assets/66229105/53f58267-2ace-4103-881a-74c790935921)\r\n\r\n\r\n3. request 函数中，当只有一个节点可用的时候，直接返回，不然会造成客户端最多异常20min（等待下一次服务列表同步）\r\n![image](https://github.com/apolloconfig/agollo/assets/66229105/d5e0babd-8431-4eac-89d1-ab451f5c819e)\n\n<!-- This is an auto-generated comment: release notes by coderabbit.ai -->\n## Summary by CodeRabbit\n\n- **Bug Fixes**\n  - Improved handling of `apolloConfig` being `nil` by logging a warning before proceeding with `SyncAndUpdate`.\n  - Conditional logic added to prevent updates when `apolloConfig.Configurations` is empty.\n  - Enhanced error handling in `RequestRecovery` by ensuring node length checks before setting nodes as down.\n  - Adjusted test assertions to validate the proper handling of configuration notifications with `-1` instead of `0`.\n<!-- end of auto-generated comment: release notes by coderabbit.ai -->",
        "closed_by": null,
        "reactions": {
            "url": "https://api.github.com/repos/apolloconfig/agollo/issues/309/reactions",
            "total_count": 0,
            "+1": 0,
            "-1": 0,
            "laugh": 0,
            "hooray": 0,
            "confused": 0,
            "heart": 0,
            "rocket": 0,
            "eyes": 0
        },
        "timeline_url": "https://api.github.com/repos/apolloconfig/agollo/issues/309/timeline",
        "performed_via_github_app": null,
        "state_reason": null
    },
    {
        "url": "https://api.github.com/repos/apolloconfig/agollo/issues/308",
        "repository_url": "https://api.github.com/repos/apolloconfig/agollo",
        "labels_url": "https://api.github.com/repos/apolloconfig/agollo/issues/308/labels{/name}",
        "comments_url": "https://api.github.com/repos/apolloconfig/agollo/issues/308/comments",
        "events_url": "https://api.github.com/repos/apolloconfig/agollo/issues/308/events",
        "html_url": "https://github.com/apolloconfig/agollo/pull/308",
        "id": 2290803700,
        "node_id": "PR_kwDOBaxQ6c5vJ8Gi",
        "number": 308,
        "title": "fix: 修复 component 的 stop 先于 start 的情况下，内存泄漏的问题",
        "user": {
            "login": "qdsordinarydream",
            "id": 66229105,
            "node_id": "MDQ6VXNlcjY2MjI5MTA1",
            "avatar_url": "https://avatars.githubusercontent.com/u/66229105?v=4",
            "gravatar_id": "",
            "url": "https://api.github.com/users/qdsordinarydream",
            "html_url": "https://github.com/qdsordinarydream",
            "followers_url": "https://api.github.com/users/qdsordinarydream/followers",
            "following_url": "https://api.github.com/users/qdsordinarydream/following{/other_user}",
            "gists_url": "https://api.github.com/users/qdsordinarydream/gists{/gist_id}",
            "starred_url": "https://api.github.com/users/qdsordinarydream/starred{/owner}{/repo}",
            "subscriptions_url": "https://api.github.com/users/qdsordinarydream/subscriptions",
            "organizations_url": "https://api.github.com/users/qdsordinarydream/orgs",
            "repos_url": "https://api.github.com/users/qdsordinarydream/repos",
            "events_url": "https://api.github.com/users/qdsordinarydream/events{/privacy}",
            "received_events_url": "https://api.github.com/users/qdsordinarydream/received_events",
            "type": "User",
            "user_view_type": "public",
            "site_admin": false
        },
        "labels": [
            {
                "id": 1634205459,
                "node_id": "MDU6TGFiZWwxNjM0MjA1NDU5",
                "url": "https://api.github.com/repos/apolloconfig/agollo/labels/stale",
                "name": "stale",
                "color": "f9d0c4",
                "default": false,
                "description": ""
            }
        ],
        "state": "open",
        "locked": false,
        "assignee": null,
        "assignees": [],
        "milestone": null,
        "comments": 7,
        "created_at": "2024-05-11T09:23:10Z",
        "updated_at": "2025-01-01T20:23:44Z",
        "closed_at": null,
        "author_association": "CONTRIBUTOR",
        "sub_issues_summary": {
            "total": 0,
            "completed": 0,
            "percent_completed": 0
        },
        "active_lock_reason": null,
        "draft": false,
        "pull_request": {
            "url": "https://api.github.com/repos/apolloconfig/agollo/pulls/308",
            "html_url": "https://github.com/apolloconfig/agollo/pull/308",
            "diff_url": "https://github.com/apolloconfig/agollo/pull/308.diff",
            "patch_url": "https://github.com/apolloconfig/agollo/pull/308.patch",
            "merged_at": null
        },
        "body": "start 为携程启动：\r\n![image](https://github.com/apolloconfig/agollo/assets/66229105/78fb58ea-0eaa-415c-a40b-620b870e51c4)\r\n\r\nstop 依赖于 channel 不为空：\r\n![image](https://github.com/apolloconfig/agollo/assets/66229105/da4d5f68-f94e-432e-ba69-1842a926155a)\r\n\r\n在 stopstop 快于 start 情况下会出现泄漏\n\n<!-- This is an auto-generated comment: release notes by coderabbit.ai -->\n\n## Summary by CodeRabbit\n\n- **Refactor**\n  - Improved initialization of configuration components for better maintainability.\n- **New Features**\n  - Enhanced logging capabilities within configuration components.\n- **Tests**\n  - Added new tests to verify the stop behavior of configuration components, ensuring reliability.\n\n\n<!-- end of auto-generated comment: release notes by coderabbit.ai -->",
        "closed_by": null,
        "reactions": {
            "url": "https://api.github.com/repos/apolloconfig/agollo/issues/308/reactions",
            "total_count": 0,
            "+1": 0,
            "-1": 0,
            "laugh": 0,
            "hooray": 0,
            "confused": 0,
            "heart": 0,
            "rocket": 0,
            "eyes": 0
        },
        "timeline_url": "https://api.github.com/repos/apolloconfig/agollo/issues/308/timeline",
        "performed_via_github_app": null,
        "state_reason": null
    }
]