[
    {
        "url": "https://api.github.com/repos/apolloconfig/apollo-quick-start/issues/23",
        "repository_url": "https://api.github.com/repos/apolloconfig/apollo-quick-start",
        "labels_url": "https://api.github.com/repos/apolloconfig/apollo-quick-start/issues/23/labels{/name}",
        "comments_url": "https://api.github.com/repos/apolloconfig/apollo-quick-start/issues/23/comments",
        "events_url": "https://api.github.com/repos/apolloconfig/apollo-quick-start/issues/23/events",
        "html_url": "https://github.com/apolloconfig/apollo-quick-start/issues/23",
        "id": 442942232,
        "node_id": "MDU6SXNzdWU0NDI5NDIyMzI=",
        "number": 23,
        "title": "使用demo.sh admin和config 都启动了，但portal无法起来，而且portal下面也没日志文件，8070端口也没起来",
        "user": {
            "login": "lmzhizhe",
            "id": 5087276,
            "node_id": "MDQ6VXNlcjUwODcyNzY=",
            "avatar_url": "https://avatars.githubusercontent.com/u/5087276?v=4",
            "gravatar_id": "",
            "url": "https://api.github.com/users/lmzhizhe",
            "html_url": "https://github.com/lmzhizhe",
            "followers_url": "https://api.github.com/users/lmzhizhe/followers",
            "following_url": "https://api.github.com/users/lmzhizhe/following{/other_user}",
            "gists_url": "https://api.github.com/users/lmzhizhe/gists{/gist_id}",
            "starred_url": "https://api.github.com/users/lmzhizhe/starred{/owner}{/repo}",
            "subscriptions_url": "https://api.github.com/users/lmzhizhe/subscriptions",
            "organizations_url": "https://api.github.com/users/lmzhizhe/orgs",
            "repos_url": "https://api.github.com/users/lmzhizhe/repos",
            "events_url": "https://api.github.com/users/lmzhizhe/events{/privacy}",
            "received_events_url": "https://api.github.com/users/lmzhizhe/received_events",
            "type": "User",
            "user_view_type": "public",
            "site_admin": false
        },
        "labels": [
            {
                "id": 1438908688,
                "node_id": "MDU6TGFiZWwxNDM4OTA4Njg4",
                "url": "https://api.github.com/repos/apolloconfig/apollo-quick-start/labels/tips",
                "name": "tips",
                "color": "8a9adb",
                "default": false,
                "description": ""
            }
        ],
        "state": "open",
        "locked": false,
        "assignee": null,
        "assignees": [],
        "milestone": null,
        "comments": 12,
        "created_at": "2019-05-11T01:53:30Z",
        "updated_at": "2023-09-11T07:51:20Z",
        "closed_at": null,
        "author_association": "NONE",
        "sub_issues_summary": {
            "total": 0,
            "completed": 0,
            "percent_completed": 0
        },
        "active_lock_reason": null,
        "body": "使用demo.sh admin和config 都启动了，但portal无法起来，而且portal下面也没日志文件，8070端口也没起来",
        "closed_by": null,
        "reactions": {
            "url": "https://api.github.com/repos/apolloconfig/apollo-quick-start/issues/23/reactions",
            "total_count": 0,
            "+1": 0,
            "-1": 0,
            "laugh": 0,
            "hooray": 0,
            "confused": 0,
            "heart": 0,
            "rocket": 0,
            "eyes": 0
        },
        "timeline_url": "https://api.github.com/repos/apolloconfig/apollo-quick-start/issues/23/timeline",
        "performed_via_github_app": null,
        "state_reason": null
    }
]