[
    {
        "url": "https://api.github.com/repos/apolloconfig/apollo.net/issues/243",
        "repository_url": "https://api.github.com/repos/apolloconfig/apollo.net",
        "labels_url": "https://api.github.com/repos/apolloconfig/apollo.net/issues/243/labels{/name}",
        "comments_url": "https://api.github.com/repos/apolloconfig/apollo.net/issues/243/comments",
        "events_url": "https://api.github.com/repos/apolloconfig/apollo.net/issues/243/events",
        "html_url": "https://github.com/apolloconfig/apollo.net/pull/243",
        "id": 2460235010,
        "node_id": "PR_kwDOBIZEK854EP8S",
        "number": 243,
        "title": "Add a switch to support to disable local file cache",
        "user": {
            "login": "czd890",
            "id": 4011549,
            "node_id": "MDQ6VXNlcjQwMTE1NDk=",
            "avatar_url": "https://avatars.githubusercontent.com/u/4011549?v=4",
            "gravatar_id": "",
            "url": "https://api.github.com/users/czd890",
            "html_url": "https://github.com/czd890",
            "followers_url": "https://api.github.com/users/czd890/followers",
            "following_url": "https://api.github.com/users/czd890/following{/other_user}",
            "gists_url": "https://api.github.com/users/czd890/gists{/gist_id}",
            "starred_url": "https://api.github.com/users/czd890/starred{/owner}{/repo}",
            "subscriptions_url": "https://api.github.com/users/czd890/subscriptions",
            "organizations_url": "https://api.github.com/users/czd890/orgs",
            "repos_url": "https://api.github.com/users/czd890/repos",
            "events_url": "https://api.github.com/users/czd890/events{/privacy}",
            "received_events_url": "https://api.github.com/users/czd890/received_events",
            "type": "User",
            "user_view_type": "public",
            "site_admin": false
        },
        "labels": [],
        "state": "open",
        "locked": false,
        "assignee": null,
        "assignees": [],
        "milestone": null,
        "comments": 0,
        "created_at": "2024-08-12T07:24:58Z",
        "updated_at": "2024-08-12T07:24:58Z",
        "closed_at": null,
        "author_association": "CONTRIBUTOR",
        "sub_issues_summary": {
            "total": 0,
            "completed": 0,
            "percent_completed": 0
        },
        "active_lock_reason": null,
        "draft": false,
        "pull_request": {
            "url": "https://api.github.com/repos/apolloconfig/apollo.net/pulls/243",
            "html_url": "https://github.com/apolloconfig/apollo.net/pull/243",
            "diff_url": "https://github.com/apolloconfig/apollo.net/pull/243.diff",
            "patch_url": "https://github.com/apolloconfig/apollo.net/pull/243.patch",
            "merged_at": null
        },
        "body": "在容器环境中对本地的配置缓存文件不存在必要性. \r\n1. 容器不存在重启等重用配置的case.\r\n2. 容器中默认情况下对 /opt 目录是没有写入权限的.",
        "closed_by": null,
        "reactions": {
            "url": "https://api.github.com/repos/apolloconfig/apollo.net/issues/243/reactions",
            "total_count": 0,
            "+1": 0,
            "-1": 0,
            "laugh": 0,
            "hooray": 0,
            "confused": 0,
            "heart": 0,
            "rocket": 0,
            "eyes": 0
        },
        "timeline_url": "https://api.github.com/repos/apolloconfig/apollo.net/issues/243/timeline",
        "performed_via_github_app": null,
        "state_reason": null
    },
    {
        "url": "https://api.github.com/repos/apolloconfig/apollo.net/issues/238",
        "repository_url": "https://api.github.com/repos/apolloconfig/apollo.net",
        "labels_url": "https://api.github.com/repos/apolloconfig/apollo.net/issues/238/labels{/name}",
        "comments_url": "https://api.github.com/repos/apolloconfig/apollo.net/issues/238/comments",
        "events_url": "https://api.github.com/repos/apolloconfig/apollo.net/issues/238/events",
        "html_url": "https://github.com/apolloconfig/apollo.net/issues/238",
        "id": 1867850757,
        "node_id": "I_kwDOBIZEK85vVSQF",
        "number": 238,
        "title": "在k8s环境中第一次拉取配置会偶尔失败",
        "user": {
            "login": "zhoudi94",
            "id": 11438661,
            "node_id": "MDQ6VXNlcjExNDM4NjYx",
            "avatar_url": "https://avatars.githubusercontent.com/u/11438661?v=4",
            "gravatar_id": "",
            "url": "https://api.github.com/users/zhoudi94",
            "html_url": "https://github.com/zhoudi94",
            "followers_url": "https://api.github.com/users/zhoudi94/followers",
            "following_url": "https://api.github.com/users/zhoudi94/following{/other_user}",
            "gists_url": "https://api.github.com/users/zhoudi94/gists{/gist_id}",
            "starred_url": "https://api.github.com/users/zhoudi94/starred{/owner}{/repo}",
            "subscriptions_url": "https://api.github.com/users/zhoudi94/subscriptions",
            "organizations_url": "https://api.github.com/users/zhoudi94/orgs",
            "repos_url": "https://api.github.com/users/zhoudi94/repos",
            "events_url": "https://api.github.com/users/zhoudi94/events{/privacy}",
            "received_events_url": "https://api.github.com/users/zhoudi94/received_events",
            "type": "User",
            "user_view_type": "public",
            "site_admin": false
        },
        "labels": [],
        "state": "open",
        "locked": false,
        "assignee": null,
        "assignees": [],
        "milestone": null,
        "comments": 1,
        "created_at": "2023-08-26T01:45:09Z",
        "updated_at": "2023-08-26T03:04:31Z",
        "closed_at": null,
        "author_association": "NONE",
        "sub_issues_summary": {
            "total": 0,
            "completed": 0,
            "percent_completed": 0
        },
        "active_lock_reason": null,
        "body": "k8s有两个pod，总有一个Pod是拉不到数据的，有时候两个都拉不到，概率太大了，\r\n目前apollo也是部署在k8s中的，通过dns服务发现调用，超时设置的时间是15秒。\r\n过一两分钟进入到容器内，发现缓存文件都是存在的，说明第一次拉取失败，后续重试成功了。\r\n\r\n非k8s环境容器部署没遇到过这个问题。如果说k8s环境有问题，请给出一个解决方案。\r\n\r\n建议加入一个就绪机制，我需要等所有apollo配置拉去完成，我才能启动我的程序，我可以等待。",
        "closed_by": null,
        "reactions": {
            "url": "https://api.github.com/repos/apolloconfig/apollo.net/issues/238/reactions",
            "total_count": 0,
            "+1": 0,
            "-1": 0,
            "laugh": 0,
            "hooray": 0,
            "confused": 0,
            "heart": 0,
            "rocket": 0,
            "eyes": 0
        },
        "timeline_url": "https://api.github.com/repos/apolloconfig/apollo.net/issues/238/timeline",
        "performed_via_github_app": null,
        "state_reason": null
    },
    {
        "url": "https://api.github.com/repos/apolloconfig/apollo.net/issues/237",
        "repository_url": "https://api.github.com/repos/apolloconfig/apollo.net",
        "labels_url": "https://api.github.com/repos/apolloconfig/apollo.net/issues/237/labels{/name}",
        "comments_url": "https://api.github.com/repos/apolloconfig/apollo.net/issues/237/comments",
        "events_url": "https://api.github.com/repos/apolloconfig/apollo.net/issues/237/events",
        "html_url": "https://github.com/apolloconfig/apollo.net/issues/237",
        "id": 1841389416,
        "node_id": "I_kwDOBIZEK85twV9o",
        "number": 237,
        "title": "dear 当我在apollo配置中心添加了一个json文件，IConfigurationRoot 无法获取json中的全部数据",
        "user": {
            "login": "xiaoqiang2018",
            "id": 37470014,
            "node_id": "MDQ6VXNlcjM3NDcwMDE0",
            "avatar_url": "https://avatars.githubusercontent.com/u/37470014?v=4",
            "gravatar_id": "",
            "url": "https://api.github.com/users/xiaoqiang2018",
            "html_url": "https://github.com/xiaoqiang2018",
            "followers_url": "https://api.github.com/users/xiaoqiang2018/followers",
            "following_url": "https://api.github.com/users/xiaoqiang2018/following{/other_user}",
            "gists_url": "https://api.github.com/users/xiaoqiang2018/gists{/gist_id}",
            "starred_url": "https://api.github.com/users/xiaoqiang2018/starred{/owner}{/repo}",
            "subscriptions_url": "https://api.github.com/users/xiaoqiang2018/subscriptions",
            "organizations_url": "https://api.github.com/users/xiaoqiang2018/orgs",
            "repos_url": "https://api.github.com/users/xiaoqiang2018/repos",
            "events_url": "https://api.github.com/users/xiaoqiang2018/events{/privacy}",
            "received_events_url": "https://api.github.com/users/xiaoqiang2018/received_events",
            "type": "User",
            "user_view_type": "public",
            "site_admin": false
        },
        "labels": [],
        "state": "open",
        "locked": false,
        "assignee": null,
        "assignees": [],
        "milestone": null,
        "comments": 3,
        "created_at": "2023-08-08T14:04:07Z",
        "updated_at": "2023-08-09T00:52:50Z",
        "closed_at": null,
        "author_association": "NONE",
        "sub_issues_summary": {
            "total": 0,
            "completed": 0,
            "percent_completed": 0
        },
        "active_lock_reason": null,
        "body": null,
        "closed_by": null,
        "reactions": {
            "url": "https://api.github.com/repos/apolloconfig/apollo.net/issues/237/reactions",
            "total_count": 0,
            "+1": 0,
            "-1": 0,
            "laugh": 0,
            "hooray": 0,
            "confused": 0,
            "heart": 0,
            "rocket": 0,
            "eyes": 0
        },
        "timeline_url": "https://api.github.com/repos/apolloconfig/apollo.net/issues/237/timeline",
        "performed_via_github_app": null,
        "state_reason": null
    },
    {
        "url": "https://api.github.com/repos/apolloconfig/apollo.net/issues/226",
        "repository_url": "https://api.github.com/repos/apolloconfig/apollo.net",
        "labels_url": "https://api.github.com/repos/apolloconfig/apollo.net/issues/226/labels{/name}",
        "comments_url": "https://api.github.com/repos/apolloconfig/apollo.net/issues/226/comments",
        "events_url": "https://api.github.com/repos/apolloconfig/apollo.net/issues/226/events",
        "html_url": "https://github.com/apolloconfig/apollo.net/issues/226",
        "id": 1592607131,
        "node_id": "I_kwDOBIZEK85e7UGb",
        "number": 226,
        "title": "更新至.netcore 7后，aspnetcore项目启动无法读取配置",
        "user": {
            "login": "lenoray",
            "id": 17763026,
            "node_id": "MDQ6VXNlcjE3NzYzMDI2",
            "avatar_url": "https://avatars.githubusercontent.com/u/17763026?v=4",
            "gravatar_id": "",
            "url": "https://api.github.com/users/lenoray",
            "html_url": "https://github.com/lenoray",
            "followers_url": "https://api.github.com/users/lenoray/followers",
            "following_url": "https://api.github.com/users/lenoray/following{/other_user}",
            "gists_url": "https://api.github.com/users/lenoray/gists{/gist_id}",
            "starred_url": "https://api.github.com/users/lenoray/starred{/owner}{/repo}",
            "subscriptions_url": "https://api.github.com/users/lenoray/subscriptions",
            "organizations_url": "https://api.github.com/users/lenoray/orgs",
            "repos_url": "https://api.github.com/users/lenoray/repos",
            "events_url": "https://api.github.com/users/lenoray/events{/privacy}",
            "received_events_url": "https://api.github.com/users/lenoray/received_events",
            "type": "User",
            "user_view_type": "public",
            "site_admin": false
        },
        "labels": [],
        "state": "open",
        "locked": false,
        "assignee": null,
        "assignees": [],
        "milestone": null,
        "comments": 5,
        "created_at": "2023-02-21T00:43:30Z",
        "updated_at": "2023-05-01T12:09:37Z",
        "closed_at": null,
        "author_association": "NONE",
        "sub_issues_summary": {
            "total": 0,
            "completed": 0,
            "percent_completed": 0
        },
        "active_lock_reason": null,
        "body": "更新至.netcore 7后，aspnetcore项目启动无法读取配置，.netcore6项目升级Microsoft.Extensions.Configuration至7.0后，也无法读取。",
        "closed_by": null,
        "reactions": {
            "url": "https://api.github.com/repos/apolloconfig/apollo.net/issues/226/reactions",
            "total_count": 0,
            "+1": 0,
            "-1": 0,
            "laugh": 0,
            "hooray": 0,
            "confused": 0,
            "heart": 0,
            "rocket": 0,
            "eyes": 0
        },
        "timeline_url": "https://api.github.com/repos/apolloconfig/apollo.net/issues/226/timeline",
        "performed_via_github_app": null,
        "state_reason": null
    },
    {
        "url": "https://api.github.com/repos/apolloconfig/apollo.net/issues/223",
        "repository_url": "https://api.github.com/repos/apolloconfig/apollo.net",
        "labels_url": "https://api.github.com/repos/apolloconfig/apollo.net/issues/223/labels{/name}",
        "comments_url": "https://api.github.com/repos/apolloconfig/apollo.net/issues/223/comments",
        "events_url": "https://api.github.com/repos/apolloconfig/apollo.net/issues/223/events",
        "html_url": "https://github.com/apolloconfig/apollo.net/issues/223",
        "id": 1575878404,
        "node_id": "I_kwDOBIZEK85d7f8E",
        "number": 223,
        "title": ".netcore3.1启动初始化apollo要20多分钟",
        "user": {
            "login": "lpleaves123",
            "id": 64133921,
            "node_id": "MDQ6VXNlcjY0MTMzOTIx",
            "avatar_url": "https://avatars.githubusercontent.com/u/64133921?v=4",
            "gravatar_id": "",
            "url": "https://api.github.com/users/lpleaves123",
            "html_url": "https://github.com/lpleaves123",
            "followers_url": "https://api.github.com/users/lpleaves123/followers",
            "following_url": "https://api.github.com/users/lpleaves123/following{/other_user}",
            "gists_url": "https://api.github.com/users/lpleaves123/gists{/gist_id}",
            "starred_url": "https://api.github.com/users/lpleaves123/starred{/owner}{/repo}",
            "subscriptions_url": "https://api.github.com/users/lpleaves123/subscriptions",
            "organizations_url": "https://api.github.com/users/lpleaves123/orgs",
            "repos_url": "https://api.github.com/users/lpleaves123/repos",
            "events_url": "https://api.github.com/users/lpleaves123/events{/privacy}",
            "received_events_url": "https://api.github.com/users/lpleaves123/received_events",
            "type": "User",
            "user_view_type": "public",
            "site_admin": false
        },
        "labels": [],
        "state": "open",
        "locked": false,
        "assignee": null,
        "assignees": [],
        "milestone": null,
        "comments": 2,
        "created_at": "2023-02-08T10:36:30Z",
        "updated_at": "2023-02-09T02:00:05Z",
        "closed_at": null,
        "author_association": "NONE",
        "sub_issues_summary": {
            "total": 0,
            "completed": 0,
            "percent_completed": 0
        },
        "active_lock_reason": null,
        "body": "(1)应用的部署环境：centos7   应用部署方式 docker  \r\n(2)apollo 是docker-compose部署的\r\n(3)本地 ，测试环境 apollo初始化非常快，\r\n但是生产环境初始化apollo很慢 ，大概20多分钟后在 /opt/data目录才看到配置文件\r\n\r\n![image](https://user-images.githubusercontent.com/64133921/217505500-32b6514b-7a07-4089-89ec-850976703dc9.png)\r\n![image](https://user-images.githubusercontent.com/64133921/217505665-67c605e4-c5b0-4849-aec9-bd324be3a218.png)\r\n",
        "closed_by": null,
        "reactions": {
            "url": "https://api.github.com/repos/apolloconfig/apollo.net/issues/223/reactions",
            "total_count": 0,
            "+1": 0,
            "-1": 0,
            "laugh": 0,
            "hooray": 0,
            "confused": 0,
            "heart": 0,
            "rocket": 0,
            "eyes": 0
        },
        "timeline_url": "https://api.github.com/repos/apolloconfig/apollo.net/issues/223/timeline",
        "performed_via_github_app": null,
        "state_reason": null
    },
    {
        "url": "https://api.github.com/repos/apolloconfig/apollo.net/issues/216",
        "repository_url": "https://api.github.com/repos/apolloconfig/apollo.net",
        "labels_url": "https://api.github.com/repos/apolloconfig/apollo.net/issues/216/labels{/name}",
        "comments_url": "https://api.github.com/repos/apolloconfig/apollo.net/issues/216/comments",
        "events_url": "https://api.github.com/repos/apolloconfig/apollo.net/issues/216/events",
        "html_url": "https://github.com/apolloconfig/apollo.net/issues/216",
        "id": 1456892791,
        "node_id": "I_kwDOBIZEK85W1mt3",
        "number": 216,
        "title": ".net6 客户端动态更新连接字符串等",
        "user": {
            "login": "jinghun1999",
            "id": 10879912,
            "node_id": "MDQ6VXNlcjEwODc5OTEy",
            "avatar_url": "https://avatars.githubusercontent.com/u/10879912?v=4",
            "gravatar_id": "",
            "url": "https://api.github.com/users/jinghun1999",
            "html_url": "https://github.com/jinghun1999",
            "followers_url": "https://api.github.com/users/jinghun1999/followers",
            "following_url": "https://api.github.com/users/jinghun1999/following{/other_user}",
            "gists_url": "https://api.github.com/users/jinghun1999/gists{/gist_id}",
            "starred_url": "https://api.github.com/users/jinghun1999/starred{/owner}{/repo}",
            "subscriptions_url": "https://api.github.com/users/jinghun1999/subscriptions",
            "organizations_url": "https://api.github.com/users/jinghun1999/orgs",
            "repos_url": "https://api.github.com/users/jinghun1999/repos",
            "events_url": "https://api.github.com/users/jinghun1999/events{/privacy}",
            "received_events_url": "https://api.github.com/users/jinghun1999/received_events",
            "type": "User",
            "user_view_type": "public",
            "site_admin": false
        },
        "labels": [],
        "state": "open",
        "locked": false,
        "assignee": null,
        "assignees": [],
        "milestone": null,
        "comments": 1,
        "created_at": "2022-11-17T06:33:25Z",
        "updated_at": "2022-11-21T01:01:20Z",
        "closed_at": null,
        "author_association": "NONE",
        "sub_issues_summary": {
            "total": 0,
            "completed": 0,
            "percent_completed": 0
        },
        "active_lock_reason": null,
        "body": "<!-- 这段文字不会显示在你的内容中。为了避免重复的信息，方便后续的检索，在提issue之前，请检查如下事项。如果是比较新手级别的问题，推荐到讨论区https://github.com/ctripcorp/apollo/discussions 提问 -->\r\n\r\n- [x] 我已经检查过[discussions](https://github.com/ctripcorp/apollo/discussions)\r\n- [x] 我已经搜索过[issues](https://github.com/ctripcorp/apollo/issues)\r\n- [x] 我已经仔细检查过[FAQ](https://www.apolloconfig.com/#/zh/faq/common-issues-in-deployment-and-development-phase)\r\n\r\n**描述bug**\r\n\r\n在官方文档中Apollo.Client组件提供了监听配置变化的事件，但.net6使用的是Framework.Apollo组件，好像并未提供该事件。我们想动态的修改EF Core的连接字符串，并及时生效，是否有好的解决方法？\r\n\r\n**期望**\r\n\r\n能够动态的更改数据库连接字符串，Quartz的配置等\r\n\r\n### 额外的细节和日志\r\n\r\n- 版本：.net6\r\n- 错误日志\r\n- 配置：\r\n- 平台和操作系统",
        "closed_by": null,
        "reactions": {
            "url": "https://api.github.com/repos/apolloconfig/apollo.net/issues/216/reactions",
            "total_count": 0,
            "+1": 0,
            "-1": 0,
            "laugh": 0,
            "hooray": 0,
            "confused": 0,
            "heart": 0,
            "rocket": 0,
            "eyes": 0
        },
        "timeline_url": "https://api.github.com/repos/apolloconfig/apollo.net/issues/216/timeline",
        "performed_via_github_app": null,
        "state_reason": null
    },
    {
        "url": "https://api.github.com/repos/apolloconfig/apollo.net/issues/211",
        "repository_url": "https://api.github.com/repos/apolloconfig/apollo.net",
        "labels_url": "https://api.github.com/repos/apolloconfig/apollo.net/issues/211/labels{/name}",
        "comments_url": "https://api.github.com/repos/apolloconfig/apollo.net/issues/211/comments",
        "events_url": "https://api.github.com/repos/apolloconfig/apollo.net/issues/211/events",
        "html_url": "https://github.com/apolloconfig/apollo.net/issues/211",
        "id": 1421943714,
        "node_id": "I_kwDOBIZEK85UwSOi",
        "number": 211,
        "title": ".Framework4.5 中无法获取带Secret 的配置",
        "user": {
            "login": "gywei",
            "id": 6038071,
            "node_id": "MDQ6VXNlcjYwMzgwNzE=",
            "avatar_url": "https://avatars.githubusercontent.com/u/6038071?v=4",
            "gravatar_id": "",
            "url": "https://api.github.com/users/gywei",
            "html_url": "https://github.com/gywei",
            "followers_url": "https://api.github.com/users/gywei/followers",
            "following_url": "https://api.github.com/users/gywei/following{/other_user}",
            "gists_url": "https://api.github.com/users/gywei/gists{/gist_id}",
            "starred_url": "https://api.github.com/users/gywei/starred{/owner}{/repo}",
            "subscriptions_url": "https://api.github.com/users/gywei/subscriptions",
            "organizations_url": "https://api.github.com/users/gywei/orgs",
            "repos_url": "https://api.github.com/users/gywei/repos",
            "events_url": "https://api.github.com/users/gywei/events{/privacy}",
            "received_events_url": "https://api.github.com/users/gywei/received_events",
            "type": "User",
            "user_view_type": "public",
            "site_admin": false
        },
        "labels": [],
        "state": "open",
        "locked": false,
        "assignee": null,
        "assignees": [],
        "milestone": null,
        "comments": 2,
        "created_at": "2022-10-25T06:44:58Z",
        "updated_at": "2024-03-12T12:18:40Z",
        "closed_at": null,
        "author_association": "NONE",
        "sub_issues_summary": {
            "total": 0,
            "completed": 0,
            "percent_completed": 0
        },
        "active_lock_reason": null,
        "body": ".Framework4.5 中无法获取带Secret 的配置,该配置设置了Secret ,在客户端中也配置了 \"Apollo:Secret\": \"xxxxxx\", 但是无法取得,如果不启用Secret,则能正常的读取,请问到底是哪里出问题了?\r\n非常感谢!",
        "closed_by": null,
        "reactions": {
            "url": "https://api.github.com/repos/apolloconfig/apollo.net/issues/211/reactions",
            "total_count": 0,
            "+1": 0,
            "-1": 0,
            "laugh": 0,
            "hooray": 0,
            "confused": 0,
            "heart": 0,
            "rocket": 0,
            "eyes": 0
        },
        "timeline_url": "https://api.github.com/repos/apolloconfig/apollo.net/issues/211/timeline",
        "performed_via_github_app": null,
        "state_reason": null
    },
    {
        "url": "https://api.github.com/repos/apolloconfig/apollo.net/issues/210",
        "repository_url": "https://api.github.com/repos/apolloconfig/apollo.net",
        "labels_url": "https://api.github.com/repos/apolloconfig/apollo.net/issues/210/labels{/name}",
        "comments_url": "https://api.github.com/repos/apolloconfig/apollo.net/issues/210/comments",
        "events_url": "https://api.github.com/repos/apolloconfig/apollo.net/issues/210/events",
        "html_url": "https://github.com/apolloconfig/apollo.net/issues/210",
        "id": 1417887303,
        "node_id": "I_kwDOBIZEK85Ugz5H",
        "number": 210,
        "title": "Apollo配置能否调整优先级低于本地文件appsettings.json配置和命令行",
        "user": {
            "login": "zhaobotao",
            "id": 22953510,
            "node_id": "MDQ6VXNlcjIyOTUzNTEw",
            "avatar_url": "https://avatars.githubusercontent.com/u/22953510?v=4",
            "gravatar_id": "",
            "url": "https://api.github.com/users/zhaobotao",
            "html_url": "https://github.com/zhaobotao",
            "followers_url": "https://api.github.com/users/zhaobotao/followers",
            "following_url": "https://api.github.com/users/zhaobotao/following{/other_user}",
            "gists_url": "https://api.github.com/users/zhaobotao/gists{/gist_id}",
            "starred_url": "https://api.github.com/users/zhaobotao/starred{/owner}{/repo}",
            "subscriptions_url": "https://api.github.com/users/zhaobotao/subscriptions",
            "organizations_url": "https://api.github.com/users/zhaobotao/orgs",
            "repos_url": "https://api.github.com/users/zhaobotao/repos",
            "events_url": "https://api.github.com/users/zhaobotao/events{/privacy}",
            "received_events_url": "https://api.github.com/users/zhaobotao/received_events",
            "type": "User",
            "user_view_type": "public",
            "site_admin": false
        },
        "labels": [],
        "state": "open",
        "locked": false,
        "assignee": null,
        "assignees": [],
        "milestone": null,
        "comments": 8,
        "created_at": "2022-10-21T07:29:28Z",
        "updated_at": "2022-11-03T09:50:13Z",
        "closed_at": null,
        "author_association": "NONE",
        "sub_issues_summary": {
            "total": 0,
            "completed": 0,
            "percent_completed": 0
        },
        "active_lock_reason": null,
        "body": "项目接入Apollo后, 相同Key下Apollo的配置优先级最高，因为按照官方.net core配置的介绍，Apollo是最后加载的，所以优先级高。这样会导致本地appsettings.json和命令行的优先级会低于Apollo配置，对于开发本地调试或其他场景不太方便；虽然通过代码清除Provider：config.Sources.Clear()，然后再重新按照顺序加载；这样可以解决问题，但比较麻烦。不知道Apollo.Net能否支持指定Provider优先级，像Spring一样。",
        "closed_by": null,
        "reactions": {
            "url": "https://api.github.com/repos/apolloconfig/apollo.net/issues/210/reactions",
            "total_count": 0,
            "+1": 0,
            "-1": 0,
            "laugh": 0,
            "hooray": 0,
            "confused": 0,
            "heart": 0,
            "rocket": 0,
            "eyes": 0
        },
        "timeline_url": "https://api.github.com/repos/apolloconfig/apollo.net/issues/210/timeline",
        "performed_via_github_app": null,
        "state_reason": null
    },
    {
        "url": "https://api.github.com/repos/apolloconfig/apollo.net/issues/206",
        "repository_url": "https://api.github.com/repos/apolloconfig/apollo.net",
        "labels_url": "https://api.github.com/repos/apolloconfig/apollo.net/issues/206/labels{/name}",
        "comments_url": "https://api.github.com/repos/apolloconfig/apollo.net/issues/206/comments",
        "events_url": "https://api.github.com/repos/apolloconfig/apollo.net/issues/206/events",
        "html_url": "https://github.com/apolloconfig/apollo.net/issues/206",
        "id": 1365766256,
        "node_id": "I_kwDOBIZEK85RZ_Bw",
        "number": 206,
        "title": "apollo最新版本2.8.0热更新失效问题",
        "user": {
            "login": "fc200",
            "id": 75766479,
            "node_id": "MDQ6VXNlcjc1NzY2NDc5",
            "avatar_url": "https://avatars.githubusercontent.com/u/75766479?v=4",
            "gravatar_id": "",
            "url": "https://api.github.com/users/fc200",
            "html_url": "https://github.com/fc200",
            "followers_url": "https://api.github.com/users/fc200/followers",
            "following_url": "https://api.github.com/users/fc200/following{/other_user}",
            "gists_url": "https://api.github.com/users/fc200/gists{/gist_id}",
            "starred_url": "https://api.github.com/users/fc200/starred{/owner}{/repo}",
            "subscriptions_url": "https://api.github.com/users/fc200/subscriptions",
            "organizations_url": "https://api.github.com/users/fc200/orgs",
            "repos_url": "https://api.github.com/users/fc200/repos",
            "events_url": "https://api.github.com/users/fc200/events{/privacy}",
            "received_events_url": "https://api.github.com/users/fc200/received_events",
            "type": "User",
            "user_view_type": "public",
            "site_admin": false
        },
        "labels": [],
        "state": "open",
        "locked": false,
        "assignee": null,
        "assignees": [],
        "milestone": null,
        "comments": 1,
        "created_at": "2022-09-08T08:18:07Z",
        "updated_at": "2022-09-08T10:24:25Z",
        "closed_at": null,
        "author_association": "NONE",
        "sub_issues_summary": {
            "total": 0,
            "completed": 0,
            "percent_completed": 0
        },
        "active_lock_reason": null,
        "body": "一：框架版本\r\n.net 6.0\r\napollo2.8.0\r\n\r\n二:加载apollo配置代码\r\nprogram加载apollo的配置\r\n//使用apollo\r\nbuilder.Host.ConfigureAppConfiguration((context, config) =>\r\n{\r\n    //获取环境变量\r\n    var env = context.HostingEnvironment;\r\n    //设置环境变量文件位置\r\n    config.SetBasePath(env.ContentRootPath);\r\n    //加载配置文件并刷新\r\n    //config.AddJsonFile(\"appsettings.json\", optional: true, reloadOnChange: true);\r\n    //加载当前环境配置文件并刷新\r\n    config.AddJsonFile(path: $\"appsettings.{env.EnvironmentName}.json\", optional: true, reloadOnChange: true);\r\n    //读取apollo配置\r\n    config.AddApollo(config.Build().GetSection(\"apollo\")).AddDefault();\r\n    //加载环境变量\r\n    config.AddEnvironmentVariables();\r\n});\r\n\r\n三:控制器读取apollo配置\r\n var configA = _configuration.GetSection(\"configA\").Get<string>();\r\n\r\n四：问题点\r\napollo配置改了后，本地缓存目录能更新成功，可以发现服务端是没问题的\r\n但是客户端一直拿的是旧实例\r\n将版本降级到2.4.1  发现延迟一会后。立马刷新配置了\r\n应该是apollo nuget包有问题\r\n\r\n\r\n\r\n",
        "closed_by": null,
        "reactions": {
            "url": "https://api.github.com/repos/apolloconfig/apollo.net/issues/206/reactions",
            "total_count": 0,
            "+1": 0,
            "-1": 0,
            "laugh": 0,
            "hooray": 0,
            "confused": 0,
            "heart": 0,
            "rocket": 0,
            "eyes": 0
        },
        "timeline_url": "https://api.github.com/repos/apolloconfig/apollo.net/issues/206/timeline",
        "performed_via_github_app": null,
        "state_reason": null
    },
    {
        "url": "https://api.github.com/repos/apolloconfig/apollo.net/issues/202",
        "repository_url": "https://api.github.com/repos/apolloconfig/apollo.net",
        "labels_url": "https://api.github.com/repos/apolloconfig/apollo.net/issues/202/labels{/name}",
        "comments_url": "https://api.github.com/repos/apolloconfig/apollo.net/issues/202/comments",
        "events_url": "https://api.github.com/repos/apolloconfig/apollo.net/issues/202/events",
        "html_url": "https://github.com/apolloconfig/apollo.net/issues/202",
        "id": 1286614446,
        "node_id": "I_kwDOBIZEK85MsC2u",
        "number": 202,
        "title": "Where is 2.7.0?",
        "user": {
            "login": "jerviscui",
            "id": 6396748,
            "node_id": "MDQ6VXNlcjYzOTY3NDg=",
            "avatar_url": "https://avatars.githubusercontent.com/u/6396748?v=4",
            "gravatar_id": "",
            "url": "https://api.github.com/users/jerviscui",
            "html_url": "https://github.com/jerviscui",
            "followers_url": "https://api.github.com/users/jerviscui/followers",
            "following_url": "https://api.github.com/users/jerviscui/following{/other_user}",
            "gists_url": "https://api.github.com/users/jerviscui/gists{/gist_id}",
            "starred_url": "https://api.github.com/users/jerviscui/starred{/owner}{/repo}",
            "subscriptions_url": "https://api.github.com/users/jerviscui/subscriptions",
            "organizations_url": "https://api.github.com/users/jerviscui/orgs",
            "repos_url": "https://api.github.com/users/jerviscui/repos",
            "events_url": "https://api.github.com/users/jerviscui/events{/privacy}",
            "received_events_url": "https://api.github.com/users/jerviscui/received_events",
            "type": "User",
            "user_view_type": "public",
            "site_admin": false
        },
        "labels": [],
        "state": "open",
        "locked": false,
        "assignee": null,
        "assignees": [],
        "milestone": null,
        "comments": 2,
        "created_at": "2022-06-28T00:46:09Z",
        "updated_at": "2022-07-20T09:35:32Z",
        "closed_at": null,
        "author_association": "NONE",
        "sub_issues_summary": {
            "total": 0,
            "completed": 0,
            "percent_completed": 0
        },
        "active_lock_reason": null,
        "body": "I see the new version 2.7.0 in NuGet.",
        "closed_by": null,
        "reactions": {
            "url": "https://api.github.com/repos/apolloconfig/apollo.net/issues/202/reactions",
            "total_count": 0,
            "+1": 0,
            "-1": 0,
            "laugh": 0,
            "hooray": 0,
            "confused": 0,
            "heart": 0,
            "rocket": 0,
            "eyes": 0
        },
        "timeline_url": "https://api.github.com/repos/apolloconfig/apollo.net/issues/202/timeline",
        "performed_via_github_app": null,
        "state_reason": null
    },
    {
        "url": "https://api.github.com/repos/apolloconfig/apollo.net/issues/195",
        "repository_url": "https://api.github.com/repos/apolloconfig/apollo.net",
        "labels_url": "https://api.github.com/repos/apolloconfig/apollo.net/issues/195/labels{/name}",
        "comments_url": "https://api.github.com/repos/apolloconfig/apollo.net/issues/195/comments",
        "events_url": "https://api.github.com/repos/apolloconfig/apollo.net/issues/195/events",
        "html_url": "https://github.com/apolloconfig/apollo.net/issues/195",
        "id": 1261610255,
        "node_id": "I_kwDOBIZEK85LMqUP",
        "number": 195,
        "title": "没有使用文档",
        "user": {
            "login": "aaa930811",
            "id": 16344059,
            "node_id": "MDQ6VXNlcjE2MzQ0MDU5",
            "avatar_url": "https://avatars.githubusercontent.com/u/16344059?v=4",
            "gravatar_id": "",
            "url": "https://api.github.com/users/aaa930811",
            "html_url": "https://github.com/aaa930811",
            "followers_url": "https://api.github.com/users/aaa930811/followers",
            "following_url": "https://api.github.com/users/aaa930811/following{/other_user}",
            "gists_url": "https://api.github.com/users/aaa930811/gists{/gist_id}",
            "starred_url": "https://api.github.com/users/aaa930811/starred{/owner}{/repo}",
            "subscriptions_url": "https://api.github.com/users/aaa930811/subscriptions",
            "organizations_url": "https://api.github.com/users/aaa930811/orgs",
            "repos_url": "https://api.github.com/users/aaa930811/repos",
            "events_url": "https://api.github.com/users/aaa930811/events{/privacy}",
            "received_events_url": "https://api.github.com/users/aaa930811/received_events",
            "type": "User",
            "user_view_type": "public",
            "site_admin": false
        },
        "labels": [],
        "state": "open",
        "locked": false,
        "assignee": null,
        "assignees": [],
        "milestone": null,
        "comments": 1,
        "created_at": "2022-06-06T09:45:08Z",
        "updated_at": "2022-06-06T11:22:53Z",
        "closed_at": null,
        "author_association": "NONE",
        "sub_issues_summary": {
            "total": 0,
            "completed": 0,
            "percent_completed": 0
        },
        "active_lock_reason": null,
        "body": "可以添加OpenApiClient使用文档吗",
        "closed_by": null,
        "reactions": {
            "url": "https://api.github.com/repos/apolloconfig/apollo.net/issues/195/reactions",
            "total_count": 0,
            "+1": 0,
            "-1": 0,
            "laugh": 0,
            "hooray": 0,
            "confused": 0,
            "heart": 0,
            "rocket": 0,
            "eyes": 0
        },
        "timeline_url": "https://api.github.com/repos/apolloconfig/apollo.net/issues/195/timeline",
        "performed_via_github_app": null,
        "state_reason": null
    },
    {
        "url": "https://api.github.com/repos/apolloconfig/apollo.net/issues/190",
        "repository_url": "https://api.github.com/repos/apolloconfig/apollo.net",
        "labels_url": "https://api.github.com/repos/apolloconfig/apollo.net/issues/190/labels{/name}",
        "comments_url": "https://api.github.com/repos/apolloconfig/apollo.net/issues/190/comments",
        "events_url": "https://api.github.com/repos/apolloconfig/apollo.net/issues/190/events",
        "html_url": "https://github.com/apolloconfig/apollo.net/issues/190",
        "id": 1159470481,
        "node_id": "I_kwDOBIZEK85FHB2R",
        "number": 190,
        "title": ".net5.0 拉取配置时，部分成功，失败的文件没有重试拉取",
        "user": {
            "login": "UnkelTao",
            "id": 2618214,
            "node_id": "MDQ6VXNlcjI2MTgyMTQ=",
            "avatar_url": "https://avatars.githubusercontent.com/u/2618214?v=4",
            "gravatar_id": "",
            "url": "https://api.github.com/users/UnkelTao",
            "html_url": "https://github.com/UnkelTao",
            "followers_url": "https://api.github.com/users/UnkelTao/followers",
            "following_url": "https://api.github.com/users/UnkelTao/following{/other_user}",
            "gists_url": "https://api.github.com/users/UnkelTao/gists{/gist_id}",
            "starred_url": "https://api.github.com/users/UnkelTao/starred{/owner}{/repo}",
            "subscriptions_url": "https://api.github.com/users/UnkelTao/subscriptions",
            "organizations_url": "https://api.github.com/users/UnkelTao/orgs",
            "repos_url": "https://api.github.com/users/UnkelTao/repos",
            "events_url": "https://api.github.com/users/UnkelTao/events{/privacy}",
            "received_events_url": "https://api.github.com/users/UnkelTao/received_events",
            "type": "User",
            "user_view_type": "public",
            "site_admin": false
        },
        "labels": [],
        "state": "open",
        "locked": false,
        "assignee": null,
        "assignees": [],
        "milestone": null,
        "comments": 5,
        "created_at": "2022-03-04T10:08:36Z",
        "updated_at": "2023-08-25T11:08:28Z",
        "closed_at": null,
        "author_association": "NONE",
        "sub_issues_summary": {
            "total": 0,
            "completed": 0,
            "percent_completed": 0
        },
        "active_lock_reason": null,
        "body": "程序启动的时候会拉取4个配置文件，其中三个成功了，另外一个因为网络或者ng问题返回了503没有拉取到，但是并没有重试拉取，cache目录没有生成这个配置文件，导致已经启动了，但却缺少部分配置，服务异常\r\n需要额外的参数进行配置么？\r\n监控抓包发现是有不断的在请求apollo， 但没有再去拉文件\r\n\r\n\r\n\r\n配置 \r\n```\r\n{\r\n  \"apollo\": {\r\n    \"AppId\": \"xxx\",\r\n    \"Cluster\": \"default\",\r\n    \"Env\": \"DEV\",\r\n    \"LocalCacheDir\": \"apolloCache\",\r\n    \"ConfigServer\": [ \"xxx隐藏\" ]\r\n  }\r\n}\r\n```\r\n",
        "closed_by": null,
        "reactions": {
            "url": "https://api.github.com/repos/apolloconfig/apollo.net/issues/190/reactions",
            "total_count": 0,
            "+1": 0,
            "-1": 0,
            "laugh": 0,
            "hooray": 0,
            "confused": 0,
            "heart": 0,
            "rocket": 0,
            "eyes": 0
        },
        "timeline_url": "https://api.github.com/repos/apolloconfig/apollo.net/issues/190/timeline",
        "performed_via_github_app": null,
        "state_reason": null
    },
    {
        "url": "https://api.github.com/repos/apolloconfig/apollo.net/issues/171",
        "repository_url": "https://api.github.com/repos/apolloconfig/apollo.net",
        "labels_url": "https://api.github.com/repos/apolloconfig/apollo.net/issues/171/labels{/name}",
        "comments_url": "https://api.github.com/repos/apolloconfig/apollo.net/issues/171/comments",
        "events_url": "https://api.github.com/repos/apolloconfig/apollo.net/issues/171/events",
        "html_url": "https://github.com/apolloconfig/apollo.net/issues/171",
        "id": 1009544105,
        "node_id": "I_kwDOBIZEK848LGup",
        "number": 171,
        "title": "Apollo接口报504",
        "user": {
            "login": "ClementeGao",
            "id": 16145998,
            "node_id": "MDQ6VXNlcjE2MTQ1OTk4",
            "avatar_url": "https://avatars.githubusercontent.com/u/16145998?v=4",
            "gravatar_id": "",
            "url": "https://api.github.com/users/ClementeGao",
            "html_url": "https://github.com/ClementeGao",
            "followers_url": "https://api.github.com/users/ClementeGao/followers",
            "following_url": "https://api.github.com/users/ClementeGao/following{/other_user}",
            "gists_url": "https://api.github.com/users/ClementeGao/gists{/gist_id}",
            "starred_url": "https://api.github.com/users/ClementeGao/starred{/owner}{/repo}",
            "subscriptions_url": "https://api.github.com/users/ClementeGao/subscriptions",
            "organizations_url": "https://api.github.com/users/ClementeGao/orgs",
            "repos_url": "https://api.github.com/users/ClementeGao/repos",
            "events_url": "https://api.github.com/users/ClementeGao/events{/privacy}",
            "received_events_url": "https://api.github.com/users/ClementeGao/received_events",
            "type": "User",
            "user_view_type": "public",
            "site_admin": false
        },
        "labels": [],
        "state": "open",
        "locked": false,
        "assignee": null,
        "assignees": [],
        "milestone": null,
        "comments": 4,
        "created_at": "2021-09-28T10:03:40Z",
        "updated_at": "2024-02-21T10:02:08Z",
        "closed_at": null,
        "author_association": "NONE",
        "sub_issues_summary": {
            "total": 0,
            "completed": 0,
            "percent_completed": 0
        },
        "active_lock_reason": null,
        "body": "![image](https://user-images.githubusercontent.com/16145998/135061110-50663bf9-fcb2-44fc-894e-1639b2348599.png)\r\n上图的错误，请假下大佬 是什么原因引起的？",
        "closed_by": null,
        "reactions": {
            "url": "https://api.github.com/repos/apolloconfig/apollo.net/issues/171/reactions",
            "total_count": 0,
            "+1": 0,
            "-1": 0,
            "laugh": 0,
            "hooray": 0,
            "confused": 0,
            "heart": 0,
            "rocket": 0,
            "eyes": 0
        },
        "timeline_url": "https://api.github.com/repos/apolloconfig/apollo.net/issues/171/timeline",
        "performed_via_github_app": null,
        "state_reason": null
    },
    {
        "url": "https://api.github.com/repos/apolloconfig/apollo.net/issues/166",
        "repository_url": "https://api.github.com/repos/apolloconfig/apollo.net",
        "labels_url": "https://api.github.com/repos/apolloconfig/apollo.net/issues/166/labels{/name}",
        "comments_url": "https://api.github.com/repos/apolloconfig/apollo.net/issues/166/comments",
        "events_url": "https://api.github.com/repos/apolloconfig/apollo.net/issues/166/events",
        "html_url": "https://github.com/apolloconfig/apollo.net/issues/166",
        "id": 945930410,
        "node_id": "MDU6SXNzdWU5NDU5MzA0MTA=",
        "number": 166,
        "title": "热更新失效的问题",
        "user": {
            "login": "zzq361267211",
            "id": 66397159,
            "node_id": "MDQ6VXNlcjY2Mzk3MTU5",
            "avatar_url": "https://avatars.githubusercontent.com/u/66397159?v=4",
            "gravatar_id": "",
            "url": "https://api.github.com/users/zzq361267211",
            "html_url": "https://github.com/zzq361267211",
            "followers_url": "https://api.github.com/users/zzq361267211/followers",
            "following_url": "https://api.github.com/users/zzq361267211/following{/other_user}",
            "gists_url": "https://api.github.com/users/zzq361267211/gists{/gist_id}",
            "starred_url": "https://api.github.com/users/zzq361267211/starred{/owner}{/repo}",
            "subscriptions_url": "https://api.github.com/users/zzq361267211/subscriptions",
            "organizations_url": "https://api.github.com/users/zzq361267211/orgs",
            "repos_url": "https://api.github.com/users/zzq361267211/repos",
            "events_url": "https://api.github.com/users/zzq361267211/events{/privacy}",
            "received_events_url": "https://api.github.com/users/zzq361267211/received_events",
            "type": "User",
            "user_view_type": "public",
            "site_admin": false
        },
        "labels": [],
        "state": "open",
        "locked": false,
        "assignee": null,
        "assignees": [],
        "milestone": null,
        "comments": 11,
        "created_at": "2021-07-16T04:21:59Z",
        "updated_at": "2022-07-28T03:22:57Z",
        "closed_at": null,
        "author_association": "NONE",
        "sub_issues_summary": {
            "total": 0,
            "completed": 0,
            "percent_completed": 0
        },
        "active_lock_reason": null,
        "body": "求问一下本组件，\r\n1.是添加了 ChangeToken 的 监听路径吗? c:\\opt\\data\\ {ApolloID} \\config-cache\r\n请问这个路径是否可以自己进行配置，可以的化如何设置呢？\r\n\r\n另外我的服务中用了别的框架-furion，发现热更新失效了，请问是否也是上文提到的 ChangeToken监听路径被改写后造成的影响呢，我排查以后发现按下文代码处理，可以使热更新重新生效\r\n\r\nChangeToken.OnChange(\r\n                    () =>\r\n                    {\r\n                        var phyFileProvider = new PhysicalFileProvider(@\"c:\\opt\\data\\ApolloDemo\\config-cache\");//TODO:此处路径可配置化处理\r\n                        IChangeToken changeToken = phyFileProvider.Watch(\"*.*\");\r\n                        return changeToken;\r\n                    }\r\n\r\n故推测是  @\"c:\\opt\\data\\ApolloDemo\\config-cache\"); 这个路径被其他框架覆盖，\r\n\r\n查找其框架源码后有如下处理的代码\r\n   // 配置选项监听\r\n            if (typeof(IConfigurableOptionsListener<TOptions>).IsAssignableFrom(optionsType))\r\n            {\r\n                var onListenerMethod = optionsType.GetMethod(nameof(IConfigurableOptionsListener<TOptions>.OnListener));\r\n                if (onListenerMethod != null)\r\n                {\r\n                    // 这里监听的是全局配置（总感觉不对头）\r\n                    ChangeToken.OnChange(() => configurationRoot.GetReloadToken(), () =>\r\n                    {\r\n                        var options = optionsConfiguration.Get<TOptions>();\r\n                        onListenerMethod.Invoke(options, new object[] { options, optionsConfiguration });\r\n                    });\r\n                }\r\n            }\r\n\r\n请问有没有办法处理呢，还是说必须重新自己绑定监听路径？\r\n\r\n\r\n",
        "closed_by": null,
        "reactions": {
            "url": "https://api.github.com/repos/apolloconfig/apollo.net/issues/166/reactions",
            "total_count": 0,
            "+1": 0,
            "-1": 0,
            "laugh": 0,
            "hooray": 0,
            "confused": 0,
            "heart": 0,
            "rocket": 0,
            "eyes": 0
        },
        "timeline_url": "https://api.github.com/repos/apolloconfig/apollo.net/issues/166/timeline",
        "performed_via_github_app": null,
        "state_reason": null
    },
    {
        "url": "https://api.github.com/repos/apolloconfig/apollo.net/issues/163",
        "repository_url": "https://api.github.com/repos/apolloconfig/apollo.net",
        "labels_url": "https://api.github.com/repos/apolloconfig/apollo.net/issues/163/labels{/name}",
        "comments_url": "https://api.github.com/repos/apolloconfig/apollo.net/issues/163/comments",
        "events_url": "https://api.github.com/repos/apolloconfig/apollo.net/issues/163/events",
        "html_url": "https://github.com/apolloconfig/apollo.net/issues/163",
        "id": 882527514,
        "node_id": "MDU6SXNzdWU4ODI1Mjc1MTQ=",
        "number": 163,
        "title": ".NetCore3.1引入apollo后http请求永远返回http400的状态码",
        "user": {
            "login": "QQ897878763",
            "id": 15921032,
            "node_id": "MDQ6VXNlcjE1OTIxMDMy",
            "avatar_url": "https://avatars.githubusercontent.com/u/15921032?v=4",
            "gravatar_id": "",
            "url": "https://api.github.com/users/QQ897878763",
            "html_url": "https://github.com/QQ897878763",
            "followers_url": "https://api.github.com/users/QQ897878763/followers",
            "following_url": "https://api.github.com/users/QQ897878763/following{/other_user}",
            "gists_url": "https://api.github.com/users/QQ897878763/gists{/gist_id}",
            "starred_url": "https://api.github.com/users/QQ897878763/starred{/owner}{/repo}",
            "subscriptions_url": "https://api.github.com/users/QQ897878763/subscriptions",
            "organizations_url": "https://api.github.com/users/QQ897878763/orgs",
            "repos_url": "https://api.github.com/users/QQ897878763/repos",
            "events_url": "https://api.github.com/users/QQ897878763/events{/privacy}",
            "received_events_url": "https://api.github.com/users/QQ897878763/received_events",
            "type": "User",
            "user_view_type": "public",
            "site_admin": false
        },
        "labels": [],
        "state": "open",
        "locked": false,
        "assignee": null,
        "assignees": [],
        "milestone": null,
        "comments": 5,
        "created_at": "2021-05-09T16:41:58Z",
        "updated_at": "2021-07-09T01:57:30Z",
        "closed_at": null,
        "author_association": "NONE",
        "sub_issues_summary": {
            "total": 0,
            "completed": 0,
            "percent_completed": 0
        },
        "active_lock_reason": null,
        "body": "这个问题真的太奇怪了，我使用nuget包或引入源码到项目都出现下面这个问题\r\n![image](https://user-images.githubusercontent.com/15921032/117579878-99f8ea80-b127-11eb-93a0-251afc96131d.png)\r\n![image](https://user-images.githubusercontent.com/15921032/117579886-a4b37f80-b127-11eb-80c6-ddf26bf02b9c.png)\r\n在Startup类能够获取到apollo设置的配置项，长连接也一直是存在的。\r\n就是出现这个400的状态码，在Program类中移除 builder.AddApollo就正常了。这是我的Program代码\r\n```\r\npublic class Program\r\n    {\r\n        public static void Main(string[] args)\r\n        {\r\n            CreateHostBuilder(args).Build().Run();\r\n        }\r\n\r\n        public static IHostBuilder CreateHostBuilder(string[] args) =>\r\n             Host.CreateDefaultBuilder(args)\r\n             .ConfigureLogging(log =>\r\n             {\r\n                 log.ClearProviders();\r\n                 log.SetMinimumLevel(Microsoft.Extensions.Logging.LogLevel.Information);\r\n             })\r\n             .UseServiceProviderFactory(new AutofacServiceProviderFactory())\r\n                 .ConfigureWebHostDefaults(webBuilder =>\r\n                 {\r\n                     webBuilder.UseStartup<Startup>();\r\n                 }).UseNLog()\r\n            .ConfigureAppConfiguration((context, builder) =>\r\n                 {\r\n                     LogManager.UseConsoleLogging(Com.Ctrip.Framework.Apollo.Logging.LogLevel.Trace);                    \r\n                     builder.AddEnvironmentVariables()\r\n                           .AddCommandLine(args);\r\n                     var config = builder.Build();\r\n                     builder.AddApollo(config.GetSection(\"apollo\"))\r\n                             .AddDefault();                    \r\n                 });\r\n    }\r\n```\r\n下图是http的抓包数据\r\n![image](https://user-images.githubusercontent.com/15921032/117580044-8437f500-b128-11eb-9dea-99965e32f415.png)\r\n\r\n希望作者帮忙看下，确实自己实在是能力有限，没法解决问题，甚至原因都没找出来。\r\n",
        "closed_by": null,
        "reactions": {
            "url": "https://api.github.com/repos/apolloconfig/apollo.net/issues/163/reactions",
            "total_count": 0,
            "+1": 0,
            "-1": 0,
            "laugh": 0,
            "hooray": 0,
            "confused": 0,
            "heart": 0,
            "rocket": 0,
            "eyes": 0
        },
        "timeline_url": "https://api.github.com/repos/apolloconfig/apollo.net/issues/163/timeline",
        "performed_via_github_app": null,
        "state_reason": null
    },
    {
        "url": "https://api.github.com/repos/apolloconfig/apollo.net/issues/146",
        "repository_url": "https://api.github.com/repos/apolloconfig/apollo.net",
        "labels_url": "https://api.github.com/repos/apolloconfig/apollo.net/issues/146/labels{/name}",
        "comments_url": "https://api.github.com/repos/apolloconfig/apollo.net/issues/146/comments",
        "events_url": "https://api.github.com/repos/apolloconfig/apollo.net/issues/146/events",
        "html_url": "https://github.com/apolloconfig/apollo.net/issues/146",
        "id": 788858399,
        "node_id": "MDU6SXNzdWU3ODg4NTgzOTk=",
        "number": 146,
        "title": "apollo.net 加密解密敏感配置方案有提供么",
        "user": {
            "login": "zhanjian",
            "id": 5368758,
            "node_id": "MDQ6VXNlcjUzNjg3NTg=",
            "avatar_url": "https://avatars.githubusercontent.com/u/5368758?v=4",
            "gravatar_id": "",
            "url": "https://api.github.com/users/zhanjian",
            "html_url": "https://github.com/zhanjian",
            "followers_url": "https://api.github.com/users/zhanjian/followers",
            "following_url": "https://api.github.com/users/zhanjian/following{/other_user}",
            "gists_url": "https://api.github.com/users/zhanjian/gists{/gist_id}",
            "starred_url": "https://api.github.com/users/zhanjian/starred{/owner}{/repo}",
            "subscriptions_url": "https://api.github.com/users/zhanjian/subscriptions",
            "organizations_url": "https://api.github.com/users/zhanjian/orgs",
            "repos_url": "https://api.github.com/users/zhanjian/repos",
            "events_url": "https://api.github.com/users/zhanjian/events{/privacy}",
            "received_events_url": "https://api.github.com/users/zhanjian/received_events",
            "type": "User",
            "user_view_type": "public",
            "site_admin": false
        },
        "labels": [],
        "state": "open",
        "locked": false,
        "assignee": null,
        "assignees": [],
        "milestone": null,
        "comments": 2,
        "created_at": "2021-01-19T09:31:42Z",
        "updated_at": "2021-01-21T00:25:44Z",
        "closed_at": null,
        "author_association": "NONE",
        "sub_issues_summary": {
            "total": 0,
            "completed": 0,
            "percent_completed": 0
        },
        "active_lock_reason": null,
        "body": "如果我在apollo服务端加密了敏感配置，配置数据到了apollo.net客户端哪有解密的解决方案么",
        "closed_by": null,
        "reactions": {
            "url": "https://api.github.com/repos/apolloconfig/apollo.net/issues/146/reactions",
            "total_count": 0,
            "+1": 0,
            "-1": 0,
            "laugh": 0,
            "hooray": 0,
            "confused": 0,
            "heart": 0,
            "rocket": 0,
            "eyes": 0
        },
        "timeline_url": "https://api.github.com/repos/apolloconfig/apollo.net/issues/146/timeline",
        "performed_via_github_app": null,
        "state_reason": null
    },
    {
        "url": "https://api.github.com/repos/apolloconfig/apollo.net/issues/143",
        "repository_url": "https://api.github.com/repos/apolloconfig/apollo.net",
        "labels_url": "https://api.github.com/repos/apolloconfig/apollo.net/issues/143/labels{/name}",
        "comments_url": "https://api.github.com/repos/apolloconfig/apollo.net/issues/143/comments",
        "events_url": "https://api.github.com/repos/apolloconfig/apollo.net/issues/143/events",
        "html_url": "https://github.com/apolloconfig/apollo.net/issues/143",
        "id": 776284451,
        "node_id": "MDU6SXNzdWU3NzYyODQ0NTE=",
        "number": 143,
        "title": "导致应用程序与配置中心产生了大量的TCP连接",
        "user": {
            "login": "alvin-su",
            "id": 7591725,
            "node_id": "MDQ6VXNlcjc1OTE3MjU=",
            "avatar_url": "https://avatars.githubusercontent.com/u/7591725?v=4",
            "gravatar_id": "",
            "url": "https://api.github.com/users/alvin-su",
            "html_url": "https://github.com/alvin-su",
            "followers_url": "https://api.github.com/users/alvin-su/followers",
            "following_url": "https://api.github.com/users/alvin-su/following{/other_user}",
            "gists_url": "https://api.github.com/users/alvin-su/gists{/gist_id}",
            "starred_url": "https://api.github.com/users/alvin-su/starred{/owner}{/repo}",
            "subscriptions_url": "https://api.github.com/users/alvin-su/subscriptions",
            "organizations_url": "https://api.github.com/users/alvin-su/orgs",
            "repos_url": "https://api.github.com/users/alvin-su/repos",
            "events_url": "https://api.github.com/users/alvin-su/events{/privacy}",
            "received_events_url": "https://api.github.com/users/alvin-su/received_events",
            "type": "User",
            "user_view_type": "public",
            "site_admin": false
        },
        "labels": [],
        "state": "open",
        "locked": false,
        "assignee": null,
        "assignees": [],
        "milestone": null,
        "comments": 19,
        "created_at": "2020-12-30T06:08:53Z",
        "updated_at": "2021-01-08T00:15:20Z",
        "closed_at": null,
        "author_association": "NONE",
        "sub_issues_summary": {
            "total": 0,
            "completed": 0,
            "percent_completed": 0
        },
        "active_lock_reason": null,
        "body": "导致应用程序与配置中心产生了大量的TCP连接，很多TCP连接是 timewait 状态，导致应用程序响应缓慢。如何重用tcp连接?如使用连接池？",
        "closed_by": null,
        "reactions": {
            "url": "https://api.github.com/repos/apolloconfig/apollo.net/issues/143/reactions",
            "total_count": 0,
            "+1": 0,
            "-1": 0,
            "laugh": 0,
            "hooray": 0,
            "confused": 0,
            "heart": 0,
            "rocket": 0,
            "eyes": 0
        },
        "timeline_url": "https://api.github.com/repos/apolloconfig/apollo.net/issues/143/timeline",
        "performed_via_github_app": null,
        "state_reason": null
    },
    {
        "url": "https://api.github.com/repos/apolloconfig/apollo.net/issues/142",
        "repository_url": "https://api.github.com/repos/apolloconfig/apollo.net",
        "labels_url": "https://api.github.com/repos/apolloconfig/apollo.net/issues/142/labels{/name}",
        "comments_url": "https://api.github.com/repos/apolloconfig/apollo.net/issues/142/comments",
        "events_url": "https://api.github.com/repos/apolloconfig/apollo.net/issues/142/events",
        "html_url": "https://github.com/apolloconfig/apollo.net/issues/142",
        "id": 774813879,
        "node_id": "MDU6SXNzdWU3NzQ4MTM4Nzk=",
        "number": 142,
        "title": "怎么获取不同的命名空间下的配置文件",
        "user": {
            "login": "hzicong",
            "id": 39695111,
            "node_id": "MDQ6VXNlcjM5Njk1MTEx",
            "avatar_url": "https://avatars.githubusercontent.com/u/39695111?v=4",
            "gravatar_id": "",
            "url": "https://api.github.com/users/hzicong",
            "html_url": "https://github.com/hzicong",
            "followers_url": "https://api.github.com/users/hzicong/followers",
            "following_url": "https://api.github.com/users/hzicong/following{/other_user}",
            "gists_url": "https://api.github.com/users/hzicong/gists{/gist_id}",
            "starred_url": "https://api.github.com/users/hzicong/starred{/owner}{/repo}",
            "subscriptions_url": "https://api.github.com/users/hzicong/subscriptions",
            "organizations_url": "https://api.github.com/users/hzicong/orgs",
            "repos_url": "https://api.github.com/users/hzicong/repos",
            "events_url": "https://api.github.com/users/hzicong/events{/privacy}",
            "received_events_url": "https://api.github.com/users/hzicong/received_events",
            "type": "User",
            "user_view_type": "public",
            "site_admin": false
        },
        "labels": [],
        "state": "open",
        "locked": false,
        "assignee": null,
        "assignees": [],
        "milestone": null,
        "comments": 1,
        "created_at": "2020-12-26T03:10:47Z",
        "updated_at": "2020-12-26T05:45:30Z",
        "closed_at": null,
        "author_association": "NONE",
        "sub_issues_summary": {
            "total": 0,
            "completed": 0,
            "percent_completed": 0
        },
        "active_lock_reason": null,
        "body": "我这边的配置是不同的命名空间下有重名的节点，所以怎么样才取得不同的命名空间的配置",
        "closed_by": null,
        "reactions": {
            "url": "https://api.github.com/repos/apolloconfig/apollo.net/issues/142/reactions",
            "total_count": 0,
            "+1": 0,
            "-1": 0,
            "laugh": 0,
            "hooray": 0,
            "confused": 0,
            "heart": 0,
            "rocket": 0,
            "eyes": 0
        },
        "timeline_url": "https://api.github.com/repos/apolloconfig/apollo.net/issues/142/timeline",
        "performed_via_github_app": null,
        "state_reason": null
    }
]