[
    {
        "url": "https://api.github.com/repos/approach0/search-engine/issues/22",
        "repository_url": "https://api.github.com/repos/approach0/search-engine",
        "labels_url": "https://api.github.com/repos/approach0/search-engine/issues/22/labels{/name}",
        "comments_url": "https://api.github.com/repos/approach0/search-engine/issues/22/comments",
        "events_url": "https://api.github.com/repos/approach0/search-engine/issues/22/events",
        "html_url": "https://github.com/approach0/search-engine/issues/22",
        "id": 299723820,
        "node_id": "MDU6SXNzdWUyOTk3MjM4MjA=",
        "number": 22,
        "title": "Unexpected Mathjax error in SERP",
        "user": {
            "login": "GaurangTandon",
            "id": 6308683,
            "node_id": "MDQ6VXNlcjYzMDg2ODM=",
            "avatar_url": "https://avatars.githubusercontent.com/u/6308683?v=4",
            "gravatar_id": "",
            "url": "https://api.github.com/users/GaurangTandon",
            "html_url": "https://github.com/GaurangTandon",
            "followers_url": "https://api.github.com/users/GaurangTandon/followers",
            "following_url": "https://api.github.com/users/GaurangTandon/following{/other_user}",
            "gists_url": "https://api.github.com/users/GaurangTandon/gists{/gist_id}",
            "starred_url": "https://api.github.com/users/GaurangTandon/starred{/owner}{/repo}",
            "subscriptions_url": "https://api.github.com/users/GaurangTandon/subscriptions",
            "organizations_url": "https://api.github.com/users/GaurangTandon/orgs",
            "repos_url": "https://api.github.com/users/GaurangTandon/repos",
            "events_url": "https://api.github.com/users/GaurangTandon/events{/privacy}",
            "received_events_url": "https://api.github.com/users/GaurangTandon/received_events",
            "type": "User",
            "user_view_type": "public",
            "site_admin": false
        },
        "labels": [],
        "state": "open",
        "locked": false,
        "assignee": null,
        "assignees": [],
        "milestone": null,
        "comments": 2,
        "created_at": "2018-02-23T14:12:13Z",
        "updated_at": "2018-05-03T07:28:52Z",
        "closed_at": null,
        "author_association": "NONE",
        "sub_issues_summary": {
            "total": 0,
            "completed": 0,
            "percent_completed": 0
        },
        "active_lock_reason": null,
        "body": "[Search results page](https://approach0.xyz/search/?q=integral%20of%2C%20%24%5Cfrac%7B1%7D%7B%5Csqrt%7Bx%5E2%2Ba%5E2%7D%7D%24&p=1)\r\n\r\n- Entry number 8 has an error in two mathjax displays (\"Missing close brace\" and \"Extra close brace or missing open brace\" respectively).\r\n- this is a screenshot \r\n![image](https://user-images.githubusercontent.com/6308683/36598229-836da3d8-18d1-11e8-81e9-2972d4c9dc73.png)\r\n- the original post on [MSE](https://math.stackexchange.com/a/104505/89548) is free from any mathjax error though\r\n- A similar problem exists for entry 7 as well\r\n- I could not come up with any possible reason for this\r\n\r\n-----\r\n\r\n**Broken Mathjax of entry 8** copy-pasted for reference:\r\n\r\n    ...Put it this way \\int {\\frac{x}{{\\sqrt { ... t {\\frac{{2ax + b}}{{\\sqrt {a{x^2} + bx + c} }}dx}  - \\frac{b}{{2a}}\\int {\\frac{{dx}}{{\\sqrt {a{x^2} + bx + c} }}} \r\n    \\displaystyle \\frac{c}{a} - \\frac{{{b^2}}}{{4{a^2}}} < 0 =  -  ... 2}. ",
        "closed_by": null,
        "reactions": {
            "url": "https://api.github.com/repos/approach0/search-engine/issues/22/reactions",
            "total_count": 0,
            "+1": 0,
            "-1": 0,
            "laugh": 0,
            "hooray": 0,
            "confused": 0,
            "heart": 0,
            "rocket": 0,
            "eyes": 0
        },
        "timeline_url": "https://api.github.com/repos/approach0/search-engine/issues/22/timeline",
        "performed_via_github_app": null,
        "state_reason": null
    },
    {
        "url": "https://api.github.com/repos/approach0/search-engine/issues/19",
        "repository_url": "https://api.github.com/repos/approach0/search-engine",
        "labels_url": "https://api.github.com/repos/approach0/search-engine/issues/19/labels{/name}",
        "comments_url": "https://api.github.com/repos/approach0/search-engine/issues/19/comments",
        "events_url": "https://api.github.com/repos/approach0/search-engine/issues/19/events",
        "html_url": "https://github.com/approach0/search-engine/issues/19",
        "id": 220240886,
        "node_id": "MDU6SXNzdWUyMjAyNDA4ODY=",
        "number": 19,
        "title": "Parentheses",
        "user": {
            "login": "bsfsfn",
            "id": 20731289,
            "node_id": "MDQ6VXNlcjIwNzMxMjg5",
            "avatar_url": "https://avatars.githubusercontent.com/u/20731289?v=4",
            "gravatar_id": "",
            "url": "https://api.github.com/users/bsfsfn",
            "html_url": "https://github.com/bsfsfn",
            "followers_url": "https://api.github.com/users/bsfsfn/followers",
            "following_url": "https://api.github.com/users/bsfsfn/following{/other_user}",
            "gists_url": "https://api.github.com/users/bsfsfn/gists{/gist_id}",
            "starred_url": "https://api.github.com/users/bsfsfn/starred{/owner}{/repo}",
            "subscriptions_url": "https://api.github.com/users/bsfsfn/subscriptions",
            "organizations_url": "https://api.github.com/users/bsfsfn/orgs",
            "repos_url": "https://api.github.com/users/bsfsfn/repos",
            "events_url": "https://api.github.com/users/bsfsfn/events{/privacy}",
            "received_events_url": "https://api.github.com/users/bsfsfn/received_events",
            "type": "User",
            "user_view_type": "public",
            "site_admin": false
        },
        "labels": [],
        "state": "open",
        "locked": false,
        "assignee": null,
        "assignees": [],
        "milestone": null,
        "comments": 1,
        "created_at": "2017-04-07T15:03:56Z",
        "updated_at": "2017-04-09T15:48:06Z",
        "closed_at": null,
        "author_association": "NONE",
        "sub_issues_summary": {
            "total": 0,
            "completed": 0,
            "percent_completed": 0
        },
        "active_lock_reason": null,
        "body": "The search engine can't associate e.g. this:\r\n`\\arcsin{\\frac{a}{b}}`\r\nwith this:\r\n`\\arcsin{\\left(\\frac{a}{b}\\right)}`",
        "closed_by": null,
        "reactions": {
            "url": "https://api.github.com/repos/approach0/search-engine/issues/19/reactions",
            "total_count": 0,
            "+1": 0,
            "-1": 0,
            "laugh": 0,
            "hooray": 0,
            "confused": 0,
            "heart": 0,
            "rocket": 0,
            "eyes": 0
        },
        "timeline_url": "https://api.github.com/repos/approach0/search-engine/issues/19/timeline",
        "performed_via_github_app": null,
        "state_reason": null
    }
]