[
    {
        "url": "https://api.github.com/repos/AravisProject/aravis-c-examples/issues/1",
        "repository_url": "https://api.github.com/repos/AravisProject/aravis-c-examples",
        "labels_url": "https://api.github.com/repos/AravisProject/aravis-c-examples/issues/1/labels{/name}",
        "comments_url": "https://api.github.com/repos/AravisProject/aravis-c-examples/issues/1/comments",
        "events_url": "https://api.github.com/repos/AravisProject/aravis-c-examples/issues/1/events",
        "html_url": "https://github.com/AravisProject/aravis-c-examples/issues/1",
        "id": 1379553379,
        "node_id": "I_kwDOGn3fFs5SOlBj",
        "number": 1,
        "title": "Add a dynamic payload size example",
        "user": {
            "login": "EmmanuelP",
            "id": 136864,
            "node_id": "MDQ6VXNlcjEzNjg2NA==",
            "avatar_url": "https://avatars.githubusercontent.com/u/136864?v=4",
            "gravatar_id": "",
            "url": "https://api.github.com/users/EmmanuelP",
            "html_url": "https://github.com/EmmanuelP",
            "followers_url": "https://api.github.com/users/EmmanuelP/followers",
            "following_url": "https://api.github.com/users/EmmanuelP/following{/other_user}",
            "gists_url": "https://api.github.com/users/EmmanuelP/gists{/gist_id}",
            "starred_url": "https://api.github.com/users/EmmanuelP/starred{/owner}{/repo}",
            "subscriptions_url": "https://api.github.com/users/EmmanuelP/subscriptions",
            "organizations_url": "https://api.github.com/users/EmmanuelP/orgs",
            "repos_url": "https://api.github.com/users/EmmanuelP/repos",
            "events_url": "https://api.github.com/users/EmmanuelP/events{/privacy}",
            "received_events_url": "https://api.github.com/users/EmmanuelP/received_events",
            "type": "User",
            "user_view_type": "public",
            "site_admin": false
        },
        "labels": [],
        "state": "open",
        "locked": false,
        "assignee": null,
        "assignees": [],
        "milestone": null,
        "comments": 0,
        "created_at": "2022-09-20T14:50:05Z",
        "updated_at": "2022-09-20T14:50:05Z",
        "closed_at": null,
        "author_association": "CONTRIBUTOR",
        "sub_issues_summary": {
            "total": 0,
            "completed": 0,
            "percent_completed": 0
        },
        "active_lock_reason": null,
        "body": "It should basically be a copy of tests/arvroitest.c from the aravis repository:\r\n\r\nhttps://github.com/AravisProject/aravis/blob/191102ae3d866869d8aeef49a073cc0dd4f90c3e/tests/arvroitest.c",
        "closed_by": null,
        "reactions": {
            "url": "https://api.github.com/repos/AravisProject/aravis-c-examples/issues/1/reactions",
            "total_count": 0,
            "+1": 0,
            "-1": 0,
            "laugh": 0,
            "hooray": 0,
            "confused": 0,
            "heart": 0,
            "rocket": 0,
            "eyes": 0
        },
        "timeline_url": "https://api.github.com/repos/AravisProject/aravis-c-examples/issues/1/timeline",
        "performed_via_github_app": null,
        "state_reason": null
    }
]