[
    {
        "url": "https://api.github.com/repos/arborchat/yggdrasil/issues/3",
        "repository_url": "https://api.github.com/repos/arborchat/yggdrasil",
        "labels_url": "https://api.github.com/repos/arborchat/yggdrasil/issues/3/labels{/name}",
        "comments_url": "https://api.github.com/repos/arborchat/yggdrasil/issues/3/comments",
        "events_url": "https://api.github.com/repos/arborchat/yggdrasil/issues/3/events",
        "html_url": "https://github.com/arborchat/yggdrasil/issues/3",
        "id": 374686795,
        "node_id": "MDU6SXNzdWUzNzQ2ODY3OTU=",
        "number": 3,
        "title": "Enters tight loop if server process dies",
        "user": {
            "login": "whereswaldon",
            "id": 3922125,
            "node_id": "MDQ6VXNlcjM5MjIxMjU=",
            "avatar_url": "https://avatars.githubusercontent.com/u/3922125?v=4",
            "gravatar_id": "",
            "url": "https://api.github.com/users/whereswaldon",
            "html_url": "https://github.com/whereswaldon",
            "followers_url": "https://api.github.com/users/whereswaldon/followers",
            "following_url": "https://api.github.com/users/whereswaldon/following{/other_user}",
            "gists_url": "https://api.github.com/users/whereswaldon/gists{/gist_id}",
            "starred_url": "https://api.github.com/users/whereswaldon/starred{/owner}{/repo}",
            "subscriptions_url": "https://api.github.com/users/whereswaldon/subscriptions",
            "organizations_url": "https://api.github.com/users/whereswaldon/orgs",
            "repos_url": "https://api.github.com/users/whereswaldon/repos",
            "events_url": "https://api.github.com/users/whereswaldon/events{/privacy}",
            "received_events_url": "https://api.github.com/users/whereswaldon/received_events",
            "type": "User",
            "user_view_type": "public",
            "site_admin": false
        },
        "labels": [
            {
                "id": 1092293556,
                "node_id": "MDU6TGFiZWwxMDkyMjkzNTU2",
                "url": "https://api.github.com/repos/arborchat/yggdrasil/labels/bug",
                "name": "bug",
                "color": "d73a4a",
                "default": true,
                "description": "Something isn't working"
            }
        ],
        "state": "open",
        "locked": false,
        "assignee": null,
        "assignees": [],
        "milestone": null,
        "comments": 0,
        "created_at": "2018-10-27T20:40:44Z",
        "updated_at": "2018-10-27T20:40:44Z",
        "closed_at": null,
        "author_association": "MEMBER",
        "sub_issues_summary": {
            "total": 0,
            "completed": 0,
            "percent_completed": 0
        },
        "active_lock_reason": null,
        "body": "I killed my local server process when I found arborchat/server#1, and this sent `ygg` into an infinite receive loop of some kind:\r\n\r\n```\r\n[4b18b]@1540672408 Yggdrasil|re:22 jskdfl\r\n[4b18c]@1540672408 Yggdrasil|re:22 jskdfl\r\n[4b18d]@1540672408 Yggdrasil|re:22 jskdfl\r\n[4b18e]@1540672408 Yggdrasil|re:22 jskdfl\r\n[4b18f]@1540672408 Yggdrasil|re:22 jskdfl\r\n[4b190]@1540672408 Yggdrasil|re:22 jskdfl\r\n[4b191]@1540672408 Yggdrasil|re:22 jskdfl\r\n[4b192]@1540672408 Yggdrasil|re:22 jskdfl\r\n[4b193]@1540672408 Yggdrasil|re:22 jskdfl\r\n[4b194]@1540672408 Yggdrasil|re:22 jskdfl\r\n[4b195]@1540672408 Yggdrasil|re:22 jskdfl\r\n[4b196]@1540672408 Yggdrasil|re:22 jskdfl\r\n[4b197]@1540672408 Yggdrasil|re:22 jskdfl\r\n[4b198]@1540672408 Yggdrasil|re:22 jskdfl\r\n```\r\n\r\nIt seems to keep receiving the last message from the server forever, but not recognizing it as an old message.",
        "closed_by": null,
        "reactions": {
            "url": "https://api.github.com/repos/arborchat/yggdrasil/issues/3/reactions",
            "total_count": 0,
            "+1": 0,
            "-1": 0,
            "laugh": 0,
            "hooray": 0,
            "confused": 0,
            "heart": 0,
            "rocket": 0,
            "eyes": 0
        },
        "timeline_url": "https://api.github.com/repos/arborchat/yggdrasil/issues/3/timeline",
        "performed_via_github_app": null,
        "state_reason": null
    }
]