[
    {
        "url": "https://api.github.com/repos/arborchat/sprout-go/issues/3",
        "repository_url": "https://api.github.com/repos/arborchat/sprout-go",
        "labels_url": "https://api.github.com/repos/arborchat/sprout-go/issues/3/labels{/name}",
        "comments_url": "https://api.github.com/repos/arborchat/sprout-go/issues/3/comments",
        "events_url": "https://api.github.com/repos/arborchat/sprout-go/issues/3/events",
        "html_url": "https://github.com/arborchat/sprout-go/pull/3",
        "id": 544804481,
        "node_id": "MDExOlB1bGxSZXF1ZXN0MzU4ODM4NDI3",
        "number": 3,
        "title": "Relay snap",
        "user": {
            "login": "jwhett",
            "id": 4229885,
            "node_id": "MDQ6VXNlcjQyMjk4ODU=",
            "avatar_url": "https://avatars.githubusercontent.com/u/4229885?v=4",
            "gravatar_id": "",
            "url": "https://api.github.com/users/jwhett",
            "html_url": "https://github.com/jwhett",
            "followers_url": "https://api.github.com/users/jwhett/followers",
            "following_url": "https://api.github.com/users/jwhett/following{/other_user}",
            "gists_url": "https://api.github.com/users/jwhett/gists{/gist_id}",
            "starred_url": "https://api.github.com/users/jwhett/starred{/owner}{/repo}",
            "subscriptions_url": "https://api.github.com/users/jwhett/subscriptions",
            "organizations_url": "https://api.github.com/users/jwhett/orgs",
            "repos_url": "https://api.github.com/users/jwhett/repos",
            "events_url": "https://api.github.com/users/jwhett/events{/privacy}",
            "received_events_url": "https://api.github.com/users/jwhett/received_events",
            "type": "User",
            "user_view_type": "public",
            "site_admin": false
        },
        "labels": [],
        "state": "open",
        "locked": false,
        "assignee": null,
        "assignees": [],
        "milestone": null,
        "comments": 2,
        "created_at": "2020-01-03T00:26:56Z",
        "updated_at": "2020-05-02T22:34:48Z",
        "closed_at": null,
        "author_association": "CONTRIBUTOR",
        "sub_issues_summary": {
            "total": 0,
            "completed": 0,
            "percent_completed": 0
        },
        "active_lock_reason": null,
        "draft": true,
        "pull_request": {
            "url": "https://api.github.com/repos/arborchat/sprout-go/pulls/3",
            "html_url": "https://github.com/arborchat/sprout-go/pull/3",
            "diff_url": "https://github.com/arborchat/sprout-go/pull/3.diff",
            "patch_url": "https://github.com/arborchat/sprout-go/pull/3.patch",
            "merged_at": null
        },
        "body": "This patch set introduces packaging the `relay` as a snap.",
        "closed_by": null,
        "reactions": {
            "url": "https://api.github.com/repos/arborchat/sprout-go/issues/3/reactions",
            "total_count": 0,
            "+1": 0,
            "-1": 0,
            "laugh": 0,
            "hooray": 0,
            "confused": 0,
            "heart": 0,
            "rocket": 0,
            "eyes": 0
        },
        "timeline_url": "https://api.github.com/repos/arborchat/sprout-go/issues/3/timeline",
        "performed_via_github_app": null,
        "state_reason": null
    },
    {
        "url": "https://api.github.com/repos/arborchat/sprout-go/issues/1",
        "repository_url": "https://api.github.com/repos/arborchat/sprout-go",
        "labels_url": "https://api.github.com/repos/arborchat/sprout-go/issues/1/labels{/name}",
        "comments_url": "https://api.github.com/repos/arborchat/sprout-go/issues/1/comments",
        "events_url": "https://api.github.com/repos/arborchat/sprout-go/issues/1/events",
        "html_url": "https://github.com/arborchat/sprout-go/issues/1",
        "id": 515803560,
        "node_id": "MDU6SXNzdWU1MTU4MDM1NjA=",
        "number": 1,
        "title": " Arbor Issues are tracked on SourceHut. You can find our issues at https://todo.sr.ht/~whereswaldon/arbor-dev",
        "user": {
            "login": "whereswaldon",
            "id": 3922125,
            "node_id": "MDQ6VXNlcjM5MjIxMjU=",
            "avatar_url": "https://avatars.githubusercontent.com/u/3922125?v=4",
            "gravatar_id": "",
            "url": "https://api.github.com/users/whereswaldon",
            "html_url": "https://github.com/whereswaldon",
            "followers_url": "https://api.github.com/users/whereswaldon/followers",
            "following_url": "https://api.github.com/users/whereswaldon/following{/other_user}",
            "gists_url": "https://api.github.com/users/whereswaldon/gists{/gist_id}",
            "starred_url": "https://api.github.com/users/whereswaldon/starred{/owner}{/repo}",
            "subscriptions_url": "https://api.github.com/users/whereswaldon/subscriptions",
            "organizations_url": "https://api.github.com/users/whereswaldon/orgs",
            "repos_url": "https://api.github.com/users/whereswaldon/repos",
            "events_url": "https://api.github.com/users/whereswaldon/events{/privacy}",
            "received_events_url": "https://api.github.com/users/whereswaldon/received_events",
            "type": "User",
            "user_view_type": "public",
            "site_admin": false
        },
        "labels": [],
        "state": "open",
        "locked": false,
        "assignee": null,
        "assignees": [],
        "milestone": null,
        "comments": 0,
        "created_at": "2019-10-31T23:06:07Z",
        "updated_at": "2019-10-31T23:06:07Z",
        "closed_at": null,
        "author_association": "MEMBER",
        "sub_issues_summary": {
            "total": 0,
            "completed": 0,
            "percent_completed": 0
        },
        "active_lock_reason": null,
        "body": "We use [sourcehut]() as our issue management system. You can find all of our issues here: https://todo.sr.ht/~whereswaldon/arbor-dev",
        "closed_by": null,
        "reactions": {
            "url": "https://api.github.com/repos/arborchat/sprout-go/issues/1/reactions",
            "total_count": 0,
            "+1": 0,
            "-1": 0,
            "laugh": 0,
            "hooray": 0,
            "confused": 0,
            "heart": 0,
            "rocket": 0,
            "eyes": 0
        },
        "timeline_url": "https://api.github.com/repos/arborchat/sprout-go/issues/1/timeline",
        "performed_via_github_app": null,
        "state_reason": null
    }
]