[
    {
        "url": "https://api.github.com/repos/arborchat/wisteria/issues/1",
        "repository_url": "https://api.github.com/repos/arborchat/wisteria",
        "labels_url": "https://api.github.com/repos/arborchat/wisteria/issues/1/labels{/name}",
        "comments_url": "https://api.github.com/repos/arborchat/wisteria/issues/1/comments",
        "events_url": "https://api.github.com/repos/arborchat/wisteria/issues/1/events",
        "html_url": "https://github.com/arborchat/wisteria/issues/1",
        "id": 523763235,
        "node_id": "MDU6SXNzdWU1MjM3NjMyMzU=",
        "number": 1,
        "title": "Arbor Issues are tracked on SourceHut. You can find our issues at https://todo.sr.ht/~whereswaldon/arbor-dev",
        "user": {
            "login": "whereswaldon",
            "id": 3922125,
            "node_id": "MDQ6VXNlcjM5MjIxMjU=",
            "avatar_url": "https://avatars.githubusercontent.com/u/3922125?v=4",
            "gravatar_id": "",
            "url": "https://api.github.com/users/whereswaldon",
            "html_url": "https://github.com/whereswaldon",
            "followers_url": "https://api.github.com/users/whereswaldon/followers",
            "following_url": "https://api.github.com/users/whereswaldon/following{/other_user}",
            "gists_url": "https://api.github.com/users/whereswaldon/gists{/gist_id}",
            "starred_url": "https://api.github.com/users/whereswaldon/starred{/owner}{/repo}",
            "subscriptions_url": "https://api.github.com/users/whereswaldon/subscriptions",
            "organizations_url": "https://api.github.com/users/whereswaldon/orgs",
            "repos_url": "https://api.github.com/users/whereswaldon/repos",
            "events_url": "https://api.github.com/users/whereswaldon/events{/privacy}",
            "received_events_url": "https://api.github.com/users/whereswaldon/received_events",
            "type": "User",
            "user_view_type": "public",
            "site_admin": false
        },
        "labels": [],
        "state": "open",
        "locked": false,
        "assignee": null,
        "assignees": [],
        "milestone": null,
        "comments": 2,
        "created_at": "2019-11-16T00:51:44Z",
        "updated_at": "2019-11-16T00:54:44Z",
        "closed_at": null,
        "author_association": "MEMBER",
        "sub_issues_summary": {
            "total": 0,
            "completed": 0,
            "percent_completed": 0
        },
        "active_lock_reason": null,
        "body": "We use [sourcehut](https://sourcehut.org/) as our issue management system. You can find all of our issues here: https://todo.sr.ht/~whereswaldon/arbor-dev",
        "closed_by": null,
        "reactions": {
            "url": "https://api.github.com/repos/arborchat/wisteria/issues/1/reactions",
            "total_count": 0,
            "+1": 0,
            "-1": 0,
            "laugh": 0,
            "hooray": 0,
            "confused": 0,
            "heart": 0,
            "rocket": 0,
            "eyes": 0
        },
        "timeline_url": "https://api.github.com/repos/arborchat/wisteria/issues/1/timeline",
        "performed_via_github_app": null,
        "state_reason": null
    }
]