[
    {
        "url": "https://api.github.com/repos/archaeo-social/about/issues/2",
        "repository_url": "https://api.github.com/repos/archaeo-social/about",
        "labels_url": "https://api.github.com/repos/archaeo-social/about/issues/2/labels{/name}",
        "comments_url": "https://api.github.com/repos/archaeo-social/about/issues/2/comments",
        "events_url": "https://api.github.com/repos/archaeo-social/about/issues/2/events",
        "html_url": "https://github.com/archaeo-social/about/issues/2",
        "id": 1763645645,
        "node_id": "I_kwDOIY4nBc5pHxjN",
        "number": 2,
        "title": "Add a contact page",
        "user": {
            "login": "joeroe",
            "id": 6751089,
            "node_id": "MDQ6VXNlcjY3NTEwODk=",
            "avatar_url": "https://avatars.githubusercontent.com/u/6751089?v=4",
            "gravatar_id": "",
            "url": "https://api.github.com/users/joeroe",
            "html_url": "https://github.com/joeroe",
            "followers_url": "https://api.github.com/users/joeroe/followers",
            "following_url": "https://api.github.com/users/joeroe/following{/other_user}",
            "gists_url": "https://api.github.com/users/joeroe/gists{/gist_id}",
            "starred_url": "https://api.github.com/users/joeroe/starred{/owner}{/repo}",
            "subscriptions_url": "https://api.github.com/users/joeroe/subscriptions",
            "organizations_url": "https://api.github.com/users/joeroe/orgs",
            "repos_url": "https://api.github.com/users/joeroe/repos",
            "events_url": "https://api.github.com/users/joeroe/events{/privacy}",
            "received_events_url": "https://api.github.com/users/joeroe/received_events",
            "type": "User",
            "user_view_type": "public",
            "site_admin": false
        },
        "labels": [],
        "state": "open",
        "locked": false,
        "assignee": null,
        "assignees": [],
        "milestone": null,
        "comments": 0,
        "created_at": "2023-06-19T14:14:30Z",
        "updated_at": "2023-06-19T14:14:30Z",
        "closed_at": null,
        "author_association": "CONTRIBUTOR",
        "sub_issues_summary": {
            "total": 0,
            "completed": 0,
            "percent_completed": 0
        },
        "active_lock_reason": null,
        "body": "With the basics",
        "closed_by": null,
        "reactions": {
            "url": "https://api.github.com/repos/archaeo-social/about/issues/2/reactions",
            "total_count": 0,
            "+1": 0,
            "-1": 0,
            "laugh": 0,
            "hooray": 0,
            "confused": 0,
            "heart": 0,
            "rocket": 0,
            "eyes": 0
        },
        "timeline_url": "https://api.github.com/repos/archaeo-social/about/issues/2/timeline",
        "performed_via_github_app": null,
        "state_reason": null
    }
]