[
    {
        "id": "d54a9547-9f24-4b38-b197-38606709c110",
        "uuid": "d54a9547-9f24-4b38-b197-38606709c110",
        "type": "DEBIT",
        "kind": "EXPENSE",
        "createdAt": "2023-10-05T18:42:32.692Z",
        "updatedAt": "2023-10-05T18:42:32.692Z",
        "amount": {
            "value": -161.03,
            "currency": "USD",
            "valueInCents": -16103
        }
    },
    {
        "id": "5a8b2305-2060-48cf-ad4e-c22e8ceb74f2",
        "uuid": "5a8b2305-2060-48cf-ad4e-c22e8ceb74f2",
        "type": "DEBIT",
        "kind": "EXPENSE",
        "createdAt": "2023-10-05T18:42:10.992Z",
        "updatedAt": "2023-10-05T18:42:10.992Z",
        "amount": {
            "value": -4.65,
            "currency": "USD",
            "valueInCents": -465
        }
    },
    {
        "id": "4da70596-beea-4f52-83d3-02f4209acbd4",
        "uuid": "4da70596-beea-4f52-83d3-02f4209acbd4",
        "type": "DEBIT",
        "kind": "EXPENSE",
        "createdAt": "2023-10-05T18:42:02.135Z",
        "updatedAt": "2023-10-05T18:42:02.135Z",
        "amount": {
            "value": -21.76,
            "currency": "USD",
            "valueInCents": -2176
        }
    },
    {
        "id": "a1bc7d87-54f9-4891-b4d8-9ca1ab2f5354",
        "uuid": "a1bc7d87-54f9-4891-b4d8-9ca1ab2f5354",
        "type": "DEBIT",
        "kind": "EXPENSE",
        "createdAt": "2023-10-05T18:41:46.450Z",
        "updatedAt": "2023-10-05T18:41:46.450Z",
        "amount": {
            "value": -54.72,
            "currency": "USD",
            "valueInCents": -5472
        }
    },
    {
        "id": "6cecfe33-f2eb-42eb-800d-41af1f142a68",
        "uuid": "6cecfe33-f2eb-42eb-800d-41af1f142a68",
        "type": "DEBIT",
        "kind": "EXPENSE",
        "createdAt": "2023-10-05T18:41:54.579Z",
        "updatedAt": "2023-10-05T18:41:54.579Z",
        "amount": {
            "value": -8.98,
            "currency": "USD",
            "valueInCents": -898
        }
    },
    {
        "id": "881b01d6-c0f6-4b44-84f4-9af45f4b36d1",
        "uuid": "881b01d6-c0f6-4b44-84f4-9af45f4b36d1",
        "type": "DEBIT",
        "kind": "EXPENSE",
        "createdAt": "2023-10-05T18:41:36.861Z",
        "updatedAt": "2023-10-05T18:41:36.861Z",
        "amount": {
            "value": -81.65,
            "currency": "USD",
            "valueInCents": -8165
        }
    },
    {
        "id": "761d593b-c9c0-43f3-b8b4-061ac13b00c4",
        "uuid": "761d593b-c9c0-43f3-b8b4-061ac13b00c4",
        "type": "DEBIT",
        "kind": "EXPENSE",
        "createdAt": "2023-10-05T18:41:15.068Z",
        "updatedAt": "2023-10-05T18:41:15.068Z",
        "amount": {
            "value": -35,
            "currency": "USD",
            "valueInCents": -3500
        }
    },
    {
        "id": "9b9d7dbd-fb95-4b9a-96ad-92b4207cc708",
        "uuid": "9b9d7dbd-fb95-4b9a-96ad-92b4207cc708",
        "type": "DEBIT",
        "kind": "EXPENSE",
        "createdAt": "2023-10-05T18:41:12.243Z",
        "updatedAt": "2023-10-05T18:41:12.243Z",
        "amount": {
            "value": -473.15,
            "currency": "USD",
            "valueInCents": -47315
        }
    },
    {
        "id": "6bfda832-964b-4fb1-8110-b6aa1e4d893c",
        "uuid": "6bfda832-964b-4fb1-8110-b6aa1e4d893c",
        "type": "CREDIT",
        "kind": "EXPENSE",
        "createdAt": "2023-10-05T18:39:54.629Z",
        "updatedAt": "2023-10-05T18:39:54.629Z",
        "amount": {
            "value": 61,
            "currency": "USD",
            "valueInCents": 6100
        }
    },
    {
        "id": "49164918-2064-489f-a9b6-466a1aa23664",
        "uuid": "49164918-2064-489f-a9b6-466a1aa23664",
        "type": "DEBIT",
        "kind": "EXPENSE",
        "createdAt": "2023-10-05T18:38:23.851Z",
        "updatedAt": "2023-10-05T18:38:23.851Z",
        "amount": {
            "value": -212,
            "currency": "USD",
            "valueInCents": -21200
        }
    },
    {
        "id": "e16f1f40-919f-4804-a816-c0bd18535fca",
        "uuid": "e16f1f40-919f-4804-a816-c0bd18535fca",
        "type": "DEBIT",
        "kind": "EXPENSE",
        "createdAt": "2023-10-03T21:20:55.382Z",
        "updatedAt": "2023-10-03T21:20:55.382Z",
        "amount": {
            "value": -61,
            "currency": "USD",
            "valueInCents": -6100
        }
    },
    {
        "id": "ae2ecfbd-7f54-429d-9314-cbb07b3635ec",
        "uuid": "ae2ecfbd-7f54-429d-9314-cbb07b3635ec",
        "type": "CREDIT",
        "kind": "ADDED_FUNDS",
        "createdAt": "2023-10-02T18:29:43.336Z",
        "updatedAt": "2023-10-02T18:29:43.336Z",
        "amount": {
            "value": 1111,
            "currency": "USD",
            "valueInCents": 111100
        }
    },
    {
        "id": "748baee2-74ed-47ec-9d7f-ccfc605df4b6",
        "uuid": "748baee2-74ed-47ec-9d7f-ccfc605df4b6",
        "type": "DEBIT",
        "kind": "ADDED_FUNDS",
        "createdAt": "2023-10-02T18:21:24.537Z",
        "updatedAt": "2023-10-02T18:21:24.537Z",
        "amount": {
            "value": -1111,
            "currency": "USD",
            "valueInCents": -111100
        }
    },
    {
        "id": "25a4a1c3-c715-41bf-9845-05a766fffa5b",
        "uuid": "25a4a1c3-c715-41bf-9845-05a766fffa5b",
        "type": "CREDIT",
        "kind": "ADDED_FUNDS",
        "createdAt": "2023-10-02T18:16:12.625Z",
        "updatedAt": "2023-10-02T18:16:12.625Z",
        "amount": {
            "value": 1111,
            "currency": "USD",
            "valueInCents": 111100
        }
    }
]