[
    {
        "id": "98fa082c-d816-4685-807d-eb228dccfd96",
        "uuid": "98fa082c-d816-4685-807d-eb228dccfd96",
        "type": "DEBIT",
        "kind": "HOST_FEE",
        "createdAt": "2025-01-11T06:31:03.786Z",
        "updatedAt": "2025-01-11T06:31:03.786Z",
        "amount": {
            "value": -0.25,
            "currency": "EUR",
            "valueInCents": -25
        }
    },
    {
        "id": "b0cc8022-abc6-4741-b064-27d8c94895cc",
        "uuid": "b0cc8022-abc6-4741-b064-27d8c94895cc",
        "type": "DEBIT",
        "kind": "PAYMENT_PROCESSOR_FEE",
        "createdAt": "2025-01-11T06:31:03.860Z",
        "updatedAt": "2025-01-11T06:31:03.860Z",
        "amount": {
            "value": -0.34,
            "currency": "EUR",
            "valueInCents": -34
        }
    },
    {
        "id": "1f77a878-798d-48e5-8cda-b926eb374e40",
        "uuid": "1f77a878-798d-48e5-8cda-b926eb374e40",
        "type": "CREDIT",
        "kind": "CONTRIBUTION",
        "createdAt": "2025-01-11T06:31:03.901Z",
        "updatedAt": "2025-01-11T06:31:03.901Z",
        "amount": {
            "value": 5,
            "currency": "EUR",
            "valueInCents": 500
        }
    },
    {
        "id": "32a49d08-9177-4e45-89e5-e9c8f17c8344",
        "uuid": "32a49d08-9177-4e45-89e5-e9c8f17c8344",
        "type": "DEBIT",
        "kind": "HOST_FEE",
        "createdAt": "2024-12-02T00:10:25.907Z",
        "updatedAt": "2024-12-02T00:10:25.907Z",
        "amount": {
            "value": -0.25,
            "currency": "EUR",
            "valueInCents": -25
        }
    },
    {
        "id": "485d7f29-5177-49e1-bfae-dd5cd60f1848",
        "uuid": "485d7f29-5177-49e1-bfae-dd5cd60f1848",
        "type": "DEBIT",
        "kind": "PAYMENT_PROCESSOR_FEE",
        "createdAt": "2024-12-02T00:10:25.928Z",
        "updatedAt": "2024-12-02T00:10:25.928Z",
        "amount": {
            "value": -0.34,
            "currency": "EUR",
            "valueInCents": -34
        }
    },
    {
        "id": "8985f027-2d91-4feb-b76b-61264a331499",
        "uuid": "8985f027-2d91-4feb-b76b-61264a331499",
        "type": "CREDIT",
        "kind": "CONTRIBUTION",
        "createdAt": "2024-12-02T00:10:25.940Z",
        "updatedAt": "2024-12-02T00:10:25.940Z",
        "amount": {
            "value": 5,
            "currency": "EUR",
            "valueInCents": 500
        }
    },
    {
        "id": "d45c42b9-3610-4808-9873-f628a8c3da5c",
        "uuid": "d45c42b9-3610-4808-9873-f628a8c3da5c",
        "type": "DEBIT",
        "kind": "HOST_FEE",
        "createdAt": "2024-11-02T01:04:52.826Z",
        "updatedAt": "2024-11-02T01:04:52.826Z",
        "amount": {
            "value": -0.25,
            "currency": "EUR",
            "valueInCents": -25
        }
    },
    {
        "id": "70713baf-943f-4b6c-a2a9-da489f5631d6",
        "uuid": "70713baf-943f-4b6c-a2a9-da489f5631d6",
        "type": "DEBIT",
        "kind": "PAYMENT_PROCESSOR_FEE",
        "createdAt": "2024-11-02T01:04:52.850Z",
        "updatedAt": "2024-11-02T01:04:52.850Z",
        "amount": {
            "value": -0.34,
            "currency": "EUR",
            "valueInCents": -34
        }
    },
    {
        "id": "b1092f21-083a-46b9-b92f-e54ed6932424",
        "uuid": "b1092f21-083a-46b9-b92f-e54ed6932424",
        "type": "CREDIT",
        "kind": "CONTRIBUTION",
        "createdAt": "2024-11-02T01:04:52.872Z",
        "updatedAt": "2024-11-02T01:04:52.872Z",
        "amount": {
            "value": 5,
            "currency": "EUR",
            "valueInCents": 500
        }
    },
    {
        "id": "bb7851da-cdd5-4aef-9241-cd065fe78e22",
        "uuid": "bb7851da-cdd5-4aef-9241-cd065fe78e22",
        "type": "DEBIT",
        "kind": "HOST_FEE",
        "createdAt": "2024-10-03T06:07:26.040Z",
        "updatedAt": "2024-10-03T06:07:26.040Z",
        "amount": {
            "value": -0.25,
            "currency": "EUR",
            "valueInCents": -25
        }
    },
    {
        "id": "4f0c1927-6bad-464a-b1ba-3972fcb41c74",
        "uuid": "4f0c1927-6bad-464a-b1ba-3972fcb41c74",
        "type": "DEBIT",
        "kind": "PAYMENT_PROCESSOR_FEE",
        "createdAt": "2024-10-03T06:07:26.070Z",
        "updatedAt": "2024-10-03T06:07:26.070Z",
        "amount": {
            "value": -0.34,
            "currency": "EUR",
            "valueInCents": -34
        }
    },
    {
        "id": "18cbb1b9-8318-4a42-a1a7-f513de37cefb",
        "uuid": "18cbb1b9-8318-4a42-a1a7-f513de37cefb",
        "type": "CREDIT",
        "kind": "CONTRIBUTION",
        "createdAt": "2024-10-03T06:07:26.094Z",
        "updatedAt": "2024-10-03T06:07:26.094Z",
        "amount": {
            "value": 5,
            "currency": "EUR",
            "valueInCents": 500
        }
    },
    {
        "id": "9e6a3763-551a-46b4-b383-894fcd2206a3",
        "uuid": "9e6a3763-551a-46b4-b383-894fcd2206a3",
        "type": "DEBIT",
        "kind": "HOST_FEE",
        "createdAt": "2024-09-02T00:11:46.365Z",
        "updatedAt": "2024-09-02T00:11:46.365Z",
        "amount": {
            "value": -0.25,
            "currency": "EUR",
            "valueInCents": -25
        }
    },
    {
        "id": "f72a6f8e-52e4-41fa-97d8-6011fa5d4901",
        "uuid": "f72a6f8e-52e4-41fa-97d8-6011fa5d4901",
        "type": "DEBIT",
        "kind": "PAYMENT_PROCESSOR_FEE",
        "createdAt": "2024-09-02T00:11:46.383Z",
        "updatedAt": "2024-09-02T00:11:46.383Z",
        "amount": {
            "value": -0.34,
            "currency": "EUR",
            "valueInCents": -34
        }
    },
    {
        "id": "2a3b6af4-b71f-42ee-8350-15c20c65035b",
        "uuid": "2a3b6af4-b71f-42ee-8350-15c20c65035b",
        "type": "CREDIT",
        "kind": "CONTRIBUTION",
        "createdAt": "2024-09-02T00:11:46.392Z",
        "updatedAt": "2024-09-02T00:11:46.392Z",
        "amount": {
            "value": 5,
            "currency": "EUR",
            "valueInCents": 500
        }
    },
    {
        "id": "cc09c2d8-e37e-462c-b760-720a4c92e529",
        "uuid": "cc09c2d8-e37e-462c-b760-720a4c92e529",
        "type": "DEBIT",
        "kind": "HOST_FEE",
        "createdAt": "2024-08-02T02:08:46.387Z",
        "updatedAt": "2024-08-02T02:08:46.387Z",
        "amount": {
            "value": -0.25,
            "currency": "EUR",
            "valueInCents": -25
        }
    },
    {
        "id": "62285fcd-94a3-456f-9e7c-3f359507d56b",
        "uuid": "62285fcd-94a3-456f-9e7c-3f359507d56b",
        "type": "DEBIT",
        "kind": "PAYMENT_PROCESSOR_FEE",
        "createdAt": "2024-08-02T02:08:46.408Z",
        "updatedAt": "2024-08-02T02:08:46.408Z",
        "amount": {
            "value": -0.34,
            "currency": "EUR",
            "valueInCents": -34
        }
    },
    {
        "id": "74808ffd-0d6c-4a27-b3ac-b70340bd36d2",
        "uuid": "74808ffd-0d6c-4a27-b3ac-b70340bd36d2",
        "type": "CREDIT",
        "kind": "CONTRIBUTION",
        "createdAt": "2024-08-02T02:08:46.420Z",
        "updatedAt": "2024-08-02T02:08:46.420Z",
        "amount": {
            "value": 5,
            "currency": "EUR",
            "valueInCents": 500
        }
    },
    {
        "id": "57a16195-4bfe-4019-a99d-134198d1bf3a",
        "uuid": "57a16195-4bfe-4019-a99d-134198d1bf3a",
        "type": "DEBIT",
        "kind": "HOST_FEE",
        "createdAt": "2024-07-03T05:10:17.344Z",
        "updatedAt": "2024-07-03T05:10:17.344Z",
        "amount": {
            "value": -0.25,
            "currency": "EUR",
            "valueInCents": -25
        }
    },
    {
        "id": "563d598c-ba53-4aa3-8ebf-236d75a4a6d4",
        "uuid": "563d598c-ba53-4aa3-8ebf-236d75a4a6d4",
        "type": "DEBIT",
        "kind": "PAYMENT_PROCESSOR_FEE",
        "createdAt": "2024-07-03T05:10:17.366Z",
        "updatedAt": "2024-07-03T05:10:17.366Z",
        "amount": {
            "value": -0.34,
            "currency": "EUR",
            "valueInCents": -34
        }
    },
    {
        "id": "c3be7ba8-8b05-47d3-bb6e-236852b2af38",
        "uuid": "c3be7ba8-8b05-47d3-bb6e-236852b2af38",
        "type": "CREDIT",
        "kind": "CONTRIBUTION",
        "createdAt": "2024-07-03T05:10:17.380Z",
        "updatedAt": "2024-07-03T05:10:17.380Z",
        "amount": {
            "value": 5,
            "currency": "EUR",
            "valueInCents": 500
        }
    },
    {
        "id": "76923b32-1a30-474f-88e9-978001c362ac",
        "uuid": "76923b32-1a30-474f-88e9-978001c362ac",
        "type": "DEBIT",
        "kind": "HOST_FEE",
        "createdAt": "2024-06-02T07:05:00.254Z",
        "updatedAt": "2024-06-02T07:05:00.254Z",
        "amount": {
            "value": -0.25,
            "currency": "EUR",
            "valueInCents": -25
        }
    },
    {
        "id": "7515c32a-378d-4fee-b762-b3548207c7aa",
        "uuid": "7515c32a-378d-4fee-b762-b3548207c7aa",
        "type": "DEBIT",
        "kind": "PAYMENT_PROCESSOR_FEE",
        "createdAt": "2024-06-02T07:05:00.283Z",
        "updatedAt": "2024-06-02T07:05:00.283Z",
        "amount": {
            "value": -0.34,
            "currency": "EUR",
            "valueInCents": -34
        }
    },
    {
        "id": "e2684e07-f02d-46fa-99bc-f50d91956b1b",
        "uuid": "e2684e07-f02d-46fa-99bc-f50d91956b1b",
        "type": "CREDIT",
        "kind": "CONTRIBUTION",
        "createdAt": "2024-06-02T07:05:00.298Z",
        "updatedAt": "2024-06-02T07:05:00.298Z",
        "amount": {
            "value": 5,
            "currency": "EUR",
            "valueInCents": 500
        }
    },
    {
        "id": "7dc169a2-ce04-4843-b27f-d736f26ea617",
        "uuid": "7dc169a2-ce04-4843-b27f-d736f26ea617",
        "type": "DEBIT",
        "kind": "HOST_FEE",
        "createdAt": "2024-05-02T06:10:10.684Z",
        "updatedAt": "2024-05-02T06:10:10.684Z",
        "amount": {
            "value": -0.25,
            "currency": "EUR",
            "valueInCents": -25
        }
    },
    {
        "id": "7938cbff-b669-4493-b865-db9906b7b526",
        "uuid": "7938cbff-b669-4493-b865-db9906b7b526",
        "type": "DEBIT",
        "kind": "PAYMENT_PROCESSOR_FEE",
        "createdAt": "2024-05-02T06:10:10.706Z",
        "updatedAt": "2024-05-02T06:10:10.706Z",
        "amount": {
            "value": -0.34,
            "currency": "EUR",
            "valueInCents": -34
        }
    },
    {
        "id": "3faf7e53-6be2-45db-8160-0d3924db3ca6",
        "uuid": "3faf7e53-6be2-45db-8160-0d3924db3ca6",
        "type": "CREDIT",
        "kind": "CONTRIBUTION",
        "createdAt": "2024-05-02T06:10:10.742Z",
        "updatedAt": "2024-05-02T06:10:10.742Z",
        "amount": {
            "value": 5,
            "currency": "EUR",
            "valueInCents": 500
        }
    },
    {
        "id": "45d04ab2-c415-4cdd-82d6-bdaa6af7d543",
        "uuid": "45d04ab2-c415-4cdd-82d6-bdaa6af7d543",
        "type": "DEBIT",
        "kind": "HOST_FEE",
        "createdAt": "2024-04-27T07:21:34.437Z",
        "updatedAt": "2024-04-27T07:21:34.437Z",
        "amount": {
            "value": -2.5,
            "currency": "EUR",
            "valueInCents": -250
        }
    },
    {
        "id": "c5582440-8f79-4ea9-80bc-674756d6b167",
        "uuid": "c5582440-8f79-4ea9-80bc-674756d6b167",
        "type": "DEBIT",
        "kind": "PAYMENT_PROCESSOR_FEE",
        "createdAt": "2024-04-27T07:21:34.458Z",
        "updatedAt": "2024-04-27T07:21:34.458Z",
        "amount": {
            "value": -1.11,
            "currency": "EUR",
            "valueInCents": -111
        }
    },
    {
        "id": "e6554345-af98-4722-8683-1c7664e7d50f",
        "uuid": "e6554345-af98-4722-8683-1c7664e7d50f",
        "type": "CREDIT",
        "kind": "CONTRIBUTION",
        "createdAt": "2024-04-27T07:21:34.482Z",
        "updatedAt": "2024-04-27T07:21:34.482Z",
        "amount": {
            "value": 50,
            "currency": "EUR",
            "valueInCents": 5000
        }
    },
    {
        "id": "ab0f4cd0-dbad-4832-8cb8-241ac169f69c",
        "uuid": "ab0f4cd0-dbad-4832-8cb8-241ac169f69c",
        "type": "DEBIT",
        "kind": "HOST_FEE",
        "createdAt": "2024-04-19T05:38:59.067Z",
        "updatedAt": "2024-04-19T05:38:59.067Z",
        "amount": {
            "value": -1.5,
            "currency": "EUR",
            "valueInCents": -150
        }
    },
    {
        "id": "8a7db259-5f27-4a6a-b892-acc9ce1b878a",
        "uuid": "8a7db259-5f27-4a6a-b892-acc9ce1b878a",
        "type": "DEBIT",
        "kind": "PAYMENT_PROCESSOR_FEE",
        "createdAt": "2024-04-19T05:38:59.094Z",
        "updatedAt": "2024-04-19T05:38:59.094Z",
        "amount": {
            "value": -0.75,
            "currency": "EUR",
            "valueInCents": -75
        }
    },
    {
        "id": "4f7998cc-c2aa-420a-ab67-c52821e05000",
        "uuid": "4f7998cc-c2aa-420a-ab67-c52821e05000",
        "type": "CREDIT",
        "kind": "CONTRIBUTION",
        "createdAt": "2024-04-19T05:38:59.109Z",
        "updatedAt": "2024-04-19T05:38:59.109Z",
        "amount": {
            "value": 30,
            "currency": "EUR",
            "valueInCents": 3000
        }
    },
    {
        "id": "5f329b5a-cedd-49a4-9bc3-e4fd170c3e81",
        "uuid": "5f329b5a-cedd-49a4-9bc3-e4fd170c3e81",
        "type": "DEBIT",
        "kind": "HOST_FEE",
        "createdAt": "2024-04-10T13:41:26.224Z",
        "updatedAt": "2024-04-10T13:41:26.224Z",
        "amount": {
            "value": -1.25,
            "currency": "EUR",
            "valueInCents": -125
        }
    },
    {
        "id": "d66142e7-d28d-4b2f-90fe-76ab720d700a",
        "uuid": "d66142e7-d28d-4b2f-90fe-76ab720d700a",
        "type": "DEBIT",
        "kind": "PAYMENT_PROCESSOR_FEE",
        "createdAt": "2024-04-10T13:41:26.243Z",
        "updatedAt": "2024-04-10T13:41:26.243Z",
        "amount": {
            "value": -0.63,
            "currency": "EUR",
            "valueInCents": -63
        }
    },
    {
        "id": "18976fb6-7ad3-429e-b6bb-26038c44ad69",
        "uuid": "18976fb6-7ad3-429e-b6bb-26038c44ad69",
        "type": "CREDIT",
        "kind": "CONTRIBUTION",
        "createdAt": "2024-04-10T13:41:26.260Z",
        "updatedAt": "2024-04-10T13:41:26.260Z",
        "amount": {
            "value": 25,
            "currency": "EUR",
            "valueInCents": 2500
        }
    },
    {
        "id": "bc4d1b97-6289-46d7-9b9e-f75b3a691557",
        "uuid": "bc4d1b97-6289-46d7-9b9e-f75b3a691557",
        "type": "DEBIT",
        "kind": "HOST_FEE",
        "createdAt": "2024-04-02T04:06:42.745Z",
        "updatedAt": "2024-04-02T04:06:42.745Z",
        "amount": {
            "value": -0.25,
            "currency": "EUR",
            "valueInCents": -25
        }
    },
    {
        "id": "74cbda35-0887-444a-85b8-bfc245c637a5",
        "uuid": "74cbda35-0887-444a-85b8-bfc245c637a5",
        "type": "DEBIT",
        "kind": "PAYMENT_PROCESSOR_FEE",
        "createdAt": "2024-04-02T04:06:42.762Z",
        "updatedAt": "2024-04-02T04:06:42.762Z",
        "amount": {
            "value": -0.34,
            "currency": "EUR",
            "valueInCents": -34
        }
    },
    {
        "id": "1b300a20-ccc8-4bc2-bef9-5a6b69ad7435",
        "uuid": "1b300a20-ccc8-4bc2-bef9-5a6b69ad7435",
        "type": "CREDIT",
        "kind": "CONTRIBUTION",
        "createdAt": "2024-04-02T04:06:42.776Z",
        "updatedAt": "2024-04-02T04:06:42.776Z",
        "amount": {
            "value": 5,
            "currency": "EUR",
            "valueInCents": 500
        }
    },
    {
        "id": "4ccc717f-9921-4c85-b499-f814eb628df6",
        "uuid": "4ccc717f-9921-4c85-b499-f814eb628df6",
        "type": "DEBIT",
        "kind": "HOST_FEE",
        "createdAt": "2024-03-02T17:08:14.179Z",
        "updatedAt": "2024-03-02T17:08:14.179Z",
        "amount": {
            "value": -0.25,
            "currency": "EUR",
            "valueInCents": -25
        }
    },
    {
        "id": "ae537507-5202-4c2c-b10d-7e02c4ba5481",
        "uuid": "ae537507-5202-4c2c-b10d-7e02c4ba5481",
        "type": "DEBIT",
        "kind": "PAYMENT_PROCESSOR_FEE",
        "createdAt": "2024-03-02T17:08:14.195Z",
        "updatedAt": "2024-03-02T17:08:14.195Z",
        "amount": {
            "value": -0.34,
            "currency": "EUR",
            "valueInCents": -34
        }
    },
    {
        "id": "f35dc58e-0b5d-4b5c-9f0f-3ae3a19b10af",
        "uuid": "f35dc58e-0b5d-4b5c-9f0f-3ae3a19b10af",
        "type": "CREDIT",
        "kind": "CONTRIBUTION",
        "createdAt": "2024-03-02T17:08:14.211Z",
        "updatedAt": "2024-03-02T17:08:14.211Z",
        "amount": {
            "value": 5,
            "currency": "EUR",
            "valueInCents": 500
        }
    },
    {
        "id": "3afd5d7d-85a7-4af7-84a7-2511c483f0f3",
        "uuid": "3afd5d7d-85a7-4af7-84a7-2511c483f0f3",
        "type": "DEBIT",
        "kind": "HOST_FEE",
        "createdAt": "2024-02-27T21:07:20.533Z",
        "updatedAt": "2024-02-27T21:07:20.533Z",
        "amount": {
            "value": -1.75,
            "currency": "EUR",
            "valueInCents": -175
        }
    },
    {
        "id": "97d8c1b7-8307-4013-b717-1b7ed1617b4d",
        "uuid": "97d8c1b7-8307-4013-b717-1b7ed1617b4d",
        "type": "DEBIT",
        "kind": "PAYMENT_PROCESSOR_FEE",
        "createdAt": "2024-02-27T21:07:20.556Z",
        "updatedAt": "2024-02-27T21:07:20.556Z",
        "amount": {
            "value": -0.83,
            "currency": "EUR",
            "valueInCents": -83
        }
    },
    {
        "id": "6d8aa3f5-4a44-465a-bd31-caff64f7b4b2",
        "uuid": "6d8aa3f5-4a44-465a-bd31-caff64f7b4b2",
        "type": "CREDIT",
        "kind": "CONTRIBUTION",
        "createdAt": "2024-02-27T21:07:20.580Z",
        "updatedAt": "2024-02-27T21:07:20.580Z",
        "amount": {
            "value": 35,
            "currency": "EUR",
            "valueInCents": 3500
        }
    },
    {
        "id": "12a3adbc-8fcf-4957-bf5f-36ebf3edfc96",
        "uuid": "12a3adbc-8fcf-4957-bf5f-36ebf3edfc96",
        "type": "DEBIT",
        "kind": "HOST_FEE",
        "createdAt": "2024-02-21T14:34:26.436Z",
        "updatedAt": "2024-02-21T14:34:26.436Z",
        "amount": {
            "value": -1.75,
            "currency": "EUR",
            "valueInCents": -175
        }
    },
    {
        "id": "d516e3e6-ce01-498b-81c4-3e9bb6b47a83",
        "uuid": "d516e3e6-ce01-498b-81c4-3e9bb6b47a83",
        "type": "DEBIT",
        "kind": "PAYMENT_PROCESSOR_FEE",
        "createdAt": "2024-02-21T14:34:26.450Z",
        "updatedAt": "2024-02-21T14:34:26.450Z",
        "amount": {
            "value": -0.35,
            "currency": "EUR",
            "valueInCents": -35
        }
    },
    {
        "id": "6644bf2f-098b-4b66-8330-11fa2ec3e564",
        "uuid": "6644bf2f-098b-4b66-8330-11fa2ec3e564",
        "type": "CREDIT",
        "kind": "CONTRIBUTION",
        "createdAt": "2024-02-21T14:34:26.464Z",
        "updatedAt": "2024-02-21T14:34:26.464Z",
        "amount": {
            "value": 35,
            "currency": "EUR",
            "valueInCents": 3500
        }
    },
    {
        "id": "56997779-bcd2-43e7-b02d-d8d9194c16c5",
        "uuid": "56997779-bcd2-43e7-b02d-d8d9194c16c5",
        "type": "DEBIT",
        "kind": "HOST_FEE",
        "createdAt": "2024-02-13T20:46:42.475Z",
        "updatedAt": "2024-02-13T20:46:42.475Z",
        "amount": {
            "value": -0.25,
            "currency": "EUR",
            "valueInCents": -25
        }
    },
    {
        "id": "cd855d2d-a008-4239-88a4-14a8d1941029",
        "uuid": "cd855d2d-a008-4239-88a4-14a8d1941029",
        "type": "DEBIT",
        "kind": "PAYMENT_PROCESSOR_FEE",
        "createdAt": "2024-02-13T20:46:42.509Z",
        "updatedAt": "2024-02-13T20:46:42.509Z",
        "amount": {
            "value": -0.34,
            "currency": "EUR",
            "valueInCents": -34
        }
    },
    {
        "id": "ea3cf10e-681f-4358-a28c-dac47185dc1b",
        "uuid": "ea3cf10e-681f-4358-a28c-dac47185dc1b",
        "type": "CREDIT",
        "kind": "CONTRIBUTION",
        "createdAt": "2024-02-13T20:46:42.527Z",
        "updatedAt": "2024-02-13T20:46:42.527Z",
        "amount": {
            "value": 5,
            "currency": "EUR",
            "valueInCents": 500
        }
    },
    {
        "id": "ba48c40a-9886-4bc2-b855-7c75f45bf4a2",
        "uuid": "ba48c40a-9886-4bc2-b855-7c75f45bf4a2",
        "type": "DEBIT",
        "kind": "EXPENSE",
        "createdAt": "2024-02-13T18:35:18.698Z",
        "updatedAt": "2024-02-13T18:35:18.698Z",
        "amount": {
            "value": -48.21,
            "currency": "EUR",
            "valueInCents": -4821
        }
    },
    {
        "id": "d1450af5-c990-4c1a-8054-8fcc1e138f07",
        "uuid": "d1450af5-c990-4c1a-8054-8fcc1e138f07",
        "type": "DEBIT",
        "kind": "EXPENSE",
        "createdAt": "2023-11-01T06:59:50.664Z",
        "updatedAt": "2023-11-01T06:59:50.664Z",
        "amount": {
            "value": -165.62,
            "currency": "EUR",
            "valueInCents": -16562
        }
    },
    {
        "id": "e951778b-b97c-4191-ab37-5b1fbcb380be",
        "uuid": "e951778b-b97c-4191-ab37-5b1fbcb380be",
        "type": "DEBIT",
        "kind": "EXPENSE",
        "createdAt": "2023-06-08T05:52:24.309Z",
        "updatedAt": "2023-06-08T05:52:24.309Z",
        "amount": {
            "value": -93.89,
            "currency": "EUR",
            "valueInCents": -9389
        }
    },
    {
        "id": "9d1a76c9-7ce6-493f-97ba-224f37ead6dc",
        "uuid": "9d1a76c9-7ce6-493f-97ba-224f37ead6dc",
        "type": "DEBIT",
        "kind": "EXPENSE",
        "createdAt": "2023-06-08T03:33:31.993Z",
        "updatedAt": "2023-06-08T03:33:31.993Z",
        "amount": {
            "value": -24.04,
            "currency": "EUR",
            "valueInCents": -2404
        }
    },
    {
        "id": "92886d7a-d12c-43cf-a436-7c2fe9b44f56",
        "uuid": "92886d7a-d12c-43cf-a436-7c2fe9b44f56",
        "type": "DEBIT",
        "kind": "EXPENSE",
        "createdAt": "2022-11-10T08:23:36.966Z",
        "updatedAt": "2022-11-10T08:23:36.966Z",
        "amount": {
            "value": -159.01,
            "currency": "EUR",
            "valueInCents": -15901
        }
    },
    {
        "id": "3b191243-d88f-4477-9b6d-644eaffb52f1",
        "uuid": "3b191243-d88f-4477-9b6d-644eaffb52f1",
        "type": "CREDIT",
        "kind": "BALANCE_TRANSFER",
        "createdAt": "2022-11-07T13:45:46.811Z",
        "updatedAt": "2022-11-07T13:45:46.811Z",
        "amount": {
            "value": 529.79,
            "currency": "EUR",
            "valueInCents": 52979
        }
    }
]