[
    {
        "id": "a26cedd0-27c5-4f6d-b66c-dd99c27f5af1",
        "uuid": "a26cedd0-27c5-4f6d-b66c-dd99c27f5af1",
        "type": "CREDIT",
        "kind": "CONTRIBUTION",
        "createdAt": "2022-12-04T22:31:16.802Z",
        "updatedAt": "2022-12-04T22:31:16.802Z",
        "amount": {
            "value": 270,
            "currency": "GBP",
            "valueInCents": 27000
        }
    },
    {
        "id": "5a7025fe-8275-4e5b-b6b6-16fad66ed184",
        "uuid": "5a7025fe-8275-4e5b-b6b6-16fad66ed184",
        "type": "CREDIT",
        "kind": "CONTRIBUTION",
        "createdAt": "2022-08-22T08:54:57.877Z",
        "updatedAt": "2022-08-22T08:54:57.877Z",
        "amount": {
            "value": 30,
            "currency": "GBP",
            "valueInCents": 3000
        }
    },
    {
        "id": "62a65c35-6adc-4b86-b879-f9734ad1a501",
        "uuid": "62a65c35-6adc-4b86-b879-f9734ad1a501",
        "type": "CREDIT",
        "kind": "CONTRIBUTION",
        "createdAt": "2022-08-12T15:35:55.292Z",
        "updatedAt": "2022-08-12T15:35:55.292Z",
        "amount": {
            "value": 11.5,
            "currency": "GBP",
            "valueInCents": 1150
        }
    },
    {
        "id": "9f939c4f-cca5-495c-9b50-071cadd1b634",
        "uuid": "9f939c4f-cca5-495c-9b50-071cadd1b634",
        "type": "CREDIT",
        "kind": "CONTRIBUTION",
        "createdAt": "2022-08-11T21:45:53.144Z",
        "updatedAt": "2022-08-11T21:45:53.144Z",
        "amount": {
            "value": 20,
            "currency": "GBP",
            "valueInCents": 2000
        }
    },
    {
        "id": "a20d8534-34ce-43a6-8410-cdcb27b8db29",
        "uuid": "a20d8534-34ce-43a6-8410-cdcb27b8db29",
        "type": "CREDIT",
        "kind": "CONTRIBUTION",
        "createdAt": "2022-08-11T21:45:22.358Z",
        "updatedAt": "2022-08-11T21:45:22.358Z",
        "amount": {
            "value": 15,
            "currency": "GBP",
            "valueInCents": 1500
        }
    },
    {
        "id": "d03562f6-e38f-4b27-b526-6cec327a911b",
        "uuid": "d03562f6-e38f-4b27-b526-6cec327a911b",
        "type": "CREDIT",
        "kind": "CONTRIBUTION",
        "createdAt": "2022-08-11T21:44:54.521Z",
        "updatedAt": "2022-08-11T21:44:54.521Z",
        "amount": {
            "value": 15,
            "currency": "GBP",
            "valueInCents": 1500
        }
    }
]