[
    {
        "id": "591c8234-c04b-4c57-88f8-3073c5b6ad84",
        "uuid": "591c8234-c04b-4c57-88f8-3073c5b6ad84",
        "type": "CREDIT",
        "kind": "CONTRIBUTION",
        "createdAt": "2018-06-12T18:19:49.446Z",
        "updatedAt": "2018-06-12T18:19:49.446Z",
        "amount": {
            "value": 5,
            "currency": "USD",
            "valueInCents": 500
        }
    },
    {
        "id": "4a248f58-ed81-46af-a436-efec4b03fd0b",
        "uuid": "4a248f58-ed81-46af-a436-efec4b03fd0b",
        "type": "CREDIT",
        "kind": "CONTRIBUTION",
        "createdAt": "2018-06-12T18:01:11.914Z",
        "updatedAt": "2018-06-12T18:01:11.914Z",
        "amount": {
            "value": 5,
            "currency": "USD",
            "valueInCents": 500
        }
    }
]