[
    {
        "id": "93507ea4-3c89-4cc1-8968-0732353364da",
        "uuid": "93507ea4-3c89-4cc1-8968-0732353364da",
        "type": "DEBIT",
        "kind": "PAYMENT_PROCESSOR_FEE",
        "createdAt": "2024-07-15T15:07:07.454Z",
        "updatedAt": "2024-07-15T15:07:07.454Z",
        "amount": {
            "value": -0.98,
            "currency": "GBP",
            "valueInCents": -98
        }
    },
    {
        "id": "9eac5609-f5c0-413b-8191-663c3e17ab29",
        "uuid": "9eac5609-f5c0-413b-8191-663c3e17ab29",
        "type": "CREDIT",
        "kind": "CONTRIBUTION",
        "createdAt": "2024-07-15T15:07:07.485Z",
        "updatedAt": "2024-07-15T15:07:07.485Z",
        "amount": {
            "value": 52,
            "currency": "GBP",
            "valueInCents": 5200
        }
    },
    {
        "id": "1f5b6f03-bb54-4382-81ad-37fbe9724e5c",
        "uuid": "1f5b6f03-bb54-4382-81ad-37fbe9724e5c",
        "type": "DEBIT",
        "kind": "PAYMENT_PROCESSOR_FEE",
        "createdAt": "2024-03-27T17:29:39.085Z",
        "updatedAt": "2024-03-27T17:29:39.085Z",
        "amount": {
            "value": -0.5,
            "currency": "GBP",
            "valueInCents": -50
        }
    },
    {
        "id": "67cf13f8-127f-4222-9525-c714aee050b4",
        "uuid": "67cf13f8-127f-4222-9525-c714aee050b4",
        "type": "CREDIT",
        "kind": "CONTRIBUTION",
        "createdAt": "2024-03-27T17:29:39.108Z",
        "updatedAt": "2024-03-27T17:29:39.108Z",
        "amount": {
            "value": 20,
            "currency": "GBP",
            "valueInCents": 2000
        }
    },
    {
        "id": "e95a4567-fb3c-4508-8175-25878924ecc8",
        "uuid": "e95a4567-fb3c-4508-8175-25878924ecc8",
        "type": "CREDIT",
        "kind": "CONTRIBUTION",
        "createdAt": "2023-12-17T14:07:11.663Z",
        "updatedAt": "2023-12-17T14:07:11.663Z",
        "amount": {
            "value": 5,
            "currency": "GBP",
            "valueInCents": 500
        }
    },
    {
        "id": "ba03cfe0-a143-41f9-ad1c-f4e770c90e59",
        "uuid": "ba03cfe0-a143-41f9-ad1c-f4e770c90e59",
        "type": "CREDIT",
        "kind": "CONTRIBUTION",
        "createdAt": "2023-12-17T13:46:59.682Z",
        "updatedAt": "2023-12-17T13:46:59.682Z",
        "amount": {
            "value": 10,
            "currency": "GBP",
            "valueInCents": 1000
        }
    },
    {
        "id": "825efbcf-424b-4c1d-bb30-783bfd287ba4",
        "uuid": "825efbcf-424b-4c1d-bb30-783bfd287ba4",
        "type": "CREDIT",
        "kind": "CONTRIBUTION",
        "createdAt": "2023-12-17T13:27:41.903Z",
        "updatedAt": "2023-12-17T13:27:41.903Z",
        "amount": {
            "value": 12,
            "currency": "GBP",
            "valueInCents": 1200
        }
    },
    {
        "id": "f2533ded-a001-4c0a-8dcd-a9b117cb3ef3",
        "uuid": "f2533ded-a001-4c0a-8dcd-a9b117cb3ef3",
        "type": "CREDIT",
        "kind": "CONTRIBUTION",
        "createdAt": "2023-12-17T13:24:51.210Z",
        "updatedAt": "2023-12-17T13:24:51.210Z",
        "amount": {
            "value": 7,
            "currency": "GBP",
            "valueInCents": 700
        }
    },
    {
        "id": "2b1691b1-f7cf-4b6b-93d7-78f3fb070841",
        "uuid": "2b1691b1-f7cf-4b6b-93d7-78f3fb070841",
        "type": "CREDIT",
        "kind": "CONTRIBUTION",
        "createdAt": "2023-12-17T13:15:22.535Z",
        "updatedAt": "2023-12-17T13:15:22.535Z",
        "amount": {
            "value": 15,
            "currency": "GBP",
            "valueInCents": 1500
        }
    },
    {
        "id": "86915adc-d3e1-4c5f-a0ff-6564ca9153c2",
        "uuid": "86915adc-d3e1-4c5f-a0ff-6564ca9153c2",
        "type": "DEBIT",
        "kind": "EXPENSE",
        "createdAt": "2023-05-07T11:20:35.907Z",
        "updatedAt": "2023-05-07T11:20:35.907Z",
        "amount": {
            "value": -94.04,
            "currency": "GBP",
            "valueInCents": -9404
        }
    },
    {
        "id": "14f477d4-225f-4ea0-a706-eed686975581",
        "uuid": "14f477d4-225f-4ea0-a706-eed686975581",
        "type": "CREDIT",
        "kind": "ADDED_FUNDS",
        "createdAt": "2023-05-07T11:17:48.455Z",
        "updatedAt": "2023-05-07T11:17:48.455Z",
        "amount": {
            "value": 50,
            "currency": "GBP",
            "valueInCents": 5000
        }
    },
    {
        "id": "3cef64a0-20c4-4ad1-9640-080530b97feb",
        "uuid": "3cef64a0-20c4-4ad1-9640-080530b97feb",
        "type": "CREDIT",
        "kind": "CONTRIBUTION",
        "createdAt": "2023-05-05T13:20:18.492Z",
        "updatedAt": "2023-05-05T13:20:18.492Z",
        "amount": {
            "value": 147,
            "currency": "GBP",
            "valueInCents": 14700
        }
    },
    {
        "id": "ac7dbc17-2ac0-4a05-a3b7-6e512b04831d",
        "uuid": "ac7dbc17-2ac0-4a05-a3b7-6e512b04831d",
        "type": "CREDIT",
        "kind": "CONTRIBUTION",
        "createdAt": "2023-05-03T10:43:35.903Z",
        "updatedAt": "2023-05-03T10:43:35.903Z",
        "amount": {
            "value": 45,
            "currency": "GBP",
            "valueInCents": 4500
        }
    },
    {
        "id": "2ad9f2bd-0ae1-4b74-bf14-32980c70fcff",
        "uuid": "2ad9f2bd-0ae1-4b74-bf14-32980c70fcff",
        "type": "DEBIT",
        "kind": "EXPENSE",
        "createdAt": "2023-05-03T08:25:10.999Z",
        "updatedAt": "2023-05-03T08:25:10.999Z",
        "amount": {
            "value": -58.78,
            "currency": "GBP",
            "valueInCents": -5878
        }
    },
    {
        "id": "a0f34e5e-c1f5-4eb8-bf49-08c737214f14",
        "uuid": "a0f34e5e-c1f5-4eb8-bf49-08c737214f14",
        "type": "DEBIT",
        "kind": "EXPENSE",
        "createdAt": "2023-05-03T08:25:04.659Z",
        "updatedAt": "2023-05-03T08:25:04.659Z",
        "amount": {
            "value": -107.25,
            "currency": "GBP",
            "valueInCents": -10725
        }
    },
    {
        "id": "abe3e47f-9262-4e1d-89f6-bfc87a51e9f3",
        "uuid": "abe3e47f-9262-4e1d-89f6-bfc87a51e9f3",
        "type": "DEBIT",
        "kind": "EXPENSE",
        "createdAt": "2023-04-05T10:25:36.958Z",
        "updatedAt": "2023-04-05T10:25:36.958Z",
        "amount": {
            "value": -205.91,
            "currency": "GBP",
            "valueInCents": -20591
        }
    },
    {
        "id": "60ed20c9-f3fb-417a-98bd-571f57f5f866",
        "uuid": "60ed20c9-f3fb-417a-98bd-571f57f5f866",
        "type": "DEBIT",
        "kind": "EXPENSE",
        "createdAt": "2023-04-05T10:25:44.164Z",
        "updatedAt": "2023-04-05T10:25:44.164Z",
        "amount": {
            "value": -9.28,
            "currency": "GBP",
            "valueInCents": -928
        }
    },
    {
        "id": "ddc35f39-99d6-4c71-a09b-17d76ad3867e",
        "uuid": "ddc35f39-99d6-4c71-a09b-17d76ad3867e",
        "type": "CREDIT",
        "kind": "CONTRIBUTION",
        "createdAt": "2023-04-04T11:52:56.782Z",
        "updatedAt": "2023-04-04T11:52:56.782Z",
        "amount": {
            "value": 90.4,
            "currency": "GBP",
            "valueInCents": 9040
        }
    },
    {
        "id": "6185b86c-a429-4912-a6f8-d91fe60bbc85",
        "uuid": "6185b86c-a429-4912-a6f8-d91fe60bbc85",
        "type": "CREDIT",
        "kind": "CONTRIBUTION",
        "createdAt": "2023-04-04T11:52:37.017Z",
        "updatedAt": "2023-04-04T11:52:37.017Z",
        "amount": {
            "value": 90.4,
            "currency": "GBP",
            "valueInCents": 9040
        }
    },
    {
        "id": "1aae8020-4871-4718-8ed0-203879b0f8cb",
        "uuid": "1aae8020-4871-4718-8ed0-203879b0f8cb",
        "type": "CREDIT",
        "kind": "CONTRIBUTION",
        "createdAt": "2023-03-26T20:19:17.646Z",
        "updatedAt": "2023-03-26T20:19:17.646Z",
        "amount": {
            "value": 41,
            "currency": "GBP",
            "valueInCents": 4100
        }
    },
    {
        "id": "4115fdfc-24d5-486f-b8c3-92e3620f0e54",
        "uuid": "4115fdfc-24d5-486f-b8c3-92e3620f0e54",
        "type": "CREDIT",
        "kind": "CONTRIBUTION",
        "createdAt": "2023-03-26T14:14:03.295Z",
        "updatedAt": "2023-03-26T14:14:03.295Z",
        "amount": {
            "value": 20,
            "currency": "GBP",
            "valueInCents": 2000
        }
    },
    {
        "id": "b303d915-d4bf-409c-ab39-37c55500eb53",
        "uuid": "b303d915-d4bf-409c-ab39-37c55500eb53",
        "type": "DEBIT",
        "kind": "EXPENSE",
        "createdAt": "2023-02-16T10:03:19.415Z",
        "updatedAt": "2023-02-16T10:03:19.415Z",
        "amount": {
            "value": -81.36,
            "currency": "GBP",
            "valueInCents": -8136
        }
    },
    {
        "id": "13fa1c15-322e-436e-88b8-e7884223be42",
        "uuid": "13fa1c15-322e-436e-88b8-e7884223be42",
        "type": "DEBIT",
        "kind": "EXPENSE",
        "createdAt": "2023-02-16T10:02:36.586Z",
        "updatedAt": "2023-02-16T10:02:36.586Z",
        "amount": {
            "value": -147.4,
            "currency": "GBP",
            "valueInCents": -14740
        }
    },
    {
        "id": "71679804-bc70-44fa-a044-2a056a309bf9",
        "uuid": "71679804-bc70-44fa-a044-2a056a309bf9",
        "type": "CREDIT",
        "kind": "ADDED_FUNDS",
        "createdAt": "2023-02-16T10:00:37.833Z",
        "updatedAt": "2023-02-16T10:00:37.833Z",
        "amount": {
            "value": 360,
            "currency": "GBP",
            "valueInCents": 36000
        }
    },
    {
        "id": "94c52e7e-c094-4a4f-b1f1-a9bf2b8fc5b2",
        "uuid": "94c52e7e-c094-4a4f-b1f1-a9bf2b8fc5b2",
        "type": "DEBIT",
        "kind": "EXPENSE",
        "createdAt": "2023-02-11T10:35:42.866Z",
        "updatedAt": "2023-02-11T10:35:42.866Z",
        "amount": {
            "value": -28.5,
            "currency": "GBP",
            "valueInCents": -2850
        }
    },
    {
        "id": "e1d256cb-3c4f-4bf3-bf12-6cc07317f48d",
        "uuid": "e1d256cb-3c4f-4bf3-bf12-6cc07317f48d",
        "type": "CREDIT",
        "kind": "CONTRIBUTION",
        "createdAt": "2023-02-10T21:56:15.394Z",
        "updatedAt": "2023-02-10T21:56:15.394Z",
        "amount": {
            "value": 50,
            "currency": "GBP",
            "valueInCents": 5000
        }
    },
    {
        "id": "e5debae1-cdda-4a9d-8c3e-b0b3c79aa169",
        "uuid": "e5debae1-cdda-4a9d-8c3e-b0b3c79aa169",
        "type": "CREDIT",
        "kind": "ADDED_FUNDS",
        "createdAt": "2023-02-03T13:26:31.400Z",
        "updatedAt": "2023-02-03T13:26:31.400Z",
        "amount": {
            "value": 19,
            "currency": "GBP",
            "valueInCents": 1900
        }
    },
    {
        "id": "3817f52e-f057-4a3e-9c6c-1170e25e5ea8",
        "uuid": "3817f52e-f057-4a3e-9c6c-1170e25e5ea8",
        "type": "DEBIT",
        "kind": "EXPENSE",
        "createdAt": "2023-02-02T17:56:55.711Z",
        "updatedAt": "2023-02-02T17:56:55.711Z",
        "amount": {
            "value": -140.88,
            "currency": "GBP",
            "valueInCents": -14088
        }
    },
    {
        "id": "f11deaab-2988-45ad-94f2-bb34578c16ae",
        "uuid": "f11deaab-2988-45ad-94f2-bb34578c16ae",
        "type": "DEBIT",
        "kind": "EXPENSE",
        "createdAt": "2023-02-02T17:29:11.766Z",
        "updatedAt": "2023-02-02T17:29:11.766Z",
        "amount": {
            "value": -2.99,
            "currency": "GBP",
            "valueInCents": -299
        }
    },
    {
        "id": "9902b7ed-9e83-4dac-b61c-14673ea4375b",
        "uuid": "9902b7ed-9e83-4dac-b61c-14673ea4375b",
        "type": "CREDIT",
        "kind": "ADDED_FUNDS",
        "createdAt": "2023-01-29T10:36:52.120Z",
        "updatedAt": "2023-01-29T10:36:52.120Z",
        "amount": {
            "value": 10,
            "currency": "GBP",
            "valueInCents": 1000
        }
    },
    {
        "id": "f777d27b-e7ab-450d-a3bf-3f720fb6b806",
        "uuid": "f777d27b-e7ab-450d-a3bf-3f720fb6b806",
        "type": "DEBIT",
        "kind": "EXPENSE",
        "createdAt": "2023-01-26T15:07:27.237Z",
        "updatedAt": "2023-01-26T15:07:27.237Z",
        "amount": {
            "value": -2.99,
            "currency": "GBP",
            "valueInCents": -299
        }
    },
    {
        "id": "f0ef08d2-34a4-4d7a-bfdd-e3fc904e09f0",
        "uuid": "f0ef08d2-34a4-4d7a-bfdd-e3fc904e09f0",
        "type": "CREDIT",
        "kind": "CONTRIBUTION",
        "createdAt": "2023-01-26T12:29:35.878Z",
        "updatedAt": "2023-01-26T12:29:35.878Z",
        "amount": {
            "value": 28,
            "currency": "GBP",
            "valueInCents": 2800
        }
    },
    {
        "id": "2a830073-53d0-4ab1-926b-87cd2e414755",
        "uuid": "2a830073-53d0-4ab1-926b-87cd2e414755",
        "type": "CREDIT",
        "kind": "CONTRIBUTION",
        "createdAt": "2023-01-25T16:08:10.811Z",
        "updatedAt": "2023-01-25T16:08:10.811Z",
        "amount": {
            "value": 35,
            "currency": "GBP",
            "valueInCents": 3500
        }
    },
    {
        "id": "a9ae550e-5383-4120-8945-addf6fa1ccd5",
        "uuid": "a9ae550e-5383-4120-8945-addf6fa1ccd5",
        "type": "CREDIT",
        "kind": "ADDED_FUNDS",
        "createdAt": "2023-01-25T15:29:07.978Z",
        "updatedAt": "2023-01-25T15:29:07.978Z",
        "amount": {
            "value": 73.86,
            "currency": "GBP",
            "valueInCents": 7386
        }
    },
    {
        "id": "ec64d44b-1384-4286-9994-1f0c612e7873",
        "uuid": "ec64d44b-1384-4286-9994-1f0c612e7873",
        "type": "CREDIT",
        "kind": "CONTRIBUTION",
        "createdAt": "2023-01-25T14:34:08.418Z",
        "updatedAt": "2023-01-25T14:34:08.418Z",
        "amount": {
            "value": 18,
            "currency": "GBP",
            "valueInCents": 1800
        }
    },
    {
        "id": "a008e84b-192c-457c-9acb-2f28a8f417f1",
        "uuid": "a008e84b-192c-457c-9acb-2f28a8f417f1",
        "type": "CREDIT",
        "kind": "CONTRIBUTION",
        "createdAt": "2022-12-22T00:41:37.975Z",
        "updatedAt": "2022-12-22T00:41:37.975Z",
        "amount": {
            "value": 16,
            "currency": "GBP",
            "valueInCents": 1600
        }
    },
    {
        "id": "135ff548-07f7-436c-b35f-7348ada360c5",
        "uuid": "135ff548-07f7-436c-b35f-7348ada360c5",
        "type": "CREDIT",
        "kind": "CONTRIBUTION",
        "createdAt": "2022-12-21T12:13:36.638Z",
        "updatedAt": "2022-12-21T12:13:36.638Z",
        "amount": {
            "value": 5,
            "currency": "GBP",
            "valueInCents": 500
        }
    }
]