[
    {
        "id": "e1d5b626-e265-43f8-ba93-18c853cf3fa0",
        "uuid": "e1d5b626-e265-43f8-ba93-18c853cf3fa0",
        "type": "DEBIT",
        "kind": "EXPENSE",
        "createdAt": "2022-03-22T10:51:15.899Z",
        "updatedAt": "2022-03-22T10:51:15.899Z",
        "amount": {
            "value": -12,
            "currency": "EUR",
            "valueInCents": -1200
        }
    },
    {
        "id": "71265702-376d-4621-b07a-133df5bec92b",
        "uuid": "71265702-376d-4621-b07a-133df5bec92b",
        "type": "DEBIT",
        "kind": "EXPENSE",
        "createdAt": "2022-03-22T10:51:15.901Z",
        "updatedAt": "2022-03-22T10:51:15.901Z",
        "amount": {
            "value": -28,
            "currency": "EUR",
            "valueInCents": -2800
        }
    },
    {
        "id": "7b2db3d2-1e93-443d-a29e-c49a5b4ee067",
        "uuid": "7b2db3d2-1e93-443d-a29e-c49a5b4ee067",
        "type": "DEBIT",
        "kind": "HOST_FEE",
        "createdAt": "2022-02-05T02:18:04.748Z",
        "updatedAt": "2022-02-05T02:18:04.748Z",
        "amount": {
            "value": -3,
            "currency": "EUR",
            "valueInCents": -300
        }
    },
    {
        "id": "8c3598f9-669b-4079-a776-e2ca11e2ed4c",
        "uuid": "8c3598f9-669b-4079-a776-e2ca11e2ed4c",
        "type": "CREDIT",
        "kind": "CONTRIBUTION",
        "createdAt": "2022-02-05T02:18:04.804Z",
        "updatedAt": "2022-02-05T02:18:04.804Z",
        "amount": {
            "value": 50,
            "currency": "EUR",
            "valueInCents": 5000
        }
    },
    {
        "id": "e9bb9031-664e-41e3-86d6-3688dc8498b4",
        "uuid": "e9bb9031-664e-41e3-86d6-3688dc8498b4",
        "type": "DEBIT",
        "kind": "EXPENSE",
        "createdAt": "2021-12-29T13:55:17.009Z",
        "updatedAt": "2021-12-29T13:55:17.009Z",
        "amount": {
            "value": -12,
            "currency": "EUR",
            "valueInCents": -1200
        }
    },
    {
        "id": "338d9b1b-0f00-4c42-bab1-8e422629359d",
        "uuid": "338d9b1b-0f00-4c42-bab1-8e422629359d",
        "type": "DEBIT",
        "kind": "HOST_FEE",
        "createdAt": "2021-11-02T01:06:14.559Z",
        "updatedAt": "2021-11-02T01:06:14.559Z",
        "amount": {
            "value": -0.6,
            "currency": "EUR",
            "valueInCents": -60
        }
    },
    {
        "id": "2c426c65-9ee9-40f2-bded-f4abeac4cbf5",
        "uuid": "2c426c65-9ee9-40f2-bded-f4abeac4cbf5",
        "type": "CREDIT",
        "kind": "CONTRIBUTION",
        "createdAt": "2021-11-02T01:06:14.722Z",
        "updatedAt": "2021-11-02T01:06:14.722Z",
        "amount": {
            "value": 10,
            "currency": "EUR",
            "valueInCents": 1000
        }
    },
    {
        "id": "542dbd31-e656-4a4d-aa66-21a345af21f4",
        "uuid": "542dbd31-e656-4a4d-aa66-21a345af21f4",
        "type": "DEBIT",
        "kind": "HOST_FEE",
        "createdAt": "2021-10-15T04:52:13.701Z",
        "updatedAt": "2021-10-15T04:52:13.701Z",
        "amount": {
            "value": -0.6,
            "currency": "EUR",
            "valueInCents": -60
        }
    },
    {
        "id": "2a0af915-7979-4317-a4e6-7a3e6e2fd4e6",
        "uuid": "2a0af915-7979-4317-a4e6-7a3e6e2fd4e6",
        "type": "CREDIT",
        "kind": "CONTRIBUTION",
        "createdAt": "2021-10-15T04:52:13.780Z",
        "updatedAt": "2021-10-15T04:52:13.780Z",
        "amount": {
            "value": 10,
            "currency": "EUR",
            "valueInCents": 1000
        }
    }
]