[
    {
        "id": "0abc6f1d-7f5e-4705-9a5e-0bb0e0cb750a",
        "uuid": "0abc6f1d-7f5e-4705-9a5e-0bb0e0cb750a",
        "type": "DEBIT",
        "kind": "EXPENSE",
        "createdAt": "2024-06-13T05:44:32.689Z",
        "updatedAt": "2024-06-13T05:44:32.689Z",
        "amount": {
            "value": -1000,
            "currency": "MXN",
            "valueInCents": -100000
        }
    },
    {
        "id": "6baf461a-0757-4668-9621-58ce79ddb737",
        "uuid": "6baf461a-0757-4668-9621-58ce79ddb737",
        "type": "CREDIT",
        "kind": "CONTRIBUTION",
        "createdAt": "2024-06-12T12:09:17.074Z",
        "updatedAt": "2024-06-12T12:09:17.074Z",
        "amount": {
            "value": 1000000,
            "currency": "MXN",
            "valueInCents": 100000000
        }
    },
    {
        "id": "bc736485-1440-42c7-a99e-54ff862177a7",
        "uuid": "bc736485-1440-42c7-a99e-54ff862177a7",
        "type": "DEBIT",
        "kind": "PAYMENT_PROCESSOR_FEE",
        "createdAt": "2024-05-20T10:57:48.514Z",
        "updatedAt": "2024-05-20T10:57:48.514Z",
        "amount": {
            "value": -100,
            "currency": "MXN",
            "valueInCents": -10000
        }
    },
    {
        "id": "871d38e0-d799-4401-9fa0-e10516e47cb0",
        "uuid": "871d38e0-d799-4401-9fa0-e10516e47cb0",
        "type": "CREDIT",
        "kind": "ADDED_FUNDS",
        "createdAt": "2024-05-20T10:57:48.533Z",
        "updatedAt": "2024-05-20T10:57:48.533Z",
        "amount": {
            "value": 100000,
            "currency": "MXN",
            "valueInCents": 10000000
        }
    },
    {
        "id": "568d341f-8090-4c6c-a5e6-622cc30a293e",
        "uuid": "568d341f-8090-4c6c-a5e6-622cc30a293e",
        "type": "DEBIT",
        "kind": "PAYMENT_PROCESSOR_FEE",
        "createdAt": "2024-05-20T10:08:56.086Z",
        "updatedAt": "2024-05-20T10:08:56.086Z",
        "amount": {
            "value": -10,
            "currency": "MXN",
            "valueInCents": -1000
        }
    },
    {
        "id": "9536be2d-ad7a-42b6-8589-a0ab9b736de5",
        "uuid": "9536be2d-ad7a-42b6-8589-a0ab9b736de5",
        "type": "CREDIT",
        "kind": "ADDED_FUNDS",
        "createdAt": "2024-05-20T10:08:56.101Z",
        "updatedAt": "2024-05-20T10:08:56.101Z",
        "amount": {
            "value": 100000,
            "currency": "MXN",
            "valueInCents": 10000000
        }
    },
    {
        "id": "17e227c9-d433-4e81-9242-aac5ef2c8518",
        "uuid": "17e227c9-d433-4e81-9242-aac5ef2c8518",
        "type": "DEBIT",
        "kind": "PAYMENT_PROCESSOR_FEE",
        "createdAt": "2024-05-20T10:07:41.573Z",
        "updatedAt": "2024-05-20T10:07:41.573Z",
        "amount": {
            "value": -10,
            "currency": "MXN",
            "valueInCents": -1000
        }
    },
    {
        "id": "426bbd98-5a4f-4230-8a18-da52e19961bb",
        "uuid": "426bbd98-5a4f-4230-8a18-da52e19961bb",
        "type": "CREDIT",
        "kind": "ADDED_FUNDS",
        "createdAt": "2024-05-20T10:07:41.593Z",
        "updatedAt": "2024-05-20T10:07:41.593Z",
        "amount": {
            "value": 10000,
            "currency": "MXN",
            "valueInCents": 1000000
        }
    }
]