[
    {
        "id": "0aec123a-56e0-4f51-a7ee-e29bb47c0ea4",
        "uuid": "0aec123a-56e0-4f51-a7ee-e29bb47c0ea4",
        "type": "DEBIT",
        "kind": "PAYMENT_PROCESSOR_FEE",
        "createdAt": "2025-01-25T02:22:15.342Z",
        "updatedAt": "2025-01-25T02:22:15.342Z",
        "amount": {
            "value": -0.41,
            "currency": "EUR",
            "valueInCents": -41
        }
    },
    {
        "id": "7238b72b-003c-4e37-adad-1495ae6ca3c9",
        "uuid": "7238b72b-003c-4e37-adad-1495ae6ca3c9",
        "type": "CREDIT",
        "kind": "ADDED_FUNDS",
        "createdAt": "2025-01-25T02:22:15.378Z",
        "updatedAt": "2025-01-25T02:22:15.378Z",
        "amount": {
            "value": 5,
            "currency": "EUR",
            "valueInCents": 500
        }
    },
    {
        "id": "96f07957-19e9-4391-b6ec-aa77e3ad59d6",
        "uuid": "96f07957-19e9-4391-b6ec-aa77e3ad59d6",
        "type": "DEBIT",
        "kind": "PAYMENT_PROCESSOR_FEE",
        "createdAt": "2025-01-11T19:25:30.322Z",
        "updatedAt": "2025-01-11T19:25:30.322Z",
        "amount": {
            "value": -0.9,
            "currency": "EUR",
            "valueInCents": -90
        }
    },
    {
        "id": "b067a919-398f-499b-aa71-bc9f1b521dee",
        "uuid": "b067a919-398f-499b-aa71-bc9f1b521dee",
        "type": "CREDIT",
        "kind": "CONTRIBUTION",
        "createdAt": "2025-01-11T19:25:30.364Z",
        "updatedAt": "2025-01-11T19:25:30.364Z",
        "amount": {
            "value": 20,
            "currency": "EUR",
            "valueInCents": 2000
        }
    },
    {
        "id": "63e4a15c-e12c-4250-83b8-af1062d747e8",
        "uuid": "63e4a15c-e12c-4250-83b8-af1062d747e8",
        "type": "DEBIT",
        "kind": "PAYMENT_PROCESSOR_FEE",
        "createdAt": "2024-12-30T22:02:04.920Z",
        "updatedAt": "2024-12-30T22:02:04.920Z",
        "amount": {
            "value": -0.39,
            "currency": "EUR",
            "valueInCents": -39
        }
    },
    {
        "id": "43b75f27-ac52-4c97-a132-df2a2eb9bbce",
        "uuid": "43b75f27-ac52-4c97-a132-df2a2eb9bbce",
        "type": "CREDIT",
        "kind": "CONTRIBUTION",
        "createdAt": "2024-12-30T22:02:04.952Z",
        "updatedAt": "2024-12-30T22:02:04.952Z",
        "amount": {
            "value": 5,
            "currency": "EUR",
            "valueInCents": 500
        }
    },
    {
        "id": "8757ec77-1768-4a0b-b805-cc759c6dc187",
        "uuid": "8757ec77-1768-4a0b-b805-cc759c6dc187",
        "type": "DEBIT",
        "kind": "PAYMENT_PROCESSOR_FEE",
        "createdAt": "2024-12-29T00:23:37.458Z",
        "updatedAt": "2024-12-29T00:23:37.458Z",
        "amount": {
            "value": -0.33,
            "currency": "EUR",
            "valueInCents": -33
        }
    },
    {
        "id": "61884414-3995-4a99-b6ca-a112756ab6a4",
        "uuid": "61884414-3995-4a99-b6ca-a112756ab6a4",
        "type": "CREDIT",
        "kind": "ADDED_FUNDS",
        "createdAt": "2024-12-29T00:23:37.547Z",
        "updatedAt": "2024-12-29T00:23:37.547Z",
        "amount": {
            "value": 5,
            "currency": "EUR",
            "valueInCents": 500
        }
    },
    {
        "id": "c7a4227b-9c3f-447c-a901-7e469e6d4f30",
        "uuid": "c7a4227b-9c3f-447c-a901-7e469e6d4f30",
        "type": "DEBIT",
        "kind": "EXPENSE",
        "createdAt": "2024-03-13T17:05:44.232Z",
        "updatedAt": "2024-03-13T17:05:44.232Z",
        "amount": {
            "value": -148.06,
            "currency": "EUR",
            "valueInCents": -14806
        }
    },
    {
        "id": "87455455-b828-44c4-816f-5cbcdc1dfb01",
        "uuid": "87455455-b828-44c4-816f-5cbcdc1dfb01",
        "type": "DEBIT",
        "kind": "PAYMENT_PROCESSOR_FEE",
        "createdAt": "2024-03-02T16:41:53.006Z",
        "updatedAt": "2024-03-02T16:41:53.006Z",
        "amount": {
            "value": -0.29,
            "currency": "EUR",
            "valueInCents": -29
        }
    },
    {
        "id": "15ec57b5-422c-46d4-ae1b-b0bc2d0f2cba",
        "uuid": "15ec57b5-422c-46d4-ae1b-b0bc2d0f2cba",
        "type": "CREDIT",
        "kind": "CONTRIBUTION",
        "createdAt": "2024-03-02T16:41:53.019Z",
        "updatedAt": "2024-03-02T16:41:53.019Z",
        "amount": {
            "value": 1,
            "currency": "EUR",
            "valueInCents": 100
        }
    },
    {
        "id": "1a81da20-45e9-4d5f-b792-1fdd52737033",
        "uuid": "1a81da20-45e9-4d5f-b792-1fdd52737033",
        "type": "DEBIT",
        "kind": "PAYMENT_PROCESSOR_FEE",
        "createdAt": "2024-02-25T19:11:42.610Z",
        "updatedAt": "2024-02-25T19:11:42.610Z",
        "amount": {
            "value": -0.61,
            "currency": "EUR",
            "valueInCents": -61
        }
    },
    {
        "id": "42d1ec7c-ab99-4c9c-a943-676014094474",
        "uuid": "42d1ec7c-ab99-4c9c-a943-676014094474",
        "type": "CREDIT",
        "kind": "CONTRIBUTION",
        "createdAt": "2024-02-25T19:11:42.629Z",
        "updatedAt": "2024-02-25T19:11:42.629Z",
        "amount": {
            "value": 10,
            "currency": "EUR",
            "valueInCents": 1000
        }
    },
    {
        "id": "eb6bfbde-2676-4d9d-b4ba-8bd56722115b",
        "uuid": "eb6bfbde-2676-4d9d-b4ba-8bd56722115b",
        "type": "CREDIT",
        "kind": "ADDED_FUNDS",
        "createdAt": "2024-02-05T01:20:52.721Z",
        "updatedAt": "2024-02-05T01:20:52.721Z",
        "amount": {
            "value": 9.11,
            "currency": "EUR",
            "valueInCents": 911
        }
    },
    {
        "id": "40b189bb-7a9a-40fb-93a0-a2b438a102b0",
        "uuid": "40b189bb-7a9a-40fb-93a0-a2b438a102b0",
        "type": "DEBIT",
        "kind": "PAYMENT_PROCESSOR_FEE",
        "createdAt": "2024-02-04T23:28:10.563Z",
        "updatedAt": "2024-02-04T23:28:10.563Z",
        "amount": {
            "value": -1.88,
            "currency": "EUR",
            "valueInCents": -188
        }
    },
    {
        "id": "7112a5a8-ee68-42e7-88f5-ec5ecbc73374",
        "uuid": "7112a5a8-ee68-42e7-88f5-ec5ecbc73374",
        "type": "CREDIT",
        "kind": "CONTRIBUTION",
        "createdAt": "2024-02-04T23:28:10.590Z",
        "updatedAt": "2024-02-04T23:28:10.590Z",
        "amount": {
            "value": 50,
            "currency": "EUR",
            "valueInCents": 5000
        }
    },
    {
        "id": "0212016e-7263-4f19-ac74-affc15b6ec4f",
        "uuid": "0212016e-7263-4f19-ac74-affc15b6ec4f",
        "type": "CREDIT",
        "kind": "ADDED_FUNDS",
        "createdAt": "2024-01-20T14:12:56.703Z",
        "updatedAt": "2024-01-20T14:12:56.703Z",
        "amount": {
            "value": 37.49,
            "currency": "EUR",
            "valueInCents": 3749
        }
    },
    {
        "id": "7f85ed5f-f2c7-4fe3-8416-f847f89d435c",
        "uuid": "7f85ed5f-f2c7-4fe3-8416-f847f89d435c",
        "type": "DEBIT",
        "kind": "PAYMENT_PROCESSOR_FEE",
        "createdAt": "2024-01-16T06:53:42.106Z",
        "updatedAt": "2024-01-16T06:53:42.106Z",
        "amount": {
            "value": -0.81,
            "currency": "EUR",
            "valueInCents": -81
        }
    },
    {
        "id": "6618251a-02d0-4246-accb-a5c124ddf671",
        "uuid": "6618251a-02d0-4246-accb-a5c124ddf671",
        "type": "CREDIT",
        "kind": "CONTRIBUTION",
        "createdAt": "2024-01-16T06:53:42.106Z",
        "updatedAt": "2024-01-16T06:53:42.106Z",
        "amount": {
            "value": 15,
            "currency": "EUR",
            "valueInCents": 1500
        }
    },
    {
        "id": "513924bd-83a3-4aaa-a7c3-b59ab5b11daa",
        "uuid": "513924bd-83a3-4aaa-a7c3-b59ab5b11daa",
        "type": "DEBIT",
        "kind": "PAYMENT_PROCESSOR_FEE",
        "createdAt": "2024-01-09T19:39:27.186Z",
        "updatedAt": "2024-01-09T19:39:27.186Z",
        "amount": {
            "value": -0.4,
            "currency": "EUR",
            "valueInCents": -40
        }
    },
    {
        "id": "090bd7f8-4e9a-46e0-a097-78bdb29a26a0",
        "uuid": "090bd7f8-4e9a-46e0-a097-78bdb29a26a0",
        "type": "CREDIT",
        "kind": "CONTRIBUTION",
        "createdAt": "2024-01-09T19:39:27.186Z",
        "updatedAt": "2024-01-09T19:39:27.186Z",
        "amount": {
            "value": 10,
            "currency": "EUR",
            "valueInCents": 1000
        }
    },
    {
        "id": "627ca1e5-63d0-402d-83b6-8fbeb5017b4c",
        "uuid": "627ca1e5-63d0-402d-83b6-8fbeb5017b4c",
        "type": "CREDIT",
        "kind": "CONTRIBUTION",
        "createdAt": "2023-12-27T12:21:11.828Z",
        "updatedAt": "2023-12-27T12:21:11.828Z",
        "amount": {
            "value": 20,
            "currency": "EUR",
            "valueInCents": 2000
        }
    }
]