[
    {
        "id": "96fd4fd8-7986-4646-b465-02aee92e7edc",
        "uuid": "96fd4fd8-7986-4646-b465-02aee92e7edc",
        "type": "DEBIT",
        "kind": "ADDED_FUNDS",
        "createdAt": "2023-12-15T07:56:18.681Z",
        "updatedAt": "2023-12-15T07:56:18.681Z",
        "amount": {
            "value": -880,
            "currency": "USD",
            "valueInCents": -88000
        }
    },
    {
        "id": "a2de61aa-89bf-4217-9269-4a3e9a075575",
        "uuid": "a2de61aa-89bf-4217-9269-4a3e9a075575",
        "type": "DEBIT",
        "kind": "CONTRIBUTION",
        "createdAt": "2023-12-15T07:56:05.110Z",
        "updatedAt": "2023-12-15T07:56:05.110Z",
        "amount": {
            "value": -15,
            "currency": "USD",
            "valueInCents": -1500
        }
    },
    {
        "id": "d14b6621-643c-4e37-8a1c-9289a1c82e2c",
        "uuid": "d14b6621-643c-4e37-8a1c-9289a1c82e2c",
        "type": "DEBIT",
        "kind": "CONTRIBUTION",
        "createdAt": "2023-12-15T07:56:09.708Z",
        "updatedAt": "2023-12-15T07:56:09.708Z",
        "amount": {
            "value": -300,
            "currency": "USD",
            "valueInCents": -30000
        }
    },
    {
        "id": "1b5a225d-ae80-4f4c-b7a1-c0cf10a5a80b",
        "uuid": "1b5a225d-ae80-4f4c-b7a1-c0cf10a5a80b",
        "type": "DEBIT",
        "kind": "ADDED_FUNDS",
        "createdAt": "2023-12-15T07:56:00.574Z",
        "updatedAt": "2023-12-15T07:56:00.574Z",
        "amount": {
            "value": -300,
            "currency": "USD",
            "valueInCents": -30000
        }
    },
    {
        "id": "6fd751c3-392e-4078-b1ba-27ee7a1f30a9",
        "uuid": "6fd751c3-392e-4078-b1ba-27ee7a1f30a9",
        "type": "DEBIT",
        "kind": "CONTRIBUTION",
        "createdAt": "2023-12-15T07:55:54.869Z",
        "updatedAt": "2023-12-15T07:55:54.869Z",
        "amount": {
            "value": -15,
            "currency": "USD",
            "valueInCents": -1500
        }
    },
    {
        "id": "0749233a-2a25-4cf7-949b-5cc350bf833b",
        "uuid": "0749233a-2a25-4cf7-949b-5cc350bf833b",
        "type": "DEBIT",
        "kind": "ADDED_FUNDS",
        "createdAt": "2023-12-15T07:55:31.173Z",
        "updatedAt": "2023-12-15T07:55:31.173Z",
        "amount": {
            "value": -880,
            "currency": "USD",
            "valueInCents": -88000
        }
    },
    {
        "id": "3cd1d983-f517-4ebb-b013-ae5cb5553ba0",
        "uuid": "3cd1d983-f517-4ebb-b013-ae5cb5553ba0",
        "type": "DEBIT",
        "kind": "ADDED_FUNDS",
        "createdAt": "2023-12-15T07:55:26.291Z",
        "updatedAt": "2023-12-15T07:55:26.291Z",
        "amount": {
            "value": -300,
            "currency": "USD",
            "valueInCents": -30000
        }
    },
    {
        "id": "4b43b1de-0a1f-4bc3-baad-36fb3cf15a4c",
        "uuid": "4b43b1de-0a1f-4bc3-baad-36fb3cf15a4c",
        "type": "DEBIT",
        "kind": "CONTRIBUTION",
        "createdAt": "2023-12-15T07:55:19.042Z",
        "updatedAt": "2023-12-15T07:55:19.042Z",
        "amount": {
            "value": -15,
            "currency": "USD",
            "valueInCents": -1500
        }
    },
    {
        "id": "1dddc290-14a2-44e7-917f-d8c97b6d72a3",
        "uuid": "1dddc290-14a2-44e7-917f-d8c97b6d72a3",
        "type": "DEBIT",
        "kind": "CONTRIBUTION",
        "createdAt": "2023-12-15T07:55:14.810Z",
        "updatedAt": "2023-12-15T07:55:14.810Z",
        "amount": {
            "value": -15,
            "currency": "USD",
            "valueInCents": -1500
        }
    },
    {
        "id": "e15d6ac8-4139-4b1f-89b7-b3ad343aa171",
        "uuid": "e15d6ac8-4139-4b1f-89b7-b3ad343aa171",
        "type": "DEBIT",
        "kind": "CONTRIBUTION",
        "createdAt": "2023-12-15T07:55:09.289Z",
        "updatedAt": "2023-12-15T07:55:09.289Z",
        "amount": {
            "value": -300,
            "currency": "USD",
            "valueInCents": -30000
        }
    },
    {
        "id": "c76d7471-9c13-456f-abe3-898cc0f04f4f",
        "uuid": "c76d7471-9c13-456f-abe3-898cc0f04f4f",
        "type": "DEBIT",
        "kind": "ADDED_FUNDS",
        "createdAt": "2023-12-15T07:55:05.044Z",
        "updatedAt": "2023-12-15T07:55:05.044Z",
        "amount": {
            "value": -300,
            "currency": "USD",
            "valueInCents": -30000
        }
    },
    {
        "id": "fce5821f-b05a-408d-8ebc-b54605de1a94",
        "uuid": "fce5821f-b05a-408d-8ebc-b54605de1a94",
        "type": "DEBIT",
        "kind": "CONTRIBUTION",
        "createdAt": "2023-12-15T07:54:56.863Z",
        "updatedAt": "2023-12-15T07:54:56.863Z",
        "amount": {
            "value": -2500,
            "currency": "USD",
            "valueInCents": -250000
        }
    },
    {
        "id": "58ddc3d9-e190-46c1-ab6d-a8eb95620f39",
        "uuid": "58ddc3d9-e190-46c1-ab6d-a8eb95620f39",
        "type": "DEBIT",
        "kind": "CONTRIBUTION",
        "createdAt": "2023-12-15T07:54:19.304Z",
        "updatedAt": "2023-12-15T07:54:19.304Z",
        "amount": {
            "value": -25,
            "currency": "USD",
            "valueInCents": -2500
        }
    },
    {
        "id": "441d8ab3-1225-4f23-bdb5-27be47f88800",
        "uuid": "441d8ab3-1225-4f23-bdb5-27be47f88800",
        "type": "CREDIT",
        "kind": "CONTRIBUTION",
        "createdAt": "2023-11-02T05:03:03.458Z",
        "updatedAt": "2023-11-02T05:03:03.458Z",
        "amount": {
            "value": 25,
            "currency": "USD",
            "valueInCents": 2500
        }
    },
    {
        "id": "01b6a145-7808-4743-9153-49d1aa10554e",
        "uuid": "01b6a145-7808-4743-9153-49d1aa10554e",
        "type": "CREDIT",
        "kind": "CONTRIBUTION",
        "createdAt": "2023-11-02T05:02:56.976Z",
        "updatedAt": "2023-11-02T05:02:56.976Z",
        "amount": {
            "value": 2500,
            "currency": "USD",
            "valueInCents": 250000
        }
    },
    {
        "id": "71a86e79-4382-446d-b545-467bb2d555de",
        "uuid": "71a86e79-4382-446d-b545-467bb2d555de",
        "type": "CREDIT",
        "kind": "ADDED_FUNDS",
        "createdAt": "2023-11-02T00:29:47.169Z",
        "updatedAt": "2023-11-02T00:29:47.169Z",
        "amount": {
            "value": 300,
            "currency": "USD",
            "valueInCents": 30000
        }
    },
    {
        "id": "128bb257-eaff-4ee0-aa65-3c9b7632cab9",
        "uuid": "128bb257-eaff-4ee0-aa65-3c9b7632cab9",
        "type": "CREDIT",
        "kind": "CONTRIBUTION",
        "createdAt": "2023-10-29T17:47:03.647Z",
        "updatedAt": "2023-10-29T17:47:03.647Z",
        "amount": {
            "value": 300,
            "currency": "USD",
            "valueInCents": 30000
        }
    },
    {
        "id": "90d714da-a43a-489b-8e09-acb6596aea5d",
        "uuid": "90d714da-a43a-489b-8e09-acb6596aea5d",
        "type": "CREDIT",
        "kind": "CONTRIBUTION",
        "createdAt": "2023-10-09T16:16:26.538Z",
        "updatedAt": "2023-10-09T16:16:26.538Z",
        "amount": {
            "value": 15,
            "currency": "USD",
            "valueInCents": 1500
        }
    },
    {
        "id": "6d8c5eb8-a09b-4357-9812-3f19c243710e",
        "uuid": "6d8c5eb8-a09b-4357-9812-3f19c243710e",
        "type": "CREDIT",
        "kind": "CONTRIBUTION",
        "createdAt": "2023-10-09T16:13:17.148Z",
        "updatedAt": "2023-10-09T16:13:17.148Z",
        "amount": {
            "value": 15,
            "currency": "USD",
            "valueInCents": 1500
        }
    },
    {
        "id": "6179367a-0a64-4917-9133-31daeab26508",
        "uuid": "6179367a-0a64-4917-9133-31daeab26508",
        "type": "CREDIT",
        "kind": "ADDED_FUNDS",
        "createdAt": "2023-10-05T00:58:12.495Z",
        "updatedAt": "2023-10-05T00:58:12.495Z",
        "amount": {
            "value": 300,
            "currency": "USD",
            "valueInCents": 30000
        }
    },
    {
        "id": "79c59a81-e10c-4d98-8797-28ead0397231",
        "uuid": "79c59a81-e10c-4d98-8797-28ead0397231",
        "type": "CREDIT",
        "kind": "ADDED_FUNDS",
        "createdAt": "2023-10-02T05:58:10.517Z",
        "updatedAt": "2023-10-02T05:58:10.517Z",
        "amount": {
            "value": 880,
            "currency": "USD",
            "valueInCents": 88000
        }
    },
    {
        "id": "2c595f90-2dc6-4df6-a750-c0a39d978274",
        "uuid": "2c595f90-2dc6-4df6-a750-c0a39d978274",
        "type": "CREDIT",
        "kind": "CONTRIBUTION",
        "createdAt": "2023-10-02T04:23:40.775Z",
        "updatedAt": "2023-10-02T04:23:40.775Z",
        "amount": {
            "value": 15,
            "currency": "USD",
            "valueInCents": 1500
        }
    },
    {
        "id": "ab4f2f62-7a47-4648-b89d-98d702ef586c",
        "uuid": "ab4f2f62-7a47-4648-b89d-98d702ef586c",
        "type": "CREDIT",
        "kind": "ADDED_FUNDS",
        "createdAt": "2023-10-02T04:13:11.646Z",
        "updatedAt": "2023-10-02T04:13:11.646Z",
        "amount": {
            "value": 300,
            "currency": "USD",
            "valueInCents": 30000
        }
    },
    {
        "id": "022e02c7-daef-452f-8f55-6593b0888c22",
        "uuid": "022e02c7-daef-452f-8f55-6593b0888c22",
        "type": "CREDIT",
        "kind": "CONTRIBUTION",
        "createdAt": "2023-09-10T18:32:28.384Z",
        "updatedAt": "2023-09-10T18:32:28.384Z",
        "amount": {
            "value": 15,
            "currency": "USD",
            "valueInCents": 1500
        }
    },
    {
        "id": "0986e0b3-c4ed-4ad7-983e-7f85672816da",
        "uuid": "0986e0b3-c4ed-4ad7-983e-7f85672816da",
        "type": "CREDIT",
        "kind": "CONTRIBUTION",
        "createdAt": "2023-09-10T18:32:20.927Z",
        "updatedAt": "2023-09-10T18:32:20.927Z",
        "amount": {
            "value": 300,
            "currency": "USD",
            "valueInCents": 30000
        }
    },
    {
        "id": "09472462-85b7-4669-a0c6-26252a648a9a",
        "uuid": "09472462-85b7-4669-a0c6-26252a648a9a",
        "type": "DEBIT",
        "kind": "ADDED_FUNDS",
        "createdAt": "2023-09-06T01:38:14.739Z",
        "updatedAt": "2023-09-06T01:38:14.739Z",
        "amount": {
            "value": -1700,
            "currency": "USD",
            "valueInCents": -170000
        }
    },
    {
        "id": "6afcfc38-44f3-4b94-80a5-e84d8224efd7",
        "uuid": "6afcfc38-44f3-4b94-80a5-e84d8224efd7",
        "type": "CREDIT",
        "kind": "ADDED_FUNDS",
        "createdAt": "2023-09-06T00:42:32.540Z",
        "updatedAt": "2023-09-06T00:42:32.540Z",
        "amount": {
            "value": 1700,
            "currency": "USD",
            "valueInCents": 170000
        }
    },
    {
        "id": "8051be29-d414-41cc-b3d6-b49a33fc58b2",
        "uuid": "8051be29-d414-41cc-b3d6-b49a33fc58b2",
        "type": "CREDIT",
        "kind": "ADDED_FUNDS",
        "createdAt": "2023-09-04T14:59:34.235Z",
        "updatedAt": "2023-09-04T14:59:34.235Z",
        "amount": {
            "value": 880,
            "currency": "USD",
            "valueInCents": 88000
        }
    },
    {
        "id": "e2f78a6e-fff1-45a8-a657-5e93324cfa11",
        "uuid": "e2f78a6e-fff1-45a8-a657-5e93324cfa11",
        "type": "DEBIT",
        "kind": "ADDED_FUNDS",
        "createdAt": "2023-08-30T00:49:21.546Z",
        "updatedAt": "2023-08-30T00:49:21.546Z",
        "amount": {
            "value": -85,
            "currency": "USD",
            "valueInCents": -8500
        }
    },
    {
        "id": "69bbad74-ecf9-4212-aefa-e6e3e1cf3869",
        "uuid": "69bbad74-ecf9-4212-aefa-e6e3e1cf3869",
        "type": "CREDIT",
        "kind": "ADDED_FUNDS",
        "createdAt": "2023-08-29T10:36:09.466Z",
        "updatedAt": "2023-08-29T10:36:09.466Z",
        "amount": {
            "value": 85,
            "currency": "USD",
            "valueInCents": 8500
        }
    },
    {
        "id": "ea6a4c3f-c856-4606-be9e-78b310fc16ca",
        "uuid": "ea6a4c3f-c856-4606-be9e-78b310fc16ca",
        "type": "CREDIT",
        "kind": "ADDED_FUNDS",
        "createdAt": "2023-08-29T10:26:50.232Z",
        "updatedAt": "2023-08-29T10:26:50.232Z",
        "amount": {
            "value": 580,
            "currency": "USD",
            "valueInCents": 58000
        }
    },
    {
        "id": "9ea5f548-7fc3-4369-9735-2423e9a7eb77",
        "uuid": "9ea5f548-7fc3-4369-9735-2423e9a7eb77",
        "type": "CREDIT",
        "kind": "ADDED_FUNDS",
        "createdAt": "2023-08-29T10:23:36.708Z",
        "updatedAt": "2023-08-29T10:23:36.708Z",
        "amount": {
            "value": 300,
            "currency": "USD",
            "valueInCents": 30000
        }
    }
]