[
    {
        "id": "90d7f544-0620-4168-a4a5-44f9abc2b176",
        "uuid": "90d7f544-0620-4168-a4a5-44f9abc2b176",
        "type": "CREDIT",
        "kind": "CONTRIBUTION",
        "createdAt": "2021-06-20T19:43:29.264Z",
        "updatedAt": "2021-06-20T19:43:29.264Z",
        "amount": {
            "value": 15,
            "currency": "USD",
            "valueInCents": 1500
        }
    },
    {
        "id": "211abc4a-bb51-4b2f-b210-013e6550da5e",
        "uuid": "211abc4a-bb51-4b2f-b210-013e6550da5e",
        "type": "CREDIT",
        "kind": "CONTRIBUTION",
        "createdAt": "2021-06-19T12:11:07.636Z",
        "updatedAt": "2021-06-19T12:11:07.636Z",
        "amount": {
            "value": 20,
            "currency": "USD",
            "valueInCents": 2000
        }
    },
    {
        "id": "4554d1c2-177a-4318-8422-d84936077a2c",
        "uuid": "4554d1c2-177a-4318-8422-d84936077a2c",
        "type": "CREDIT",
        "kind": "CONTRIBUTION",
        "createdAt": "2021-04-21T12:22:24.845Z",
        "updatedAt": "2021-04-21T12:22:24.845Z",
        "amount": {
            "value": 2,
            "currency": "USD",
            "valueInCents": 200
        }
    }
]