[
    {
        "id": "6bd3b906-39f5-46fa-a341-6ae9b08329e7",
        "uuid": "6bd3b906-39f5-46fa-a341-6ae9b08329e7",
        "type": "DEBIT",
        "kind": "PAYMENT_PROCESSOR_FEE",
        "createdAt": "2024-06-08T04:37:47.023Z",
        "updatedAt": "2024-06-08T04:37:47.023Z",
        "amount": {
            "value": -1.37,
            "currency": "EUR",
            "valueInCents": -137
        }
    },
    {
        "id": "cbc84a44-63b8-41fb-b0db-455cec1c0e66",
        "uuid": "cbc84a44-63b8-41fb-b0db-455cec1c0e66",
        "type": "CREDIT",
        "kind": "CONTRIBUTION",
        "createdAt": "2024-06-08T04:37:47.045Z",
        "updatedAt": "2024-06-08T04:37:47.045Z",
        "amount": {
            "value": 30,
            "currency": "EUR",
            "valueInCents": 3000
        }
    },
    {
        "id": "6f85b5e9-1908-45a2-a426-75f6654fa6c9",
        "uuid": "6f85b5e9-1908-45a2-a426-75f6654fa6c9",
        "type": "DEBIT",
        "kind": "PAYMENT_PROCESSOR_FEE",
        "createdAt": "2024-04-12T13:18:37.217Z",
        "updatedAt": "2024-04-12T13:18:37.217Z",
        "amount": {
            "value": -0.62,
            "currency": "EUR",
            "valueInCents": -62
        }
    },
    {
        "id": "9d854f32-f5a1-4a38-bbc9-dfdc59e03457",
        "uuid": "9d854f32-f5a1-4a38-bbc9-dfdc59e03457",
        "type": "CREDIT",
        "kind": "CONTRIBUTION",
        "createdAt": "2024-04-12T13:18:37.274Z",
        "updatedAt": "2024-04-12T13:18:37.274Z",
        "amount": {
            "value": 10,
            "currency": "EUR",
            "valueInCents": 1000
        }
    },
    {
        "id": "a85acec9-c0a3-4174-a51a-e84f79292813",
        "uuid": "a85acec9-c0a3-4174-a51a-e84f79292813",
        "type": "DEBIT",
        "kind": "PAYMENT_PROCESSOR_FEE",
        "createdAt": "2024-03-21T15:25:47.613Z",
        "updatedAt": "2024-03-21T15:25:47.613Z",
        "amount": {
            "value": -1.88,
            "currency": "EUR",
            "valueInCents": -188
        }
    },
    {
        "id": "3aebf1dd-65a1-4f00-88ab-405163cd9b53",
        "uuid": "3aebf1dd-65a1-4f00-88ab-405163cd9b53",
        "type": "CREDIT",
        "kind": "CONTRIBUTION",
        "createdAt": "2024-03-21T15:25:47.651Z",
        "updatedAt": "2024-03-21T15:25:47.651Z",
        "amount": {
            "value": 50,
            "currency": "EUR",
            "valueInCents": 5000
        }
    },
    {
        "id": "849f8805-b949-4e43-833a-b33e33d47e57",
        "uuid": "849f8805-b949-4e43-833a-b33e33d47e57",
        "type": "DEBIT",
        "kind": "PAYMENT_PROCESSOR_FEE",
        "createdAt": "2024-03-21T12:25:25.255Z",
        "updatedAt": "2024-03-21T12:25:25.255Z",
        "amount": {
            "value": -0.58,
            "currency": "EUR",
            "valueInCents": -58
        }
    },
    {
        "id": "ec452494-926c-48be-bdf2-0f90fbff261c",
        "uuid": "ec452494-926c-48be-bdf2-0f90fbff261c",
        "type": "CREDIT",
        "kind": "CONTRIBUTION",
        "createdAt": "2024-03-21T12:25:25.278Z",
        "updatedAt": "2024-03-21T12:25:25.278Z",
        "amount": {
            "value": 10,
            "currency": "EUR",
            "valueInCents": 1000
        }
    }
]