[
    {
        "id": "edf214f4-ebc0-4362-864a-c9e09c55a56b",
        "uuid": "edf214f4-ebc0-4362-864a-c9e09c55a56b",
        "type": "DEBIT",
        "kind": "PAYMENT_PROCESSOR_FEE",
        "createdAt": "2024-03-22T03:07:09.306Z",
        "updatedAt": "2024-03-22T03:07:09.306Z",
        "amount": {
            "value": -1.28,
            "currency": "USD",
            "valueInCents": -128
        }
    },
    {
        "id": "ce3351a5-0800-49d1-ac72-26c11f2bcca5",
        "uuid": "ce3351a5-0800-49d1-ac72-26c11f2bcca5",
        "type": "CREDIT",
        "kind": "CONTRIBUTION",
        "createdAt": "2024-03-22T03:07:09.329Z",
        "updatedAt": "2024-03-22T03:07:09.329Z",
        "amount": {
            "value": 22.2,
            "currency": "USD",
            "valueInCents": 2220
        }
    },
    {
        "id": "54f86fda-b15b-44f2-989b-26f7291e1fe0",
        "uuid": "54f86fda-b15b-44f2-989b-26f7291e1fe0",
        "type": "DEBIT",
        "kind": "PAYMENT_PROCESSOR_FEE",
        "createdAt": "2024-03-11T16:19:01.750Z",
        "updatedAt": "2024-03-11T16:19:01.750Z",
        "amount": {
            "value": -0.52,
            "currency": "USD",
            "valueInCents": -52
        }
    },
    {
        "id": "66f0fb3f-126e-4414-b653-d756442e6fd5",
        "uuid": "66f0fb3f-126e-4414-b653-d756442e6fd5",
        "type": "CREDIT",
        "kind": "CONTRIBUTION",
        "createdAt": "2024-03-11T16:19:01.773Z",
        "updatedAt": "2024-03-11T16:19:01.773Z",
        "amount": {
            "value": 5,
            "currency": "USD",
            "valueInCents": 500
        }
    },
    {
        "id": "c07e5934-9464-47c5-aed8-351fb982df1a",
        "uuid": "c07e5934-9464-47c5-aed8-351fb982df1a",
        "type": "DEBIT",
        "kind": "PAYMENT_PROCESSOR_FEE",
        "createdAt": "2024-03-06T20:43:00.904Z",
        "updatedAt": "2024-03-06T20:43:00.904Z",
        "amount": {
            "value": -3.54,
            "currency": "USD",
            "valueInCents": -354
        }
    },
    {
        "id": "3b43e4a2-7320-4103-8c74-df1af8048896",
        "uuid": "3b43e4a2-7320-4103-8c74-df1af8048896",
        "type": "CREDIT",
        "kind": "CONTRIBUTION",
        "createdAt": "2024-03-06T20:43:00.931Z",
        "updatedAt": "2024-03-06T20:43:00.931Z",
        "amount": {
            "value": 73.62,
            "currency": "USD",
            "valueInCents": 7362
        }
    },
    {
        "id": "62352e91-3061-471a-b620-46eb6e74102e",
        "uuid": "62352e91-3061-471a-b620-46eb6e74102e",
        "type": "DEBIT",
        "kind": "PAYMENT_PROCESSOR_FEE",
        "createdAt": "2024-02-14T05:24:19.879Z",
        "updatedAt": "2024-02-14T05:24:19.879Z",
        "amount": {
            "value": -0.55,
            "currency": "USD",
            "valueInCents": -55
        }
    },
    {
        "id": "9e58edce-819a-45bc-bb1e-7bca3ed32ede",
        "uuid": "9e58edce-819a-45bc-bb1e-7bca3ed32ede",
        "type": "CREDIT",
        "kind": "CONTRIBUTION",
        "createdAt": "2024-02-14T05:24:19.900Z",
        "updatedAt": "2024-02-14T05:24:19.900Z",
        "amount": {
            "value": 5,
            "currency": "USD",
            "valueInCents": 500
        }
    },
    {
        "id": "413a4491-8a5e-4b0b-af63-d25af9b782da",
        "uuid": "413a4491-8a5e-4b0b-af63-d25af9b782da",
        "type": "DEBIT",
        "kind": "PAYMENT_PROCESSOR_FEE",
        "createdAt": "2024-02-04T03:15:42.921Z",
        "updatedAt": "2024-02-04T03:15:42.921Z",
        "amount": {
            "value": -1.4,
            "currency": "USD",
            "valueInCents": -140
        }
    },
    {
        "id": "968fdb5f-cfc9-43da-b7ef-908b41e4d259",
        "uuid": "968fdb5f-cfc9-43da-b7ef-908b41e4d259",
        "type": "CREDIT",
        "kind": "CONTRIBUTION",
        "createdAt": "2024-02-04T03:15:42.943Z",
        "updatedAt": "2024-02-04T03:15:42.943Z",
        "amount": {
            "value": 25,
            "currency": "USD",
            "valueInCents": 2500
        }
    },
    {
        "id": "801c41ee-bf6a-404c-978e-a023487175cd",
        "uuid": "801c41ee-bf6a-404c-978e-a023487175cd",
        "type": "DEBIT",
        "kind": "PAYMENT_PROCESSOR_FEE",
        "createdAt": "2024-01-30T19:09:55.542Z",
        "updatedAt": "2024-01-30T19:09:55.542Z",
        "amount": {
            "value": -0.59,
            "currency": "USD",
            "valueInCents": -59
        }
    },
    {
        "id": "e0999493-5186-48e8-bbee-e0bfa43e0177",
        "uuid": "e0999493-5186-48e8-bbee-e0bfa43e0177",
        "type": "CREDIT",
        "kind": "CONTRIBUTION",
        "createdAt": "2024-01-30T19:09:55.566Z",
        "updatedAt": "2024-01-30T19:09:55.566Z",
        "amount": {
            "value": 10,
            "currency": "USD",
            "valueInCents": 1000
        }
    },
    {
        "id": "fd61be70-aeab-4e6c-9ee3-8a4dc6acc805",
        "uuid": "fd61be70-aeab-4e6c-9ee3-8a4dc6acc805",
        "type": "DEBIT",
        "kind": "PAYMENT_PROCESSOR_FEE",
        "createdAt": "2024-01-29T18:19:00.691Z",
        "updatedAt": "2024-01-29T18:19:00.691Z",
        "amount": {
            "value": -0.52,
            "currency": "USD",
            "valueInCents": -52
        }
    },
    {
        "id": "808c1f19-9ac0-482e-b9fd-31a1589db26d",
        "uuid": "808c1f19-9ac0-482e-b9fd-31a1589db26d",
        "type": "CREDIT",
        "kind": "CONTRIBUTION",
        "createdAt": "2024-01-29T18:19:00.713Z",
        "updatedAt": "2024-01-29T18:19:00.713Z",
        "amount": {
            "value": 5,
            "currency": "USD",
            "valueInCents": 500
        }
    },
    {
        "id": "69bf2fe5-a6ff-443c-a5ff-f93103223237",
        "uuid": "69bf2fe5-a6ff-443c-a5ff-f93103223237",
        "type": "DEBIT",
        "kind": "PAYMENT_PROCESSOR_FEE",
        "createdAt": "2024-01-28T07:54:14.781Z",
        "updatedAt": "2024-01-28T07:54:14.781Z",
        "amount": {
            "value": -0.55,
            "currency": "USD",
            "valueInCents": -55
        }
    },
    {
        "id": "9ebd7ed4-bcf8-45fb-808d-ada7adc8a9dc",
        "uuid": "9ebd7ed4-bcf8-45fb-808d-ada7adc8a9dc",
        "type": "CREDIT",
        "kind": "CONTRIBUTION",
        "createdAt": "2024-01-28T07:54:14.805Z",
        "updatedAt": "2024-01-28T07:54:14.805Z",
        "amount": {
            "value": 5,
            "currency": "USD",
            "valueInCents": 500
        }
    },
    {
        "id": "3b33137b-94ac-4675-a236-b67b91373b34",
        "uuid": "3b33137b-94ac-4675-a236-b67b91373b34",
        "type": "DEBIT",
        "kind": "PAYMENT_PROCESSOR_FEE",
        "createdAt": "2024-01-19T16:58:45.302Z",
        "updatedAt": "2024-01-19T16:58:45.302Z",
        "amount": {
            "value": -0.47,
            "currency": "USD",
            "valueInCents": -47
        }
    },
    {
        "id": "efd4626c-db37-4aba-ad0d-78125010be10",
        "uuid": "efd4626c-db37-4aba-ad0d-78125010be10",
        "type": "CREDIT",
        "kind": "CONTRIBUTION",
        "createdAt": "2024-01-19T16:58:45.302Z",
        "updatedAt": "2024-01-19T16:58:45.302Z",
        "amount": {
            "value": 5,
            "currency": "USD",
            "valueInCents": 500
        }
    },
    {
        "id": "0ad6649a-ec13-4cf8-b77f-81906cfcdcae",
        "uuid": "0ad6649a-ec13-4cf8-b77f-81906cfcdcae",
        "type": "DEBIT",
        "kind": "PAYMENT_PROCESSOR_FEE",
        "createdAt": "2024-01-16T21:51:40.571Z",
        "updatedAt": "2024-01-16T21:51:40.571Z",
        "amount": {
            "value": -1.78,
            "currency": "USD",
            "valueInCents": -178
        }
    },
    {
        "id": "848fb529-363f-45d4-8bb2-c964fa51356d",
        "uuid": "848fb529-363f-45d4-8bb2-c964fa51356d",
        "type": "CREDIT",
        "kind": "CONTRIBUTION",
        "createdAt": "2024-01-16T21:51:40.571Z",
        "updatedAt": "2024-01-16T21:51:40.571Z",
        "amount": {
            "value": 50,
            "currency": "USD",
            "valueInCents": 5000
        }
    },
    {
        "id": "0b4a49a8-6072-42b4-b1a5-381d0b634998",
        "uuid": "0b4a49a8-6072-42b4-b1a5-381d0b634998",
        "type": "DEBIT",
        "kind": "PAYMENT_PROCESSOR_FEE",
        "createdAt": "2024-01-14T05:12:23.438Z",
        "updatedAt": "2024-01-14T05:12:23.438Z",
        "amount": {
            "value": -0.47,
            "currency": "USD",
            "valueInCents": -47
        }
    },
    {
        "id": "93210701-0062-4e76-9a46-8e76d6f1035e",
        "uuid": "93210701-0062-4e76-9a46-8e76d6f1035e",
        "type": "CREDIT",
        "kind": "CONTRIBUTION",
        "createdAt": "2024-01-14T05:12:23.438Z",
        "updatedAt": "2024-01-14T05:12:23.438Z",
        "amount": {
            "value": 5,
            "currency": "USD",
            "valueInCents": 500
        }
    },
    {
        "id": "b47cea21-7701-43d3-8c9a-939c969bf3d7",
        "uuid": "b47cea21-7701-43d3-8c9a-939c969bf3d7",
        "type": "DEBIT",
        "kind": "PAYMENT_PROCESSOR_FEE",
        "createdAt": "2024-01-14T05:11:25.640Z",
        "updatedAt": "2024-01-14T05:11:25.640Z",
        "amount": {
            "value": -0.47,
            "currency": "USD",
            "valueInCents": -47
        }
    },
    {
        "id": "543a5ed9-50b3-4182-99d5-dce4597e6a99",
        "uuid": "543a5ed9-50b3-4182-99d5-dce4597e6a99",
        "type": "CREDIT",
        "kind": "CONTRIBUTION",
        "createdAt": "2024-01-14T05:11:25.640Z",
        "updatedAt": "2024-01-14T05:11:25.640Z",
        "amount": {
            "value": 5,
            "currency": "USD",
            "valueInCents": 500
        }
    },
    {
        "id": "3a2575a1-4ccf-4692-a037-7ebb6c0347bc",
        "uuid": "3a2575a1-4ccf-4692-a037-7ebb6c0347bc",
        "type": "DEBIT",
        "kind": "PAYMENT_PROCESSOR_FEE",
        "createdAt": "2024-01-13T19:19:44.544Z",
        "updatedAt": "2024-01-13T19:19:44.544Z",
        "amount": {
            "value": -0.45,
            "currency": "USD",
            "valueInCents": -45
        }
    },
    {
        "id": "7cb7a6de-200a-4338-b3b4-2e20d7f2b01c",
        "uuid": "7cb7a6de-200a-4338-b3b4-2e20d7f2b01c",
        "type": "CREDIT",
        "kind": "CONTRIBUTION",
        "createdAt": "2024-01-13T19:19:44.544Z",
        "updatedAt": "2024-01-13T19:19:44.544Z",
        "amount": {
            "value": 5,
            "currency": "USD",
            "valueInCents": 500
        }
    },
    {
        "id": "a4aabf16-9690-48f6-a9f2-7ecaab42ef9e",
        "uuid": "a4aabf16-9690-48f6-a9f2-7ecaab42ef9e",
        "type": "DEBIT",
        "kind": "PAYMENT_PROCESSOR_FEE",
        "createdAt": "2024-01-13T17:00:56.117Z",
        "updatedAt": "2024-01-13T17:00:56.117Z",
        "amount": {
            "value": -0.63,
            "currency": "USD",
            "valueInCents": -63
        }
    },
    {
        "id": "30f305a9-e80f-40f2-8a1b-33fbe8077600",
        "uuid": "30f305a9-e80f-40f2-8a1b-33fbe8077600",
        "type": "CREDIT",
        "kind": "CONTRIBUTION",
        "createdAt": "2024-01-13T17:00:56.117Z",
        "updatedAt": "2024-01-13T17:00:56.117Z",
        "amount": {
            "value": 10,
            "currency": "USD",
            "valueInCents": 1000
        }
    },
    {
        "id": "942d3cc3-ea8d-4c45-a1e3-147302b13bb8",
        "uuid": "942d3cc3-ea8d-4c45-a1e3-147302b13bb8",
        "type": "DEBIT",
        "kind": "PAYMENT_PROCESSOR_FEE",
        "createdAt": "2024-01-13T16:44:04.589Z",
        "updatedAt": "2024-01-13T16:44:04.589Z",
        "amount": {
            "value": -0.55,
            "currency": "USD",
            "valueInCents": -55
        }
    },
    {
        "id": "6b5afb25-b7d8-489f-8e13-04dcb3e4e707",
        "uuid": "6b5afb25-b7d8-489f-8e13-04dcb3e4e707",
        "type": "CREDIT",
        "kind": "CONTRIBUTION",
        "createdAt": "2024-01-13T16:44:04.589Z",
        "updatedAt": "2024-01-13T16:44:04.589Z",
        "amount": {
            "value": 5.73,
            "currency": "USD",
            "valueInCents": 573
        }
    },
    {
        "id": "747ea59a-9410-49e2-a5ef-a80e909218a3",
        "uuid": "747ea59a-9410-49e2-a5ef-a80e909218a3",
        "type": "DEBIT",
        "kind": "PAYMENT_PROCESSOR_FEE",
        "createdAt": "2024-01-13T14:38:39.823Z",
        "updatedAt": "2024-01-13T14:38:39.823Z",
        "amount": {
            "value": -2.5,
            "currency": "USD",
            "valueInCents": -250
        }
    },
    {
        "id": "a920c0cb-5985-4dba-9a07-f04ea96211e1",
        "uuid": "a920c0cb-5985-4dba-9a07-f04ea96211e1",
        "type": "CREDIT",
        "kind": "CONTRIBUTION",
        "createdAt": "2024-01-13T14:38:39.823Z",
        "updatedAt": "2024-01-13T14:38:39.823Z",
        "amount": {
            "value": 50,
            "currency": "USD",
            "valueInCents": 5000
        }
    },
    {
        "id": "e45e4c98-b24a-4986-9a01-b5eaccf61338",
        "uuid": "e45e4c98-b24a-4986-9a01-b5eaccf61338",
        "type": "DEBIT",
        "kind": "PAYMENT_PROCESSOR_FEE",
        "createdAt": "2024-01-13T14:36:25.781Z",
        "updatedAt": "2024-01-13T14:36:25.781Z",
        "amount": {
            "value": -2.5,
            "currency": "USD",
            "valueInCents": -250
        }
    },
    {
        "id": "6b026b0c-633a-4476-9497-4177cd1b7a2d",
        "uuid": "6b026b0c-633a-4476-9497-4177cd1b7a2d",
        "type": "CREDIT",
        "kind": "CONTRIBUTION",
        "createdAt": "2024-01-13T14:36:25.781Z",
        "updatedAt": "2024-01-13T14:36:25.781Z",
        "amount": {
            "value": 50,
            "currency": "USD",
            "valueInCents": 5000
        }
    },
    {
        "id": "d4cdfdf1-c6ea-439d-8138-3f5d0492856a",
        "uuid": "d4cdfdf1-c6ea-439d-8138-3f5d0492856a",
        "type": "DEBIT",
        "kind": "PAYMENT_PROCESSOR_FEE",
        "createdAt": "2024-01-13T00:39:45.848Z",
        "updatedAt": "2024-01-13T00:39:45.848Z",
        "amount": {
            "value": -0.74,
            "currency": "USD",
            "valueInCents": -74
        }
    },
    {
        "id": "3d7237ff-7db9-4278-8424-669a2688570d",
        "uuid": "3d7237ff-7db9-4278-8424-669a2688570d",
        "type": "CREDIT",
        "kind": "CONTRIBUTION",
        "createdAt": "2024-01-13T00:39:45.848Z",
        "updatedAt": "2024-01-13T00:39:45.848Z",
        "amount": {
            "value": 10,
            "currency": "USD",
            "valueInCents": 1000
        }
    },
    {
        "id": "5b9d1f0e-381f-4916-99b6-3eb554accec5",
        "uuid": "5b9d1f0e-381f-4916-99b6-3eb554accec5",
        "type": "DEBIT",
        "kind": "PAYMENT_PROCESSOR_FEE",
        "createdAt": "2024-01-13T00:24:24.859Z",
        "updatedAt": "2024-01-13T00:24:24.859Z",
        "amount": {
            "value": -0.52,
            "currency": "USD",
            "valueInCents": -52
        }
    },
    {
        "id": "955d1332-6315-4746-9ff5-f05ddfe1fa14",
        "uuid": "955d1332-6315-4746-9ff5-f05ddfe1fa14",
        "type": "CREDIT",
        "kind": "CONTRIBUTION",
        "createdAt": "2024-01-13T00:24:24.859Z",
        "updatedAt": "2024-01-13T00:24:24.859Z",
        "amount": {
            "value": 5,
            "currency": "USD",
            "valueInCents": 500
        }
    },
    {
        "id": "4831df1a-f8cd-4bad-a72f-d8ef9adf22c5",
        "uuid": "4831df1a-f8cd-4bad-a72f-d8ef9adf22c5",
        "type": "DEBIT",
        "kind": "PAYMENT_PROCESSOR_FEE",
        "createdAt": "2024-01-12T21:28:33.994Z",
        "updatedAt": "2024-01-12T21:28:33.994Z",
        "amount": {
            "value": -1.75,
            "currency": "USD",
            "valueInCents": -175
        }
    },
    {
        "id": "cea2e901-1898-4452-b1fe-a490e9061b4f",
        "uuid": "cea2e901-1898-4452-b1fe-a490e9061b4f",
        "type": "CREDIT",
        "kind": "CONTRIBUTION",
        "createdAt": "2024-01-12T21:28:33.994Z",
        "updatedAt": "2024-01-12T21:28:33.994Z",
        "amount": {
            "value": 50,
            "currency": "USD",
            "valueInCents": 5000
        }
    },
    {
        "id": "8f737420-b2f9-4e62-9beb-85cece7e6f3f",
        "uuid": "8f737420-b2f9-4e62-9beb-85cece7e6f3f",
        "type": "DEBIT",
        "kind": "PAYMENT_PROCESSOR_FEE",
        "createdAt": "2024-01-12T21:25:08.078Z",
        "updatedAt": "2024-01-12T21:25:08.078Z",
        "amount": {
            "value": -3.2,
            "currency": "USD",
            "valueInCents": -320
        }
    },
    {
        "id": "9d1568d7-f7b8-408b-a3db-ede806afdfee",
        "uuid": "9d1568d7-f7b8-408b-a3db-ede806afdfee",
        "type": "CREDIT",
        "kind": "CONTRIBUTION",
        "createdAt": "2024-01-12T21:25:08.078Z",
        "updatedAt": "2024-01-12T21:25:08.078Z",
        "amount": {
            "value": 100,
            "currency": "USD",
            "valueInCents": 10000
        }
    },
    {
        "id": "e53c31db-4bf5-48ae-ad4b-c98b578f2e4f",
        "uuid": "e53c31db-4bf5-48ae-ad4b-c98b578f2e4f",
        "type": "DEBIT",
        "kind": "PAYMENT_PROCESSOR_FEE",
        "createdAt": "2024-01-12T21:09:10.991Z",
        "updatedAt": "2024-01-12T21:09:10.991Z",
        "amount": {
            "value": -3.16,
            "currency": "USD",
            "valueInCents": -316
        }
    },
    {
        "id": "1db0ecf5-b58e-456d-9f54-b18f81eca377",
        "uuid": "1db0ecf5-b58e-456d-9f54-b18f81eca377",
        "type": "CREDIT",
        "kind": "CONTRIBUTION",
        "createdAt": "2024-01-12T21:09:10.991Z",
        "updatedAt": "2024-01-12T21:09:10.991Z",
        "amount": {
            "value": 65,
            "currency": "USD",
            "valueInCents": 6500
        }
    },
    {
        "id": "f733f03a-26c1-4ac1-9b1d-05088078f82d",
        "uuid": "f733f03a-26c1-4ac1-9b1d-05088078f82d",
        "type": "DEBIT",
        "kind": "PAYMENT_PROCESSOR_FEE",
        "createdAt": "2024-01-12T21:08:09.849Z",
        "updatedAt": "2024-01-12T21:08:09.849Z",
        "amount": {
            "value": -3.16,
            "currency": "USD",
            "valueInCents": -316
        }
    },
    {
        "id": "bc6846a4-6b90-40b4-b6a0-69b964ccd6f6",
        "uuid": "bc6846a4-6b90-40b4-b6a0-69b964ccd6f6",
        "type": "CREDIT",
        "kind": "CONTRIBUTION",
        "createdAt": "2024-01-12T21:08:09.849Z",
        "updatedAt": "2024-01-12T21:08:09.849Z",
        "amount": {
            "value": 65,
            "currency": "USD",
            "valueInCents": 6500
        }
    },
    {
        "id": "b09938e3-f2f1-4c63-bfd8-d118c26b3cdb",
        "uuid": "b09938e3-f2f1-4c63-bfd8-d118c26b3cdb",
        "type": "DEBIT",
        "kind": "PAYMENT_PROCESSOR_FEE",
        "createdAt": "2024-01-12T20:22:20.394Z",
        "updatedAt": "2024-01-12T20:22:20.394Z",
        "amount": {
            "value": -1.03,
            "currency": "USD",
            "valueInCents": -103
        }
    },
    {
        "id": "355028bc-d867-4f5c-a7cf-5c187da0f5f0",
        "uuid": "355028bc-d867-4f5c-a7cf-5c187da0f5f0",
        "type": "CREDIT",
        "kind": "CONTRIBUTION",
        "createdAt": "2024-01-12T20:22:20.394Z",
        "updatedAt": "2024-01-12T20:22:20.394Z",
        "amount": {
            "value": 25,
            "currency": "USD",
            "valueInCents": 2500
        }
    },
    {
        "id": "424edd6c-9d6e-44dc-b731-b4380cabe017",
        "uuid": "424edd6c-9d6e-44dc-b731-b4380cabe017",
        "type": "DEBIT",
        "kind": "PAYMENT_PROCESSOR_FEE",
        "createdAt": "2024-01-12T19:56:57.666Z",
        "updatedAt": "2024-01-12T19:56:57.666Z",
        "amount": {
            "value": -1.4,
            "currency": "USD",
            "valueInCents": -140
        }
    },
    {
        "id": "b3c91b77-52c9-4d7a-8caf-f33f871288b2",
        "uuid": "b3c91b77-52c9-4d7a-8caf-f33f871288b2",
        "type": "CREDIT",
        "kind": "CONTRIBUTION",
        "createdAt": "2024-01-12T19:56:57.666Z",
        "updatedAt": "2024-01-12T19:56:57.666Z",
        "amount": {
            "value": 25,
            "currency": "USD",
            "valueInCents": 2500
        }
    },
    {
        "id": "d0b9903f-3d51-4a5b-866b-476512e2506b",
        "uuid": "d0b9903f-3d51-4a5b-866b-476512e2506b",
        "type": "DEBIT",
        "kind": "PAYMENT_PROCESSOR_FEE",
        "createdAt": "2024-01-12T19:52:27.023Z",
        "updatedAt": "2024-01-12T19:52:27.023Z",
        "amount": {
            "value": -3.2,
            "currency": "USD",
            "valueInCents": -320
        }
    },
    {
        "id": "f7dd7b45-b8da-4a3e-8b3f-46a14e5e9186",
        "uuid": "f7dd7b45-b8da-4a3e-8b3f-46a14e5e9186",
        "type": "CREDIT",
        "kind": "CONTRIBUTION",
        "createdAt": "2024-01-12T19:52:27.023Z",
        "updatedAt": "2024-01-12T19:52:27.023Z",
        "amount": {
            "value": 100,
            "currency": "USD",
            "valueInCents": 10000
        }
    },
    {
        "id": "5ed3ddd3-0850-4c4b-898d-8b130feafa5b",
        "uuid": "5ed3ddd3-0850-4c4b-898d-8b130feafa5b",
        "type": "DEBIT",
        "kind": "PAYMENT_PROCESSOR_FEE",
        "createdAt": "2024-01-12T19:49:44.508Z",
        "updatedAt": "2024-01-12T19:49:44.508Z",
        "amount": {
            "value": -9,
            "currency": "USD",
            "valueInCents": -900
        }
    },
    {
        "id": "825f0ebc-081f-49c2-914b-bd0f15fad9d7",
        "uuid": "825f0ebc-081f-49c2-914b-bd0f15fad9d7",
        "type": "CREDIT",
        "kind": "CONTRIBUTION",
        "createdAt": "2024-01-12T19:49:44.508Z",
        "updatedAt": "2024-01-12T19:49:44.508Z",
        "amount": {
            "value": 300,
            "currency": "USD",
            "valueInCents": 30000
        }
    },
    {
        "id": "509ab633-3939-49a2-98ba-ca0f3ae2efd3",
        "uuid": "509ab633-3939-49a2-98ba-ca0f3ae2efd3",
        "type": "DEBIT",
        "kind": "PAYMENT_PROCESSOR_FEE",
        "createdAt": "2024-01-12T19:10:17.217Z",
        "updatedAt": "2024-01-12T19:10:17.217Z",
        "amount": {
            "value": -1.46,
            "currency": "USD",
            "valueInCents": -146
        }
    },
    {
        "id": "7463a3d8-be21-4f32-a18a-8f6931350785",
        "uuid": "7463a3d8-be21-4f32-a18a-8f6931350785",
        "type": "CREDIT",
        "kind": "CONTRIBUTION",
        "createdAt": "2024-01-12T19:10:17.217Z",
        "updatedAt": "2024-01-12T19:10:17.217Z",
        "amount": {
            "value": 40,
            "currency": "USD",
            "valueInCents": 4000
        }
    },
    {
        "id": "4b0411cc-9242-4640-a7bc-50544c5b6533",
        "uuid": "4b0411cc-9242-4640-a7bc-50544c5b6533",
        "type": "DEBIT",
        "kind": "PAYMENT_PROCESSOR_FEE",
        "createdAt": "2024-01-12T18:53:41.342Z",
        "updatedAt": "2024-01-12T18:53:41.342Z",
        "amount": {
            "value": -4.7,
            "currency": "USD",
            "valueInCents": -470
        }
    },
    {
        "id": "2d1e9a6c-28de-4260-8d01-2f798146a863",
        "uuid": "2d1e9a6c-28de-4260-8d01-2f798146a863",
        "type": "CREDIT",
        "kind": "CONTRIBUTION",
        "createdAt": "2024-01-12T18:53:41.342Z",
        "updatedAt": "2024-01-12T18:53:41.342Z",
        "amount": {
            "value": 100,
            "currency": "USD",
            "valueInCents": 10000
        }
    },
    {
        "id": "6b222292-e002-42ac-bf8c-266c3ddfcc08",
        "uuid": "6b222292-e002-42ac-bf8c-266c3ddfcc08",
        "type": "DEBIT",
        "kind": "PAYMENT_PROCESSOR_FEE",
        "createdAt": "2024-01-12T18:47:55.198Z",
        "updatedAt": "2024-01-12T18:47:55.198Z",
        "amount": {
            "value": -0.39,
            "currency": "USD",
            "valueInCents": -39
        }
    },
    {
        "id": "7a40f185-bcbb-4999-a5a6-fd2926fcab75",
        "uuid": "7a40f185-bcbb-4999-a5a6-fd2926fcab75",
        "type": "CREDIT",
        "kind": "CONTRIBUTION",
        "createdAt": "2024-01-12T18:47:55.198Z",
        "updatedAt": "2024-01-12T18:47:55.198Z",
        "amount": {
            "value": 2,
            "currency": "USD",
            "valueInCents": 200
        }
    },
    {
        "id": "bd799ef7-4f83-47ea-9013-d25fa6393418",
        "uuid": "bd799ef7-4f83-47ea-9013-d25fa6393418",
        "type": "DEBIT",
        "kind": "PAYMENT_PROCESSOR_FEE",
        "createdAt": "2024-01-12T18:17:32.302Z",
        "updatedAt": "2024-01-12T18:17:32.302Z",
        "amount": {
            "value": -0.45,
            "currency": "USD",
            "valueInCents": -45
        }
    },
    {
        "id": "31ff5bba-f626-4990-8f2f-2ccb6f7f6ac4",
        "uuid": "31ff5bba-f626-4990-8f2f-2ccb6f7f6ac4",
        "type": "CREDIT",
        "kind": "CONTRIBUTION",
        "createdAt": "2024-01-12T18:17:32.302Z",
        "updatedAt": "2024-01-12T18:17:32.302Z",
        "amount": {
            "value": 5,
            "currency": "USD",
            "valueInCents": 500
        }
    }
]