[
    {
        "id": "5c3b65f7-ed1a-41c6-a099-fd0ceaceeec5",
        "uuid": "5c3b65f7-ed1a-41c6-a099-fd0ceaceeec5",
        "type": "CREDIT",
        "kind": "CONTRIBUTION",
        "createdAt": "2021-04-01T10:44:33.525Z",
        "updatedAt": "2021-04-01T10:44:33.525Z",
        "amount": {
            "value": 2,
            "currency": "USD",
            "valueInCents": 200
        }
    },
    {
        "id": "9ab2975f-71a2-4cb0-aeca-7a9e761050cc",
        "uuid": "9ab2975f-71a2-4cb0-aeca-7a9e761050cc",
        "type": "CREDIT",
        "kind": "CONTRIBUTION",
        "createdAt": "2020-12-28T23:55:00.453Z",
        "updatedAt": "2020-12-28T23:55:00.453Z",
        "amount": {
            "value": 1,
            "currency": "USD",
            "valueInCents": 100
        }
    }
]