[
    {
        "id": "31ac6cf3-51f3-421e-9b04-1f792454bff8",
        "uuid": "31ac6cf3-51f3-421e-9b04-1f792454bff8",
        "type": "DEBIT",
        "kind": "PAYMENT_PROCESSOR_FEE",
        "createdAt": "2024-04-17T23:15:31.885Z",
        "updatedAt": "2024-04-17T23:15:31.885Z",
        "amount": {
            "value": -0.76,
            "currency": "NZD",
            "valueInCents": -76
        }
    },
    {
        "id": "aa8bd7d3-7e2b-4251-a3c6-c4984b29d57c",
        "uuid": "aa8bd7d3-7e2b-4251-a3c6-c4984b29d57c",
        "type": "DEBIT",
        "kind": "EXPENSE",
        "createdAt": "2024-04-17T23:15:31.899Z",
        "updatedAt": "2024-04-17T23:15:31.899Z",
        "amount": {
            "value": -540.5,
            "currency": "NZD",
            "valueInCents": -54050
        }
    },
    {
        "id": "b0be4bd6-fe76-4f9d-9f08-18d537b8587f",
        "uuid": "b0be4bd6-fe76-4f9d-9f08-18d537b8587f",
        "type": "DEBIT",
        "kind": "PAYMENT_PROCESSOR_FEE",
        "createdAt": "2024-03-14T00:15:36.422Z",
        "updatedAt": "2024-03-14T00:15:36.422Z",
        "amount": {
            "value": -0.76,
            "currency": "NZD",
            "valueInCents": -76
        }
    },
    {
        "id": "4a11b9e1-a680-4b17-9daf-b9e53c7191c1",
        "uuid": "4a11b9e1-a680-4b17-9daf-b9e53c7191c1",
        "type": "DEBIT",
        "kind": "EXPENSE",
        "createdAt": "2024-03-14T00:15:36.443Z",
        "updatedAt": "2024-03-14T00:15:36.443Z",
        "amount": {
            "value": -122.96,
            "currency": "NZD",
            "valueInCents": -12296
        }
    },
    {
        "id": "e4380b60-ff83-433a-aa5f-c85395378333",
        "uuid": "e4380b60-ff83-433a-aa5f-c85395378333",
        "type": "DEBIT",
        "kind": "PAYMENT_PROCESSOR_FEE",
        "createdAt": "2024-03-14T00:15:35.675Z",
        "updatedAt": "2024-03-14T00:15:35.675Z",
        "amount": {
            "value": -0.76,
            "currency": "NZD",
            "valueInCents": -76
        }
    },
    {
        "id": "c6415e41-48f4-4991-a729-2a2566aacf8b",
        "uuid": "c6415e41-48f4-4991-a729-2a2566aacf8b",
        "type": "DEBIT",
        "kind": "EXPENSE",
        "createdAt": "2024-03-14T00:15:35.686Z",
        "updatedAt": "2024-03-14T00:15:35.686Z",
        "amount": {
            "value": -94.99,
            "currency": "NZD",
            "valueInCents": -9499
        }
    },
    {
        "id": "17e52a11-58c8-4675-8d9e-75ca45c8198a",
        "uuid": "17e52a11-58c8-4675-8d9e-75ca45c8198a",
        "type": "DEBIT",
        "kind": "PAYMENT_PROCESSOR_FEE",
        "createdAt": "2024-03-14T00:15:36.509Z",
        "updatedAt": "2024-03-14T00:15:36.509Z",
        "amount": {
            "value": -0.76,
            "currency": "NZD",
            "valueInCents": -76
        }
    },
    {
        "id": "33966d8e-7414-427e-8015-6b05716825ed",
        "uuid": "33966d8e-7414-427e-8015-6b05716825ed",
        "type": "DEBIT",
        "kind": "EXPENSE",
        "createdAt": "2024-03-14T00:15:36.520Z",
        "updatedAt": "2024-03-14T00:15:36.520Z",
        "amount": {
            "value": -72.66,
            "currency": "NZD",
            "valueInCents": -7266
        }
    },
    {
        "id": "7c2cac4f-5610-4e92-ab6c-51334e734d3e",
        "uuid": "7c2cac4f-5610-4e92-ab6c-51334e734d3e",
        "type": "DEBIT",
        "kind": "HOST_FEE",
        "createdAt": "2024-02-25T20:03:01.416Z",
        "updatedAt": "2024-02-25T20:03:01.416Z",
        "amount": {
            "value": -8,
            "currency": "NZD",
            "valueInCents": -800
        }
    },
    {
        "id": "493e16ff-b287-4dd1-8f2f-a4de6253b9d8",
        "uuid": "493e16ff-b287-4dd1-8f2f-a4de6253b9d8",
        "type": "CREDIT",
        "kind": "CONTRIBUTION",
        "createdAt": "2024-02-25T20:03:01.432Z",
        "updatedAt": "2024-02-25T20:03:01.432Z",
        "amount": {
            "value": 100,
            "currency": "NZD",
            "valueInCents": 10000
        }
    },
    {
        "id": "73b40333-720f-45f9-b009-0fbdb82d653c",
        "uuid": "73b40333-720f-45f9-b009-0fbdb82d653c",
        "type": "DEBIT",
        "kind": "PAYMENT_PROCESSOR_FEE",
        "createdAt": "2024-02-14T22:15:33.225Z",
        "updatedAt": "2024-02-14T22:15:33.225Z",
        "amount": {
            "value": -0.76,
            "currency": "NZD",
            "valueInCents": -76
        }
    },
    {
        "id": "6786040c-7837-4ded-9b84-a3dec3d89bb7",
        "uuid": "6786040c-7837-4ded-9b84-a3dec3d89bb7",
        "type": "DEBIT",
        "kind": "EXPENSE",
        "createdAt": "2024-02-14T22:15:33.238Z",
        "updatedAt": "2024-02-14T22:15:33.238Z",
        "amount": {
            "value": -1656.69,
            "currency": "NZD",
            "valueInCents": -165669
        }
    },
    {
        "id": "6d3e5f33-934c-4d88-9ace-69ca598350f4",
        "uuid": "6d3e5f33-934c-4d88-9ace-69ca598350f4",
        "type": "DEBIT",
        "kind": "HOST_FEE",
        "createdAt": "2024-02-11T20:24:49.131Z",
        "updatedAt": "2024-02-11T20:24:49.131Z",
        "amount": {
            "value": -4,
            "currency": "NZD",
            "valueInCents": -400
        }
    },
    {
        "id": "4924552c-4dde-4f9e-a073-44fb54639391",
        "uuid": "4924552c-4dde-4f9e-a073-44fb54639391",
        "type": "CREDIT",
        "kind": "CONTRIBUTION",
        "createdAt": "2024-02-11T20:24:49.152Z",
        "updatedAt": "2024-02-11T20:24:49.152Z",
        "amount": {
            "value": 50,
            "currency": "NZD",
            "valueInCents": 5000
        }
    },
    {
        "id": "f32a674b-49df-4e16-9d64-14e5b1514de3",
        "uuid": "f32a674b-49df-4e16-9d64-14e5b1514de3",
        "type": "DEBIT",
        "kind": "HOST_FEE",
        "createdAt": "2024-02-09T19:22:51.468Z",
        "updatedAt": "2024-02-09T19:22:51.468Z",
        "amount": {
            "value": -1.6,
            "currency": "NZD",
            "valueInCents": -160
        }
    },
    {
        "id": "9b18ecbb-54d9-46a4-b5c6-9a9c5dac7464",
        "uuid": "9b18ecbb-54d9-46a4-b5c6-9a9c5dac7464",
        "type": "DEBIT",
        "kind": "PAYMENT_PROCESSOR_FEE",
        "createdAt": "2024-02-09T19:22:51.490Z",
        "updatedAt": "2024-02-09T19:22:51.490Z",
        "amount": {
            "value": -0.92,
            "currency": "NZD",
            "valueInCents": -92
        }
    },
    {
        "id": "58f0533b-e114-401c-9e5a-5ed959b19893",
        "uuid": "58f0533b-e114-401c-9e5a-5ed959b19893",
        "type": "CREDIT",
        "kind": "CONTRIBUTION",
        "createdAt": "2024-02-09T19:22:51.505Z",
        "updatedAt": "2024-02-09T19:22:51.505Z",
        "amount": {
            "value": 20,
            "currency": "NZD",
            "valueInCents": 2000
        }
    },
    {
        "id": "fa29563f-6ea0-4585-ab7b-76b1b297621a",
        "uuid": "fa29563f-6ea0-4585-ab7b-76b1b297621a",
        "type": "DEBIT",
        "kind": "HOST_FEE",
        "createdAt": "2024-02-06T20:22:19.845Z",
        "updatedAt": "2024-02-06T20:22:19.845Z",
        "amount": {
            "value": -4,
            "currency": "NZD",
            "valueInCents": -400
        }
    },
    {
        "id": "40b00c57-0d44-46b7-8ddb-0ac3c681ca3a",
        "uuid": "40b00c57-0d44-46b7-8ddb-0ac3c681ca3a",
        "type": "CREDIT",
        "kind": "CONTRIBUTION",
        "createdAt": "2024-02-06T20:22:19.869Z",
        "updatedAt": "2024-02-06T20:22:19.869Z",
        "amount": {
            "value": 50,
            "currency": "NZD",
            "valueInCents": 5000
        }
    },
    {
        "id": "48fba646-8d8d-43b3-9451-a4de6e0a451d",
        "uuid": "48fba646-8d8d-43b3-9451-a4de6e0a451d",
        "type": "DEBIT",
        "kind": "HOST_FEE",
        "createdAt": "2024-02-06T20:21:47.238Z",
        "updatedAt": "2024-02-06T20:21:47.238Z",
        "amount": {
            "value": -1.6,
            "currency": "NZD",
            "valueInCents": -160
        }
    },
    {
        "id": "488ce682-4b85-47c4-9092-1fe2b77a8abf",
        "uuid": "488ce682-4b85-47c4-9092-1fe2b77a8abf",
        "type": "CREDIT",
        "kind": "CONTRIBUTION",
        "createdAt": "2024-02-06T20:21:47.255Z",
        "updatedAt": "2024-02-06T20:21:47.255Z",
        "amount": {
            "value": 20,
            "currency": "NZD",
            "valueInCents": 2000
        }
    },
    {
        "id": "83a43de8-5f20-4cbf-8f36-e836601702f8",
        "uuid": "83a43de8-5f20-4cbf-8f36-e836601702f8",
        "type": "DEBIT",
        "kind": "HOST_FEE",
        "createdAt": "2024-02-04T06:27:01.424Z",
        "updatedAt": "2024-02-04T06:27:01.424Z",
        "amount": {
            "value": -4,
            "currency": "NZD",
            "valueInCents": -400
        }
    },
    {
        "id": "a3bda41a-c63b-488a-a418-05bed117f07e",
        "uuid": "a3bda41a-c63b-488a-a418-05bed117f07e",
        "type": "DEBIT",
        "kind": "PAYMENT_PROCESSOR_FEE",
        "createdAt": "2024-02-04T06:27:01.452Z",
        "updatedAt": "2024-02-04T06:27:01.452Z",
        "amount": {
            "value": -1.65,
            "currency": "NZD",
            "valueInCents": -165
        }
    },
    {
        "id": "7f64520f-7ff8-4e8a-9c7a-5fdf13a7d71f",
        "uuid": "7f64520f-7ff8-4e8a-9c7a-5fdf13a7d71f",
        "type": "CREDIT",
        "kind": "CONTRIBUTION",
        "createdAt": "2024-02-04T06:27:01.477Z",
        "updatedAt": "2024-02-04T06:27:01.477Z",
        "amount": {
            "value": 50,
            "currency": "NZD",
            "valueInCents": 5000
        }
    },
    {
        "id": "bfb08d92-0acb-4309-bf86-087b41f74e31",
        "uuid": "bfb08d92-0acb-4309-bf86-087b41f74e31",
        "type": "DEBIT",
        "kind": "HOST_FEE",
        "createdAt": "2024-02-02T01:49:18.230Z",
        "updatedAt": "2024-02-02T01:49:18.230Z",
        "amount": {
            "value": -1.6,
            "currency": "NZD",
            "valueInCents": -160
        }
    },
    {
        "id": "8ebbb763-7cdf-4ea5-9903-b3340ab2ff75",
        "uuid": "8ebbb763-7cdf-4ea5-9903-b3340ab2ff75",
        "type": "DEBIT",
        "kind": "PAYMENT_PROCESSOR_FEE",
        "createdAt": "2024-02-02T01:49:18.263Z",
        "updatedAt": "2024-02-02T01:49:18.263Z",
        "amount": {
            "value": -0.92,
            "currency": "NZD",
            "valueInCents": -92
        }
    },
    {
        "id": "622481d7-f726-4501-a205-811deb16e4d7",
        "uuid": "622481d7-f726-4501-a205-811deb16e4d7",
        "type": "CREDIT",
        "kind": "CONTRIBUTION",
        "createdAt": "2024-02-02T01:49:18.277Z",
        "updatedAt": "2024-02-02T01:49:18.277Z",
        "amount": {
            "value": 20,
            "currency": "NZD",
            "valueInCents": 2000
        }
    },
    {
        "id": "47c6ccc4-88f4-4763-a117-65906c62e2dd",
        "uuid": "47c6ccc4-88f4-4763-a117-65906c62e2dd",
        "type": "DEBIT",
        "kind": "PAYMENT_PROCESSOR_FEE",
        "createdAt": "2024-02-01T06:50:16.775Z",
        "updatedAt": "2024-02-01T06:50:16.775Z",
        "amount": {
            "value": -0.76,
            "currency": "NZD",
            "valueInCents": -76
        }
    },
    {
        "id": "65ecaa37-e95e-4dcf-9f23-27d2f74a64b9",
        "uuid": "65ecaa37-e95e-4dcf-9f23-27d2f74a64b9",
        "type": "DEBIT",
        "kind": "EXPENSE",
        "createdAt": "2024-02-01T06:50:16.795Z",
        "updatedAt": "2024-02-01T06:50:16.795Z",
        "amount": {
            "value": -134.68,
            "currency": "NZD",
            "valueInCents": -13468
        }
    },
    {
        "id": "fc34b3e5-eebd-41c7-8332-8ab85bb67a59",
        "uuid": "fc34b3e5-eebd-41c7-8332-8ab85bb67a59",
        "type": "DEBIT",
        "kind": "HOST_FEE",
        "createdAt": "2024-01-31T21:41:49.838Z",
        "updatedAt": "2024-01-31T21:41:49.838Z",
        "amount": {
            "value": -8,
            "currency": "NZD",
            "valueInCents": -800
        }
    },
    {
        "id": "8bdee981-42a7-423d-844a-902d0f957590",
        "uuid": "8bdee981-42a7-423d-844a-902d0f957590",
        "type": "CREDIT",
        "kind": "CONTRIBUTION",
        "createdAt": "2024-01-31T21:41:49.863Z",
        "updatedAt": "2024-01-31T21:41:49.863Z",
        "amount": {
            "value": 100,
            "currency": "NZD",
            "valueInCents": 10000
        }
    },
    {
        "id": "ed108a30-33a2-4f76-96db-46851bc3acd8",
        "uuid": "ed108a30-33a2-4f76-96db-46851bc3acd8",
        "type": "DEBIT",
        "kind": "HOST_FEE",
        "createdAt": "2024-01-30T20:25:22.257Z",
        "updatedAt": "2024-01-30T20:25:22.257Z",
        "amount": {
            "value": -4,
            "currency": "NZD",
            "valueInCents": -400
        }
    },
    {
        "id": "9262d0ad-dec5-4cc3-b4f4-1c96e43dfa0d",
        "uuid": "9262d0ad-dec5-4cc3-b4f4-1c96e43dfa0d",
        "type": "CREDIT",
        "kind": "CONTRIBUTION",
        "createdAt": "2024-01-30T20:25:22.278Z",
        "updatedAt": "2024-01-30T20:25:22.278Z",
        "amount": {
            "value": 50,
            "currency": "NZD",
            "valueInCents": 5000
        }
    },
    {
        "id": "b61808db-fd15-4e52-899c-3efae78c7e52",
        "uuid": "b61808db-fd15-4e52-899c-3efae78c7e52",
        "type": "DEBIT",
        "kind": "HOST_FEE",
        "createdAt": "2024-01-26T05:27:40.494Z",
        "updatedAt": "2024-01-26T05:27:40.494Z",
        "amount": {
            "value": -40,
            "currency": "NZD",
            "valueInCents": -4000
        }
    },
    {
        "id": "72c15a2e-11f2-4177-88af-54599617c4fc",
        "uuid": "72c15a2e-11f2-4177-88af-54599617c4fc",
        "type": "DEBIT",
        "kind": "PAYMENT_PROCESSOR_FEE",
        "createdAt": "2024-01-26T05:27:40.533Z",
        "updatedAt": "2024-01-26T05:27:40.533Z",
        "amount": {
            "value": -13.8,
            "currency": "NZD",
            "valueInCents": -1380
        }
    },
    {
        "id": "7b3e3a24-171d-4793-993c-bbfe016761fd",
        "uuid": "7b3e3a24-171d-4793-993c-bbfe016761fd",
        "type": "CREDIT",
        "kind": "CONTRIBUTION",
        "createdAt": "2024-01-26T05:27:40.573Z",
        "updatedAt": "2024-01-26T05:27:40.573Z",
        "amount": {
            "value": 500,
            "currency": "NZD",
            "valueInCents": 50000
        }
    },
    {
        "id": "bced41a0-6a12-4ab3-be4d-17070af0afd8",
        "uuid": "bced41a0-6a12-4ab3-be4d-17070af0afd8",
        "type": "DEBIT",
        "kind": "HOST_FEE",
        "createdAt": "2024-01-25T21:11:13.298Z",
        "updatedAt": "2024-01-25T21:11:13.298Z",
        "amount": {
            "value": -0.8,
            "currency": "NZD",
            "valueInCents": -80
        }
    },
    {
        "id": "beb5900e-5183-4e8c-9494-18d9044dc1ff",
        "uuid": "beb5900e-5183-4e8c-9494-18d9044dc1ff",
        "type": "DEBIT",
        "kind": "PAYMENT_PROCESSOR_FEE",
        "createdAt": "2024-01-25T21:11:13.324Z",
        "updatedAt": "2024-01-25T21:11:13.324Z",
        "amount": {
            "value": -0.57,
            "currency": "NZD",
            "valueInCents": -57
        }
    },
    {
        "id": "72824155-1f8e-447c-a098-64be513255d0",
        "uuid": "72824155-1f8e-447c-a098-64be513255d0",
        "type": "CREDIT",
        "kind": "CONTRIBUTION",
        "createdAt": "2024-01-25T21:11:13.364Z",
        "updatedAt": "2024-01-25T21:11:13.364Z",
        "amount": {
            "value": 10,
            "currency": "NZD",
            "valueInCents": 1000
        }
    },
    {
        "id": "6f121920-8fdb-4175-a1a0-74a3154dfc1f",
        "uuid": "6f121920-8fdb-4175-a1a0-74a3154dfc1f",
        "type": "DEBIT",
        "kind": "HOST_FEE",
        "createdAt": "2024-01-25T18:47:33.404Z",
        "updatedAt": "2024-01-25T18:47:33.404Z",
        "amount": {
            "value": -1.6,
            "currency": "NZD",
            "valueInCents": -160
        }
    },
    {
        "id": "a8a19ac0-866a-42b4-9b0e-fab3a37b7297",
        "uuid": "a8a19ac0-866a-42b4-9b0e-fab3a37b7297",
        "type": "DEBIT",
        "kind": "PAYMENT_PROCESSOR_FEE",
        "createdAt": "2024-01-25T18:47:33.434Z",
        "updatedAt": "2024-01-25T18:47:33.434Z",
        "amount": {
            "value": -0.89,
            "currency": "NZD",
            "valueInCents": -89
        }
    },
    {
        "id": "f1e3119c-9eaa-41d7-adb2-2bef9a83a677",
        "uuid": "f1e3119c-9eaa-41d7-adb2-2bef9a83a677",
        "type": "CREDIT",
        "kind": "CONTRIBUTION",
        "createdAt": "2024-01-25T18:47:33.457Z",
        "updatedAt": "2024-01-25T18:47:33.457Z",
        "amount": {
            "value": 20,
            "currency": "NZD",
            "valueInCents": 2000
        }
    },
    {
        "id": "a9a571e5-46ad-4220-995f-0c25116f5da1",
        "uuid": "a9a571e5-46ad-4220-995f-0c25116f5da1",
        "type": "DEBIT",
        "kind": "HOST_FEE",
        "createdAt": "2024-01-25T09:09:17.449Z",
        "updatedAt": "2024-01-25T09:09:17.449Z",
        "amount": {
            "value": -8,
            "currency": "NZD",
            "valueInCents": -800
        }
    },
    {
        "id": "b11fd425-9491-47f2-a094-501d1f921ee0",
        "uuid": "b11fd425-9491-47f2-a094-501d1f921ee0",
        "type": "DEBIT",
        "kind": "PAYMENT_PROCESSOR_FEE",
        "createdAt": "2024-01-25T09:09:17.484Z",
        "updatedAt": "2024-01-25T09:09:17.484Z",
        "amount": {
            "value": -3,
            "currency": "NZD",
            "valueInCents": -300
        }
    },
    {
        "id": "f711ece7-e777-45ab-903c-15a221ce7fa2",
        "uuid": "f711ece7-e777-45ab-903c-15a221ce7fa2",
        "type": "CREDIT",
        "kind": "CONTRIBUTION",
        "createdAt": "2024-01-25T09:09:17.510Z",
        "updatedAt": "2024-01-25T09:09:17.510Z",
        "amount": {
            "value": 100,
            "currency": "NZD",
            "valueInCents": 10000
        }
    },
    {
        "id": "a92835d8-3d9b-42f3-8ad1-a156c92ee77e",
        "uuid": "a92835d8-3d9b-42f3-8ad1-a156c92ee77e",
        "type": "DEBIT",
        "kind": "HOST_FEE",
        "createdAt": "2024-01-25T01:59:16.506Z",
        "updatedAt": "2024-01-25T01:59:16.506Z",
        "amount": {
            "value": -0.8,
            "currency": "NZD",
            "valueInCents": -80
        }
    },
    {
        "id": "64b7ae6a-46a9-4291-acb8-0acf23211850",
        "uuid": "64b7ae6a-46a9-4291-acb8-0acf23211850",
        "type": "DEBIT",
        "kind": "PAYMENT_PROCESSOR_FEE",
        "createdAt": "2024-01-25T01:59:16.533Z",
        "updatedAt": "2024-01-25T01:59:16.533Z",
        "amount": {
            "value": -0.57,
            "currency": "NZD",
            "valueInCents": -57
        }
    },
    {
        "id": "2383c68d-331b-4b8a-9c08-b6f2b6b6d8b9",
        "uuid": "2383c68d-331b-4b8a-9c08-b6f2b6b6d8b9",
        "type": "CREDIT",
        "kind": "CONTRIBUTION",
        "createdAt": "2024-01-25T01:59:16.533Z",
        "updatedAt": "2024-01-25T01:59:16.533Z",
        "amount": {
            "value": 10,
            "currency": "NZD",
            "valueInCents": 1000
        }
    },
    {
        "id": "829036c0-5cf0-4c7e-8cc6-cc4fb4021fa1",
        "uuid": "829036c0-5cf0-4c7e-8cc6-cc4fb4021fa1",
        "type": "DEBIT",
        "kind": "HOST_FEE",
        "createdAt": "2024-01-25T01:03:24.379Z",
        "updatedAt": "2024-01-25T01:03:24.379Z",
        "amount": {
            "value": -1.6,
            "currency": "NZD",
            "valueInCents": -160
        }
    },
    {
        "id": "16e1eb74-b22d-4153-ab81-6672f723828c",
        "uuid": "16e1eb74-b22d-4153-ab81-6672f723828c",
        "type": "DEBIT",
        "kind": "PAYMENT_PROCESSOR_FEE",
        "createdAt": "2024-01-25T01:03:24.415Z",
        "updatedAt": "2024-01-25T01:03:24.415Z",
        "amount": {
            "value": -0.92,
            "currency": "NZD",
            "valueInCents": -92
        }
    },
    {
        "id": "1fb02f87-71c6-4c74-bb9e-e3acae468dd3",
        "uuid": "1fb02f87-71c6-4c74-bb9e-e3acae468dd3",
        "type": "CREDIT",
        "kind": "CONTRIBUTION",
        "createdAt": "2024-01-25T01:03:24.415Z",
        "updatedAt": "2024-01-25T01:03:24.415Z",
        "amount": {
            "value": 20,
            "currency": "NZD",
            "valueInCents": 2000
        }
    },
    {
        "id": "7a3e9667-08a0-41c5-b3ef-a6f4ec6bf848",
        "uuid": "7a3e9667-08a0-41c5-b3ef-a6f4ec6bf848",
        "type": "DEBIT",
        "kind": "HOST_FEE",
        "createdAt": "2024-01-24T21:47:18.771Z",
        "updatedAt": "2024-01-24T21:47:18.771Z",
        "amount": {
            "value": -8,
            "currency": "NZD",
            "valueInCents": -800
        }
    },
    {
        "id": "0f7a3c83-6476-4fc8-b451-2e8b40d4ecf7",
        "uuid": "0f7a3c83-6476-4fc8-b451-2e8b40d4ecf7",
        "type": "DEBIT",
        "kind": "PAYMENT_PROCESSOR_FEE",
        "createdAt": "2024-01-24T21:47:18.814Z",
        "updatedAt": "2024-01-24T21:47:18.814Z",
        "amount": {
            "value": -3,
            "currency": "NZD",
            "valueInCents": -300
        }
    },
    {
        "id": "0906413c-d5d2-49bf-8a5c-0d814972851e",
        "uuid": "0906413c-d5d2-49bf-8a5c-0d814972851e",
        "type": "CREDIT",
        "kind": "CONTRIBUTION",
        "createdAt": "2024-01-24T21:47:18.814Z",
        "updatedAt": "2024-01-24T21:47:18.814Z",
        "amount": {
            "value": 100,
            "currency": "NZD",
            "valueInCents": 10000
        }
    },
    {
        "id": "3063faa8-d2a4-4c66-9593-459d957b6720",
        "uuid": "3063faa8-d2a4-4c66-9593-459d957b6720",
        "type": "DEBIT",
        "kind": "HOST_FEE",
        "createdAt": "2024-01-24T20:09:38.038Z",
        "updatedAt": "2024-01-24T20:09:38.038Z",
        "amount": {
            "value": -16,
            "currency": "NZD",
            "valueInCents": -1600
        }
    },
    {
        "id": "d2904a53-6066-469c-97b4-b50eaab6adc9",
        "uuid": "d2904a53-6066-469c-97b4-b50eaab6adc9",
        "type": "CREDIT",
        "kind": "CONTRIBUTION",
        "createdAt": "2024-01-24T20:09:38.060Z",
        "updatedAt": "2024-01-24T20:09:38.060Z",
        "amount": {
            "value": 200,
            "currency": "NZD",
            "valueInCents": 20000
        }
    },
    {
        "id": "9ffb0aa3-b2db-4826-bc0a-4f5b17e4aee6",
        "uuid": "9ffb0aa3-b2db-4826-bc0a-4f5b17e4aee6",
        "type": "DEBIT",
        "kind": "HOST_FEE",
        "createdAt": "2024-01-22T20:47:52.627Z",
        "updatedAt": "2024-01-22T20:47:52.627Z",
        "amount": {
            "value": -120,
            "currency": "NZD",
            "valueInCents": -12000
        }
    },
    {
        "id": "aad3d4d7-f4a7-4478-97d6-7e3418a6da97",
        "uuid": "aad3d4d7-f4a7-4478-97d6-7e3418a6da97",
        "type": "CREDIT",
        "kind": "CONTRIBUTION",
        "createdAt": "2024-01-22T20:47:52.653Z",
        "updatedAt": "2024-01-22T20:47:52.653Z",
        "amount": {
            "value": 1500,
            "currency": "NZD",
            "valueInCents": 150000
        }
    }
]