[
    {
        "id": "f798e14c-e350-4676-87c0-e280901d100d",
        "uuid": "f798e14c-e350-4676-87c0-e280901d100d",
        "type": "CREDIT",
        "kind": "EXPENSE",
        "createdAt": "2024-04-26T19:12:10.307Z",
        "updatedAt": "2024-04-26T19:12:10.307Z",
        "amount": {
            "value": 67.03,
            "currency": "USD",
            "valueInCents": 6703
        }
    },
    {
        "id": "d5ebcf0d-1350-4670-8f59-98c7748b89d7",
        "uuid": "d5ebcf0d-1350-4670-8f59-98c7748b89d7",
        "type": "DEBIT",
        "kind": "EXPENSE",
        "createdAt": "2024-04-26T18:56:09.583Z",
        "updatedAt": "2024-04-26T18:56:09.583Z",
        "amount": {
            "value": -67.03,
            "currency": "USD",
            "valueInCents": -6703
        }
    },
    {
        "id": "8cabe5a2-7fc9-4276-9a4d-75539608893f",
        "uuid": "8cabe5a2-7fc9-4276-9a4d-75539608893f",
        "type": "DEBIT",
        "kind": "PAYMENT_PROCESSOR_FEE",
        "createdAt": "2024-03-03T21:55:34.709Z",
        "updatedAt": "2024-03-03T21:55:34.709Z",
        "amount": {
            "value": -0.63,
            "currency": "USD",
            "valueInCents": -63
        }
    },
    {
        "id": "e2452a7e-fefb-42e2-86d9-8184ec740aa0",
        "uuid": "e2452a7e-fefb-42e2-86d9-8184ec740aa0",
        "type": "CREDIT",
        "kind": "CONTRIBUTION",
        "createdAt": "2024-03-03T21:55:34.730Z",
        "updatedAt": "2024-03-03T21:55:34.730Z",
        "amount": {
            "value": 10,
            "currency": "USD",
            "valueInCents": 1000
        }
    },
    {
        "id": "fc2cea9e-82fc-4b2d-af48-fed098aa5c38",
        "uuid": "fc2cea9e-82fc-4b2d-af48-fed098aa5c38",
        "type": "DEBIT",
        "kind": "PAYMENT_PROCESSOR_FEE",
        "createdAt": "2024-03-03T21:54:18.394Z",
        "updatedAt": "2024-03-03T21:54:18.394Z",
        "amount": {
            "value": -0.59,
            "currency": "USD",
            "valueInCents": -59
        }
    },
    {
        "id": "b3b07a91-7635-4cea-a449-2d38999afd72",
        "uuid": "b3b07a91-7635-4cea-a449-2d38999afd72",
        "type": "CREDIT",
        "kind": "CONTRIBUTION",
        "createdAt": "2024-03-03T21:54:18.415Z",
        "updatedAt": "2024-03-03T21:54:18.415Z",
        "amount": {
            "value": 10,
            "currency": "USD",
            "valueInCents": 1000
        }
    },
    {
        "id": "ad7ed6bb-fe4a-4320-93c4-9d1991b12db2",
        "uuid": "ad7ed6bb-fe4a-4320-93c4-9d1991b12db2",
        "type": "DEBIT",
        "kind": "PAYMENT_PROCESSOR_FEE",
        "createdAt": "2024-01-30T03:18:36.696Z",
        "updatedAt": "2024-01-30T03:18:36.696Z",
        "amount": {
            "value": -1.75,
            "currency": "USD",
            "valueInCents": -175
        }
    },
    {
        "id": "593796fa-40e5-48bc-8555-91525bedd4f5",
        "uuid": "593796fa-40e5-48bc-8555-91525bedd4f5",
        "type": "CREDIT",
        "kind": "CONTRIBUTION",
        "createdAt": "2024-01-30T03:18:36.737Z",
        "updatedAt": "2024-01-30T03:18:36.737Z",
        "amount": {
            "value": 50,
            "currency": "USD",
            "valueInCents": 5000
        }
    }
]