[
    {
        "id": "0ee094e8-28c4-4b60-84c5-4b624acd0572",
        "uuid": "0ee094e8-28c4-4b60-84c5-4b624acd0572",
        "type": "CREDIT",
        "kind": "HOST_FEE",
        "createdAt": "2024-06-07T20:27:26.758Z",
        "updatedAt": "2024-06-07T20:27:26.758Z",
        "amount": {
            "value": 1.5,
            "currency": "USD",
            "valueInCents": 150
        }
    },
    {
        "id": "30d37b33-ff69-4fc1-8485-96ddec9e0441",
        "uuid": "30d37b33-ff69-4fc1-8485-96ddec9e0441",
        "type": "CREDIT",
        "kind": "PAYMENT_PROCESSOR_COVER",
        "createdAt": "2024-06-07T20:27:26.744Z",
        "updatedAt": "2024-06-07T20:27:26.744Z",
        "amount": {
            "value": 1.17,
            "currency": "USD",
            "valueInCents": 117
        }
    },
    {
        "id": "0dd87b10-eecd-4d82-bf6b-b3d8eb67894f",
        "uuid": "0dd87b10-eecd-4d82-bf6b-b3d8eb67894f",
        "type": "DEBIT",
        "kind": "CONTRIBUTION",
        "createdAt": "2024-06-07T20:27:26.803Z",
        "updatedAt": "2024-06-07T20:27:26.803Z",
        "amount": {
            "value": -30,
            "currency": "USD",
            "valueInCents": -3000
        }
    },
    {
        "id": "5c822a3c-439b-4bf9-8793-ce8e8a0f4816",
        "uuid": "5c822a3c-439b-4bf9-8793-ce8e8a0f4816",
        "type": "DEBIT",
        "kind": "HOST_FEE",
        "createdAt": "2023-08-01T14:28:49.711Z",
        "updatedAt": "2023-08-01T14:28:49.711Z",
        "amount": {
            "value": -1.5,
            "currency": "USD",
            "valueInCents": -150
        }
    },
    {
        "id": "c13edd45-7eb5-4eff-8a41-4eb729f6c49f",
        "uuid": "c13edd45-7eb5-4eff-8a41-4eb729f6c49f",
        "type": "CREDIT",
        "kind": "CONTRIBUTION",
        "createdAt": "2023-08-01T14:28:49.737Z",
        "updatedAt": "2023-08-01T14:28:49.737Z",
        "amount": {
            "value": 30,
            "currency": "USD",
            "valueInCents": 3000
        }
    }
]