[
    {
        "id": "31c9dda8-a1e0-4991-86eb-28fb644ba016",
        "uuid": "31c9dda8-a1e0-4991-86eb-28fb644ba016",
        "type": "DEBIT",
        "kind": "EXPENSE",
        "createdAt": "2025-01-24T10:40:26.807Z",
        "updatedAt": "2025-01-24T10:40:26.807Z",
        "amount": {
            "value": -2058.19,
            "currency": "GBP",
            "valueInCents": -205819
        }
    },
    {
        "id": "78a9add5-1a6b-4a1d-8e50-816459536bd0",
        "uuid": "78a9add5-1a6b-4a1d-8e50-816459536bd0",
        "type": "DEBIT",
        "kind": "EXPENSE",
        "createdAt": "2025-01-24T10:40:25.274Z",
        "updatedAt": "2025-01-24T10:40:25.274Z",
        "amount": {
            "value": -53.99,
            "currency": "GBP",
            "valueInCents": -5399
        }
    },
    {
        "id": "707bff90-52bd-440d-90b9-abec2427179b",
        "uuid": "707bff90-52bd-440d-90b9-abec2427179b",
        "type": "DEBIT",
        "kind": "EXPENSE",
        "createdAt": "2025-01-24T10:40:26.980Z",
        "updatedAt": "2025-01-24T10:40:26.980Z",
        "amount": {
            "value": -141.76,
            "currency": "GBP",
            "valueInCents": -14176
        }
    },
    {
        "id": "cb2c4ded-ae3b-421f-8119-a6bb4e4bcf95",
        "uuid": "cb2c4ded-ae3b-421f-8119-a6bb4e4bcf95",
        "type": "DEBIT",
        "kind": "EXPENSE",
        "createdAt": "2025-01-24T10:40:23.130Z",
        "updatedAt": "2025-01-24T10:40:23.130Z",
        "amount": {
            "value": -55,
            "currency": "GBP",
            "valueInCents": -5500
        }
    },
    {
        "id": "c243edd5-09c7-454e-abf5-7bcf94c2d3fa",
        "uuid": "c243edd5-09c7-454e-abf5-7bcf94c2d3fa",
        "type": "DEBIT",
        "kind": "EXPENSE",
        "createdAt": "2025-01-24T10:40:24.477Z",
        "updatedAt": "2025-01-24T10:40:24.477Z",
        "amount": {
            "value": -108.95,
            "currency": "GBP",
            "valueInCents": -10895
        }
    },
    {
        "id": "03bdce98-2ca2-4ab8-9b4a-7938303f16d9",
        "uuid": "03bdce98-2ca2-4ab8-9b4a-7938303f16d9",
        "type": "DEBIT",
        "kind": "EXPENSE",
        "createdAt": "2024-08-16T12:18:05.191Z",
        "updatedAt": "2024-08-16T12:18:05.191Z",
        "amount": {
            "value": -45,
            "currency": "GBP",
            "valueInCents": -4500
        }
    },
    {
        "id": "19565341-63bf-4689-b432-4f927c0842bd",
        "uuid": "19565341-63bf-4689-b432-4f927c0842bd",
        "type": "DEBIT",
        "kind": "EXPENSE",
        "createdAt": "2024-08-16T12:18:06.091Z",
        "updatedAt": "2024-08-16T12:18:06.091Z",
        "amount": {
            "value": -486.27,
            "currency": "GBP",
            "valueInCents": -48627
        }
    },
    {
        "id": "8c94b6e5-9201-46ea-87e6-f838a2e50293",
        "uuid": "8c94b6e5-9201-46ea-87e6-f838a2e50293",
        "type": "DEBIT",
        "kind": "EXPENSE",
        "createdAt": "2024-08-16T12:18:05.843Z",
        "updatedAt": "2024-08-16T12:18:05.843Z",
        "amount": {
            "value": -109.5,
            "currency": "GBP",
            "valueInCents": -10950
        }
    },
    {
        "id": "422ae4fc-b06c-4dcc-b655-50adc9fc8ee0",
        "uuid": "422ae4fc-b06c-4dcc-b655-50adc9fc8ee0",
        "type": "DEBIT",
        "kind": "EXPENSE",
        "createdAt": "2024-08-16T12:18:04.816Z",
        "updatedAt": "2024-08-16T12:18:04.816Z",
        "amount": {
            "value": -468.48,
            "currency": "GBP",
            "valueInCents": -46848
        }
    },
    {
        "id": "8cc09b5c-e55f-41fe-957e-cb218eabe949",
        "uuid": "8cc09b5c-e55f-41fe-957e-cb218eabe949",
        "type": "DEBIT",
        "kind": "EXPENSE",
        "createdAt": "2024-08-14T11:59:26.534Z",
        "updatedAt": "2024-08-14T11:59:26.534Z",
        "amount": {
            "value": -300,
            "currency": "GBP",
            "valueInCents": -30000
        }
    },
    {
        "id": "7bc528e7-c484-411d-b0a1-c9f8f062a44d",
        "uuid": "7bc528e7-c484-411d-b0a1-c9f8f062a44d",
        "type": "DEBIT",
        "kind": "EXPENSE",
        "createdAt": "2024-06-05T11:28:11.473Z",
        "updatedAt": "2024-06-05T11:28:11.473Z",
        "amount": {
            "value": -65.76,
            "currency": "GBP",
            "valueInCents": -6576
        }
    },
    {
        "id": "ffb96856-1e93-43aa-bc16-31053e69cb65",
        "uuid": "ffb96856-1e93-43aa-bc16-31053e69cb65",
        "type": "DEBIT",
        "kind": "EXPENSE",
        "createdAt": "2024-06-05T11:28:14.038Z",
        "updatedAt": "2024-06-05T11:28:14.038Z",
        "amount": {
            "value": -38.36,
            "currency": "GBP",
            "valueInCents": -3836
        }
    },
    {
        "id": "ecc2fabe-e1c2-4a7b-9c24-c94d5c60e0da",
        "uuid": "ecc2fabe-e1c2-4a7b-9c24-c94d5c60e0da",
        "type": "DEBIT",
        "kind": "EXPENSE",
        "createdAt": "2024-06-05T11:28:06.998Z",
        "updatedAt": "2024-06-05T11:28:06.998Z",
        "amount": {
            "value": -11.98,
            "currency": "GBP",
            "valueInCents": -1198
        }
    },
    {
        "id": "329045ee-bd36-4f5a-b9b9-6780394dfc78",
        "uuid": "329045ee-bd36-4f5a-b9b9-6780394dfc78",
        "type": "DEBIT",
        "kind": "EXPENSE",
        "createdAt": "2024-06-05T11:28:10.547Z",
        "updatedAt": "2024-06-05T11:28:10.547Z",
        "amount": {
            "value": -300,
            "currency": "GBP",
            "valueInCents": -30000
        }
    },
    {
        "id": "47d5d7bf-f624-480c-a181-f529f4b0a625",
        "uuid": "47d5d7bf-f624-480c-a181-f529f4b0a625",
        "type": "DEBIT",
        "kind": "EXPENSE",
        "createdAt": "2024-06-05T11:28:04.767Z",
        "updatedAt": "2024-06-05T11:28:04.767Z",
        "amount": {
            "value": -43,
            "currency": "GBP",
            "valueInCents": -4300
        }
    },
    {
        "id": "7d991349-f022-467d-bb45-5f95c9a46ba7",
        "uuid": "7d991349-f022-467d-bb45-5f95c9a46ba7",
        "type": "DEBIT",
        "kind": "EXPENSE",
        "createdAt": "2024-06-05T11:28:04.770Z",
        "updatedAt": "2024-06-05T11:28:04.770Z",
        "amount": {
            "value": -24.98,
            "currency": "GBP",
            "valueInCents": -2498
        }
    },
    {
        "id": "3bc7ada4-7b75-4e1c-8822-006a0feb644d",
        "uuid": "3bc7ada4-7b75-4e1c-8822-006a0feb644d",
        "type": "DEBIT",
        "kind": "EXPENSE",
        "createdAt": "2024-06-05T11:28:04.529Z",
        "updatedAt": "2024-06-05T11:28:04.529Z",
        "amount": {
            "value": -82.2,
            "currency": "GBP",
            "valueInCents": -8220
        }
    },
    {
        "id": "6864edbf-3973-4f72-afc3-f97eedc10196",
        "uuid": "6864edbf-3973-4f72-afc3-f97eedc10196",
        "type": "DEBIT",
        "kind": "EXPENSE",
        "createdAt": "2024-05-22T13:45:35.675Z",
        "updatedAt": "2024-05-22T13:45:35.675Z",
        "amount": {
            "value": -78,
            "currency": "GBP",
            "valueInCents": -7800
        }
    },
    {
        "id": "0727ed22-2544-4f3e-91ef-cd2f27560408",
        "uuid": "0727ed22-2544-4f3e-91ef-cd2f27560408",
        "type": "DEBIT",
        "kind": "EXPENSE",
        "createdAt": "2024-05-22T13:29:12.179Z",
        "updatedAt": "2024-05-22T13:29:12.179Z",
        "amount": {
            "value": -58.98,
            "currency": "GBP",
            "valueInCents": -5898
        }
    },
    {
        "id": "4757aa44-a0c3-462f-88fe-b3f69acb1bd3",
        "uuid": "4757aa44-a0c3-462f-88fe-b3f69acb1bd3",
        "type": "DEBIT",
        "kind": "EXPENSE",
        "createdAt": "2024-05-15T11:52:19.399Z",
        "updatedAt": "2024-05-15T11:52:19.399Z",
        "amount": {
            "value": -137.4,
            "currency": "GBP",
            "valueInCents": -13740
        }
    },
    {
        "id": "5bca2c2b-78e4-4ee7-a66d-af5b99d17f99",
        "uuid": "5bca2c2b-78e4-4ee7-a66d-af5b99d17f99",
        "type": "DEBIT",
        "kind": "EXPENSE",
        "createdAt": "2024-05-15T11:52:17.564Z",
        "updatedAt": "2024-05-15T11:52:17.564Z",
        "amount": {
            "value": -506.27,
            "currency": "GBP",
            "valueInCents": -50627
        }
    },
    {
        "id": "48d636f2-fa6b-4a44-8ad2-5c30c14308e0",
        "uuid": "48d636f2-fa6b-4a44-8ad2-5c30c14308e0",
        "type": "DEBIT",
        "kind": "EXPENSE",
        "createdAt": "2024-01-26T14:06:58.175Z",
        "updatedAt": "2024-01-26T14:06:58.175Z",
        "amount": {
            "value": -2218.71,
            "currency": "GBP",
            "valueInCents": -221871
        }
    },
    {
        "id": "1e23d661-4b2c-4130-8355-a62f8fde27d8",
        "uuid": "1e23d661-4b2c-4130-8355-a62f8fde27d8",
        "type": "DEBIT",
        "kind": "EXPENSE",
        "createdAt": "2024-01-26T14:06:57.513Z",
        "updatedAt": "2024-01-26T14:06:57.513Z",
        "amount": {
            "value": -129,
            "currency": "GBP",
            "valueInCents": -12900
        }
    },
    {
        "id": "f4149861-99ed-4209-a995-669c005ca917",
        "uuid": "f4149861-99ed-4209-a995-669c005ca917",
        "type": "DEBIT",
        "kind": "EXPENSE",
        "createdAt": "2024-01-08T13:08:56.566Z",
        "updatedAt": "2024-01-08T13:08:56.566Z",
        "amount": {
            "value": -256.75,
            "currency": "GBP",
            "valueInCents": -25675
        }
    },
    {
        "id": "4013e26f-c2cc-4ad8-8ca6-f64200762cf0",
        "uuid": "4013e26f-c2cc-4ad8-8ca6-f64200762cf0",
        "type": "CREDIT",
        "kind": "ADDED_FUNDS",
        "createdAt": "2023-11-24T15:10:24.509Z",
        "updatedAt": "2023-11-24T15:10:24.509Z",
        "amount": {
            "value": 5135,
            "currency": "GBP",
            "valueInCents": 513500
        }
    },
    {
        "id": "6ce567d3-bbda-463b-b96c-f60ff4be1f3d",
        "uuid": "6ce567d3-bbda-463b-b96c-f60ff4be1f3d",
        "type": "DEBIT",
        "kind": "EXPENSE",
        "createdAt": "2023-11-15T14:49:39.192Z",
        "updatedAt": "2023-11-15T14:49:39.192Z",
        "amount": {
            "value": -5500,
            "currency": "GBP",
            "valueInCents": -550000
        }
    },
    {
        "id": "93289349-13a2-473e-86c1-81dba69d32b3",
        "uuid": "93289349-13a2-473e-86c1-81dba69d32b3",
        "type": "DEBIT",
        "kind": "EXPENSE",
        "createdAt": "2023-05-26T15:08:37.050Z",
        "updatedAt": "2023-05-26T15:08:37.050Z",
        "amount": {
            "value": -1332.99,
            "currency": "GBP",
            "valueInCents": -133299
        }
    },
    {
        "id": "22fbf444-7bf3-42fe-8309-9ee875235c31",
        "uuid": "22fbf444-7bf3-42fe-8309-9ee875235c31",
        "type": "DEBIT",
        "kind": "EXPENSE",
        "createdAt": "2023-02-15T16:27:59.170Z",
        "updatedAt": "2023-02-15T16:27:59.170Z",
        "amount": {
            "value": -63.09,
            "currency": "GBP",
            "valueInCents": -6309
        }
    },
    {
        "id": "86b56d2e-be2a-4b22-a299-e2597c8229c6",
        "uuid": "86b56d2e-be2a-4b22-a299-e2597c8229c6",
        "type": "DEBIT",
        "kind": "EXPENSE",
        "createdAt": "2023-02-15T16:27:57.466Z",
        "updatedAt": "2023-02-15T16:27:57.466Z",
        "amount": {
            "value": -1325,
            "currency": "GBP",
            "valueInCents": -132500
        }
    },
    {
        "id": "8f903341-2065-476c-a2de-5e6ace6da09d",
        "uuid": "8f903341-2065-476c-a2de-5e6ace6da09d",
        "type": "DEBIT",
        "kind": "EXPENSE",
        "createdAt": "2023-02-15T16:27:56.922Z",
        "updatedAt": "2023-02-15T16:27:56.922Z",
        "amount": {
            "value": -44.77,
            "currency": "GBP",
            "valueInCents": -4477
        }
    },
    {
        "id": "20749c87-04aa-47f4-ab69-acb070aa463e",
        "uuid": "20749c87-04aa-47f4-ab69-acb070aa463e",
        "type": "DEBIT",
        "kind": "EXPENSE",
        "createdAt": "2023-02-15T16:16:14.282Z",
        "updatedAt": "2023-02-15T16:16:14.282Z",
        "amount": {
            "value": -315,
            "currency": "GBP",
            "valueInCents": -31500
        }
    },
    {
        "id": "0739cbe3-7ff1-4703-b604-f821b95e5788",
        "uuid": "0739cbe3-7ff1-4703-b604-f821b95e5788",
        "type": "DEBIT",
        "kind": "EXPENSE",
        "createdAt": "2022-10-07T11:34:01.741Z",
        "updatedAt": "2022-10-07T11:34:01.741Z",
        "amount": {
            "value": -315,
            "currency": "GBP",
            "valueInCents": -31500
        }
    },
    {
        "id": "8301658c-45d6-4e83-966f-a6c0db05f76e",
        "uuid": "8301658c-45d6-4e83-966f-a6c0db05f76e",
        "type": "CREDIT",
        "kind": "ADDED_FUNDS",
        "createdAt": "2022-07-14T13:48:30.553Z",
        "updatedAt": "2022-07-14T13:48:30.553Z",
        "amount": {
            "value": 6300,
            "currency": "GBP",
            "valueInCents": 630000
        }
    },
    {
        "id": "681ed106-e6b3-4183-acce-32d829f8e090",
        "uuid": "681ed106-e6b3-4183-acce-32d829f8e090",
        "type": "CREDIT",
        "kind": "ADDED_FUNDS",
        "createdAt": "2022-05-04T08:29:31.848Z",
        "updatedAt": "2022-05-04T08:29:31.848Z",
        "amount": {
            "value": 6300,
            "currency": "GBP",
            "valueInCents": 630000
        }
    },
    {
        "id": "a1c4bbf3-5561-4e39-804c-c5acc7eda2a4",
        "uuid": "a1c4bbf3-5561-4e39-804c-c5acc7eda2a4",
        "type": "DEBIT",
        "kind": "EXPENSE",
        "createdAt": "2022-02-09T12:33:18.681Z",
        "updatedAt": "2022-02-09T12:33:18.681Z",
        "amount": {
            "value": -230.5,
            "currency": "GBP",
            "valueInCents": -23050
        }
    },
    {
        "id": "1c01bc14-75ae-43be-9059-14de207bf836",
        "uuid": "1c01bc14-75ae-43be-9059-14de207bf836",
        "type": "CREDIT",
        "kind": "ADDED_FUNDS",
        "createdAt": "2022-02-07T15:23:22.716Z",
        "updatedAt": "2022-02-07T15:23:22.716Z",
        "amount": {
            "value": 4610,
            "currency": "GBP",
            "valueInCents": 461000
        }
    }
]