[
    {
        "id": "6f356a2a-6269-40d2-aa17-2c77c932e2cd",
        "uuid": "6f356a2a-6269-40d2-aa17-2c77c932e2cd",
        "type": "DEBIT",
        "kind": "HOST_FEE",
        "createdAt": "2023-03-01T10:05:30.574Z",
        "updatedAt": "2023-03-01T10:05:30.574Z",
        "amount": {
            "value": -0.3,
            "currency": "EUR",
            "valueInCents": -30
        }
    },
    {
        "id": "989c7c6b-c2fb-4e54-b81b-72cea567d945",
        "uuid": "989c7c6b-c2fb-4e54-b81b-72cea567d945",
        "type": "CREDIT",
        "kind": "CONTRIBUTION",
        "createdAt": "2023-03-01T10:05:30.599Z",
        "updatedAt": "2023-03-01T10:05:30.599Z",
        "amount": {
            "value": 5,
            "currency": "EUR",
            "valueInCents": 500
        }
    },
    {
        "id": "5e07042a-a4cd-4252-b45f-12abe82daaa2",
        "uuid": "5e07042a-a4cd-4252-b45f-12abe82daaa2",
        "type": "DEBIT",
        "kind": "HOST_FEE",
        "createdAt": "2023-02-01T10:09:38.957Z",
        "updatedAt": "2023-02-01T10:09:38.957Z",
        "amount": {
            "value": -0.3,
            "currency": "EUR",
            "valueInCents": -30
        }
    },
    {
        "id": "adae2f69-fa55-420f-88b0-9438390f74a2",
        "uuid": "adae2f69-fa55-420f-88b0-9438390f74a2",
        "type": "CREDIT",
        "kind": "CONTRIBUTION",
        "createdAt": "2023-02-01T10:09:38.995Z",
        "updatedAt": "2023-02-01T10:09:38.995Z",
        "amount": {
            "value": 5,
            "currency": "EUR",
            "valueInCents": 500
        }
    },
    {
        "id": "cf99f3e8-ccaa-463d-8edf-f44fb8652842",
        "uuid": "cf99f3e8-ccaa-463d-8edf-f44fb8652842",
        "type": "DEBIT",
        "kind": "HOST_FEE",
        "createdAt": "2023-01-16T14:04:16.950Z",
        "updatedAt": "2023-01-16T14:04:16.950Z",
        "amount": {
            "value": -0.3,
            "currency": "EUR",
            "valueInCents": -30
        }
    },
    {
        "id": "c675b080-2276-4f5d-84ab-f776cc35879d",
        "uuid": "c675b080-2276-4f5d-84ab-f776cc35879d",
        "type": "CREDIT",
        "kind": "CONTRIBUTION",
        "createdAt": "2023-01-16T14:04:17.088Z",
        "updatedAt": "2023-01-16T14:04:17.088Z",
        "amount": {
            "value": 5,
            "currency": "EUR",
            "valueInCents": 500
        }
    },
    {
        "id": "6a82a762-ffe7-49c9-a733-27b76321188a",
        "uuid": "6a82a762-ffe7-49c9-a733-27b76321188a",
        "type": "DEBIT",
        "kind": "HOST_FEE",
        "createdAt": "2022-12-01T11:08:32.527Z",
        "updatedAt": "2022-12-01T11:08:32.527Z",
        "amount": {
            "value": -0.3,
            "currency": "EUR",
            "valueInCents": -30
        }
    },
    {
        "id": "5bdea1df-23fa-4eb6-9c36-c00cb75f811f",
        "uuid": "5bdea1df-23fa-4eb6-9c36-c00cb75f811f",
        "type": "CREDIT",
        "kind": "CONTRIBUTION",
        "createdAt": "2022-12-01T11:08:32.618Z",
        "updatedAt": "2022-12-01T11:08:32.618Z",
        "amount": {
            "value": 5,
            "currency": "EUR",
            "valueInCents": 500
        }
    },
    {
        "id": "ca018965-dbdc-4211-8dac-1b68b4dbc4f3",
        "uuid": "ca018965-dbdc-4211-8dac-1b68b4dbc4f3",
        "type": "DEBIT",
        "kind": "HOST_FEE",
        "createdAt": "2022-11-01T19:09:55.449Z",
        "updatedAt": "2022-11-01T19:09:55.449Z",
        "amount": {
            "value": -0.3,
            "currency": "EUR",
            "valueInCents": -30
        }
    },
    {
        "id": "d648d1da-7bc0-4f3e-be7f-11e89e630d71",
        "uuid": "d648d1da-7bc0-4f3e-be7f-11e89e630d71",
        "type": "CREDIT",
        "kind": "CONTRIBUTION",
        "createdAt": "2022-11-01T19:09:55.556Z",
        "updatedAt": "2022-11-01T19:09:55.556Z",
        "amount": {
            "value": 5,
            "currency": "EUR",
            "valueInCents": 500
        }
    },
    {
        "id": "038c3bc4-fb1f-4cc1-b2bc-be0264fd12ef",
        "uuid": "038c3bc4-fb1f-4cc1-b2bc-be0264fd12ef",
        "type": "DEBIT",
        "kind": "HOST_FEE",
        "createdAt": "2022-10-01T20:02:30.618Z",
        "updatedAt": "2022-10-01T20:02:30.618Z",
        "amount": {
            "value": -0.3,
            "currency": "EUR",
            "valueInCents": -30
        }
    },
    {
        "id": "2c6ac4a2-faab-4dd0-a1d6-d9d0c100582b",
        "uuid": "2c6ac4a2-faab-4dd0-a1d6-d9d0c100582b",
        "type": "CREDIT",
        "kind": "CONTRIBUTION",
        "createdAt": "2022-10-01T20:02:30.749Z",
        "updatedAt": "2022-10-01T20:02:30.749Z",
        "amount": {
            "value": 5,
            "currency": "EUR",
            "valueInCents": 500
        }
    },
    {
        "id": "8bfe1b94-c239-4350-94af-b9a1d7a8d477",
        "uuid": "8bfe1b94-c239-4350-94af-b9a1d7a8d477",
        "type": "DEBIT",
        "kind": "HOST_FEE",
        "createdAt": "2022-09-02T08:02:20.063Z",
        "updatedAt": "2022-09-02T08:02:20.063Z",
        "amount": {
            "value": -0.3,
            "currency": "EUR",
            "valueInCents": -30
        }
    },
    {
        "id": "5ee93207-2bb4-4655-a7b5-cb6fad95b05d",
        "uuid": "5ee93207-2bb4-4655-a7b5-cb6fad95b05d",
        "type": "CREDIT",
        "kind": "CONTRIBUTION",
        "createdAt": "2022-09-02T08:02:20.183Z",
        "updatedAt": "2022-09-02T08:02:20.183Z",
        "amount": {
            "value": 5,
            "currency": "EUR",
            "valueInCents": 500
        }
    },
    {
        "id": "06f0ed98-298f-4c3a-868d-ba79b8643254",
        "uuid": "06f0ed98-298f-4c3a-868d-ba79b8643254",
        "type": "DEBIT",
        "kind": "HOST_FEE",
        "createdAt": "2022-08-01T21:06:47.870Z",
        "updatedAt": "2022-08-01T21:06:47.870Z",
        "amount": {
            "value": -0.3,
            "currency": "EUR",
            "valueInCents": -30
        }
    },
    {
        "id": "1a7ede6d-c556-4407-a088-8c32a11bb833",
        "uuid": "1a7ede6d-c556-4407-a088-8c32a11bb833",
        "type": "CREDIT",
        "kind": "CONTRIBUTION",
        "createdAt": "2022-08-01T21:06:47.930Z",
        "updatedAt": "2022-08-01T21:06:47.930Z",
        "amount": {
            "value": 5,
            "currency": "EUR",
            "valueInCents": 500
        }
    },
    {
        "id": "e3fef722-19c5-44da-bbdc-cec33eb93f6b",
        "uuid": "e3fef722-19c5-44da-bbdc-cec33eb93f6b",
        "type": "DEBIT",
        "kind": "HOST_FEE",
        "createdAt": "2022-07-01T21:16:08.228Z",
        "updatedAt": "2022-07-01T21:16:08.228Z",
        "amount": {
            "value": -0.3,
            "currency": "EUR",
            "valueInCents": -30
        }
    },
    {
        "id": "b8632f2f-d790-42fd-b840-9d828978b319",
        "uuid": "b8632f2f-d790-42fd-b840-9d828978b319",
        "type": "CREDIT",
        "kind": "CONTRIBUTION",
        "createdAt": "2022-07-01T21:16:08.299Z",
        "updatedAt": "2022-07-01T21:16:08.299Z",
        "amount": {
            "value": 5,
            "currency": "EUR",
            "valueInCents": 500
        }
    },
    {
        "id": "5f97cb7a-5489-49c1-9e1c-457ca47fbeeb",
        "uuid": "5f97cb7a-5489-49c1-9e1c-457ca47fbeeb",
        "type": "DEBIT",
        "kind": "HOST_FEE",
        "createdAt": "2022-06-01T22:13:18.970Z",
        "updatedAt": "2022-06-01T22:13:18.970Z",
        "amount": {
            "value": -0.3,
            "currency": "EUR",
            "valueInCents": -30
        }
    },
    {
        "id": "08b7bd0b-1738-4030-8c15-f483c261dfce",
        "uuid": "08b7bd0b-1738-4030-8c15-f483c261dfce",
        "type": "CREDIT",
        "kind": "CONTRIBUTION",
        "createdAt": "2022-06-01T22:13:19.037Z",
        "updatedAt": "2022-06-01T22:13:19.037Z",
        "amount": {
            "value": 5,
            "currency": "EUR",
            "valueInCents": 500
        }
    },
    {
        "id": "dffa4fb1-1e30-4a47-99d8-4563d126fa9c",
        "uuid": "dffa4fb1-1e30-4a47-99d8-4563d126fa9c",
        "type": "DEBIT",
        "kind": "HOST_FEE",
        "createdAt": "2022-05-02T00:02:40.784Z",
        "updatedAt": "2022-05-02T00:02:40.784Z",
        "amount": {
            "value": -0.3,
            "currency": "EUR",
            "valueInCents": -30
        }
    },
    {
        "id": "be632cd2-ff77-435c-aee1-000cd13e96dc",
        "uuid": "be632cd2-ff77-435c-aee1-000cd13e96dc",
        "type": "CREDIT",
        "kind": "CONTRIBUTION",
        "createdAt": "2022-05-02T00:02:40.895Z",
        "updatedAt": "2022-05-02T00:02:40.895Z",
        "amount": {
            "value": 5,
            "currency": "EUR",
            "valueInCents": 500
        }
    },
    {
        "id": "211f64f9-0a4b-4cc6-ab5c-2db465ae77af",
        "uuid": "211f64f9-0a4b-4cc6-ab5c-2db465ae77af",
        "type": "DEBIT",
        "kind": "HOST_FEE",
        "createdAt": "2022-04-01T22:13:54.656Z",
        "updatedAt": "2022-04-01T22:13:54.656Z",
        "amount": {
            "value": -0.3,
            "currency": "EUR",
            "valueInCents": -30
        }
    },
    {
        "id": "c491aeee-362a-4b67-88f9-1eca6ed0e1a3",
        "uuid": "c491aeee-362a-4b67-88f9-1eca6ed0e1a3",
        "type": "CREDIT",
        "kind": "CONTRIBUTION",
        "createdAt": "2022-04-01T22:13:54.719Z",
        "updatedAt": "2022-04-01T22:13:54.719Z",
        "amount": {
            "value": 5,
            "currency": "EUR",
            "valueInCents": 500
        }
    },
    {
        "id": "87f42f19-f6fe-4a59-9f8e-94e5fa8427f4",
        "uuid": "87f42f19-f6fe-4a59-9f8e-94e5fa8427f4",
        "type": "DEBIT",
        "kind": "HOST_FEE",
        "createdAt": "2022-03-01T22:12:30.796Z",
        "updatedAt": "2022-03-01T22:12:30.796Z",
        "amount": {
            "value": -0.3,
            "currency": "EUR",
            "valueInCents": -30
        }
    },
    {
        "id": "ca859601-4568-45f4-86c6-a25a5f9dfdf4",
        "uuid": "ca859601-4568-45f4-86c6-a25a5f9dfdf4",
        "type": "CREDIT",
        "kind": "CONTRIBUTION",
        "createdAt": "2022-03-01T22:12:30.920Z",
        "updatedAt": "2022-03-01T22:12:30.920Z",
        "amount": {
            "value": 5,
            "currency": "EUR",
            "valueInCents": 500
        }
    },
    {
        "id": "28a18aef-f2a5-4e28-b8f1-bf7ac324029c",
        "uuid": "28a18aef-f2a5-4e28-b8f1-bf7ac324029c",
        "type": "DEBIT",
        "kind": "HOST_FEE",
        "createdAt": "2022-02-01T21:10:12.529Z",
        "updatedAt": "2022-02-01T21:10:12.529Z",
        "amount": {
            "value": -0.3,
            "currency": "EUR",
            "valueInCents": -30
        }
    },
    {
        "id": "eaf7d749-927c-4801-b1d8-42975dc7de45",
        "uuid": "eaf7d749-927c-4801-b1d8-42975dc7de45",
        "type": "CREDIT",
        "kind": "CONTRIBUTION",
        "createdAt": "2022-02-01T21:10:12.603Z",
        "updatedAt": "2022-02-01T21:10:12.603Z",
        "amount": {
            "value": 5,
            "currency": "EUR",
            "valueInCents": 500
        }
    },
    {
        "id": "1ae3fce9-acc4-4bf5-885f-928c2725c290",
        "uuid": "1ae3fce9-acc4-4bf5-885f-928c2725c290",
        "type": "DEBIT",
        "kind": "HOST_FEE",
        "createdAt": "2022-01-05T21:14:27.098Z",
        "updatedAt": "2022-01-05T21:14:27.098Z",
        "amount": {
            "value": -0.3,
            "currency": "EUR",
            "valueInCents": -30
        }
    },
    {
        "id": "2e518949-0377-4524-8298-cd3e78d67c36",
        "uuid": "2e518949-0377-4524-8298-cd3e78d67c36",
        "type": "CREDIT",
        "kind": "CONTRIBUTION",
        "createdAt": "2022-01-05T21:14:27.279Z",
        "updatedAt": "2022-01-05T21:14:27.279Z",
        "amount": {
            "value": 5,
            "currency": "EUR",
            "valueInCents": 500
        }
    },
    {
        "id": "1c1f7757-0a11-42ec-bfce-f275863b3500",
        "uuid": "1c1f7757-0a11-42ec-bfce-f275863b3500",
        "type": "DEBIT",
        "kind": "HOST_FEE",
        "createdAt": "2021-12-01T20:08:52.003Z",
        "updatedAt": "2021-12-01T20:08:52.003Z",
        "amount": {
            "value": -0.3,
            "currency": "EUR",
            "valueInCents": -30
        }
    },
    {
        "id": "ac37b3ad-3ae3-4afb-9059-6e21fb227173",
        "uuid": "ac37b3ad-3ae3-4afb-9059-6e21fb227173",
        "type": "CREDIT",
        "kind": "CONTRIBUTION",
        "createdAt": "2021-12-01T20:08:52.096Z",
        "updatedAt": "2021-12-01T20:08:52.096Z",
        "amount": {
            "value": 5,
            "currency": "EUR",
            "valueInCents": 500
        }
    },
    {
        "id": "17136b44-034a-41fc-87ad-4cd3cdb8c769",
        "uuid": "17136b44-034a-41fc-87ad-4cd3cdb8c769",
        "type": "DEBIT",
        "kind": "HOST_FEE",
        "createdAt": "2021-11-01T15:10:32.761Z",
        "updatedAt": "2021-11-01T15:10:32.761Z",
        "amount": {
            "value": -0.3,
            "currency": "EUR",
            "valueInCents": -30
        }
    },
    {
        "id": "a5945f75-00e1-45f8-ba52-c1e39341f988",
        "uuid": "a5945f75-00e1-45f8-ba52-c1e39341f988",
        "type": "CREDIT",
        "kind": "CONTRIBUTION",
        "createdAt": "2021-11-01T15:10:32.863Z",
        "updatedAt": "2021-11-01T15:10:32.863Z",
        "amount": {
            "value": 5,
            "currency": "EUR",
            "valueInCents": 500
        }
    },
    {
        "id": "c2ab5479-9ebd-4d14-bf75-dfe0019575b5",
        "uuid": "c2ab5479-9ebd-4d14-bf75-dfe0019575b5",
        "type": "DEBIT",
        "kind": "HOST_FEE",
        "createdAt": "2021-10-01T15:23:28.955Z",
        "updatedAt": "2021-10-01T15:23:28.955Z",
        "amount": {
            "value": -0.3,
            "currency": "EUR",
            "valueInCents": -30
        }
    },
    {
        "id": "1d8a6640-f0dd-40d7-968b-4bdf8a56c286",
        "uuid": "1d8a6640-f0dd-40d7-968b-4bdf8a56c286",
        "type": "CREDIT",
        "kind": "CONTRIBUTION",
        "createdAt": "2021-10-01T15:23:29.010Z",
        "updatedAt": "2021-10-01T15:23:29.010Z",
        "amount": {
            "value": 5,
            "currency": "EUR",
            "valueInCents": 500
        }
    },
    {
        "id": "602e0222-24d9-499f-9ffa-ca855570c35c",
        "uuid": "602e0222-24d9-499f-9ffa-ca855570c35c",
        "type": "DEBIT",
        "kind": "HOST_FEE",
        "createdAt": "2021-09-01T16:17:33.990Z",
        "updatedAt": "2021-09-01T16:17:33.990Z",
        "amount": {
            "value": -0.3,
            "currency": "EUR",
            "valueInCents": -30
        }
    },
    {
        "id": "4875cc3d-7230-4d1e-8a00-7e25f04c00c7",
        "uuid": "4875cc3d-7230-4d1e-8a00-7e25f04c00c7",
        "type": "CREDIT",
        "kind": "CONTRIBUTION",
        "createdAt": "2021-09-01T16:17:34.038Z",
        "updatedAt": "2021-09-01T16:17:34.038Z",
        "amount": {
            "value": 5,
            "currency": "EUR",
            "valueInCents": 500
        }
    },
    {
        "id": "5f8848c5-983c-4aae-a3be-1913b343ceab",
        "uuid": "5f8848c5-983c-4aae-a3be-1913b343ceab",
        "type": "DEBIT",
        "kind": "HOST_FEE",
        "createdAt": "2021-08-01T17:18:03.115Z",
        "updatedAt": "2021-08-01T17:18:03.115Z",
        "amount": {
            "value": -0.3,
            "currency": "EUR",
            "valueInCents": -30
        }
    },
    {
        "id": "a4ff0032-979a-4e28-8689-eb82f10cf445",
        "uuid": "a4ff0032-979a-4e28-8689-eb82f10cf445",
        "type": "CREDIT",
        "kind": "CONTRIBUTION",
        "createdAt": "2021-08-01T17:18:03.339Z",
        "updatedAt": "2021-08-01T17:18:03.339Z",
        "amount": {
            "value": 5,
            "currency": "EUR",
            "valueInCents": 500
        }
    },
    {
        "id": "b2ccf814-0b98-4791-8cbe-a6af2537ba22",
        "uuid": "b2ccf814-0b98-4791-8cbe-a6af2537ba22",
        "type": "DEBIT",
        "kind": "HOST_FEE",
        "createdAt": "2021-07-02T03:03:28.252Z",
        "updatedAt": "2021-07-02T03:03:28.252Z",
        "amount": {
            "value": -0.3,
            "currency": "EUR",
            "valueInCents": -30
        }
    },
    {
        "id": "d53e7474-d888-4ec1-89e8-bd45df1d8398",
        "uuid": "d53e7474-d888-4ec1-89e8-bd45df1d8398",
        "type": "CREDIT",
        "kind": "CONTRIBUTION",
        "createdAt": "2021-07-02T03:03:28.496Z",
        "updatedAt": "2021-07-02T03:03:28.496Z",
        "amount": {
            "value": 5,
            "currency": "EUR",
            "valueInCents": 500
        }
    },
    {
        "id": "2411aca4-d09c-4b75-a803-d67055527d2c",
        "uuid": "2411aca4-d09c-4b75-a803-d67055527d2c",
        "type": "DEBIT",
        "kind": "HOST_FEE",
        "createdAt": "2021-06-01T21:15:51.948Z",
        "updatedAt": "2021-06-01T21:15:51.948Z",
        "amount": {
            "value": -0.3,
            "currency": "EUR",
            "valueInCents": -30
        }
    },
    {
        "id": "af353a27-2f61-40cc-8c43-0e31d05daad7",
        "uuid": "af353a27-2f61-40cc-8c43-0e31d05daad7",
        "type": "CREDIT",
        "kind": "CONTRIBUTION",
        "createdAt": "2021-06-01T21:15:51.948Z",
        "updatedAt": "2021-06-01T21:15:51.948Z",
        "amount": {
            "value": 5,
            "currency": "EUR",
            "valueInCents": 500
        }
    },
    {
        "id": "7a1f9358-8172-4adb-936b-218cb1b41353",
        "uuid": "7a1f9358-8172-4adb-936b-218cb1b41353",
        "type": "CREDIT",
        "kind": "CONTRIBUTION",
        "createdAt": "2021-05-01T21:14:40.930Z",
        "updatedAt": "2021-05-01T21:14:40.930Z",
        "amount": {
            "value": 5,
            "currency": "EUR",
            "valueInCents": 500
        }
    },
    {
        "id": "c3a7d028-e348-45e8-ba5b-76884d13d249",
        "uuid": "c3a7d028-e348-45e8-ba5b-76884d13d249",
        "type": "CREDIT",
        "kind": "CONTRIBUTION",
        "createdAt": "2021-04-01T21:17:08.979Z",
        "updatedAt": "2021-04-01T21:17:08.979Z",
        "amount": {
            "value": 5,
            "currency": "EUR",
            "valueInCents": 500
        }
    },
    {
        "id": "73b02db7-f436-4e41-ae61-d86e801fedea",
        "uuid": "73b02db7-f436-4e41-ae61-d86e801fedea",
        "type": "CREDIT",
        "kind": "CONTRIBUTION",
        "createdAt": "2021-03-02T14:26:14.743Z",
        "updatedAt": "2021-03-02T14:26:14.743Z",
        "amount": {
            "value": 1,
            "currency": "EUR",
            "valueInCents": 100
        }
    },
    {
        "id": "20fa0605-769f-4e91-87cb-db7aa058581a",
        "uuid": "20fa0605-769f-4e91-87cb-db7aa058581a",
        "type": "CREDIT",
        "kind": "CONTRIBUTION",
        "createdAt": "2021-02-27T07:04:23.781Z",
        "updatedAt": "2021-02-27T07:04:23.781Z",
        "amount": {
            "value": 5,
            "currency": "EUR",
            "valueInCents": 500
        }
    },
    {
        "id": "66b5ed63-27b3-4d87-9824-a6a51e70ba3e",
        "uuid": "66b5ed63-27b3-4d87-9824-a6a51e70ba3e",
        "type": "CREDIT",
        "kind": "CONTRIBUTION",
        "createdAt": "2021-02-25T11:27:58.312Z",
        "updatedAt": "2021-02-25T11:27:58.312Z",
        "amount": {
            "value": 5,
            "currency": "EUR",
            "valueInCents": 500
        }
    },
    {
        "id": "9a869a92-aa59-4b3b-a565-f3b4db6e016c",
        "uuid": "9a869a92-aa59-4b3b-a565-f3b4db6e016c",
        "type": "CREDIT",
        "kind": "CONTRIBUTION",
        "createdAt": "2021-02-22T10:42:45.919Z",
        "updatedAt": "2021-02-22T10:42:45.919Z",
        "amount": {
            "value": 5,
            "currency": "EUR",
            "valueInCents": 500
        }
    },
    {
        "id": "194c1a4e-3079-4db9-bff5-77378fae063d",
        "uuid": "194c1a4e-3079-4db9-bff5-77378fae063d",
        "type": "CREDIT",
        "kind": "CONTRIBUTION",
        "createdAt": "2021-02-22T10:41:53.818Z",
        "updatedAt": "2021-02-22T10:41:53.818Z",
        "amount": {
            "value": 5,
            "currency": "EUR",
            "valueInCents": 500
        }
    }
]