[
    {
        "id": "f3bef3ff-8be2-4846-a432-608d179dd553",
        "uuid": "f3bef3ff-8be2-4846-a432-608d179dd553",
        "type": "DEBIT",
        "kind": "HOST_FEE",
        "createdAt": "2023-08-06T04:52:54.051Z",
        "updatedAt": "2023-08-06T04:52:54.051Z",
        "amount": {
            "value": -0.5,
            "currency": "USD",
            "valueInCents": -50
        }
    },
    {
        "id": "76dd0630-327f-400e-89db-2e1964c52268",
        "uuid": "76dd0630-327f-400e-89db-2e1964c52268",
        "type": "CREDIT",
        "kind": "CONTRIBUTION",
        "createdAt": "2023-08-06T04:52:54.100Z",
        "updatedAt": "2023-08-06T04:52:54.100Z",
        "amount": {
            "value": 5,
            "currency": "USD",
            "valueInCents": 500
        }
    },
    {
        "id": "bfd83769-3a38-4ddc-81e2-a29ac14b310e",
        "uuid": "bfd83769-3a38-4ddc-81e2-a29ac14b310e",
        "type": "DEBIT",
        "kind": "HOST_FEE",
        "createdAt": "2021-09-01T13:04:42.799Z",
        "updatedAt": "2021-09-01T13:04:42.799Z",
        "amount": {
            "value": -0.5,
            "currency": "USD",
            "valueInCents": -50
        }
    },
    {
        "id": "9300b975-8c95-4845-99df-6a4832255c52",
        "uuid": "9300b975-8c95-4845-99df-6a4832255c52",
        "type": "CREDIT",
        "kind": "CONTRIBUTION",
        "createdAt": "2021-09-01T13:04:42.870Z",
        "updatedAt": "2021-09-01T13:04:42.870Z",
        "amount": {
            "value": 5,
            "currency": "USD",
            "valueInCents": 500
        }
    },
    {
        "id": "2597c388-a07d-49a3-8f6e-abcfcba3aa52",
        "uuid": "2597c388-a07d-49a3-8f6e-abcfcba3aa52",
        "type": "DEBIT",
        "kind": "HOST_FEE",
        "createdAt": "2021-09-01T06:04:17.565Z",
        "updatedAt": "2021-09-01T06:04:17.565Z",
        "amount": {
            "value": -0.5,
            "currency": "USD",
            "valueInCents": -50
        }
    },
    {
        "id": "f6a84334-8298-40cd-8d14-b37b12015b37",
        "uuid": "f6a84334-8298-40cd-8d14-b37b12015b37",
        "type": "CREDIT",
        "kind": "CONTRIBUTION",
        "createdAt": "2021-09-01T06:04:17.617Z",
        "updatedAt": "2021-09-01T06:04:17.617Z",
        "amount": {
            "value": 5,
            "currency": "USD",
            "valueInCents": 500
        }
    },
    {
        "id": "91ed49d6-879b-4f70-bb18-a4c3fbda72cc",
        "uuid": "91ed49d6-879b-4f70-bb18-a4c3fbda72cc",
        "type": "DEBIT",
        "kind": "HOST_FEE",
        "createdAt": "2021-08-01T13:18:19.096Z",
        "updatedAt": "2021-08-01T13:18:19.096Z",
        "amount": {
            "value": -0.5,
            "currency": "USD",
            "valueInCents": -50
        }
    },
    {
        "id": "82150c88-b875-4de7-ac72-1529343dea31",
        "uuid": "82150c88-b875-4de7-ac72-1529343dea31",
        "type": "CREDIT",
        "kind": "CONTRIBUTION",
        "createdAt": "2021-08-01T13:18:19.315Z",
        "updatedAt": "2021-08-01T13:18:19.315Z",
        "amount": {
            "value": 5,
            "currency": "USD",
            "valueInCents": 500
        }
    },
    {
        "id": "3527c793-dbb8-42d5-b6a3-8e742eeab01d",
        "uuid": "3527c793-dbb8-42d5-b6a3-8e742eeab01d",
        "type": "DEBIT",
        "kind": "HOST_FEE",
        "createdAt": "2021-08-01T06:08:56.767Z",
        "updatedAt": "2021-08-01T06:08:56.767Z",
        "amount": {
            "value": -0.5,
            "currency": "USD",
            "valueInCents": -50
        }
    },
    {
        "id": "1c98dec6-307b-44af-b64a-92001bffe97f",
        "uuid": "1c98dec6-307b-44af-b64a-92001bffe97f",
        "type": "CREDIT",
        "kind": "CONTRIBUTION",
        "createdAt": "2021-08-01T06:08:57.071Z",
        "updatedAt": "2021-08-01T06:08:57.071Z",
        "amount": {
            "value": 5,
            "currency": "USD",
            "valueInCents": 500
        }
    },
    {
        "id": "3b974f2b-364f-4bc9-8491-ffc7a5ba4588",
        "uuid": "3b974f2b-364f-4bc9-8491-ffc7a5ba4588",
        "type": "DEBIT",
        "kind": "HOST_FEE",
        "createdAt": "2021-07-01T22:14:24.820Z",
        "updatedAt": "2021-07-01T22:14:24.820Z",
        "amount": {
            "value": -0.5,
            "currency": "USD",
            "valueInCents": -50
        }
    },
    {
        "id": "18662533-0909-49d9-8f1f-ac5608c9728d",
        "uuid": "18662533-0909-49d9-8f1f-ac5608c9728d",
        "type": "CREDIT",
        "kind": "CONTRIBUTION",
        "createdAt": "2021-07-01T22:14:24.937Z",
        "updatedAt": "2021-07-01T22:14:24.937Z",
        "amount": {
            "value": 5,
            "currency": "USD",
            "valueInCents": 500
        }
    },
    {
        "id": "8f1172d7-ba82-4597-90f3-4ad1ad2071a0",
        "uuid": "8f1172d7-ba82-4597-90f3-4ad1ad2071a0",
        "type": "DEBIT",
        "kind": "HOST_FEE",
        "createdAt": "2021-07-01T13:12:51.875Z",
        "updatedAt": "2021-07-01T13:12:51.875Z",
        "amount": {
            "value": -0.5,
            "currency": "USD",
            "valueInCents": -50
        }
    },
    {
        "id": "fe53d40d-8164-489b-967a-4a0be81bcab0",
        "uuid": "fe53d40d-8164-489b-967a-4a0be81bcab0",
        "type": "CREDIT",
        "kind": "CONTRIBUTION",
        "createdAt": "2021-07-01T13:12:52.105Z",
        "updatedAt": "2021-07-01T13:12:52.105Z",
        "amount": {
            "value": 5,
            "currency": "USD",
            "valueInCents": 500
        }
    },
    {
        "id": "bfbf2feb-0c80-4b0d-ac8e-d5e6f7127b73",
        "uuid": "bfbf2feb-0c80-4b0d-ac8e-d5e6f7127b73",
        "type": "DEBIT",
        "kind": "HOST_FEE",
        "createdAt": "2021-06-01T16:16:10.622Z",
        "updatedAt": "2021-06-01T16:16:10.622Z",
        "amount": {
            "value": -0.5,
            "currency": "USD",
            "valueInCents": -50
        }
    },
    {
        "id": "bb27186e-ca43-45c6-b109-be64a0c4a9fe",
        "uuid": "bb27186e-ca43-45c6-b109-be64a0c4a9fe",
        "type": "CREDIT",
        "kind": "CONTRIBUTION",
        "createdAt": "2021-06-01T16:16:10.622Z",
        "updatedAt": "2021-06-01T16:16:10.622Z",
        "amount": {
            "value": 5,
            "currency": "USD",
            "valueInCents": 500
        }
    },
    {
        "id": "410db096-aecd-4216-936a-cbeba8d56a58",
        "uuid": "410db096-aecd-4216-936a-cbeba8d56a58",
        "type": "DEBIT",
        "kind": "HOST_FEE",
        "createdAt": "2021-06-01T08:09:16.548Z",
        "updatedAt": "2021-06-01T08:09:16.548Z",
        "amount": {
            "value": -0.5,
            "currency": "USD",
            "valueInCents": -50
        }
    },
    {
        "id": "01bcdb85-0975-4bb8-913b-6be3d307dcb0",
        "uuid": "01bcdb85-0975-4bb8-913b-6be3d307dcb0",
        "type": "CREDIT",
        "kind": "CONTRIBUTION",
        "createdAt": "2021-06-01T08:09:16.548Z",
        "updatedAt": "2021-06-01T08:09:16.548Z",
        "amount": {
            "value": 5,
            "currency": "USD",
            "valueInCents": 500
        }
    },
    {
        "id": "c649360b-63f3-4f78-a6d1-8962dfb1a969",
        "uuid": "c649360b-63f3-4f78-a6d1-8962dfb1a969",
        "type": "CREDIT",
        "kind": "CONTRIBUTION",
        "createdAt": "2021-05-01T16:15:06.311Z",
        "updatedAt": "2021-05-01T16:15:06.311Z",
        "amount": {
            "value": 5,
            "currency": "USD",
            "valueInCents": 500
        }
    },
    {
        "id": "a1785653-c81c-4322-8fc9-20cc39e79153",
        "uuid": "a1785653-c81c-4322-8fc9-20cc39e79153",
        "type": "CREDIT",
        "kind": "CONTRIBUTION",
        "createdAt": "2021-05-01T07:15:47.716Z",
        "updatedAt": "2021-05-01T07:15:47.716Z",
        "amount": {
            "value": 5,
            "currency": "USD",
            "valueInCents": 500
        }
    },
    {
        "id": "125bd37c-51a5-40e4-886c-45e2fd8e429e",
        "uuid": "125bd37c-51a5-40e4-886c-45e2fd8e429e",
        "type": "CREDIT",
        "kind": "CONTRIBUTION",
        "createdAt": "2021-04-01T17:06:41.125Z",
        "updatedAt": "2021-04-01T17:06:41.125Z",
        "amount": {
            "value": 5,
            "currency": "USD",
            "valueInCents": 500
        }
    },
    {
        "id": "6c6bef3c-cdf4-4f8f-9f16-ce5306e35c56",
        "uuid": "6c6bef3c-cdf4-4f8f-9f16-ce5306e35c56",
        "type": "CREDIT",
        "kind": "CONTRIBUTION",
        "createdAt": "2021-04-01T08:04:56.890Z",
        "updatedAt": "2021-04-01T08:04:56.890Z",
        "amount": {
            "value": 5,
            "currency": "USD",
            "valueInCents": 500
        }
    },
    {
        "id": "44dfd557-8296-440b-a55a-4f86e47ce548",
        "uuid": "44dfd557-8296-440b-a55a-4f86e47ce548",
        "type": "DEBIT",
        "kind": "EXPENSE",
        "createdAt": "2021-03-11T21:13:45.618Z",
        "updatedAt": "2021-03-11T21:13:45.618Z",
        "amount": {
            "value": -12,
            "currency": "USD",
            "valueInCents": -1200
        }
    },
    {
        "id": "6ecd1b0c-fb22-46ba-9961-25c98712ae29",
        "uuid": "6ecd1b0c-fb22-46ba-9961-25c98712ae29",
        "type": "CREDIT",
        "kind": "CONTRIBUTION",
        "createdAt": "2021-03-08T13:47:31.457Z",
        "updatedAt": "2021-03-08T13:47:31.457Z",
        "amount": {
            "value": 5,
            "currency": "USD",
            "valueInCents": 500
        }
    },
    {
        "id": "54fd3d69-1a78-4a4f-957d-2ac8747c6ab9",
        "uuid": "54fd3d69-1a78-4a4f-957d-2ac8747c6ab9",
        "type": "CREDIT",
        "kind": "CONTRIBUTION",
        "createdAt": "2021-03-01T19:16:22.517Z",
        "updatedAt": "2021-03-01T19:16:22.517Z",
        "amount": {
            "value": 5,
            "currency": "USD",
            "valueInCents": 500
        }
    },
    {
        "id": "7c33c850-3172-49ea-9980-f6089c258ddf",
        "uuid": "7c33c850-3172-49ea-9980-f6089c258ddf",
        "type": "CREDIT",
        "kind": "CONTRIBUTION",
        "createdAt": "2021-01-23T17:59:05.494Z",
        "updatedAt": "2021-01-23T17:59:05.494Z",
        "amount": {
            "value": 5,
            "currency": "USD",
            "valueInCents": 500
        }
    }
]