[
    {
        "id": "7f3f5e59-23a4-4526-baf6-8f7f02efeee3",
        "uuid": "7f3f5e59-23a4-4526-baf6-8f7f02efeee3",
        "type": "DEBIT",
        "kind": "PAYMENT_PROCESSOR_FEE",
        "createdAt": "2024-11-19T17:40:16.706Z",
        "updatedAt": "2024-11-19T17:40:16.706Z",
        "amount": {
            "value": -12.43,
            "currency": "USD",
            "valueInCents": -1243
        }
    },
    {
        "id": "a6611c53-d126-4cca-aa6b-b66bebf5445e",
        "uuid": "a6611c53-d126-4cca-aa6b-b66bebf5445e",
        "type": "DEBIT",
        "kind": "EXPENSE",
        "createdAt": "2024-11-19T17:40:16.722Z",
        "updatedAt": "2024-11-19T17:40:16.722Z",
        "amount": {
            "value": -974.06,
            "currency": "USD",
            "valueInCents": -97406
        }
    },
    {
        "id": "e6a02bf6-2f54-4ad4-89ec-39e3555b1227",
        "uuid": "e6a02bf6-2f54-4ad4-89ec-39e3555b1227",
        "type": "DEBIT",
        "kind": "HOST_FEE",
        "createdAt": "2024-10-23T20:38:45.359Z",
        "updatedAt": "2024-10-23T20:38:45.359Z",
        "amount": {
            "value": -320,
            "currency": "USD",
            "valueInCents": -32000
        }
    },
    {
        "id": "c7e5894b-870d-4c0d-97f8-a951be9e8a47",
        "uuid": "c7e5894b-870d-4c0d-97f8-a951be9e8a47",
        "type": "CREDIT",
        "kind": "ADDED_FUNDS",
        "createdAt": "2024-10-23T20:38:45.388Z",
        "updatedAt": "2024-10-23T20:38:45.388Z",
        "amount": {
            "value": 3200,
            "currency": "USD",
            "valueInCents": 320000
        }
    },
    {
        "id": "af6e5185-c784-4634-86a5-d98c70734e21",
        "uuid": "af6e5185-c784-4634-86a5-d98c70734e21",
        "type": "CREDIT",
        "kind": "ADDED_FUNDS",
        "createdAt": "2024-09-27T12:39:06.231Z",
        "updatedAt": "2024-09-27T12:39:06.231Z",
        "amount": {
            "value": 37.02,
            "currency": "USD",
            "valueInCents": 3702
        }
    },
    {
        "id": "c05952f6-6463-4a9c-a29a-be4142b4182f",
        "uuid": "c05952f6-6463-4a9c-a29a-be4142b4182f",
        "type": "DEBIT",
        "kind": "PAYMENT_PROCESSOR_FEE",
        "createdAt": "2024-09-12T17:20:14.073Z",
        "updatedAt": "2024-09-12T17:20:14.073Z",
        "amount": {
            "value": -18.95,
            "currency": "USD",
            "valueInCents": -1895
        }
    },
    {
        "id": "25b21326-cbb1-4bd6-a2d4-0cecefcaf00d",
        "uuid": "25b21326-cbb1-4bd6-a2d4-0cecefcaf00d",
        "type": "DEBIT",
        "kind": "EXPENSE",
        "createdAt": "2024-09-12T17:20:14.092Z",
        "updatedAt": "2024-09-12T17:20:14.092Z",
        "amount": {
            "value": -1046.17,
            "currency": "USD",
            "valueInCents": -104617
        }
    },
    {
        "id": "bb388f89-db4c-4cd4-a1b0-62ebb515d4fb",
        "uuid": "bb388f89-db4c-4cd4-a1b0-62ebb515d4fb",
        "type": "DEBIT",
        "kind": "PAYMENT_PROCESSOR_FEE",
        "createdAt": "2024-03-05T17:30:24.724Z",
        "updatedAt": "2024-03-05T17:30:24.724Z",
        "amount": {
            "value": -18.9,
            "currency": "USD",
            "valueInCents": -1890
        }
    },
    {
        "id": "bfa73621-00b5-4165-8835-57d925847d4a",
        "uuid": "bfa73621-00b5-4165-8835-57d925847d4a",
        "type": "DEBIT",
        "kind": "EXPENSE",
        "createdAt": "2024-03-05T17:30:24.724Z",
        "updatedAt": "2024-03-05T17:30:24.724Z",
        "amount": {
            "value": -1000,
            "currency": "USD",
            "valueInCents": -100000
        }
    },
    {
        "id": "3007c341-707c-426b-a2cb-351fb2569694",
        "uuid": "3007c341-707c-426b-a2cb-351fb2569694",
        "type": "DEBIT",
        "kind": "PAYMENT_PROCESSOR_FEE",
        "createdAt": "2024-01-18T16:50:13.803Z",
        "updatedAt": "2024-01-18T16:50:13.803Z",
        "amount": {
            "value": -18.9,
            "currency": "USD",
            "valueInCents": -1890
        }
    },
    {
        "id": "ae082753-28da-4678-885e-e240a5583eba",
        "uuid": "ae082753-28da-4678-885e-e240a5583eba",
        "type": "DEBIT",
        "kind": "EXPENSE",
        "createdAt": "2024-01-18T16:50:13.803Z",
        "updatedAt": "2024-01-18T16:50:13.803Z",
        "amount": {
            "value": -2750,
            "currency": "USD",
            "valueInCents": -275000
        }
    },
    {
        "id": "9662a64b-56e5-4e23-9481-a7740e7c158b",
        "uuid": "9662a64b-56e5-4e23-9481-a7740e7c158b",
        "type": "CREDIT",
        "kind": "BALANCE_TRANSFER",
        "createdAt": "2023-12-08T16:08:14.773Z",
        "updatedAt": "2023-12-08T16:08:14.773Z",
        "amount": {
            "value": 82.83,
            "currency": "USD",
            "valueInCents": 8283
        }
    },
    {
        "id": "20fbb514-4f86-43f0-8ed9-1debd9d34db7",
        "uuid": "20fbb514-4f86-43f0-8ed9-1debd9d34db7",
        "type": "DEBIT",
        "kind": "HOST_FEE",
        "createdAt": "2023-11-27T20:39:07.487Z",
        "updatedAt": "2023-11-27T20:39:07.487Z",
        "amount": {
            "value": -280,
            "currency": "USD",
            "valueInCents": -28000
        }
    },
    {
        "id": "0d31793e-da91-42d9-9ebf-a48a9a29ad9c",
        "uuid": "0d31793e-da91-42d9-9ebf-a48a9a29ad9c",
        "type": "CREDIT",
        "kind": "ADDED_FUNDS",
        "createdAt": "2023-11-27T20:39:07.566Z",
        "updatedAt": "2023-11-27T20:39:07.566Z",
        "amount": {
            "value": 2800,
            "currency": "USD",
            "valueInCents": 280000
        }
    },
    {
        "id": "97542e7e-c2a7-4f67-958a-2aa3ffcaf584",
        "uuid": "97542e7e-c2a7-4f67-958a-2aa3ffcaf584",
        "type": "DEBIT",
        "kind": "EXPENSE",
        "createdAt": "2023-10-17T20:21:04.262Z",
        "updatedAt": "2023-10-17T20:21:04.262Z",
        "amount": {
            "value": -2250,
            "currency": "USD",
            "valueInCents": -225000
        }
    },
    {
        "id": "d0a22e51-6f81-459e-9709-22da4bfb41bb",
        "uuid": "d0a22e51-6f81-459e-9709-22da4bfb41bb",
        "type": "DEBIT",
        "kind": "EXPENSE",
        "createdAt": "2023-08-10T20:21:08.612Z",
        "updatedAt": "2023-08-10T20:21:08.612Z",
        "amount": {
            "value": -1994.29,
            "currency": "USD",
            "valueInCents": -199429
        }
    },
    {
        "id": "4e365049-9930-4060-bf5e-f419910ed49a",
        "uuid": "4e365049-9930-4060-bf5e-f419910ed49a",
        "type": "DEBIT",
        "kind": "EXPENSE",
        "createdAt": "2023-08-01T20:26:04.965Z",
        "updatedAt": "2023-08-01T20:26:04.965Z",
        "amount": {
            "value": -2000,
            "currency": "USD",
            "valueInCents": -200000
        }
    },
    {
        "id": "17ca3bc3-0178-453c-93b6-70eae2d0cbec",
        "uuid": "17ca3bc3-0178-453c-93b6-70eae2d0cbec",
        "type": "DEBIT",
        "kind": "EXPENSE",
        "createdAt": "2023-06-06T20:21:03.066Z",
        "updatedAt": "2023-06-06T20:21:03.066Z",
        "amount": {
            "value": -2000,
            "currency": "USD",
            "valueInCents": -200000
        }
    },
    {
        "id": "b54702d2-cbc8-4afa-ba26-003e7ff7cd08",
        "uuid": "b54702d2-cbc8-4afa-ba26-003e7ff7cd08",
        "type": "DEBIT",
        "kind": "EXPENSE",
        "createdAt": "2023-04-06T15:11:49.179Z",
        "updatedAt": "2023-04-06T15:11:49.179Z",
        "amount": {
            "value": -1750,
            "currency": "USD",
            "valueInCents": -175000
        }
    },
    {
        "id": "e2816e4c-63d7-4661-a8b6-97a5586f12c8",
        "uuid": "e2816e4c-63d7-4661-a8b6-97a5586f12c8",
        "type": "DEBIT",
        "kind": "CONTRIBUTION",
        "createdAt": "2023-01-10T16:14:48.471Z",
        "updatedAt": "2023-01-10T16:14:48.471Z",
        "amount": {
            "value": -200,
            "currency": "USD",
            "valueInCents": -20000
        }
    },
    {
        "id": "a606ede1-a478-47f0-b228-5a72fde701c9",
        "uuid": "a606ede1-a478-47f0-b228-5a72fde701c9",
        "type": "CREDIT",
        "kind": "BALANCE_TRANSFER",
        "createdAt": "2023-01-10T15:03:22.195Z",
        "updatedAt": "2023-01-10T15:03:22.195Z",
        "amount": {
            "value": 739.13,
            "currency": "USD",
            "valueInCents": 73913
        }
    },
    {
        "id": "c3d18548-995c-4a56-bcce-f7c70d23ba28",
        "uuid": "c3d18548-995c-4a56-bcce-f7c70d23ba28",
        "type": "CREDIT",
        "kind": "CONTRIBUTION",
        "createdAt": "2022-10-14T16:08:02.530Z",
        "updatedAt": "2022-10-14T16:08:02.530Z",
        "amount": {
            "value": 5000,
            "currency": "USD",
            "valueInCents": 500000
        }
    },
    {
        "id": "a677bef4-7b7b-467d-babc-73d0927ea435",
        "uuid": "a677bef4-7b7b-467d-babc-73d0927ea435",
        "type": "DEBIT",
        "kind": "EXPENSE",
        "createdAt": "2022-08-11T22:11:38.576Z",
        "updatedAt": "2022-08-11T22:11:38.576Z",
        "amount": {
            "value": -96,
            "currency": "USD",
            "valueInCents": -9600
        }
    },
    {
        "id": "76d88360-6be8-4332-8867-f3c6eda70654",
        "uuid": "76d88360-6be8-4332-8867-f3c6eda70654",
        "type": "DEBIT",
        "kind": "EXPENSE",
        "createdAt": "2022-03-18T02:01:54.001Z",
        "updatedAt": "2022-03-18T02:01:54.001Z",
        "amount": {
            "value": -2000,
            "currency": "USD",
            "valueInCents": -200000
        }
    },
    {
        "id": "34172e6f-dae1-4788-907b-0a618bb9456a",
        "uuid": "34172e6f-dae1-4788-907b-0a618bb9456a",
        "type": "DEBIT",
        "kind": "EXPENSE",
        "createdAt": "2022-03-18T02:01:54.336Z",
        "updatedAt": "2022-03-18T02:01:54.336Z",
        "amount": {
            "value": -2000,
            "currency": "USD",
            "valueInCents": -200000
        }
    },
    {
        "id": "97521740-e697-43ae-9d45-898ff2cd7ec8",
        "uuid": "97521740-e697-43ae-9d45-898ff2cd7ec8",
        "type": "CREDIT",
        "kind": "EXPENSE",
        "createdAt": "2021-12-16T04:29:38.615Z",
        "updatedAt": "2021-12-16T04:29:38.615Z",
        "amount": {
            "value": 9000,
            "currency": "USD",
            "valueInCents": 900000
        }
    },
    {
        "id": "5bf3644e-b046-4944-8556-6a5ca0e3046d",
        "uuid": "5bf3644e-b046-4944-8556-6a5ca0e3046d",
        "type": "CREDIT",
        "kind": "CONTRIBUTION",
        "createdAt": "2021-10-30T07:38:05.055Z",
        "updatedAt": "2021-10-30T07:38:05.055Z",
        "amount": {
            "value": 6000,
            "currency": "USD",
            "valueInCents": 600000
        }
    },
    {
        "id": "81fb392d-ef77-45bf-a85f-8d7fdb42cc29",
        "uuid": "81fb392d-ef77-45bf-a85f-8d7fdb42cc29",
        "type": "DEBIT",
        "kind": "HOST_FEE",
        "createdAt": "2021-10-30T07:38:04.951Z",
        "updatedAt": "2021-10-30T07:38:04.951Z",
        "amount": {
            "value": -600,
            "currency": "USD",
            "valueInCents": -60000
        }
    },
    {
        "id": "493adcef-465a-41a9-b97e-fd1f254674ef",
        "uuid": "493adcef-465a-41a9-b97e-fd1f254674ef",
        "type": "DEBIT",
        "kind": "EXPENSE",
        "createdAt": "2021-10-06T19:59:04.757Z",
        "updatedAt": "2021-10-06T19:59:04.757Z",
        "amount": {
            "value": -9000,
            "currency": "USD",
            "valueInCents": -900000
        }
    },
    {
        "id": "6eaaca21-b454-4225-96d3-66675a4bab72",
        "uuid": "6eaaca21-b454-4225-96d3-66675a4bab72",
        "type": "DEBIT",
        "kind": "EXPENSE",
        "createdAt": "2021-07-29T21:54:38.164Z",
        "updatedAt": "2021-07-29T21:54:38.164Z",
        "amount": {
            "value": -6000,
            "currency": "USD",
            "valueInCents": -600000
        }
    },
    {
        "id": "54003d3b-68b5-4d14-9bdd-78ccaf0d04e4",
        "uuid": "54003d3b-68b5-4d14-9bdd-78ccaf0d04e4",
        "type": "DEBIT",
        "kind": "HOST_FEE",
        "createdAt": "2021-07-29T02:21:27.996Z",
        "updatedAt": "2021-07-29T02:21:27.996Z",
        "amount": {
            "value": -1000,
            "currency": "USD",
            "valueInCents": -100000
        }
    },
    {
        "id": "b3bf1541-e593-4231-9a00-2596d97004ff",
        "uuid": "b3bf1541-e593-4231-9a00-2596d97004ff",
        "type": "CREDIT",
        "kind": "CONTRIBUTION",
        "createdAt": "2021-07-29T02:21:28.295Z",
        "updatedAt": "2021-07-29T02:21:28.295Z",
        "amount": {
            "value": 10000,
            "currency": "USD",
            "valueInCents": 1000000
        }
    },
    {
        "id": "a033e306-c82b-406b-94d0-48297f93d683",
        "uuid": "a033e306-c82b-406b-94d0-48297f93d683",
        "type": "CREDIT",
        "kind": "EXPENSE",
        "createdAt": "2021-06-13T20:37:51.378Z",
        "updatedAt": "2021-06-13T20:37:51.378Z",
        "amount": {
            "value": 6000,
            "currency": "USD",
            "valueInCents": 600000
        }
    },
    {
        "id": "18df69fd-852f-49c1-9cc0-f043dfb16ecc",
        "uuid": "18df69fd-852f-49c1-9cc0-f043dfb16ecc",
        "type": "CREDIT",
        "kind": "CONTRIBUTION",
        "createdAt": "2020-01-23T13:35:12.922Z",
        "updatedAt": "2020-01-23T13:35:12.922Z",
        "amount": {
            "value": 50,
            "currency": "USD",
            "valueInCents": 5000
        }
    }
]