[
    {
        "id": "2f78386c-af14-4f28-a00e-f2d9872b4b6d",
        "uuid": "2f78386c-af14-4f28-a00e-f2d9872b4b6d",
        "type": "DEBIT",
        "kind": "EXPENSE",
        "createdAt": "2024-04-23T16:29:58.122Z",
        "updatedAt": "2024-04-23T16:29:58.122Z",
        "amount": {
            "value": -18434.9,
            "currency": "USD",
            "valueInCents": -1843490
        }
    },
    {
        "id": "dff2a5ec-ab84-4e61-8c12-dd28b7c94a2b",
        "uuid": "dff2a5ec-ab84-4e61-8c12-dd28b7c94a2b",
        "type": "CREDIT",
        "kind": "BALANCE_TRANSFER",
        "createdAt": "2024-04-23T04:17:23.337Z",
        "updatedAt": "2024-04-23T04:17:23.337Z",
        "amount": {
            "value": 345,
            "currency": "USD",
            "valueInCents": 34500
        }
    },
    {
        "id": "642bd95d-155d-4ab2-9f16-84f6b75d8039",
        "uuid": "642bd95d-155d-4ab2-9f16-84f6b75d8039",
        "type": "DEBIT",
        "kind": "PAYMENT_PROCESSOR_FEE",
        "createdAt": "2024-04-17T11:14:32.627Z",
        "updatedAt": "2024-04-17T11:14:32.627Z",
        "amount": {
            "value": -0.39,
            "currency": "USD",
            "valueInCents": -39
        }
    },
    {
        "id": "6a9c91c5-33f7-4669-9441-05ffc464fa3e",
        "uuid": "6a9c91c5-33f7-4669-9441-05ffc464fa3e",
        "type": "DEBIT",
        "kind": "EXPENSE",
        "createdAt": "2024-04-17T11:14:32.640Z",
        "updatedAt": "2024-04-17T11:14:32.640Z",
        "amount": {
            "value": -184,
            "currency": "USD",
            "valueInCents": -18400
        }
    },
    {
        "id": "e0a28691-5d87-4627-afb5-95a934934ec2",
        "uuid": "e0a28691-5d87-4627-afb5-95a934934ec2",
        "type": "DEBIT",
        "kind": "HOST_FEE",
        "createdAt": "2024-04-05T18:42:20.503Z",
        "updatedAt": "2024-04-05T18:42:20.503Z",
        "amount": {
            "value": -80,
            "currency": "USD",
            "valueInCents": -8000
        }
    },
    {
        "id": "2a81a42d-b0cf-4d78-86af-183d1ceaebab",
        "uuid": "2a81a42d-b0cf-4d78-86af-183d1ceaebab",
        "type": "CREDIT",
        "kind": "ADDED_FUNDS",
        "createdAt": "2024-04-05T18:42:20.566Z",
        "updatedAt": "2024-04-05T18:42:20.566Z",
        "amount": {
            "value": 1000,
            "currency": "USD",
            "valueInCents": 100000
        }
    },
    {
        "id": "65385327-73b4-4994-b602-9bc2bea099b7",
        "uuid": "65385327-73b4-4994-b602-9bc2bea099b7",
        "type": "DEBIT",
        "kind": "HOST_FEE",
        "createdAt": "2024-03-20T15:08:49.233Z",
        "updatedAt": "2024-03-20T15:08:49.233Z",
        "amount": {
            "value": -640,
            "currency": "USD",
            "valueInCents": -64000
        }
    },
    {
        "id": "17fb9b52-2a2d-4b6e-b6d8-e881defac1de",
        "uuid": "17fb9b52-2a2d-4b6e-b6d8-e881defac1de",
        "type": "CREDIT",
        "kind": "ADDED_FUNDS",
        "createdAt": "2024-03-20T15:08:49.294Z",
        "updatedAt": "2024-03-20T15:08:49.294Z",
        "amount": {
            "value": 8000,
            "currency": "USD",
            "valueInCents": 800000
        }
    },
    {
        "id": "b2d72b45-d0f7-4ce7-b80d-c59150b6b733",
        "uuid": "b2d72b45-d0f7-4ce7-b80d-c59150b6b733",
        "type": "DEBIT",
        "kind": "HOST_FEE",
        "createdAt": "2024-03-12T17:23:10.170Z",
        "updatedAt": "2024-03-12T17:23:10.170Z",
        "amount": {
            "value": -80,
            "currency": "USD",
            "valueInCents": -8000
        }
    },
    {
        "id": "fba1c6d9-1571-4ae6-b058-70dedcef442e",
        "uuid": "fba1c6d9-1571-4ae6-b058-70dedcef442e",
        "type": "CREDIT",
        "kind": "ADDED_FUNDS",
        "createdAt": "2024-03-12T17:23:10.214Z",
        "updatedAt": "2024-03-12T17:23:10.214Z",
        "amount": {
            "value": 1000,
            "currency": "USD",
            "valueInCents": 100000
        }
    },
    {
        "id": "d1b908cc-7190-4943-8142-838798878d4e",
        "uuid": "d1b908cc-7190-4943-8142-838798878d4e",
        "type": "DEBIT",
        "kind": "PAYMENT_PROCESSOR_FEE",
        "createdAt": "2024-03-08T12:28:04.401Z",
        "updatedAt": "2024-03-08T12:28:04.401Z",
        "amount": {
            "value": -0.39,
            "currency": "USD",
            "valueInCents": -39
        }
    },
    {
        "id": "17a2e882-2768-48b0-8492-6916be960ebe",
        "uuid": "17a2e882-2768-48b0-8492-6916be960ebe",
        "type": "DEBIT",
        "kind": "EXPENSE",
        "createdAt": "2024-03-08T12:28:04.415Z",
        "updatedAt": "2024-03-08T12:28:04.415Z",
        "amount": {
            "value": -184,
            "currency": "USD",
            "valueInCents": -18400
        }
    },
    {
        "id": "31151195-3cae-42ef-9c3e-4db759ec88f4",
        "uuid": "31151195-3cae-42ef-9c3e-4db759ec88f4",
        "type": "DEBIT",
        "kind": "PAYMENT_PROCESSOR_FEE",
        "createdAt": "2024-03-01T12:27:00.880Z",
        "updatedAt": "2024-03-01T12:27:00.880Z",
        "amount": {
            "value": -0.39,
            "currency": "USD",
            "valueInCents": -39
        }
    },
    {
        "id": "9865dc5c-3a9f-4aa3-b64f-52dcc84d8e5c",
        "uuid": "9865dc5c-3a9f-4aa3-b64f-52dcc84d8e5c",
        "type": "DEBIT",
        "kind": "EXPENSE",
        "createdAt": "2024-03-01T12:27:00.895Z",
        "updatedAt": "2024-03-01T12:27:00.895Z",
        "amount": {
            "value": -23,
            "currency": "USD",
            "valueInCents": -2300
        }
    },
    {
        "id": "73706d80-e0dc-4160-94ce-54d176d611b2",
        "uuid": "73706d80-e0dc-4160-94ce-54d176d611b2",
        "type": "DEBIT",
        "kind": "PAYMENT_PROCESSOR_FEE",
        "createdAt": "2024-02-21T21:36:58.649Z",
        "updatedAt": "2024-02-21T21:36:58.649Z",
        "amount": {
            "value": -0.39,
            "currency": "USD",
            "valueInCents": -39
        }
    },
    {
        "id": "c9866590-9d04-4298-843a-282d4badfe97",
        "uuid": "c9866590-9d04-4298-843a-282d4badfe97",
        "type": "DEBIT",
        "kind": "EXPENSE",
        "createdAt": "2024-02-21T21:36:58.663Z",
        "updatedAt": "2024-02-21T21:36:58.663Z",
        "amount": {
            "value": -352.92,
            "currency": "USD",
            "valueInCents": -35292
        }
    },
    {
        "id": "35493823-0553-4b1a-ba98-93ee4bd18855",
        "uuid": "35493823-0553-4b1a-ba98-93ee4bd18855",
        "type": "DEBIT",
        "kind": "EXPENSE",
        "createdAt": "2024-02-06T11:09:01.607Z",
        "updatedAt": "2024-02-06T11:09:01.607Z",
        "amount": {
            "value": -162,
            "currency": "USD",
            "valueInCents": -16200
        }
    },
    {
        "id": "5bdb6945-01d6-4391-8b0f-422caa5704de",
        "uuid": "5bdb6945-01d6-4391-8b0f-422caa5704de",
        "type": "DEBIT",
        "kind": "EXPENSE",
        "createdAt": "2024-01-15T18:22:15.562Z",
        "updatedAt": "2024-01-15T18:22:15.562Z",
        "amount": {
            "value": -288,
            "currency": "USD",
            "valueInCents": -28800
        }
    },
    {
        "id": "f9f8eafb-afce-41a7-9c4a-23a8069ba7e7",
        "uuid": "f9f8eafb-afce-41a7-9c4a-23a8069ba7e7",
        "type": "DEBIT",
        "kind": "EXPENSE",
        "createdAt": "2023-11-14T12:22:02.267Z",
        "updatedAt": "2023-11-14T12:22:02.267Z",
        "amount": {
            "value": -685.01,
            "currency": "USD",
            "valueInCents": -68501
        }
    },
    {
        "id": "a4952799-d7e5-47c8-924c-fb94f0b0bec0",
        "uuid": "a4952799-d7e5-47c8-924c-fb94f0b0bec0",
        "type": "DEBIT",
        "kind": "EXPENSE",
        "createdAt": "2023-11-02T11:21:44.727Z",
        "updatedAt": "2023-11-02T11:21:44.727Z",
        "amount": {
            "value": -450,
            "currency": "USD",
            "valueInCents": -45000
        }
    },
    {
        "id": "aefba849-4432-4233-a92c-e5159db6b4b0",
        "uuid": "aefba849-4432-4233-a92c-e5159db6b4b0",
        "type": "DEBIT",
        "kind": "EXPENSE",
        "createdAt": "2023-11-01T11:22:18.710Z",
        "updatedAt": "2023-11-01T11:22:18.710Z",
        "amount": {
            "value": -300,
            "currency": "USD",
            "valueInCents": -30000
        }
    },
    {
        "id": "4c058c5b-4b37-4f2c-bf60-0dc32eed1c52",
        "uuid": "4c058c5b-4b37-4f2c-bf60-0dc32eed1c52",
        "type": "DEBIT",
        "kind": "EXPENSE",
        "createdAt": "2023-10-31T11:21:59.002Z",
        "updatedAt": "2023-10-31T11:21:59.002Z",
        "amount": {
            "value": -97.94,
            "currency": "USD",
            "valueInCents": -9794
        }
    },
    {
        "id": "a98ba27a-1898-43a1-8ed9-0aea61d6994a",
        "uuid": "a98ba27a-1898-43a1-8ed9-0aea61d6994a",
        "type": "DEBIT",
        "kind": "EXPENSE",
        "createdAt": "2023-10-31T11:21:59.660Z",
        "updatedAt": "2023-10-31T11:21:59.660Z",
        "amount": {
            "value": -350,
            "currency": "USD",
            "valueInCents": -35000
        }
    },
    {
        "id": "b35fb84d-67db-4a0e-85fb-d3c886cd9b94",
        "uuid": "b35fb84d-67db-4a0e-85fb-d3c886cd9b94",
        "type": "DEBIT",
        "kind": "EXPENSE",
        "createdAt": "2023-10-30T18:04:08.545Z",
        "updatedAt": "2023-10-30T18:04:08.545Z",
        "amount": {
            "value": -1291.5,
            "currency": "USD",
            "valueInCents": -129150
        }
    },
    {
        "id": "1a3182f9-1fd1-4675-88e3-cdec03dcc861",
        "uuid": "1a3182f9-1fd1-4675-88e3-cdec03dcc861",
        "type": "DEBIT",
        "kind": "EXPENSE",
        "createdAt": "2023-10-21T08:24:01.122Z",
        "updatedAt": "2023-10-21T08:24:01.122Z",
        "amount": {
            "value": -162,
            "currency": "USD",
            "valueInCents": -16200
        }
    },
    {
        "id": "8e1ce4ad-daa1-43b1-a9c6-0580cae3da43",
        "uuid": "8e1ce4ad-daa1-43b1-a9c6-0580cae3da43",
        "type": "DEBIT",
        "kind": "EXPENSE",
        "createdAt": "2023-10-03T17:57:13.730Z",
        "updatedAt": "2023-10-03T17:57:13.730Z",
        "amount": {
            "value": -256.25,
            "currency": "USD",
            "valueInCents": -25625
        }
    },
    {
        "id": "13f2d6fe-3162-4be6-980c-48b752643ddb",
        "uuid": "13f2d6fe-3162-4be6-980c-48b752643ddb",
        "type": "DEBIT",
        "kind": "HOST_FEE",
        "createdAt": "2023-09-27T23:33:58.337Z",
        "updatedAt": "2023-09-27T23:33:58.337Z",
        "amount": {
            "value": -8.75,
            "currency": "USD",
            "valueInCents": -875
        }
    },
    {
        "id": "cf07e51d-75c5-4574-ae3c-11dfb2f02835",
        "uuid": "cf07e51d-75c5-4574-ae3c-11dfb2f02835",
        "type": "CREDIT",
        "kind": "CONTRIBUTION",
        "createdAt": "2023-09-27T23:33:58.361Z",
        "updatedAt": "2023-09-27T23:33:58.361Z",
        "amount": {
            "value": 175,
            "currency": "USD",
            "valueInCents": 17500
        }
    },
    {
        "id": "71381953-8f8f-4337-b9db-682e0a70022f",
        "uuid": "71381953-8f8f-4337-b9db-682e0a70022f",
        "type": "DEBIT",
        "kind": "HOST_FEE",
        "createdAt": "2023-09-27T23:29:05.361Z",
        "updatedAt": "2023-09-27T23:29:05.361Z",
        "amount": {
            "value": -16.25,
            "currency": "USD",
            "valueInCents": -1625
        }
    },
    {
        "id": "aebd595d-9a66-4fe9-9966-4a5e9c0014bd",
        "uuid": "aebd595d-9a66-4fe9-9966-4a5e9c0014bd",
        "type": "CREDIT",
        "kind": "CONTRIBUTION",
        "createdAt": "2023-09-27T23:29:05.388Z",
        "updatedAt": "2023-09-27T23:29:05.388Z",
        "amount": {
            "value": 325,
            "currency": "USD",
            "valueInCents": 32500
        }
    },
    {
        "id": "0938d114-71a2-4d61-a428-e4b9e09c660a",
        "uuid": "0938d114-71a2-4d61-a428-e4b9e09c660a",
        "type": "DEBIT",
        "kind": "EXPENSE",
        "createdAt": "2023-09-27T19:59:10.866Z",
        "updatedAt": "2023-09-27T19:59:10.866Z",
        "amount": {
            "value": -158,
            "currency": "USD",
            "valueInCents": -15800
        }
    },
    {
        "id": "a7a3356d-a550-4ee7-97e3-2d473ddb0c1f",
        "uuid": "a7a3356d-a550-4ee7-97e3-2d473ddb0c1f",
        "type": "DEBIT",
        "kind": "EXPENSE",
        "createdAt": "2023-09-21T08:17:16.800Z",
        "updatedAt": "2023-09-21T08:17:16.800Z",
        "amount": {
            "value": -162,
            "currency": "USD",
            "valueInCents": -16200
        }
    },
    {
        "id": "3bbce8f7-afef-4757-99d2-c99aba142895",
        "uuid": "3bbce8f7-afef-4757-99d2-c99aba142895",
        "type": "DEBIT",
        "kind": "EXPENSE",
        "createdAt": "2023-08-21T08:13:44.979Z",
        "updatedAt": "2023-08-21T08:13:44.979Z",
        "amount": {
            "value": -162,
            "currency": "USD",
            "valueInCents": -16200
        }
    },
    {
        "id": "c045414e-882f-42ab-a970-cc8089a83d8a",
        "uuid": "c045414e-882f-42ab-a970-cc8089a83d8a",
        "type": "DEBIT",
        "kind": "EXPENSE",
        "createdAt": "2023-07-21T08:14:33.774Z",
        "updatedAt": "2023-07-21T08:14:33.774Z",
        "amount": {
            "value": -162,
            "currency": "USD",
            "valueInCents": -16200
        }
    },
    {
        "id": "cd26a814-831a-43c4-a90c-ad2018d8c510",
        "uuid": "cd26a814-831a-43c4-a90c-ad2018d8c510",
        "type": "DEBIT",
        "kind": "EXPENSE",
        "createdAt": "2023-06-21T08:16:08.363Z",
        "updatedAt": "2023-06-21T08:16:08.363Z",
        "amount": {
            "value": -162,
            "currency": "USD",
            "valueInCents": -16200
        }
    },
    {
        "id": "f31b9087-c124-463f-b0ed-02260b7d199e",
        "uuid": "f31b9087-c124-463f-b0ed-02260b7d199e",
        "type": "DEBIT",
        "kind": "EXPENSE",
        "createdAt": "2023-06-11T16:16:01.376Z",
        "updatedAt": "2023-06-11T16:16:01.376Z",
        "amount": {
            "value": -155.88,
            "currency": "USD",
            "valueInCents": -15588
        }
    },
    {
        "id": "b68fed39-981e-48b2-aeb6-febd49860835",
        "uuid": "b68fed39-981e-48b2-aeb6-febd49860835",
        "type": "DEBIT",
        "kind": "EXPENSE",
        "createdAt": "2023-05-21T15:13:09.953Z",
        "updatedAt": "2023-05-21T15:13:09.953Z",
        "amount": {
            "value": -162,
            "currency": "USD",
            "valueInCents": -16200
        }
    },
    {
        "id": "f6538eaa-1102-4fd3-b84f-0ebb37f6b093",
        "uuid": "f6538eaa-1102-4fd3-b84f-0ebb37f6b093",
        "type": "DEBIT",
        "kind": "EXPENSE",
        "createdAt": "2023-04-21T12:07:17.859Z",
        "updatedAt": "2023-04-21T12:07:17.859Z",
        "amount": {
            "value": -162,
            "currency": "USD",
            "valueInCents": -16200
        }
    },
    {
        "id": "03a7ad72-b440-46a0-9758-c05e639d9d80",
        "uuid": "03a7ad72-b440-46a0-9758-c05e639d9d80",
        "type": "DEBIT",
        "kind": "EXPENSE",
        "createdAt": "2023-03-21T12:05:59.478Z",
        "updatedAt": "2023-03-21T12:05:59.478Z",
        "amount": {
            "value": -162,
            "currency": "USD",
            "valueInCents": -16200
        }
    },
    {
        "id": "c3cd8dee-373d-4b07-8f42-0fe976786b18",
        "uuid": "c3cd8dee-373d-4b07-8f42-0fe976786b18",
        "type": "DEBIT",
        "kind": "EXPENSE",
        "createdAt": "2023-02-21T13:04:35.637Z",
        "updatedAt": "2023-02-21T13:04:35.637Z",
        "amount": {
            "value": -162,
            "currency": "USD",
            "valueInCents": -16200
        }
    },
    {
        "id": "eb0507f1-506b-4a39-a085-65cf7d2261ab",
        "uuid": "eb0507f1-506b-4a39-a085-65cf7d2261ab",
        "type": "DEBIT",
        "kind": "EXPENSE",
        "createdAt": "2023-01-21T12:41:18.107Z",
        "updatedAt": "2023-01-21T12:41:18.107Z",
        "amount": {
            "value": -144,
            "currency": "USD",
            "valueInCents": -14400
        }
    },
    {
        "id": "796efd14-9e9c-489b-8f3f-00e91c30c8c0",
        "uuid": "796efd14-9e9c-489b-8f3f-00e91c30c8c0",
        "type": "DEBIT",
        "kind": "EXPENSE",
        "createdAt": "2022-12-21T12:41:36.791Z",
        "updatedAt": "2022-12-21T12:41:36.791Z",
        "amount": {
            "value": -144,
            "currency": "USD",
            "valueInCents": -14400
        }
    },
    {
        "id": "e6bf0be7-68fc-452c-bdaa-89fb8c4208d4",
        "uuid": "e6bf0be7-68fc-452c-bdaa-89fb8c4208d4",
        "type": "CREDIT",
        "kind": "BALANCE_TRANSFER",
        "createdAt": "2022-12-16T18:53:36.721Z",
        "updatedAt": "2022-12-16T18:53:36.721Z",
        "amount": {
            "value": 14844.2,
            "currency": "USD",
            "valueInCents": 1484420
        }
    },
    {
        "id": "3a7b7e2f-aea7-4c21-9d77-60f0472cdf2e",
        "uuid": "3a7b7e2f-aea7-4c21-9d77-60f0472cdf2e",
        "type": "DEBIT",
        "kind": "EXPENSE",
        "createdAt": "2022-11-21T12:58:12.383Z",
        "updatedAt": "2022-11-21T12:58:12.383Z",
        "amount": {
            "value": -144,
            "currency": "USD",
            "valueInCents": -14400
        }
    },
    {
        "id": "063303a6-96a0-40b8-87a2-0fef5aa87681",
        "uuid": "063303a6-96a0-40b8-87a2-0fef5aa87681",
        "type": "DEBIT",
        "kind": "EXPENSE",
        "createdAt": "2022-11-04T11:22:02.267Z",
        "updatedAt": "2022-11-04T11:22:02.267Z",
        "amount": {
            "value": -140.08,
            "currency": "USD",
            "valueInCents": -14008
        }
    },
    {
        "id": "b438ffa9-eabb-4553-b0ef-f0b8c1253784",
        "uuid": "b438ffa9-eabb-4553-b0ef-f0b8c1253784",
        "type": "DEBIT",
        "kind": "EXPENSE",
        "createdAt": "2022-10-21T12:50:48.025Z",
        "updatedAt": "2022-10-21T12:50:48.025Z",
        "amount": {
            "value": -144,
            "currency": "USD",
            "valueInCents": -14400
        }
    },
    {
        "id": "500a6991-9300-48fe-b27e-98295441cd10",
        "uuid": "500a6991-9300-48fe-b27e-98295441cd10",
        "type": "DEBIT",
        "kind": "HOST_FEE",
        "createdAt": "2022-10-14T00:46:53.901Z",
        "updatedAt": "2022-10-14T00:46:53.901Z",
        "amount": {
            "value": -40,
            "currency": "USD",
            "valueInCents": -4000
        }
    },
    {
        "id": "4af1b645-fdd3-4065-bf43-55ce61cfa3d8",
        "uuid": "4af1b645-fdd3-4065-bf43-55ce61cfa3d8",
        "type": "CREDIT",
        "kind": "ADDED_FUNDS",
        "createdAt": "2022-10-14T00:46:53.973Z",
        "updatedAt": "2022-10-14T00:46:53.973Z",
        "amount": {
            "value": 500,
            "currency": "USD",
            "valueInCents": 50000
        }
    },
    {
        "id": "b9dc02f3-9223-4659-ba88-ed0ebb3989a7",
        "uuid": "b9dc02f3-9223-4659-ba88-ed0ebb3989a7",
        "type": "DEBIT",
        "kind": "EXPENSE",
        "createdAt": "2022-09-27T16:18:28.095Z",
        "updatedAt": "2022-09-27T16:18:28.095Z",
        "amount": {
            "value": -156.64,
            "currency": "USD",
            "valueInCents": -15664
        }
    },
    {
        "id": "dd563d22-d274-49e4-be34-6b0644236a7c",
        "uuid": "dd563d22-d274-49e4-be34-6b0644236a7c",
        "type": "DEBIT",
        "kind": "EXPENSE",
        "createdAt": "2022-08-18T17:19:30.393Z",
        "updatedAt": "2022-08-18T17:19:30.393Z",
        "amount": {
            "value": -146.64,
            "currency": "USD",
            "valueInCents": -14664
        }
    },
    {
        "id": "c8126630-40cf-45bb-9759-3c384759371a",
        "uuid": "c8126630-40cf-45bb-9759-3c384759371a",
        "type": "DEBIT",
        "kind": "EXPENSE",
        "createdAt": "2022-08-16T16:55:55.608Z",
        "updatedAt": "2022-08-16T16:55:55.608Z",
        "amount": {
            "value": -166.64,
            "currency": "USD",
            "valueInCents": -16664
        }
    },
    {
        "id": "df3b68db-0cbe-402c-b2b6-d8f4b9f5ff78",
        "uuid": "df3b68db-0cbe-402c-b2b6-d8f4b9f5ff78",
        "type": "DEBIT",
        "kind": "EXPENSE",
        "createdAt": "2022-07-29T00:01:48.605Z",
        "updatedAt": "2022-07-29T00:01:48.605Z",
        "amount": {
            "value": -166.64,
            "currency": "USD",
            "valueInCents": -16664
        }
    },
    {
        "id": "2a1ce37a-d661-480f-9f5b-3ecc53c1d7af",
        "uuid": "2a1ce37a-d661-480f-9f5b-3ecc53c1d7af",
        "type": "DEBIT",
        "kind": "EXPENSE",
        "createdAt": "2022-07-29T00:01:48.731Z",
        "updatedAt": "2022-07-29T00:01:48.731Z",
        "amount": {
            "value": -155.88,
            "currency": "USD",
            "valueInCents": -15588
        }
    },
    {
        "id": "fb785026-52fc-49bf-8be2-e600badc22fd",
        "uuid": "fb785026-52fc-49bf-8be2-e600badc22fd",
        "type": "DEBIT",
        "kind": "HOST_FEE",
        "createdAt": "2022-07-07T00:25:51.745Z",
        "updatedAt": "2022-07-07T00:25:51.745Z",
        "amount": {
            "value": -90.13,
            "currency": "USD",
            "valueInCents": -9013
        }
    },
    {
        "id": "1e66e247-c1fe-4f5a-b863-7777ed9689b7",
        "uuid": "1e66e247-c1fe-4f5a-b863-7777ed9689b7",
        "type": "CREDIT",
        "kind": "ADDED_FUNDS",
        "createdAt": "2022-07-07T00:25:51.821Z",
        "updatedAt": "2022-07-07T00:25:51.821Z",
        "amount": {
            "value": 1126.62,
            "currency": "USD",
            "valueInCents": 112662
        }
    }
]