[
    {
        "id": "55a0024d-f5f8-4b7a-9a4b-04a4a8af122b",
        "uuid": "55a0024d-f5f8-4b7a-9a4b-04a4a8af122b",
        "type": "DEBIT",
        "kind": "PAYMENT_PROCESSOR_FEE",
        "createdAt": "2025-01-03T04:04:59.279Z",
        "updatedAt": "2025-01-03T04:04:59.279Z",
        "amount": {
            "value": -0.37,
            "currency": "CAD",
            "valueInCents": -37
        }
    },
    {
        "id": "25c4fd9d-b959-4965-976b-afa809e87266",
        "uuid": "25c4fd9d-b959-4965-976b-afa809e87266",
        "type": "CREDIT",
        "kind": "CONTRIBUTION",
        "createdAt": "2025-01-03T04:04:59.297Z",
        "updatedAt": "2025-01-03T04:04:59.297Z",
        "amount": {
            "value": 2,
            "currency": "CAD",
            "valueInCents": 200
        }
    },
    {
        "id": "85a8f26e-96d5-46e1-9fc2-d35cfa7d349d",
        "uuid": "85a8f26e-96d5-46e1-9fc2-d35cfa7d349d",
        "type": "DEBIT",
        "kind": "PAYMENT_PROCESSOR_FEE",
        "createdAt": "2024-12-02T12:07:17.881Z",
        "updatedAt": "2024-12-02T12:07:17.881Z",
        "amount": {
            "value": -0.37,
            "currency": "CAD",
            "valueInCents": -37
        }
    },
    {
        "id": "22141aba-d45a-435c-99e3-e829e6428e7b",
        "uuid": "22141aba-d45a-435c-99e3-e829e6428e7b",
        "type": "CREDIT",
        "kind": "CONTRIBUTION",
        "createdAt": "2024-12-02T12:07:18.274Z",
        "updatedAt": "2024-12-02T12:07:18.274Z",
        "amount": {
            "value": 2,
            "currency": "CAD",
            "valueInCents": 200
        }
    },
    {
        "id": "c227d7e0-0d32-4ec5-951d-e2b210c831af",
        "uuid": "c227d7e0-0d32-4ec5-951d-e2b210c831af",
        "type": "DEBIT",
        "kind": "PAYMENT_PROCESSOR_FEE",
        "createdAt": "2024-10-29T17:37:43.670Z",
        "updatedAt": "2024-10-29T17:37:43.670Z",
        "amount": {
            "value": -0.37,
            "currency": "CAD",
            "valueInCents": -37
        }
    },
    {
        "id": "a3916c0b-739d-4a53-ad96-b1770d3340a9",
        "uuid": "a3916c0b-739d-4a53-ad96-b1770d3340a9",
        "type": "CREDIT",
        "kind": "CONTRIBUTION",
        "createdAt": "2024-10-29T17:37:43.692Z",
        "updatedAt": "2024-10-29T17:37:43.692Z",
        "amount": {
            "value": 2,
            "currency": "CAD",
            "valueInCents": 200
        }
    },
    {
        "id": "6e48467b-0301-4e4a-a4ad-9a9cc3af64ba",
        "uuid": "6e48467b-0301-4e4a-a4ad-9a9cc3af64ba",
        "type": "CREDIT",
        "kind": "ADDED_FUNDS",
        "createdAt": "2024-10-28T18:26:01.218Z",
        "updatedAt": "2024-10-28T18:26:01.218Z",
        "amount": {
            "value": 82.2,
            "currency": "CAD",
            "valueInCents": 8220
        }
    }
]