[
    {
        "id": "820242ac-7bbb-40cb-aab4-dfe6c0e30450",
        "uuid": "820242ac-7bbb-40cb-aab4-dfe6c0e30450",
        "type": "DEBIT",
        "kind": "CONTRIBUTION",
        "createdAt": "2022-03-11T09:21:07.081Z",
        "updatedAt": "2022-03-11T09:21:07.081Z",
        "amount": {
            "value": -150,
            "currency": "GBP",
            "valueInCents": -15000
        }
    },
    {
        "id": "bcef07ee-b7b3-46a8-8516-86cb8b4ab315",
        "uuid": "bcef07ee-b7b3-46a8-8516-86cb8b4ab315",
        "type": "DEBIT",
        "kind": "CONTRIBUTION",
        "createdAt": "2022-03-11T09:20:26.082Z",
        "updatedAt": "2022-03-11T09:20:26.082Z",
        "amount": {
            "value": -150,
            "currency": "GBP",
            "valueInCents": -15000
        }
    },
    {
        "id": "7afafeb4-5720-425a-9fde-ab87957cb025",
        "uuid": "7afafeb4-5720-425a-9fde-ab87957cb025",
        "type": "DEBIT",
        "kind": "CONTRIBUTION",
        "createdAt": "2021-12-01T14:11:50.074Z",
        "updatedAt": "2021-12-01T14:11:50.074Z",
        "amount": {
            "value": -50,
            "currency": "GBP",
            "valueInCents": -5000
        }
    },
    {
        "id": "b896d4ae-2328-4752-85df-55a55f00c239",
        "uuid": "b896d4ae-2328-4752-85df-55a55f00c239",
        "type": "DEBIT",
        "kind": "CONTRIBUTION",
        "createdAt": "2021-12-01T14:11:19.228Z",
        "updatedAt": "2021-12-01T14:11:19.228Z",
        "amount": {
            "value": -100,
            "currency": "GBP",
            "valueInCents": -10000
        }
    },
    {
        "id": "b246829c-4352-481f-a7ec-1d8d55206391",
        "uuid": "b246829c-4352-481f-a7ec-1d8d55206391",
        "type": "DEBIT",
        "kind": "CONTRIBUTION",
        "createdAt": "2021-12-01T14:10:34.247Z",
        "updatedAt": "2021-12-01T14:10:34.247Z",
        "amount": {
            "value": -200,
            "currency": "GBP",
            "valueInCents": -20000
        }
    },
    {
        "id": "39cfb743-15ed-4ba7-a673-10423f353e85",
        "uuid": "39cfb743-15ed-4ba7-a673-10423f353e85",
        "type": "DEBIT",
        "kind": "CONTRIBUTION",
        "createdAt": "2021-12-01T14:09:49.023Z",
        "updatedAt": "2021-12-01T14:09:49.023Z",
        "amount": {
            "value": -300,
            "currency": "GBP",
            "valueInCents": -30000
        }
    },
    {
        "id": "da34e11f-064d-4b1b-8f7a-b3d84d2e503c",
        "uuid": "da34e11f-064d-4b1b-8f7a-b3d84d2e503c",
        "type": "DEBIT",
        "kind": "CONTRIBUTION",
        "createdAt": "2021-10-01T07:23:12.680Z",
        "updatedAt": "2021-10-01T07:23:12.680Z",
        "amount": {
            "value": -200,
            "currency": "GBP",
            "valueInCents": -20000
        }
    },
    {
        "id": "ebb839b1-a8ac-4396-8a6f-f449785721a5",
        "uuid": "ebb839b1-a8ac-4396-8a6f-f449785721a5",
        "type": "DEBIT",
        "kind": "CONTRIBUTION",
        "createdAt": "2021-09-30T14:03:24.154Z",
        "updatedAt": "2021-09-30T14:03:24.154Z",
        "amount": {
            "value": -300,
            "currency": "GBP",
            "valueInCents": -30000
        }
    },
    {
        "id": "35ea23c8-fd30-448d-8c50-715e0bb205ac",
        "uuid": "35ea23c8-fd30-448d-8c50-715e0bb205ac",
        "type": "DEBIT",
        "kind": "CONTRIBUTION",
        "createdAt": "2021-08-26T11:18:43.163Z",
        "updatedAt": "2021-08-26T11:18:43.163Z",
        "amount": {
            "value": -50,
            "currency": "GBP",
            "valueInCents": -5000
        }
    },
    {
        "id": "b1396318-d7ca-4030-a3a4-87c254d38395",
        "uuid": "b1396318-d7ca-4030-a3a4-87c254d38395",
        "type": "DEBIT",
        "kind": "CONTRIBUTION",
        "createdAt": "2021-08-26T10:48:39.150Z",
        "updatedAt": "2021-08-26T10:48:39.150Z",
        "amount": {
            "value": -25,
            "currency": "GBP",
            "valueInCents": -2500
        }
    },
    {
        "id": "18e144ed-bca5-4476-856e-a128c2567102",
        "uuid": "18e144ed-bca5-4476-856e-a128c2567102",
        "type": "DEBIT",
        "kind": "CONTRIBUTION",
        "createdAt": "2021-08-26T10:45:24.466Z",
        "updatedAt": "2021-08-26T10:45:24.466Z",
        "amount": {
            "value": -75,
            "currency": "GBP",
            "valueInCents": -7500
        }
    },
    {
        "id": "cd62b540-3c33-47e0-b488-94186416f99b",
        "uuid": "cd62b540-3c33-47e0-b488-94186416f99b",
        "type": "DEBIT",
        "kind": "CONTRIBUTION",
        "createdAt": "2021-08-26T10:44:34.574Z",
        "updatedAt": "2021-08-26T10:44:34.574Z",
        "amount": {
            "value": -200,
            "currency": "GBP",
            "valueInCents": -20000
        }
    },
    {
        "id": "069f0881-a672-4f0a-bf96-04c7da748d43",
        "uuid": "069f0881-a672-4f0a-bf96-04c7da748d43",
        "type": "DEBIT",
        "kind": "CONTRIBUTION",
        "createdAt": "2021-08-26T10:43:45.738Z",
        "updatedAt": "2021-08-26T10:43:45.738Z",
        "amount": {
            "value": -300,
            "currency": "GBP",
            "valueInCents": -30000
        }
    },
    {
        "id": "33a1ff19-5b6e-4be7-858f-97f1be6e1b68",
        "uuid": "33a1ff19-5b6e-4be7-858f-97f1be6e1b68",
        "type": "DEBIT",
        "kind": "CONTRIBUTION",
        "createdAt": "2021-07-30T10:16:15.324Z",
        "updatedAt": "2021-07-30T10:16:15.324Z",
        "amount": {
            "value": -25,
            "currency": "GBP",
            "valueInCents": -2500
        }
    },
    {
        "id": "e56b62ca-9f72-4659-a7c1-5d239701f893",
        "uuid": "e56b62ca-9f72-4659-a7c1-5d239701f893",
        "type": "DEBIT",
        "kind": "CONTRIBUTION",
        "createdAt": "2021-07-30T10:15:37.963Z",
        "updatedAt": "2021-07-30T10:15:37.963Z",
        "amount": {
            "value": -75,
            "currency": "GBP",
            "valueInCents": -7500
        }
    },
    {
        "id": "a33f9e23-74d3-478d-8475-ee649db57257",
        "uuid": "a33f9e23-74d3-478d-8475-ee649db57257",
        "type": "DEBIT",
        "kind": "CONTRIBUTION",
        "createdAt": "2021-07-30T10:13:40.413Z",
        "updatedAt": "2021-07-30T10:13:40.413Z",
        "amount": {
            "value": -200,
            "currency": "GBP",
            "valueInCents": -20000
        }
    },
    {
        "id": "7e670b3c-6187-4055-bd8c-c6f7bcdbfff1",
        "uuid": "7e670b3c-6187-4055-bd8c-c6f7bcdbfff1",
        "type": "DEBIT",
        "kind": "CONTRIBUTION",
        "createdAt": "2021-07-30T10:12:34.431Z",
        "updatedAt": "2021-07-30T10:12:34.431Z",
        "amount": {
            "value": -300,
            "currency": "GBP",
            "valueInCents": -30000
        }
    },
    {
        "id": "de234492-72c3-4465-acae-7447d7743835",
        "uuid": "de234492-72c3-4465-acae-7447d7743835",
        "type": "CREDIT",
        "kind": "ADDED_FUNDS",
        "createdAt": "2021-07-30T10:09:43.906Z",
        "updatedAt": "2021-07-30T10:09:43.906Z",
        "amount": {
            "value": 3345,
            "currency": "GBP",
            "valueInCents": 334500
        }
    }
]