[
    {
        "id": "bb41d181-d40b-458e-a77c-38428f0490b0",
        "uuid": "bb41d181-d40b-458e-a77c-38428f0490b0",
        "type": "DEBIT",
        "kind": "EXPENSE",
        "createdAt": "2023-08-23T15:36:56.230Z",
        "updatedAt": "2023-08-23T15:36:56.230Z",
        "amount": {
            "value": -175.99,
            "currency": "GBP",
            "valueInCents": -17599
        }
    },
    {
        "id": "6ab7f745-9da6-49e0-92ed-398102ef6899",
        "uuid": "6ab7f745-9da6-49e0-92ed-398102ef6899",
        "type": "DEBIT",
        "kind": "EXPENSE",
        "createdAt": "2023-03-10T16:06:23.178Z",
        "updatedAt": "2023-03-10T16:06:23.178Z",
        "amount": {
            "value": -194.19,
            "currency": "GBP",
            "valueInCents": -19419
        }
    },
    {
        "id": "e82d25e0-58aa-4e41-acd4-9887dfb5a439",
        "uuid": "e82d25e0-58aa-4e41-acd4-9887dfb5a439",
        "type": "DEBIT",
        "kind": "EXPENSE",
        "createdAt": "2023-01-04T14:03:57.958Z",
        "updatedAt": "2023-01-04T14:03:57.958Z",
        "amount": {
            "value": -168.44,
            "currency": "GBP",
            "valueInCents": -16844
        }
    },
    {
        "id": "01308a32-3fca-4039-b933-c76a0a6b0749",
        "uuid": "01308a32-3fca-4039-b933-c76a0a6b0749",
        "type": "CREDIT",
        "kind": "CONTRIBUTION",
        "createdAt": "2022-07-13T09:21:15.196Z",
        "updatedAt": "2022-07-13T09:21:15.196Z",
        "amount": {
            "value": 5000,
            "currency": "GBP",
            "valueInCents": 500000
        }
    }
]