[
    {
        "id": "c6c8e37c-3233-4d41-a755-4bbcd0812c64",
        "uuid": "c6c8e37c-3233-4d41-a755-4bbcd0812c64",
        "type": "DEBIT",
        "kind": "EXPENSE",
        "createdAt": "2019-08-16T16:29:10.788Z",
        "updatedAt": "2019-08-16T16:29:10.788Z",
        "amount": {
            "value": -396.95,
            "currency": "GBP",
            "valueInCents": -39695
        }
    },
    {
        "id": "b123fa87-df15-44b3-8408-9c200a9b9a1d",
        "uuid": "b123fa87-df15-44b3-8408-9c200a9b9a1d",
        "type": "DEBIT",
        "kind": "EXPENSE",
        "createdAt": "2019-08-16T16:29:08.804Z",
        "updatedAt": "2019-08-16T16:29:08.804Z",
        "amount": {
            "value": -17.27,
            "currency": "GBP",
            "valueInCents": -1727
        }
    },
    {
        "id": "cf05d344-ba6e-48b4-a608-072da00e31c4",
        "uuid": "cf05d344-ba6e-48b4-a608-072da00e31c4",
        "type": "CREDIT",
        "kind": "CONTRIBUTION",
        "createdAt": "2019-08-05T10:08:12.383Z",
        "updatedAt": "2019-08-05T10:08:12.383Z",
        "amount": {
            "value": 10,
            "currency": "GBP",
            "valueInCents": 1000
        }
    },
    {
        "id": "8c3ec52c-63cb-4349-b646-835bd727effb",
        "uuid": "8c3ec52c-63cb-4349-b646-835bd727effb",
        "type": "CREDIT",
        "kind": "CONTRIBUTION",
        "createdAt": "2019-08-05T08:54:40.158Z",
        "updatedAt": "2019-08-05T08:54:40.158Z",
        "amount": {
            "value": 10,
            "currency": "GBP",
            "valueInCents": 1000
        }
    },
    {
        "id": "ab9a3bab-a601-4eb5-a7fd-d3dda206e183",
        "uuid": "ab9a3bab-a601-4eb5-a7fd-d3dda206e183",
        "type": "CREDIT",
        "kind": "CONTRIBUTION",
        "createdAt": "2019-06-04T17:50:04.800Z",
        "updatedAt": "2019-06-04T17:50:04.800Z",
        "amount": {
            "value": 50,
            "currency": "GBP",
            "valueInCents": 5000
        }
    },
    {
        "id": "7b7772a3-1a3c-4980-9c50-da9c92461c8d",
        "uuid": "7b7772a3-1a3c-4980-9c50-da9c92461c8d",
        "type": "CREDIT",
        "kind": "CONTRIBUTION",
        "createdAt": "2019-05-03T15:14:15.273Z",
        "updatedAt": "2019-05-03T15:14:15.273Z",
        "amount": {
            "value": 50,
            "currency": "GBP",
            "valueInCents": 5000
        }
    },
    {
        "id": "c9fb25de-81ab-4279-b599-cf8f56abe30a",
        "uuid": "c9fb25de-81ab-4279-b599-cf8f56abe30a",
        "type": "CREDIT",
        "kind": "CONTRIBUTION",
        "createdAt": "2019-05-02T07:28:38.079Z",
        "updatedAt": "2019-05-02T07:28:38.079Z",
        "amount": {
            "value": 50,
            "currency": "GBP",
            "valueInCents": 5000
        }
    },
    {
        "id": "2458ca58-fc47-4653-8626-863249c6860b",
        "uuid": "2458ca58-fc47-4653-8626-863249c6860b",
        "type": "CREDIT",
        "kind": "CONTRIBUTION",
        "createdAt": "2019-05-01T15:56:23.014Z",
        "updatedAt": "2019-05-01T15:56:23.014Z",
        "amount": {
            "value": 50,
            "currency": "GBP",
            "valueInCents": 5000
        }
    },
    {
        "id": "2e1c1535-1764-40b0-9395-2fa6541f4d7a",
        "uuid": "2e1c1535-1764-40b0-9395-2fa6541f4d7a",
        "type": "CREDIT",
        "kind": "CONTRIBUTION",
        "createdAt": "2019-05-01T14:06:26.216Z",
        "updatedAt": "2019-05-01T14:06:26.216Z",
        "amount": {
            "value": 250,
            "currency": "GBP",
            "valueInCents": 25000
        }
    }
]