[
    {
        "id": "230596b0-c0b8-4739-9e05-d802e9ae1451",
        "uuid": "230596b0-c0b8-4739-9e05-d802e9ae1451",
        "type": "CREDIT",
        "kind": "CONTRIBUTION",
        "createdAt": "2025-01-02T09:10:15.795Z",
        "updatedAt": "2025-01-02T09:10:15.795Z",
        "amount": {
            "value": 5,
            "currency": "GBP",
            "valueInCents": 500
        }
    },
    {
        "id": "bba5add0-fdc8-4c49-a108-0266c509db50",
        "uuid": "bba5add0-fdc8-4c49-a108-0266c509db50",
        "type": "CREDIT",
        "kind": "CONTRIBUTION",
        "createdAt": "2024-12-01T16:06:15.822Z",
        "updatedAt": "2024-12-01T16:06:15.822Z",
        "amount": {
            "value": 5,
            "currency": "GBP",
            "valueInCents": 500
        }
    },
    {
        "id": "e62ca6f0-30a5-4f18-a39c-ca22ddcceaa1",
        "uuid": "e62ca6f0-30a5-4f18-a39c-ca22ddcceaa1",
        "type": "CREDIT",
        "kind": "CONTRIBUTION",
        "createdAt": "2024-11-01T17:01:06.288Z",
        "updatedAt": "2024-11-01T17:01:06.288Z",
        "amount": {
            "value": 5,
            "currency": "GBP",
            "valueInCents": 500
        }
    },
    {
        "id": "8f9bbe62-4ffb-43f8-8e33-534c59530d11",
        "uuid": "8f9bbe62-4ffb-43f8-8e33-534c59530d11",
        "type": "DEBIT",
        "kind": "PAYMENT_PROCESSOR_FEE",
        "createdAt": "2024-10-09T01:05:19.109Z",
        "updatedAt": "2024-10-09T01:05:19.109Z",
        "amount": {
            "value": -11,
            "currency": "GBP",
            "valueInCents": -1100
        }
    },
    {
        "id": "bf6fa8ed-f053-4141-a8aa-32489407bfac",
        "uuid": "bf6fa8ed-f053-4141-a8aa-32489407bfac",
        "type": "DEBIT",
        "kind": "EXPENSE",
        "createdAt": "2024-10-09T01:05:19.136Z",
        "updatedAt": "2024-10-09T01:05:19.136Z",
        "amount": {
            "value": -9.32,
            "currency": "GBP",
            "valueInCents": -932
        }
    },
    {
        "id": "a0dcba7c-c6a3-4f7f-91b7-f26055da5458",
        "uuid": "a0dcba7c-c6a3-4f7f-91b7-f26055da5458",
        "type": "CREDIT",
        "kind": "CONTRIBUTION",
        "createdAt": "2024-10-03T02:02:06.424Z",
        "updatedAt": "2024-10-03T02:02:06.424Z",
        "amount": {
            "value": 5,
            "currency": "GBP",
            "valueInCents": 500
        }
    },
    {
        "id": "8ce6d765-0594-4d22-ae4a-b0d3b044dd86",
        "uuid": "8ce6d765-0594-4d22-ae4a-b0d3b044dd86",
        "type": "CREDIT",
        "kind": "CONTRIBUTION",
        "createdAt": "2024-09-01T17:02:22.390Z",
        "updatedAt": "2024-09-01T17:02:22.390Z",
        "amount": {
            "value": 5,
            "currency": "GBP",
            "valueInCents": 500
        }
    },
    {
        "id": "7d410cac-4346-43d5-9c59-a63194d02665",
        "uuid": "7d410cac-4346-43d5-9c59-a63194d02665",
        "type": "CREDIT",
        "kind": "CONTRIBUTION",
        "createdAt": "2024-08-01T18:05:26.437Z",
        "updatedAt": "2024-08-01T18:05:26.437Z",
        "amount": {
            "value": 5,
            "currency": "GBP",
            "valueInCents": 500
        }
    },
    {
        "id": "f243a72d-225e-4e7e-b6fd-2f2f71346e68",
        "uuid": "f243a72d-225e-4e7e-b6fd-2f2f71346e68",
        "type": "CREDIT",
        "kind": "CONTRIBUTION",
        "createdAt": "2024-07-01T20:03:08.279Z",
        "updatedAt": "2024-07-01T20:03:08.279Z",
        "amount": {
            "value": 5,
            "currency": "GBP",
            "valueInCents": 500
        }
    },
    {
        "id": "37ae7079-fdf6-43b4-ae4a-97f873a0f8b8",
        "uuid": "37ae7079-fdf6-43b4-ae4a-97f873a0f8b8",
        "type": "CREDIT",
        "kind": "CONTRIBUTION",
        "createdAt": "2024-06-01T16:11:29.934Z",
        "updatedAt": "2024-06-01T16:11:29.934Z",
        "amount": {
            "value": 5,
            "currency": "GBP",
            "valueInCents": 500
        }
    },
    {
        "id": "dccd279b-e08d-4767-ae73-e40d844b1c8e",
        "uuid": "dccd279b-e08d-4767-ae73-e40d844b1c8e",
        "type": "CREDIT",
        "kind": "CONTRIBUTION",
        "createdAt": "2024-05-01T17:08:28.464Z",
        "updatedAt": "2024-05-01T17:08:28.464Z",
        "amount": {
            "value": 5,
            "currency": "GBP",
            "valueInCents": 500
        }
    },
    {
        "id": "cf0132e9-da2f-41bd-8361-0651925f6f23",
        "uuid": "cf0132e9-da2f-41bd-8361-0651925f6f23",
        "type": "CREDIT",
        "kind": "CONTRIBUTION",
        "createdAt": "2024-04-01T15:07:08.562Z",
        "updatedAt": "2024-04-01T15:07:08.562Z",
        "amount": {
            "value": 5,
            "currency": "GBP",
            "valueInCents": 500
        }
    },
    {
        "id": "f9cceffe-3e6d-4a03-bc10-cfb9919f80fa",
        "uuid": "f9cceffe-3e6d-4a03-bc10-cfb9919f80fa",
        "type": "CREDIT",
        "kind": "CONTRIBUTION",
        "createdAt": "2024-03-02T03:03:30.979Z",
        "updatedAt": "2024-03-02T03:03:30.979Z",
        "amount": {
            "value": 5,
            "currency": "GBP",
            "valueInCents": 500
        }
    },
    {
        "id": "13a0888e-4a65-4ebe-b52e-6aac86b0f919",
        "uuid": "13a0888e-4a65-4ebe-b52e-6aac86b0f919",
        "type": "CREDIT",
        "kind": "CONTRIBUTION",
        "createdAt": "2024-02-02T04:05:18.389Z",
        "updatedAt": "2024-02-02T04:05:18.389Z",
        "amount": {
            "value": 5,
            "currency": "GBP",
            "valueInCents": 500
        }
    },
    {
        "id": "f9d18d21-a829-4ec8-b842-e6b2d06f2918",
        "uuid": "f9d18d21-a829-4ec8-b842-e6b2d06f2918",
        "type": "CREDIT",
        "kind": "CONTRIBUTION",
        "createdAt": "2024-01-02T05:04:32.063Z",
        "updatedAt": "2024-01-02T05:04:32.063Z",
        "amount": {
            "value": 5,
            "currency": "GBP",
            "valueInCents": 500
        }
    },
    {
        "id": "778a85e4-2f42-46bb-aa69-1ee8c5b72a7f",
        "uuid": "778a85e4-2f42-46bb-aa69-1ee8c5b72a7f",
        "type": "CREDIT",
        "kind": "CONTRIBUTION",
        "createdAt": "2023-12-02T06:10:16.146Z",
        "updatedAt": "2023-12-02T06:10:16.146Z",
        "amount": {
            "value": 5,
            "currency": "GBP",
            "valueInCents": 500
        }
    },
    {
        "id": "8c3a406d-ea76-42df-8eb2-520eb1e37f1e",
        "uuid": "8c3a406d-ea76-42df-8eb2-520eb1e37f1e",
        "type": "CREDIT",
        "kind": "CONTRIBUTION",
        "createdAt": "2023-11-02T08:03:39.324Z",
        "updatedAt": "2023-11-02T08:03:39.324Z",
        "amount": {
            "value": 5,
            "currency": "GBP",
            "valueInCents": 500
        }
    },
    {
        "id": "8780d49a-212f-40fc-84be-5b9295d51451",
        "uuid": "8780d49a-212f-40fc-84be-5b9295d51451",
        "type": "CREDIT",
        "kind": "CONTRIBUTION",
        "createdAt": "2023-10-02T08:07:47.099Z",
        "updatedAt": "2023-10-02T08:07:47.099Z",
        "amount": {
            "value": 5,
            "currency": "GBP",
            "valueInCents": 500
        }
    },
    {
        "id": "9d50cca7-92ef-4c0a-8f9c-29acf6d2597c",
        "uuid": "9d50cca7-92ef-4c0a-8f9c-29acf6d2597c",
        "type": "CREDIT",
        "kind": "CONTRIBUTION",
        "createdAt": "2023-09-02T10:01:11.923Z",
        "updatedAt": "2023-09-02T10:01:11.923Z",
        "amount": {
            "value": 5,
            "currency": "GBP",
            "valueInCents": 500
        }
    },
    {
        "id": "3cb4ec80-473d-419f-9063-9a9406c4baf4",
        "uuid": "3cb4ec80-473d-419f-9063-9a9406c4baf4",
        "type": "CREDIT",
        "kind": "CONTRIBUTION",
        "createdAt": "2023-08-02T11:06:23.925Z",
        "updatedAt": "2023-08-02T11:06:23.925Z",
        "amount": {
            "value": 5,
            "currency": "GBP",
            "valueInCents": 500
        }
    },
    {
        "id": "c631bffe-1b3a-43a4-a79e-3a0c4a95d639",
        "uuid": "c631bffe-1b3a-43a4-a79e-3a0c4a95d639",
        "type": "CREDIT",
        "kind": "CONTRIBUTION",
        "createdAt": "2023-07-02T12:05:26.601Z",
        "updatedAt": "2023-07-02T12:05:26.601Z",
        "amount": {
            "value": 5,
            "currency": "GBP",
            "valueInCents": 500
        }
    },
    {
        "id": "3a9153f8-0b6d-4c76-a95f-62999ca5d598",
        "uuid": "3a9153f8-0b6d-4c76-a95f-62999ca5d598",
        "type": "CREDIT",
        "kind": "CONTRIBUTION",
        "createdAt": "2023-06-02T15:06:47.063Z",
        "updatedAt": "2023-06-02T15:06:47.063Z",
        "amount": {
            "value": 5,
            "currency": "GBP",
            "valueInCents": 500
        }
    },
    {
        "id": "5866b767-ade7-487b-a394-dc0f0e822d41",
        "uuid": "5866b767-ade7-487b-a394-dc0f0e822d41",
        "type": "CREDIT",
        "kind": "CONTRIBUTION",
        "createdAt": "2023-05-15T08:42:15.223Z",
        "updatedAt": "2023-05-15T08:42:15.223Z",
        "amount": {
            "value": 5,
            "currency": "GBP",
            "valueInCents": 500
        }
    }
]