[
    {
        "id": "febe9468-1a5c-46be-af20-243fcabb43fe",
        "uuid": "febe9468-1a5c-46be-af20-243fcabb43fe",
        "type": "DEBIT",
        "kind": "PAYMENT_PROCESSOR_FEE",
        "createdAt": "2024-03-11T12:45:32.983Z",
        "updatedAt": "2024-03-11T12:45:32.983Z",
        "amount": {
            "value": -18.67,
            "currency": "EUR",
            "valueInCents": -1867
        }
    },
    {
        "id": "7619d9c0-34f8-4f7c-b6bc-b5854f75758e",
        "uuid": "7619d9c0-34f8-4f7c-b6bc-b5854f75758e",
        "type": "DEBIT",
        "kind": "EXPENSE",
        "createdAt": "2024-03-11T12:45:32.983Z",
        "updatedAt": "2024-03-11T12:45:32.983Z",
        "amount": {
            "value": -1964.35,
            "currency": "EUR",
            "valueInCents": -196435
        }
    },
    {
        "id": "5ea0ac75-966a-4afe-8aee-8e92562c8f4c",
        "uuid": "5ea0ac75-966a-4afe-8aee-8e92562c8f4c",
        "type": "DEBIT",
        "kind": "EXPENSE",
        "createdAt": "2023-12-20T09:00:37.818Z",
        "updatedAt": "2023-12-20T09:00:37.818Z",
        "amount": {
            "value": -2004.38,
            "currency": "EUR",
            "valueInCents": -200438
        }
    },
    {
        "id": "31d22645-03b0-400d-92cd-a82af9bb72b6",
        "uuid": "31d22645-03b0-400d-92cd-a82af9bb72b6",
        "type": "DEBIT",
        "kind": "EXPENSE",
        "createdAt": "2023-09-28T11:15:25.496Z",
        "updatedAt": "2023-09-28T11:15:25.496Z",
        "amount": {
            "value": -2073,
            "currency": "EUR",
            "valueInCents": -207300
        }
    },
    {
        "id": "3d617473-99dc-4996-a382-c956d45cf939",
        "uuid": "3d617473-99dc-4996-a382-c956d45cf939",
        "type": "DEBIT",
        "kind": "EXPENSE",
        "createdAt": "2023-07-06T20:16:09.240Z",
        "updatedAt": "2023-07-06T20:16:09.240Z",
        "amount": {
            "value": -1357.88,
            "currency": "EUR",
            "valueInCents": -135788
        }
    },
    {
        "id": "73c262b9-b513-4f57-9d46-84d207304829",
        "uuid": "73c262b9-b513-4f57-9d46-84d207304829",
        "type": "DEBIT",
        "kind": "HOST_FEE",
        "createdAt": "2023-06-29T10:46:56.251Z",
        "updatedAt": "2023-06-29T10:46:56.251Z",
        "amount": {
            "value": -656.22,
            "currency": "EUR",
            "valueInCents": -65622
        }
    },
    {
        "id": "0f5f009c-16fa-443a-aedd-e79323bba239",
        "uuid": "0f5f009c-16fa-443a-aedd-e79323bba239",
        "type": "CREDIT",
        "kind": "ADDED_FUNDS",
        "createdAt": "2023-06-29T10:46:56.315Z",
        "updatedAt": "2023-06-29T10:46:56.315Z",
        "amount": {
            "value": 8202.8,
            "currency": "EUR",
            "valueInCents": 820280
        }
    }
]