[
    {
        "id": "42f8f6d3-ca2a-4718-9e4f-24e867279e65",
        "uuid": "42f8f6d3-ca2a-4718-9e4f-24e867279e65",
        "type": "DEBIT",
        "kind": "EXPENSE",
        "createdAt": "2024-12-16T09:00:25.479Z",
        "updatedAt": "2024-12-16T09:00:25.479Z",
        "amount": {
            "value": -340,
            "currency": "GBP",
            "valueInCents": -34000
        }
    },
    {
        "id": "a0ba0317-0d08-421b-9d30-43a466e562ab",
        "uuid": "a0ba0317-0d08-421b-9d30-43a466e562ab",
        "type": "DEBIT",
        "kind": "EXPENSE",
        "createdAt": "2024-12-11T17:06:39.689Z",
        "updatedAt": "2024-12-11T17:06:39.689Z",
        "amount": {
            "value": -330,
            "currency": "GBP",
            "valueInCents": -33000
        }
    },
    {
        "id": "dc8871de-da53-48ce-8513-b27db2d1b0e2",
        "uuid": "dc8871de-da53-48ce-8513-b27db2d1b0e2",
        "type": "DEBIT",
        "kind": "HOST_FEE",
        "createdAt": "2024-12-10T10:40:19.850Z",
        "updatedAt": "2024-12-10T10:40:19.850Z",
        "amount": {
            "value": -263.16,
            "currency": "GBP",
            "valueInCents": -26316
        }
    },
    {
        "id": "2b30eb22-ca39-4165-9206-a822b9c8ef4d",
        "uuid": "2b30eb22-ca39-4165-9206-a822b9c8ef4d",
        "type": "CREDIT",
        "kind": "CONTRIBUTION",
        "createdAt": "2024-12-10T10:40:19.963Z",
        "updatedAt": "2024-12-10T10:40:19.963Z",
        "amount": {
            "value": 5263.16,
            "currency": "GBP",
            "valueInCents": 526316
        }
    }
]