[
    {
        "id": "936a5c25-7122-4590-8725-eef8289182cb",
        "uuid": "936a5c25-7122-4590-8725-eef8289182cb",
        "type": "CREDIT",
        "kind": "CONTRIBUTION",
        "createdAt": "2023-04-01T06:17:51.141Z",
        "updatedAt": "2023-04-01T06:17:51.141Z",
        "amount": {
            "value": 5,
            "currency": "GBP",
            "valueInCents": 500
        }
    },
    {
        "id": "5835bdba-5cb6-43ca-a038-5d46c285d355",
        "uuid": "5835bdba-5cb6-43ca-a038-5d46c285d355",
        "type": "CREDIT",
        "kind": "CONTRIBUTION",
        "createdAt": "2023-03-01T08:18:33.997Z",
        "updatedAt": "2023-03-01T08:18:33.997Z",
        "amount": {
            "value": 5,
            "currency": "GBP",
            "valueInCents": 500
        }
    },
    {
        "id": "e01cd6ac-76e8-40ee-a84f-80b127052ba5",
        "uuid": "e01cd6ac-76e8-40ee-a84f-80b127052ba5",
        "type": "CREDIT",
        "kind": "CONTRIBUTION",
        "createdAt": "2023-02-01T08:16:28.787Z",
        "updatedAt": "2023-02-01T08:16:28.787Z",
        "amount": {
            "value": 5,
            "currency": "GBP",
            "valueInCents": 500
        }
    },
    {
        "id": "ee59fb00-3a5f-472b-a54f-88d5877f9c25",
        "uuid": "ee59fb00-3a5f-472b-a54f-88d5877f9c25",
        "type": "CREDIT",
        "kind": "CONTRIBUTION",
        "createdAt": "2023-01-01T09:08:09.047Z",
        "updatedAt": "2023-01-01T09:08:09.047Z",
        "amount": {
            "value": 5,
            "currency": "GBP",
            "valueInCents": 500
        }
    },
    {
        "id": "8ab84288-d763-4b62-b18a-fd8124ef54b5",
        "uuid": "8ab84288-d763-4b62-b18a-fd8124ef54b5",
        "type": "CREDIT",
        "kind": "CONTRIBUTION",
        "createdAt": "2022-12-01T09:14:37.055Z",
        "updatedAt": "2022-12-01T09:14:37.055Z",
        "amount": {
            "value": 5,
            "currency": "GBP",
            "valueInCents": 500
        }
    },
    {
        "id": "a13ffe3b-cecc-4126-baf9-2c1d638818cf",
        "uuid": "a13ffe3b-cecc-4126-baf9-2c1d638818cf",
        "type": "CREDIT",
        "kind": "CONTRIBUTION",
        "createdAt": "2022-11-01T18:17:10.362Z",
        "updatedAt": "2022-11-01T18:17:10.362Z",
        "amount": {
            "value": 5,
            "currency": "GBP",
            "valueInCents": 500
        }
    },
    {
        "id": "d09087a2-0e98-4021-8156-c6cd030e23d4",
        "uuid": "d09087a2-0e98-4021-8156-c6cd030e23d4",
        "type": "CREDIT",
        "kind": "CONTRIBUTION",
        "createdAt": "2022-10-01T19:08:09.872Z",
        "updatedAt": "2022-10-01T19:08:09.872Z",
        "amount": {
            "value": 5,
            "currency": "GBP",
            "valueInCents": 500
        }
    },
    {
        "id": "522b9f80-3baa-4686-8a23-c34240d40430",
        "uuid": "522b9f80-3baa-4686-8a23-c34240d40430",
        "type": "CREDIT",
        "kind": "CONTRIBUTION",
        "createdAt": "2022-09-02T07:07:01.115Z",
        "updatedAt": "2022-09-02T07:07:01.115Z",
        "amount": {
            "value": 5,
            "currency": "GBP",
            "valueInCents": 500
        }
    },
    {
        "id": "37daf4d5-f937-4a09-b4c2-013889b6e1b3",
        "uuid": "37daf4d5-f937-4a09-b4c2-013889b6e1b3",
        "type": "CREDIT",
        "kind": "CONTRIBUTION",
        "createdAt": "2022-08-01T20:10:18.184Z",
        "updatedAt": "2022-08-01T20:10:18.184Z",
        "amount": {
            "value": 5,
            "currency": "GBP",
            "valueInCents": 500
        }
    },
    {
        "id": "c82d4585-2238-4c1b-933b-24a1e51085be",
        "uuid": "c82d4585-2238-4c1b-933b-24a1e51085be",
        "type": "CREDIT",
        "kind": "CONTRIBUTION",
        "createdAt": "2022-07-01T21:03:11.076Z",
        "updatedAt": "2022-07-01T21:03:11.076Z",
        "amount": {
            "value": 5,
            "currency": "GBP",
            "valueInCents": 500
        }
    },
    {
        "id": "26e83553-1c80-46e2-8bf1-124c99387c70",
        "uuid": "26e83553-1c80-46e2-8bf1-124c99387c70",
        "type": "CREDIT",
        "kind": "CONTRIBUTION",
        "createdAt": "2022-06-01T21:16:43.250Z",
        "updatedAt": "2022-06-01T21:16:43.250Z",
        "amount": {
            "value": 5,
            "currency": "GBP",
            "valueInCents": 500
        }
    },
    {
        "id": "8a886979-6116-44c2-9e20-009dabf8ed54",
        "uuid": "8a886979-6116-44c2-9e20-009dabf8ed54",
        "type": "CREDIT",
        "kind": "CONTRIBUTION",
        "createdAt": "2022-05-01T23:04:43.597Z",
        "updatedAt": "2022-05-01T23:04:43.597Z",
        "amount": {
            "value": 5,
            "currency": "GBP",
            "valueInCents": 500
        }
    },
    {
        "id": "a509aea8-5fc2-4ae3-9df5-23f334095ff2",
        "uuid": "a509aea8-5fc2-4ae3-9df5-23f334095ff2",
        "type": "CREDIT",
        "kind": "CONTRIBUTION",
        "createdAt": "2022-04-01T21:20:46.969Z",
        "updatedAt": "2022-04-01T21:20:46.969Z",
        "amount": {
            "value": 5,
            "currency": "GBP",
            "valueInCents": 500
        }
    },
    {
        "id": "2a44a751-9f7e-4ddc-ae57-d11852768a1f",
        "uuid": "2a44a751-9f7e-4ddc-ae57-d11852768a1f",
        "type": "CREDIT",
        "kind": "CONTRIBUTION",
        "createdAt": "2022-03-01T21:17:39.722Z",
        "updatedAt": "2022-03-01T21:17:39.722Z",
        "amount": {
            "value": 5,
            "currency": "GBP",
            "valueInCents": 500
        }
    },
    {
        "id": "c49637a7-e113-4522-82a8-4f3fbde642b7",
        "uuid": "c49637a7-e113-4522-82a8-4f3fbde642b7",
        "type": "CREDIT",
        "kind": "ADDED_FUNDS",
        "createdAt": "2022-02-19T21:02:07.047Z",
        "updatedAt": "2022-02-19T21:02:07.047Z",
        "amount": {
            "value": 7.71,
            "currency": "GBP",
            "valueInCents": 771
        }
    },
    {
        "id": "adbf9bdd-49a8-4fb3-9b1e-f1262441b079",
        "uuid": "adbf9bdd-49a8-4fb3-9b1e-f1262441b079",
        "type": "DEBIT",
        "kind": "EXPENSE",
        "createdAt": "2022-02-19T13:21:41.598Z",
        "updatedAt": "2022-02-19T13:21:41.598Z",
        "amount": {
            "value": -6,
            "currency": "GBP",
            "valueInCents": -600
        }
    },
    {
        "id": "fbf3d5b9-787d-43d2-a707-fbe546602454",
        "uuid": "fbf3d5b9-787d-43d2-a707-fbe546602454",
        "type": "CREDIT",
        "kind": "EXPENSE",
        "createdAt": "2022-02-19T13:19:18.375Z",
        "updatedAt": "2022-02-19T13:19:18.375Z",
        "amount": {
            "value": 4.98,
            "currency": "GBP",
            "valueInCents": 498
        }
    },
    {
        "id": "0e024687-4456-4beb-83c4-d4841595e58e",
        "uuid": "0e024687-4456-4beb-83c4-d4841595e58e",
        "type": "DEBIT",
        "kind": "EXPENSE",
        "createdAt": "2022-02-19T13:18:37.178Z",
        "updatedAt": "2022-02-19T13:18:37.178Z",
        "amount": {
            "value": -4.98,
            "currency": "GBP",
            "valueInCents": -498
        }
    },
    {
        "id": "688947fb-ba6f-4835-a27c-29e5b556a3e9",
        "uuid": "688947fb-ba6f-4835-a27c-29e5b556a3e9",
        "type": "DEBIT",
        "kind": "EXPENSE",
        "createdAt": "2022-02-19T13:07:31.923Z",
        "updatedAt": "2022-02-19T13:07:31.923Z",
        "amount": {
            "value": -28.8,
            "currency": "GBP",
            "valueInCents": -2880
        }
    },
    {
        "id": "8de1e5cf-7b40-4fe9-b4ca-5ff45083b7e4",
        "uuid": "8de1e5cf-7b40-4fe9-b4ca-5ff45083b7e4",
        "type": "DEBIT",
        "kind": "EXPENSE",
        "createdAt": "2022-02-19T12:59:51.024Z",
        "updatedAt": "2022-02-19T12:59:51.024Z",
        "amount": {
            "value": -18,
            "currency": "GBP",
            "valueInCents": -1800
        }
    },
    {
        "id": "259daf74-1644-4242-93e7-fc2f0a20bc67",
        "uuid": "259daf74-1644-4242-93e7-fc2f0a20bc67",
        "type": "DEBIT",
        "kind": "EXPENSE",
        "createdAt": "2022-02-19T12:57:08.073Z",
        "updatedAt": "2022-02-19T12:57:08.073Z",
        "amount": {
            "value": -10.8,
            "currency": "GBP",
            "valueInCents": -1080
        }
    },
    {
        "id": "474c3c4c-9cc8-4586-a451-33f063e2f818",
        "uuid": "474c3c4c-9cc8-4586-a451-33f063e2f818",
        "type": "CREDIT",
        "kind": "CONTRIBUTION",
        "createdAt": "2022-02-01T20:12:01.440Z",
        "updatedAt": "2022-02-01T20:12:01.440Z",
        "amount": {
            "value": 5,
            "currency": "GBP",
            "valueInCents": 500
        }
    },
    {
        "id": "3d1deb6f-550b-407d-bd00-8ff77ef56162",
        "uuid": "3d1deb6f-550b-407d-bd00-8ff77ef56162",
        "type": "CREDIT",
        "kind": "CONTRIBUTION",
        "createdAt": "2022-01-05T14:14:01.044Z",
        "updatedAt": "2022-01-05T14:14:01.044Z",
        "amount": {
            "value": 5,
            "currency": "GBP",
            "valueInCents": 500
        }
    },
    {
        "id": "fba479bb-2924-4654-9135-e537854056d5",
        "uuid": "fba479bb-2924-4654-9135-e537854056d5",
        "type": "CREDIT",
        "kind": "CONTRIBUTION",
        "createdAt": "2021-12-31T19:00:43.104Z",
        "updatedAt": "2021-12-31T19:00:43.104Z",
        "amount": {
            "value": 10,
            "currency": "GBP",
            "valueInCents": 1000
        }
    },
    {
        "id": "0ec369f8-aa0e-4a38-8eb2-ca11b195943e",
        "uuid": "0ec369f8-aa0e-4a38-8eb2-ca11b195943e",
        "type": "CREDIT",
        "kind": "CONTRIBUTION",
        "createdAt": "2021-12-01T17:18:54.997Z",
        "updatedAt": "2021-12-01T17:18:54.997Z",
        "amount": {
            "value": 5,
            "currency": "GBP",
            "valueInCents": 500
        }
    },
    {
        "id": "80ebc0b8-aa3a-4832-a611-f577f5021dc7",
        "uuid": "80ebc0b8-aa3a-4832-a611-f577f5021dc7",
        "type": "CREDIT",
        "kind": "CONTRIBUTION",
        "createdAt": "2021-11-01T07:12:56.779Z",
        "updatedAt": "2021-11-01T07:12:56.779Z",
        "amount": {
            "value": 5,
            "currency": "GBP",
            "valueInCents": 500
        }
    },
    {
        "id": "716cb719-0b1e-4712-bccd-4a8a176aed08",
        "uuid": "716cb719-0b1e-4712-bccd-4a8a176aed08",
        "type": "CREDIT",
        "kind": "CONTRIBUTION",
        "createdAt": "2021-10-01T07:21:41.867Z",
        "updatedAt": "2021-10-01T07:21:41.867Z",
        "amount": {
            "value": 5,
            "currency": "GBP",
            "valueInCents": 500
        }
    },
    {
        "id": "8d3f49a7-a6fc-4605-8a2e-8ba77e5bf26d",
        "uuid": "8d3f49a7-a6fc-4605-8a2e-8ba77e5bf26d",
        "type": "CREDIT",
        "kind": "CONTRIBUTION",
        "createdAt": "2021-09-01T08:08:42.966Z",
        "updatedAt": "2021-09-01T08:08:42.966Z",
        "amount": {
            "value": 5,
            "currency": "GBP",
            "valueInCents": 500
        }
    },
    {
        "id": "abdb180a-652b-4a4e-a261-55639b6a5577",
        "uuid": "abdb180a-652b-4a4e-a261-55639b6a5577",
        "type": "CREDIT",
        "kind": "CONTRIBUTION",
        "createdAt": "2021-08-01T08:15:53.877Z",
        "updatedAt": "2021-08-01T08:15:53.877Z",
        "amount": {
            "value": 5,
            "currency": "GBP",
            "valueInCents": 500
        }
    },
    {
        "id": "f2d073d0-d2ff-4cd9-9151-995edc3a9be1",
        "uuid": "f2d073d0-d2ff-4cd9-9151-995edc3a9be1",
        "type": "DEBIT",
        "kind": "EXPENSE",
        "createdAt": "2021-07-18T10:56:04.904Z",
        "updatedAt": "2021-07-18T10:56:04.904Z",
        "amount": {
            "value": -78,
            "currency": "GBP",
            "valueInCents": -7800
        }
    },
    {
        "id": "4d385b63-67c1-4bb6-aa45-6d0b46a4496b",
        "uuid": "4d385b63-67c1-4bb6-aa45-6d0b46a4496b",
        "type": "CREDIT",
        "kind": "CONTRIBUTION",
        "createdAt": "2021-07-01T17:05:26.037Z",
        "updatedAt": "2021-07-01T17:05:26.037Z",
        "amount": {
            "value": 5,
            "currency": "GBP",
            "valueInCents": 500
        }
    },
    {
        "id": "98c49c45-020f-4f08-b17a-6169f8241a62",
        "uuid": "98c49c45-020f-4f08-b17a-6169f8241a62",
        "type": "CREDIT",
        "kind": "CONTRIBUTION",
        "createdAt": "2021-06-20T17:34:27.688Z",
        "updatedAt": "2021-06-20T17:34:27.688Z",
        "amount": {
            "value": 10,
            "currency": "GBP",
            "valueInCents": 1000
        }
    },
    {
        "id": "88da9a6a-c891-4754-96fc-3a3955eadcb1",
        "uuid": "88da9a6a-c891-4754-96fc-3a3955eadcb1",
        "type": "CREDIT",
        "kind": "CONTRIBUTION",
        "createdAt": "2021-06-01T11:06:25.142Z",
        "updatedAt": "2021-06-01T11:06:25.142Z",
        "amount": {
            "value": 5,
            "currency": "GBP",
            "valueInCents": 500
        }
    },
    {
        "id": "a71bb0d2-cae9-44e5-b308-98d32924cab2",
        "uuid": "a71bb0d2-cae9-44e5-b308-98d32924cab2",
        "type": "CREDIT",
        "kind": "CONTRIBUTION",
        "createdAt": "2021-05-01T10:19:46.647Z",
        "updatedAt": "2021-05-01T10:19:46.647Z",
        "amount": {
            "value": 5,
            "currency": "GBP",
            "valueInCents": 500
        }
    },
    {
        "id": "9b897052-ae7d-4f09-887a-bc18ae30981a",
        "uuid": "9b897052-ae7d-4f09-887a-bc18ae30981a",
        "type": "CREDIT",
        "kind": "CONTRIBUTION",
        "createdAt": "2021-04-01T11:07:08.147Z",
        "updatedAt": "2021-04-01T11:07:08.147Z",
        "amount": {
            "value": 5,
            "currency": "GBP",
            "valueInCents": 500
        }
    },
    {
        "id": "1fbc7e2a-aef7-4893-aaf5-9b34f17b5b4d",
        "uuid": "1fbc7e2a-aef7-4893-aaf5-9b34f17b5b4d",
        "type": "DEBIT",
        "kind": "EXPENSE",
        "createdAt": "2021-03-02T10:04:45.226Z",
        "updatedAt": "2021-03-02T10:04:45.226Z",
        "amount": {
            "value": -2.11,
            "currency": "GBP",
            "valueInCents": -211
        }
    },
    {
        "id": "e2119ea6-b62b-49f3-99d3-c59efd335358",
        "uuid": "e2119ea6-b62b-49f3-99d3-c59efd335358",
        "type": "DEBIT",
        "kind": "EXPENSE",
        "createdAt": "2021-03-02T09:56:25.354Z",
        "updatedAt": "2021-03-02T09:56:25.354Z",
        "amount": {
            "value": -1.2,
            "currency": "GBP",
            "valueInCents": -120
        }
    },
    {
        "id": "5306cfc7-94ff-4487-917a-f2eb9c35b023",
        "uuid": "5306cfc7-94ff-4487-917a-f2eb9c35b023",
        "type": "DEBIT",
        "kind": "EXPENSE",
        "createdAt": "2021-03-02T09:53:49.297Z",
        "updatedAt": "2021-03-02T09:53:49.297Z",
        "amount": {
            "value": -1.89,
            "currency": "GBP",
            "valueInCents": -189
        }
    },
    {
        "id": "6e09a7be-4178-403a-a6ea-9374a424f5dd",
        "uuid": "6e09a7be-4178-403a-a6ea-9374a424f5dd",
        "type": "CREDIT",
        "kind": "CONTRIBUTION",
        "createdAt": "2021-03-01T13:13:24.114Z",
        "updatedAt": "2021-03-01T13:13:24.114Z",
        "amount": {
            "value": 5,
            "currency": "GBP",
            "valueInCents": 500
        }
    },
    {
        "id": "d5ca8bf4-c8e4-4ade-8ef1-7903962b8e3b",
        "uuid": "d5ca8bf4-c8e4-4ade-8ef1-7903962b8e3b",
        "type": "DEBIT",
        "kind": "EXPENSE",
        "createdAt": "2021-02-06T16:33:03.789Z",
        "updatedAt": "2021-02-06T16:33:03.789Z",
        "amount": {
            "value": -1.2,
            "currency": "GBP",
            "valueInCents": -120
        }
    },
    {
        "id": "826f2cf7-d3f8-4985-9f4d-71bf1999fe17",
        "uuid": "826f2cf7-d3f8-4985-9f4d-71bf1999fe17",
        "type": "CREDIT",
        "kind": "CONTRIBUTION",
        "createdAt": "2021-02-04T20:10:36.649Z",
        "updatedAt": "2021-02-04T20:10:36.649Z",
        "amount": {
            "value": 10,
            "currency": "GBP",
            "valueInCents": 1000
        }
    },
    {
        "id": "c88e5c6b-988d-4203-88d4-6b67fdedafe6",
        "uuid": "c88e5c6b-988d-4203-88d4-6b67fdedafe6",
        "type": "CREDIT",
        "kind": "CONTRIBUTION",
        "createdAt": "2021-02-01T11:11:01.613Z",
        "updatedAt": "2021-02-01T11:11:01.613Z",
        "amount": {
            "value": 5,
            "currency": "GBP",
            "valueInCents": 500
        }
    },
    {
        "id": "02d3417f-ec22-46bd-ad29-ce1579d9e883",
        "uuid": "02d3417f-ec22-46bd-ad29-ce1579d9e883",
        "type": "DEBIT",
        "kind": "EXPENSE",
        "createdAt": "2021-01-11T19:42:31.956Z",
        "updatedAt": "2021-01-11T19:42:31.956Z",
        "amount": {
            "value": -1.2,
            "currency": "GBP",
            "valueInCents": -120
        }
    },
    {
        "id": "46657821-95ba-45d8-b6e1-23cd32680074",
        "uuid": "46657821-95ba-45d8-b6e1-23cd32680074",
        "type": "DEBIT",
        "kind": "EXPENSE",
        "createdAt": "2021-01-08T20:38:22.648Z",
        "updatedAt": "2021-01-08T20:38:22.648Z",
        "amount": {
            "value": -1.5,
            "currency": "GBP",
            "valueInCents": -150
        }
    },
    {
        "id": "ec525aeb-e2fc-423b-8e36-7c073084bd9e",
        "uuid": "ec525aeb-e2fc-423b-8e36-7c073084bd9e",
        "type": "DEBIT",
        "kind": "EXPENSE",
        "createdAt": "2021-01-06T17:47:44.559Z",
        "updatedAt": "2021-01-06T17:47:44.559Z",
        "amount": {
            "value": -3,
            "currency": "GBP",
            "valueInCents": -300
        }
    },
    {
        "id": "d0a9b73a-8675-459e-bea3-de4ca829a524",
        "uuid": "d0a9b73a-8675-459e-bea3-de4ca829a524",
        "type": "CREDIT",
        "kind": "CONTRIBUTION",
        "createdAt": "2021-01-03T19:24:12.237Z",
        "updatedAt": "2021-01-03T19:24:12.237Z",
        "amount": {
            "value": 50,
            "currency": "GBP",
            "valueInCents": 5000
        }
    },
    {
        "id": "6c4cc950-4685-475f-b82a-6227bebf9057",
        "uuid": "6c4cc950-4685-475f-b82a-6227bebf9057",
        "type": "CREDIT",
        "kind": "CONTRIBUTION",
        "createdAt": "2021-01-03T17:08:38.871Z",
        "updatedAt": "2021-01-03T17:08:38.871Z",
        "amount": {
            "value": 5,
            "currency": "GBP",
            "valueInCents": 500
        }
    },
    {
        "id": "23e0db85-ee41-44e6-93f1-59cde79a49c3",
        "uuid": "23e0db85-ee41-44e6-93f1-59cde79a49c3",
        "type": "CREDIT",
        "kind": "CONTRIBUTION",
        "createdAt": "2021-01-03T15:59:03.805Z",
        "updatedAt": "2021-01-03T15:59:03.805Z",
        "amount": {
            "value": 5,
            "currency": "GBP",
            "valueInCents": 500
        }
    },
    {
        "id": "fc34b6aa-4f70-44f3-b404-4c2ac5c79314",
        "uuid": "fc34b6aa-4f70-44f3-b404-4c2ac5c79314",
        "type": "CREDIT",
        "kind": "CONTRIBUTION",
        "createdAt": "2021-01-02T14:28:10.219Z",
        "updatedAt": "2021-01-02T14:28:10.219Z",
        "amount": {
            "value": 100,
            "currency": "GBP",
            "valueInCents": 10000
        }
    },
    {
        "id": "1ddcfdef-6906-4350-9033-058ddf2378de",
        "uuid": "1ddcfdef-6906-4350-9033-058ddf2378de",
        "type": "CREDIT",
        "kind": "CONTRIBUTION",
        "createdAt": "2021-01-01T19:00:29.740Z",
        "updatedAt": "2021-01-01T19:00:29.740Z",
        "amount": {
            "value": 5,
            "currency": "GBP",
            "valueInCents": 500
        }
    },
    {
        "id": "feab2cc0-ab60-4e94-8c15-fe5a6b218864",
        "uuid": "feab2cc0-ab60-4e94-8c15-fe5a6b218864",
        "type": "CREDIT",
        "kind": "CONTRIBUTION",
        "createdAt": "2021-01-01T17:20:32.932Z",
        "updatedAt": "2021-01-01T17:20:32.932Z",
        "amount": {
            "value": 5,
            "currency": "GBP",
            "valueInCents": 500
        }
    },
    {
        "id": "b009aea9-fe28-4e16-89cd-9842adb1863d",
        "uuid": "b009aea9-fe28-4e16-89cd-9842adb1863d",
        "type": "CREDIT",
        "kind": "CONTRIBUTION",
        "createdAt": "2021-01-01T17:03:07.045Z",
        "updatedAt": "2021-01-01T17:03:07.045Z",
        "amount": {
            "value": 20,
            "currency": "GBP",
            "valueInCents": 2000
        }
    },
    {
        "id": "ccf8792f-838f-4d32-8324-e25ca66af4bb",
        "uuid": "ccf8792f-838f-4d32-8324-e25ca66af4bb",
        "type": "CREDIT",
        "kind": "CONTRIBUTION",
        "createdAt": "2021-01-01T11:19:26.124Z",
        "updatedAt": "2021-01-01T11:19:26.124Z",
        "amount": {
            "value": 1,
            "currency": "GBP",
            "valueInCents": 100
        }
    },
    {
        "id": "825c10f5-37af-42d2-ad97-ab75498215ef",
        "uuid": "825c10f5-37af-42d2-ad97-ab75498215ef",
        "type": "DEBIT",
        "kind": "EXPENSE",
        "createdAt": "2020-12-30T09:36:49.791Z",
        "updatedAt": "2020-12-30T09:36:49.791Z",
        "amount": {
            "value": -1.2,
            "currency": "GBP",
            "valueInCents": -120
        }
    },
    {
        "id": "b09eca49-662c-4378-a603-9a63d61c1536",
        "uuid": "b09eca49-662c-4378-a603-9a63d61c1536",
        "type": "CREDIT",
        "kind": "ADDED_FUNDS",
        "createdAt": "2020-12-30T09:27:30.181Z",
        "updatedAt": "2020-12-30T09:27:30.181Z",
        "amount": {
            "value": 10,
            "currency": "GBP",
            "valueInCents": 1000
        }
    }
]