[
    {
        "id": "47bf4f6b-21aa-4d13-a1af-ba29715a32d7",
        "uuid": "47bf4f6b-21aa-4d13-a1af-ba29715a32d7",
        "type": "DEBIT",
        "kind": "PAYMENT_PROCESSOR_FEE",
        "createdAt": "2024-08-06T20:00:46.942Z",
        "updatedAt": "2024-08-06T20:00:46.942Z",
        "amount": {
            "value": -1.13,
            "currency": "USD",
            "valueInCents": -113
        }
    },
    {
        "id": "4449bd22-3dd9-4ec2-9c33-8c97e048ac1e",
        "uuid": "4449bd22-3dd9-4ec2-9c33-8c97e048ac1e",
        "type": "DEBIT",
        "kind": "EXPENSE",
        "createdAt": "2024-08-06T20:00:46.957Z",
        "updatedAt": "2024-08-06T20:00:46.957Z",
        "amount": {
            "value": -98.53,
            "currency": "USD",
            "valueInCents": -9853
        }
    },
    {
        "id": "129617c9-a24d-4232-bec0-e6456cb9a087",
        "uuid": "129617c9-a24d-4232-bec0-e6456cb9a087",
        "type": "DEBIT",
        "kind": "EXPENSE",
        "createdAt": "2023-08-15T11:21:19.404Z",
        "updatedAt": "2023-08-15T11:21:19.404Z",
        "amount": {
            "value": -1398,
            "currency": "USD",
            "valueInCents": -139800
        }
    },
    {
        "id": "dd46215c-3efa-43a0-8b6b-b9ff5a89ae5c",
        "uuid": "dd46215c-3efa-43a0-8b6b-b9ff5a89ae5c",
        "type": "DEBIT",
        "kind": "EXPENSE",
        "createdAt": "2023-06-26T11:21:44.559Z",
        "updatedAt": "2023-06-26T11:21:44.559Z",
        "amount": {
            "value": -4000,
            "currency": "USD",
            "valueInCents": -400000
        }
    },
    {
        "id": "586a9b48-dff4-4d21-aa41-71eed022e09f",
        "uuid": "586a9b48-dff4-4d21-aa41-71eed022e09f",
        "type": "DEBIT",
        "kind": "EXPENSE",
        "createdAt": "2023-05-30T11:22:44.121Z",
        "updatedAt": "2023-05-30T11:22:44.121Z",
        "amount": {
            "value": -5000,
            "currency": "USD",
            "valueInCents": -500000
        }
    },
    {
        "id": "7335b0eb-2ad0-4dd0-a388-2416b006d1b4",
        "uuid": "7335b0eb-2ad0-4dd0-a388-2416b006d1b4",
        "type": "DEBIT",
        "kind": "EXPENSE",
        "createdAt": "2023-03-27T16:05:00.705Z",
        "updatedAt": "2023-03-27T16:05:00.705Z",
        "amount": {
            "value": -10000,
            "currency": "USD",
            "valueInCents": -1000000
        }
    },
    {
        "id": "239a0715-2b94-46d0-8b87-46153866a456",
        "uuid": "239a0715-2b94-46d0-8b87-46153866a456",
        "type": "DEBIT",
        "kind": "EXPENSE",
        "createdAt": "2023-02-13T17:05:18.893Z",
        "updatedAt": "2023-02-13T17:05:18.893Z",
        "amount": {
            "value": -10500,
            "currency": "USD",
            "valueInCents": -1050000
        }
    },
    {
        "id": "1e4547f9-0bbe-4857-b15c-1a91a3cbbbce",
        "uuid": "1e4547f9-0bbe-4857-b15c-1a91a3cbbbce",
        "type": "DEBIT",
        "kind": "EXPENSE",
        "createdAt": "2023-01-27T12:20:49.221Z",
        "updatedAt": "2023-01-27T12:20:49.221Z",
        "amount": {
            "value": -15000,
            "currency": "USD",
            "valueInCents": -1500000
        }
    },
    {
        "id": "67ca60f2-7f59-42b0-92f4-39262d1cfa77",
        "uuid": "67ca60f2-7f59-42b0-92f4-39262d1cfa77",
        "type": "DEBIT",
        "kind": "HOST_FEE",
        "createdAt": "2023-01-24T19:54:17.342Z",
        "updatedAt": "2023-01-24T19:54:17.342Z",
        "amount": {
            "value": -4000,
            "currency": "USD",
            "valueInCents": -400000
        }
    },
    {
        "id": "333b6393-8594-432e-822a-24fcdf54e8d6",
        "uuid": "333b6393-8594-432e-822a-24fcdf54e8d6",
        "type": "CREDIT",
        "kind": "ADDED_FUNDS",
        "createdAt": "2023-01-24T19:54:17.408Z",
        "updatedAt": "2023-01-24T19:54:17.408Z",
        "amount": {
            "value": 50000,
            "currency": "USD",
            "valueInCents": 5000000
        }
    }
]