[
    {
        "id": "d2dda7c2-8b3a-4765-b84d-3e4b82fad0ec",
        "uuid": "d2dda7c2-8b3a-4765-b84d-3e4b82fad0ec",
        "type": "CREDIT",
        "kind": "CONTRIBUTION",
        "createdAt": "2021-10-15T18:12:36.879Z",
        "updatedAt": "2021-10-15T18:12:36.879Z",
        "amount": {
            "value": 10,
            "currency": "USD",
            "valueInCents": 1000
        }
    },
    {
        "id": "15c2b431-2f76-48f3-b20b-6e199475c987",
        "uuid": "15c2b431-2f76-48f3-b20b-6e199475c987",
        "type": "CREDIT",
        "kind": "ADDED_FUNDS",
        "createdAt": "2021-09-09T21:45:44.744Z",
        "updatedAt": "2021-09-09T21:45:44.744Z",
        "amount": {
            "value": 50,
            "currency": "USD",
            "valueInCents": 5000
        }
    }
]