[
    {
        "id": "dd2abd38-993a-4121-bb4f-320ea60e571f",
        "uuid": "dd2abd38-993a-4121-bb4f-320ea60e571f",
        "type": "DEBIT",
        "kind": "HOST_FEE",
        "createdAt": "2025-01-03T01:06:13.401Z",
        "updatedAt": "2025-01-03T01:06:13.401Z",
        "amount": {
            "value": -0.5,
            "currency": "USD",
            "valueInCents": -50
        }
    },
    {
        "id": "fdcc1ffa-d721-477c-a6a9-127071ede9f6",
        "uuid": "fdcc1ffa-d721-477c-a6a9-127071ede9f6",
        "type": "DEBIT",
        "kind": "PAYMENT_PROCESSOR_FEE",
        "createdAt": "2025-01-03T01:06:13.427Z",
        "updatedAt": "2025-01-03T01:06:13.427Z",
        "amount": {
            "value": -0.52,
            "currency": "USD",
            "valueInCents": -52
        }
    },
    {
        "id": "71673e1e-fe41-4eae-9f71-12710f06ae45",
        "uuid": "71673e1e-fe41-4eae-9f71-12710f06ae45",
        "type": "CREDIT",
        "kind": "CONTRIBUTION",
        "createdAt": "2025-01-03T01:06:13.448Z",
        "updatedAt": "2025-01-03T01:06:13.448Z",
        "amount": {
            "value": 5,
            "currency": "USD",
            "valueInCents": 500
        }
    },
    {
        "id": "a0727b38-18de-4c0b-a9e6-2721c9549e11",
        "uuid": "a0727b38-18de-4c0b-a9e6-2721c9549e11",
        "type": "DEBIT",
        "kind": "HOST_FEE",
        "createdAt": "2024-12-06T00:04:03.432Z",
        "updatedAt": "2024-12-06T00:04:03.432Z",
        "amount": {
            "value": -0.5,
            "currency": "USD",
            "valueInCents": -50
        }
    },
    {
        "id": "4dd54ae0-44fe-425f-8091-44af9ecd7eff",
        "uuid": "4dd54ae0-44fe-425f-8091-44af9ecd7eff",
        "type": "DEBIT",
        "kind": "PAYMENT_PROCESSOR_FEE",
        "createdAt": "2024-12-06T00:04:03.461Z",
        "updatedAt": "2024-12-06T00:04:03.461Z",
        "amount": {
            "value": -0.52,
            "currency": "USD",
            "valueInCents": -52
        }
    },
    {
        "id": "aea227b3-2fd0-40f7-9c72-1e12419eb336",
        "uuid": "aea227b3-2fd0-40f7-9c72-1e12419eb336",
        "type": "CREDIT",
        "kind": "CONTRIBUTION",
        "createdAt": "2024-12-06T00:04:03.490Z",
        "updatedAt": "2024-12-06T00:04:03.490Z",
        "amount": {
            "value": 5,
            "currency": "USD",
            "valueInCents": 500
        }
    },
    {
        "id": "ff032d87-9543-4fa3-9b2a-1257e3cdeca3",
        "uuid": "ff032d87-9543-4fa3-9b2a-1257e3cdeca3",
        "type": "DEBIT",
        "kind": "HOST_FEE",
        "createdAt": "2024-11-02T09:10:17.820Z",
        "updatedAt": "2024-11-02T09:10:17.820Z",
        "amount": {
            "value": -0.5,
            "currency": "USD",
            "valueInCents": -50
        }
    },
    {
        "id": "bf961c3c-c59a-48ff-8294-0f206e9169d8",
        "uuid": "bf961c3c-c59a-48ff-8294-0f206e9169d8",
        "type": "DEBIT",
        "kind": "PAYMENT_PROCESSOR_FEE",
        "createdAt": "2024-11-02T09:10:17.841Z",
        "updatedAt": "2024-11-02T09:10:17.841Z",
        "amount": {
            "value": -0.52,
            "currency": "USD",
            "valueInCents": -52
        }
    },
    {
        "id": "b98e03fb-797e-460e-8cb9-9999756c9e95",
        "uuid": "b98e03fb-797e-460e-8cb9-9999756c9e95",
        "type": "CREDIT",
        "kind": "CONTRIBUTION",
        "createdAt": "2024-11-02T09:10:17.856Z",
        "updatedAt": "2024-11-02T09:10:17.856Z",
        "amount": {
            "value": 5,
            "currency": "USD",
            "valueInCents": 500
        }
    },
    {
        "id": "7c0f0117-5ced-4989-b8fb-03e4d7a5a19b",
        "uuid": "7c0f0117-5ced-4989-b8fb-03e4d7a5a19b",
        "type": "DEBIT",
        "kind": "HOST_FEE",
        "createdAt": "2024-10-03T18:05:03.124Z",
        "updatedAt": "2024-10-03T18:05:03.124Z",
        "amount": {
            "value": -0.5,
            "currency": "USD",
            "valueInCents": -50
        }
    },
    {
        "id": "9e294173-c664-4d48-93da-dfab02e127a4",
        "uuid": "9e294173-c664-4d48-93da-dfab02e127a4",
        "type": "DEBIT",
        "kind": "PAYMENT_PROCESSOR_FEE",
        "createdAt": "2024-10-03T18:05:03.153Z",
        "updatedAt": "2024-10-03T18:05:03.153Z",
        "amount": {
            "value": -0.52,
            "currency": "USD",
            "valueInCents": -52
        }
    },
    {
        "id": "60bec858-074c-4b37-8928-4bed3a5d7326",
        "uuid": "60bec858-074c-4b37-8928-4bed3a5d7326",
        "type": "CREDIT",
        "kind": "CONTRIBUTION",
        "createdAt": "2024-10-03T18:05:03.190Z",
        "updatedAt": "2024-10-03T18:05:03.190Z",
        "amount": {
            "value": 5,
            "currency": "USD",
            "valueInCents": 500
        }
    },
    {
        "id": "e777a9c6-6e98-4b30-895e-6e9dfb23edfd",
        "uuid": "e777a9c6-6e98-4b30-895e-6e9dfb23edfd",
        "type": "DEBIT",
        "kind": "HOST_FEE",
        "createdAt": "2024-09-01T18:52:34.713Z",
        "updatedAt": "2024-09-01T18:52:34.713Z",
        "amount": {
            "value": -0.5,
            "currency": "USD",
            "valueInCents": -50
        }
    },
    {
        "id": "ddd542d6-7d15-45fd-8f8b-efbbd1fe4cad",
        "uuid": "ddd542d6-7d15-45fd-8f8b-efbbd1fe4cad",
        "type": "DEBIT",
        "kind": "PAYMENT_PROCESSOR_FEE",
        "createdAt": "2024-09-01T18:52:34.756Z",
        "updatedAt": "2024-09-01T18:52:34.756Z",
        "amount": {
            "value": -0.52,
            "currency": "USD",
            "valueInCents": -52
        }
    },
    {
        "id": "fa4a4507-03f7-41a3-953b-f868915f56a8",
        "uuid": "fa4a4507-03f7-41a3-953b-f868915f56a8",
        "type": "CREDIT",
        "kind": "CONTRIBUTION",
        "createdAt": "2024-09-01T18:52:34.775Z",
        "updatedAt": "2024-09-01T18:52:34.775Z",
        "amount": {
            "value": 5,
            "currency": "USD",
            "valueInCents": 500
        }
    },
    {
        "id": "74063938-f907-407c-8932-eaefda0b2117",
        "uuid": "74063938-f907-407c-8932-eaefda0b2117",
        "type": "DEBIT",
        "kind": "HOST_FEE",
        "createdAt": "2021-12-01T10:11:30.240Z",
        "updatedAt": "2021-12-01T10:11:30.240Z",
        "amount": {
            "value": -0.5,
            "currency": "USD",
            "valueInCents": -50
        }
    },
    {
        "id": "6911c6c5-9172-4709-8171-cc53e1047f53",
        "uuid": "6911c6c5-9172-4709-8171-cc53e1047f53",
        "type": "CREDIT",
        "kind": "CONTRIBUTION",
        "createdAt": "2021-12-01T10:11:30.297Z",
        "updatedAt": "2021-12-01T10:11:30.297Z",
        "amount": {
            "value": 5,
            "currency": "USD",
            "valueInCents": 500
        }
    },
    {
        "id": "015ce4d8-2032-4cee-bc79-d26d4abfc5c6",
        "uuid": "015ce4d8-2032-4cee-bc79-d26d4abfc5c6",
        "type": "DEBIT",
        "kind": "HOST_FEE",
        "createdAt": "2021-11-01T04:11:11.561Z",
        "updatedAt": "2021-11-01T04:11:11.561Z",
        "amount": {
            "value": -0.5,
            "currency": "USD",
            "valueInCents": -50
        }
    },
    {
        "id": "d320f4b2-89d4-4491-886a-0ab4d26fd963",
        "uuid": "d320f4b2-89d4-4491-886a-0ab4d26fd963",
        "type": "CREDIT",
        "kind": "CONTRIBUTION",
        "createdAt": "2021-11-01T04:11:11.631Z",
        "updatedAt": "2021-11-01T04:11:11.631Z",
        "amount": {
            "value": 5,
            "currency": "USD",
            "valueInCents": 500
        }
    },
    {
        "id": "13154d7e-ff21-43b0-91f2-3bd6048f3c74",
        "uuid": "13154d7e-ff21-43b0-91f2-3bd6048f3c74",
        "type": "DEBIT",
        "kind": "HOST_FEE",
        "createdAt": "2021-10-01T04:15:22.101Z",
        "updatedAt": "2021-10-01T04:15:22.101Z",
        "amount": {
            "value": -0.5,
            "currency": "USD",
            "valueInCents": -50
        }
    },
    {
        "id": "45a7befb-e674-4033-b5a0-3ccc7a8d3c08",
        "uuid": "45a7befb-e674-4033-b5a0-3ccc7a8d3c08",
        "type": "CREDIT",
        "kind": "CONTRIBUTION",
        "createdAt": "2021-10-01T04:15:22.156Z",
        "updatedAt": "2021-10-01T04:15:22.156Z",
        "amount": {
            "value": 5,
            "currency": "USD",
            "valueInCents": 500
        }
    },
    {
        "id": "e5f14f90-1777-4224-b625-37bbf0460d61",
        "uuid": "e5f14f90-1777-4224-b625-37bbf0460d61",
        "type": "DEBIT",
        "kind": "HOST_FEE",
        "createdAt": "2021-09-01T05:03:53.223Z",
        "updatedAt": "2021-09-01T05:03:53.223Z",
        "amount": {
            "value": -0.5,
            "currency": "USD",
            "valueInCents": -50
        }
    },
    {
        "id": "feddcdae-e154-4678-ae61-10b05e843514",
        "uuid": "feddcdae-e154-4678-ae61-10b05e843514",
        "type": "CREDIT",
        "kind": "CONTRIBUTION",
        "createdAt": "2021-09-01T05:03:53.296Z",
        "updatedAt": "2021-09-01T05:03:53.296Z",
        "amount": {
            "value": 5,
            "currency": "USD",
            "valueInCents": 500
        }
    },
    {
        "id": "7c782562-58bf-4374-bc68-d8d616594207",
        "uuid": "7c782562-58bf-4374-bc68-d8d616594207",
        "type": "DEBIT",
        "kind": "HOST_FEE",
        "createdAt": "2021-08-01T05:07:35.021Z",
        "updatedAt": "2021-08-01T05:07:35.021Z",
        "amount": {
            "value": -0.5,
            "currency": "USD",
            "valueInCents": -50
        }
    },
    {
        "id": "c4c2b1f6-5c76-4d5e-b8fa-612f3c34a278",
        "uuid": "c4c2b1f6-5c76-4d5e-b8fa-612f3c34a278",
        "type": "CREDIT",
        "kind": "CONTRIBUTION",
        "createdAt": "2021-08-01T05:07:35.150Z",
        "updatedAt": "2021-08-01T05:07:35.150Z",
        "amount": {
            "value": 5,
            "currency": "USD",
            "valueInCents": 500
        }
    },
    {
        "id": "1426bd83-4b6c-462e-8aef-6ac5ad1d466a",
        "uuid": "1426bd83-4b6c-462e-8aef-6ac5ad1d466a",
        "type": "DEBIT",
        "kind": "HOST_FEE",
        "createdAt": "2021-07-01T12:09:18.382Z",
        "updatedAt": "2021-07-01T12:09:18.382Z",
        "amount": {
            "value": -0.5,
            "currency": "USD",
            "valueInCents": -50
        }
    },
    {
        "id": "e84a3536-1860-4cbc-a56a-27db9fff7423",
        "uuid": "e84a3536-1860-4cbc-a56a-27db9fff7423",
        "type": "CREDIT",
        "kind": "CONTRIBUTION",
        "createdAt": "2021-07-01T12:09:18.438Z",
        "updatedAt": "2021-07-01T12:09:18.438Z",
        "amount": {
            "value": 5,
            "currency": "USD",
            "valueInCents": 500
        }
    },
    {
        "id": "78827060-af57-4438-8d9b-1be4be332186",
        "uuid": "78827060-af57-4438-8d9b-1be4be332186",
        "type": "DEBIT",
        "kind": "HOST_FEE",
        "createdAt": "2021-06-01T07:04:28.777Z",
        "updatedAt": "2021-06-01T07:04:28.777Z",
        "amount": {
            "value": -0.5,
            "currency": "USD",
            "valueInCents": -50
        }
    },
    {
        "id": "06be1893-b542-441f-b220-99c2b0fcb961",
        "uuid": "06be1893-b542-441f-b220-99c2b0fcb961",
        "type": "CREDIT",
        "kind": "CONTRIBUTION",
        "createdAt": "2021-06-01T07:04:28.777Z",
        "updatedAt": "2021-06-01T07:04:28.777Z",
        "amount": {
            "value": 5,
            "currency": "USD",
            "valueInCents": 500
        }
    },
    {
        "id": "6e60fbd3-9f3f-45ca-bc9a-fa453211abbe",
        "uuid": "6e60fbd3-9f3f-45ca-bc9a-fa453211abbe",
        "type": "CREDIT",
        "kind": "CONTRIBUTION",
        "createdAt": "2021-05-01T06:11:05.740Z",
        "updatedAt": "2021-05-01T06:11:05.740Z",
        "amount": {
            "value": 5,
            "currency": "USD",
            "valueInCents": 500
        }
    },
    {
        "id": "018f9564-01ee-4bc5-8981-b170c1e884d9",
        "uuid": "018f9564-01ee-4bc5-8981-b170c1e884d9",
        "type": "CREDIT",
        "kind": "CONTRIBUTION",
        "createdAt": "2021-04-01T11:31:00.477Z",
        "updatedAt": "2021-04-01T11:31:00.477Z",
        "amount": {
            "value": 10,
            "currency": "USD",
            "valueInCents": 1000
        }
    },
    {
        "id": "fcdeb531-bd24-4a11-a65a-8be39a359e5b",
        "uuid": "fcdeb531-bd24-4a11-a65a-8be39a359e5b",
        "type": "CREDIT",
        "kind": "CONTRIBUTION",
        "createdAt": "2021-04-01T11:19:02.850Z",
        "updatedAt": "2021-04-01T11:19:02.850Z",
        "amount": {
            "value": 20,
            "currency": "USD",
            "valueInCents": 2000
        }
    },
    {
        "id": "1c4c9b33-144c-4275-99cc-ba86042f79e9",
        "uuid": "1c4c9b33-144c-4275-99cc-ba86042f79e9",
        "type": "CREDIT",
        "kind": "CONTRIBUTION",
        "createdAt": "2021-04-01T06:15:41.026Z",
        "updatedAt": "2021-04-01T06:15:41.026Z",
        "amount": {
            "value": 5,
            "currency": "USD",
            "valueInCents": 500
        }
    },
    {
        "id": "3a71da61-1893-491a-b3c6-9941917e9b3e",
        "uuid": "3a71da61-1893-491a-b3c6-9941917e9b3e",
        "type": "CREDIT",
        "kind": "CONTRIBUTION",
        "createdAt": "2021-03-01T08:10:03.137Z",
        "updatedAt": "2021-03-01T08:10:03.137Z",
        "amount": {
            "value": 5,
            "currency": "USD",
            "valueInCents": 500
        }
    },
    {
        "id": "f102364d-729d-4ac8-8341-02ce7c94927f",
        "uuid": "f102364d-729d-4ac8-8341-02ce7c94927f",
        "type": "CREDIT",
        "kind": "CONTRIBUTION",
        "createdAt": "2021-02-05T23:05:19.386Z",
        "updatedAt": "2021-02-05T23:05:19.386Z",
        "amount": {
            "value": 20,
            "currency": "USD",
            "valueInCents": 2000
        }
    },
    {
        "id": "707f2ced-0efd-43a0-b6b9-47a9065f7bf2",
        "uuid": "707f2ced-0efd-43a0-b6b9-47a9065f7bf2",
        "type": "CREDIT",
        "kind": "CONTRIBUTION",
        "createdAt": "2021-02-01T20:07:45.470Z",
        "updatedAt": "2021-02-01T20:07:45.470Z",
        "amount": {
            "value": 5,
            "currency": "USD",
            "valueInCents": 500
        }
    },
    {
        "id": "bd79989d-7d23-4211-9215-f179055fa350",
        "uuid": "bd79989d-7d23-4211-9215-f179055fa350",
        "type": "CREDIT",
        "kind": "CONTRIBUTION",
        "createdAt": "2021-01-05T02:14:17.810Z",
        "updatedAt": "2021-01-05T02:14:17.810Z",
        "amount": {
            "value": 5,
            "currency": "USD",
            "valueInCents": 500
        }
    },
    {
        "id": "252c9017-c820-47ee-be70-384ae79ce15c",
        "uuid": "252c9017-c820-47ee-be70-384ae79ce15c",
        "type": "CREDIT",
        "kind": "CONTRIBUTION",
        "createdAt": "2020-12-01T21:04:44.014Z",
        "updatedAt": "2020-12-01T21:04:44.014Z",
        "amount": {
            "value": 5,
            "currency": "USD",
            "valueInCents": 500
        }
    },
    {
        "id": "fc856f6a-b156-4780-b63b-e6cb47229090",
        "uuid": "fc856f6a-b156-4780-b63b-e6cb47229090",
        "type": "CREDIT",
        "kind": "CONTRIBUTION",
        "createdAt": "2020-11-01T14:04:23.771Z",
        "updatedAt": "2020-11-01T14:04:23.771Z",
        "amount": {
            "value": 5,
            "currency": "USD",
            "valueInCents": 500
        }
    },
    {
        "id": "94ab3939-39e1-4177-b340-0974aecf554b",
        "uuid": "94ab3939-39e1-4177-b340-0974aecf554b",
        "type": "CREDIT",
        "kind": "CONTRIBUTION",
        "createdAt": "2020-10-01T05:11:02.593Z",
        "updatedAt": "2020-10-01T05:11:02.593Z",
        "amount": {
            "value": 5,
            "currency": "USD",
            "valueInCents": 500
        }
    },
    {
        "id": "860c32b2-2d30-4b48-bbd0-60f8e3041d6f",
        "uuid": "860c32b2-2d30-4b48-bbd0-60f8e3041d6f",
        "type": "CREDIT",
        "kind": "CONTRIBUTION",
        "createdAt": "2020-09-01T09:31:01.497Z",
        "updatedAt": "2020-09-01T09:31:01.497Z",
        "amount": {
            "value": 5,
            "currency": "USD",
            "valueInCents": 500
        }
    },
    {
        "id": "f626cfd8-ba87-454d-9b00-73eb405ec606",
        "uuid": "f626cfd8-ba87-454d-9b00-73eb405ec606",
        "type": "CREDIT",
        "kind": "CONTRIBUTION",
        "createdAt": "2020-08-03T05:23:48.907Z",
        "updatedAt": "2020-08-03T05:23:48.907Z",
        "amount": {
            "value": 5,
            "currency": "USD",
            "valueInCents": 500
        }
    },
    {
        "id": "6daba2fc-9327-45a3-8421-0cd66bcdb2b9",
        "uuid": "6daba2fc-9327-45a3-8421-0cd66bcdb2b9",
        "type": "CREDIT",
        "kind": "CONTRIBUTION",
        "createdAt": "2020-07-04T05:07:59.062Z",
        "updatedAt": "2020-07-04T05:07:59.062Z",
        "amount": {
            "value": 5,
            "currency": "USD",
            "valueInCents": 500
        }
    },
    {
        "id": "b8379aa2-f3c2-42b2-b34b-d310feb1411d",
        "uuid": "b8379aa2-f3c2-42b2-b34b-d310feb1411d",
        "type": "CREDIT",
        "kind": "CONTRIBUTION",
        "createdAt": "2020-06-15T18:47:12.916Z",
        "updatedAt": "2020-06-15T18:47:12.916Z",
        "amount": {
            "value": 5,
            "currency": "USD",
            "valueInCents": 500
        }
    },
    {
        "id": "73ba7c7b-d9cd-4db1-a3f7-a6e6330f590c",
        "uuid": "73ba7c7b-d9cd-4db1-a3f7-a6e6330f590c",
        "type": "CREDIT",
        "kind": "CONTRIBUTION",
        "createdAt": "2020-05-26T09:36:47.319Z",
        "updatedAt": "2020-05-26T09:36:47.319Z",
        "amount": {
            "value": 5,
            "currency": "USD",
            "valueInCents": 500
        }
    },
    {
        "id": "3f3b86f4-df0e-47c0-828f-23c305593fe8",
        "uuid": "3f3b86f4-df0e-47c0-828f-23c305593fe8",
        "type": "CREDIT",
        "kind": "CONTRIBUTION",
        "createdAt": "2020-05-19T15:45:07.353Z",
        "updatedAt": "2020-05-19T15:45:07.353Z",
        "amount": {
            "value": 20,
            "currency": "USD",
            "valueInCents": 2000
        }
    },
    {
        "id": "e2cbd574-51e0-45b3-88f8-c9793bbc5e85",
        "uuid": "e2cbd574-51e0-45b3-88f8-c9793bbc5e85",
        "type": "CREDIT",
        "kind": "CONTRIBUTION",
        "createdAt": "2020-02-13T22:09:38.530Z",
        "updatedAt": "2020-02-13T22:09:38.530Z",
        "amount": {
            "value": 1,
            "currency": "USD",
            "valueInCents": 100
        }
    }
]