[
    {
        "id": "3d64ee25-4e8b-41e5-a212-35f31eec41ac",
        "uuid": "3d64ee25-4e8b-41e5-a212-35f31eec41ac",
        "type": "CREDIT",
        "kind": "HOST_FEE",
        "createdAt": "2023-11-20T08:14:05.444Z",
        "updatedAt": "2023-11-20T08:14:05.444Z",
        "amount": {
            "value": 50,
            "currency": "USD",
            "valueInCents": 5000
        }
    },
    {
        "id": "235efc35-3cb5-4125-9b1a-af28327e6681",
        "uuid": "235efc35-3cb5-4125-9b1a-af28327e6681",
        "type": "CREDIT",
        "kind": "PAYMENT_PROCESSOR_COVER",
        "createdAt": "2023-11-20T08:14:05.403Z",
        "updatedAt": "2023-11-20T08:14:05.403Z",
        "amount": {
            "value": 22.3,
            "currency": "USD",
            "valueInCents": 2230
        }
    },
    {
        "id": "328247ad-5f85-4162-a466-7388b307db55",
        "uuid": "328247ad-5f85-4162-a466-7388b307db55",
        "type": "DEBIT",
        "kind": "CONTRIBUTION",
        "createdAt": "2023-11-20T08:14:05.533Z",
        "updatedAt": "2023-11-20T08:14:05.533Z",
        "amount": {
            "value": -500,
            "currency": "USD",
            "valueInCents": -50000
        }
    },
    {
        "id": "44a9d702-8952-4c1b-b36d-b21ec9ab3cca",
        "uuid": "44a9d702-8952-4c1b-b36d-b21ec9ab3cca",
        "type": "DEBIT",
        "kind": "HOST_FEE",
        "createdAt": "2023-11-20T08:09:39.711Z",
        "updatedAt": "2023-11-20T08:09:39.711Z",
        "amount": {
            "value": -50,
            "currency": "USD",
            "valueInCents": -5000
        }
    },
    {
        "id": "7ce25662-7988-4ae7-90f0-b7f6a33f5365",
        "uuid": "7ce25662-7988-4ae7-90f0-b7f6a33f5365",
        "type": "CREDIT",
        "kind": "CONTRIBUTION",
        "createdAt": "2023-11-20T08:09:40.029Z",
        "updatedAt": "2023-11-20T08:09:40.029Z",
        "amount": {
            "value": 500,
            "currency": "USD",
            "valueInCents": 50000
        }
    },
    {
        "id": "6bab4c27-1106-436d-999a-ba3398551ef3",
        "uuid": "6bab4c27-1106-436d-999a-ba3398551ef3",
        "type": "DEBIT",
        "kind": "HOST_FEE",
        "createdAt": "2023-11-15T07:25:42.713Z",
        "updatedAt": "2023-11-15T07:25:42.713Z",
        "amount": {
            "value": -0.5,
            "currency": "USD",
            "valueInCents": -50
        }
    },
    {
        "id": "057a234f-d634-42fa-8bdf-2acd12fc09cb",
        "uuid": "057a234f-d634-42fa-8bdf-2acd12fc09cb",
        "type": "CREDIT",
        "kind": "CONTRIBUTION",
        "createdAt": "2023-11-15T07:25:42.765Z",
        "updatedAt": "2023-11-15T07:25:42.765Z",
        "amount": {
            "value": 5,
            "currency": "USD",
            "valueInCents": 500
        }
    }
]