[
    {
        "id": "18ed102e-817c-4166-a3fd-1f1e5378f675",
        "uuid": "18ed102e-817c-4166-a3fd-1f1e5378f675",
        "type": "DEBIT",
        "kind": "HOST_FEE",
        "createdAt": "2024-10-08T21:34:36.368Z",
        "updatedAt": "2024-10-08T21:34:36.368Z",
        "amount": {
            "value": -4.8,
            "currency": "EUR",
            "valueInCents": -480
        }
    },
    {
        "id": "1cb1109f-f521-46c5-8c61-fc9dd22d4a67",
        "uuid": "1cb1109f-f521-46c5-8c61-fc9dd22d4a67",
        "type": "DEBIT",
        "kind": "PAYMENT_PROCESSOR_FEE",
        "createdAt": "2024-10-08T21:34:36.388Z",
        "updatedAt": "2024-10-08T21:34:36.388Z",
        "amount": {
            "value": -2.49,
            "currency": "EUR",
            "valueInCents": -249
        }
    },
    {
        "id": "afdd3bc3-88c6-4e62-b742-aaa8a432fb3d",
        "uuid": "afdd3bc3-88c6-4e62-b742-aaa8a432fb3d",
        "type": "CREDIT",
        "kind": "CONTRIBUTION",
        "createdAt": "2024-10-08T21:34:36.410Z",
        "updatedAt": "2024-10-08T21:34:36.410Z",
        "amount": {
            "value": 60,
            "currency": "EUR",
            "valueInCents": 6000
        }
    },
    {
        "id": "9483dbde-d04b-47ef-9ab4-2b04d95a49f6",
        "uuid": "9483dbde-d04b-47ef-9ab4-2b04d95a49f6",
        "type": "DEBIT",
        "kind": "HOST_FEE",
        "createdAt": "2024-06-28T08:17:53.275Z",
        "updatedAt": "2024-06-28T08:17:53.275Z",
        "amount": {
            "value": -3.6,
            "currency": "EUR",
            "valueInCents": -360
        }
    },
    {
        "id": "caccdd50-96ee-4147-b0ea-d61372006a20",
        "uuid": "caccdd50-96ee-4147-b0ea-d61372006a20",
        "type": "DEBIT",
        "kind": "PAYMENT_PROCESSOR_FEE",
        "createdAt": "2024-06-28T08:17:53.288Z",
        "updatedAt": "2024-06-28T08:17:53.288Z",
        "amount": {
            "value": -1,
            "currency": "EUR",
            "valueInCents": -100
        }
    },
    {
        "id": "5bf7fc1f-d6ae-4527-8d77-abe472134df8",
        "uuid": "5bf7fc1f-d6ae-4527-8d77-abe472134df8",
        "type": "CREDIT",
        "kind": "CONTRIBUTION",
        "createdAt": "2024-06-28T08:17:53.310Z",
        "updatedAt": "2024-06-28T08:17:53.310Z",
        "amount": {
            "value": 45,
            "currency": "EUR",
            "valueInCents": 4500
        }
    },
    {
        "id": "58467a0b-1d95-458a-bc00-2823dd5890fb",
        "uuid": "58467a0b-1d95-458a-bc00-2823dd5890fb",
        "type": "DEBIT",
        "kind": "HOST_FEE",
        "createdAt": "2024-02-27T09:40:48.326Z",
        "updatedAt": "2024-02-27T09:40:48.326Z",
        "amount": {
            "value": -4,
            "currency": "EUR",
            "valueInCents": -400
        }
    },
    {
        "id": "67e32e7e-706a-44bb-a7a6-dedab7b3a409",
        "uuid": "67e32e7e-706a-44bb-a7a6-dedab7b3a409",
        "type": "DEBIT",
        "kind": "PAYMENT_PROCESSOR_FEE",
        "createdAt": "2024-02-27T09:40:48.342Z",
        "updatedAt": "2024-02-27T09:40:48.342Z",
        "amount": {
            "value": -1.88,
            "currency": "EUR",
            "valueInCents": -188
        }
    },
    {
        "id": "6b0585e2-af49-449d-8ba5-855dbbead58a",
        "uuid": "6b0585e2-af49-449d-8ba5-855dbbead58a",
        "type": "CREDIT",
        "kind": "CONTRIBUTION",
        "createdAt": "2024-02-27T09:40:48.355Z",
        "updatedAt": "2024-02-27T09:40:48.355Z",
        "amount": {
            "value": 50,
            "currency": "EUR",
            "valueInCents": 5000
        }
    },
    {
        "id": "2864f2b3-bbdc-4c3a-b04b-06c493b89c5c",
        "uuid": "2864f2b3-bbdc-4c3a-b04b-06c493b89c5c",
        "type": "DEBIT",
        "kind": "HOST_FEE",
        "createdAt": "2022-02-10T15:03:01.754Z",
        "updatedAt": "2022-02-10T15:03:01.754Z",
        "amount": {
            "value": -3,
            "currency": "EUR",
            "valueInCents": -300
        }
    },
    {
        "id": "69799a54-3368-4f54-a2cd-ac1f07bdf6d8",
        "uuid": "69799a54-3368-4f54-a2cd-ac1f07bdf6d8",
        "type": "CREDIT",
        "kind": "CONTRIBUTION",
        "createdAt": "2022-02-10T15:03:01.820Z",
        "updatedAt": "2022-02-10T15:03:01.820Z",
        "amount": {
            "value": 50,
            "currency": "EUR",
            "valueInCents": 5000
        }
    },
    {
        "id": "bfba55d4-a2bc-4159-b455-1d8684c3715d",
        "uuid": "bfba55d4-a2bc-4159-b455-1d8684c3715d",
        "type": "DEBIT",
        "kind": "HOST_FEE",
        "createdAt": "2022-01-07T11:11:34.401Z",
        "updatedAt": "2022-01-07T11:11:34.401Z",
        "amount": {
            "value": -3,
            "currency": "EUR",
            "valueInCents": -300
        }
    },
    {
        "id": "8f049223-ad48-4adf-8958-ee03e2775732",
        "uuid": "8f049223-ad48-4adf-8958-ee03e2775732",
        "type": "CREDIT",
        "kind": "CONTRIBUTION",
        "createdAt": "2022-01-07T11:11:34.484Z",
        "updatedAt": "2022-01-07T11:11:34.484Z",
        "amount": {
            "value": 50,
            "currency": "EUR",
            "valueInCents": 5000
        }
    },
    {
        "id": "a1170444-1c67-42a3-8fbb-3627ff6d6139",
        "uuid": "a1170444-1c67-42a3-8fbb-3627ff6d6139",
        "type": "DEBIT",
        "kind": "HOST_FEE",
        "createdAt": "2021-06-12T13:57:32.887Z",
        "updatedAt": "2021-06-12T13:57:32.887Z",
        "amount": {
            "value": -1.5,
            "currency": "EUR",
            "valueInCents": -150
        }
    },
    {
        "id": "bbc70a95-fafe-4975-a9b2-e23e993a4499",
        "uuid": "bbc70a95-fafe-4975-a9b2-e23e993a4499",
        "type": "CREDIT",
        "kind": "CONTRIBUTION",
        "createdAt": "2021-06-12T13:57:32.887Z",
        "updatedAt": "2021-06-12T13:57:32.887Z",
        "amount": {
            "value": 25,
            "currency": "EUR",
            "valueInCents": 2500
        }
    },
    {
        "id": "2903aec8-c1f9-4196-a1f3-948c4be11731",
        "uuid": "2903aec8-c1f9-4196-a1f3-948c4be11731",
        "type": "DEBIT",
        "kind": "HOST_FEE",
        "createdAt": "2021-06-12T01:02:28.307Z",
        "updatedAt": "2021-06-12T01:02:28.307Z",
        "amount": {
            "value": -0.6,
            "currency": "EUR",
            "valueInCents": -60
        }
    },
    {
        "id": "c459296b-8dfb-4f52-abd2-2cd4b767173b",
        "uuid": "c459296b-8dfb-4f52-abd2-2cd4b767173b",
        "type": "CREDIT",
        "kind": "CONTRIBUTION",
        "createdAt": "2021-06-12T01:02:28.307Z",
        "updatedAt": "2021-06-12T01:02:28.307Z",
        "amount": {
            "value": 10,
            "currency": "EUR",
            "valueInCents": 1000
        }
    }
]