[
    {
        "id": "f8f2a5ce-9fee-4b08-9f9e-f71e16eb7af5",
        "uuid": "f8f2a5ce-9fee-4b08-9f9e-f71e16eb7af5",
        "type": "DEBIT",
        "kind": "PAYMENT_PROCESSOR_FEE",
        "createdAt": "2025-01-14T20:01:20.559Z",
        "updatedAt": "2025-01-14T20:01:20.559Z",
        "amount": {
            "value": -0.25,
            "currency": "USD",
            "valueInCents": -25
        }
    },
    {
        "id": "3444d97a-b4b3-4e63-8b10-68e7b78bd509",
        "uuid": "3444d97a-b4b3-4e63-8b10-68e7b78bd509",
        "type": "DEBIT",
        "kind": "EXPENSE",
        "createdAt": "2025-01-14T20:01:20.584Z",
        "updatedAt": "2025-01-14T20:01:20.584Z",
        "amount": {
            "value": -1000,
            "currency": "USD",
            "valueInCents": -100000
        }
    },
    {
        "id": "5f271ad4-ad93-47fb-a19b-fc99eecdccb6",
        "uuid": "5f271ad4-ad93-47fb-a19b-fc99eecdccb6",
        "type": "DEBIT",
        "kind": "PAYMENT_PROCESSOR_FEE",
        "createdAt": "2024-12-17T18:01:32.197Z",
        "updatedAt": "2024-12-17T18:01:32.197Z",
        "amount": {
            "value": -0.25,
            "currency": "USD",
            "valueInCents": -25
        }
    },
    {
        "id": "12b3b397-d1ee-4fb3-9272-4b9c67457a7c",
        "uuid": "12b3b397-d1ee-4fb3-9272-4b9c67457a7c",
        "type": "DEBIT",
        "kind": "EXPENSE",
        "createdAt": "2024-12-17T18:01:32.224Z",
        "updatedAt": "2024-12-17T18:01:32.224Z",
        "amount": {
            "value": -1000,
            "currency": "USD",
            "valueInCents": -100000
        }
    },
    {
        "id": "17505f71-0ea5-4acc-aacc-c328fbd4d235",
        "uuid": "17505f71-0ea5-4acc-aacc-c328fbd4d235",
        "type": "DEBIT",
        "kind": "PAYMENT_PROCESSOR_FEE",
        "createdAt": "2024-12-05T18:00:56.726Z",
        "updatedAt": "2024-12-05T18:00:56.726Z",
        "amount": {
            "value": -0.25,
            "currency": "USD",
            "valueInCents": -25
        }
    },
    {
        "id": "897420d9-b1cc-4452-9227-b604461210bb",
        "uuid": "897420d9-b1cc-4452-9227-b604461210bb",
        "type": "DEBIT",
        "kind": "EXPENSE",
        "createdAt": "2024-12-05T18:00:56.764Z",
        "updatedAt": "2024-12-05T18:00:56.764Z",
        "amount": {
            "value": -1500,
            "currency": "USD",
            "valueInCents": -150000
        }
    },
    {
        "id": "c1ff3818-1628-43e8-8684-48bcd1f55d47",
        "uuid": "c1ff3818-1628-43e8-8684-48bcd1f55d47",
        "type": "DEBIT",
        "kind": "PAYMENT_PROCESSOR_FEE",
        "createdAt": "2024-11-26T16:45:32.271Z",
        "updatedAt": "2024-11-26T16:45:32.271Z",
        "amount": {
            "value": -12.43,
            "currency": "USD",
            "valueInCents": -1243
        }
    },
    {
        "id": "c65ea9ac-7ee6-4660-8e56-57d744fa0307",
        "uuid": "c65ea9ac-7ee6-4660-8e56-57d744fa0307",
        "type": "DEBIT",
        "kind": "EXPENSE",
        "createdAt": "2024-11-26T16:45:32.290Z",
        "updatedAt": "2024-11-26T16:45:32.290Z",
        "amount": {
            "value": -1000,
            "currency": "USD",
            "valueInCents": -100000
        }
    },
    {
        "id": "76e27a6a-20ef-4788-93a9-51eadf98bd95",
        "uuid": "76e27a6a-20ef-4788-93a9-51eadf98bd95",
        "type": "DEBIT",
        "kind": "PAYMENT_PROCESSOR_FEE",
        "createdAt": "2024-11-26T16:23:20.519Z",
        "updatedAt": "2024-11-26T16:23:20.519Z",
        "amount": {
            "value": -2.4,
            "currency": "USD",
            "valueInCents": -240
        }
    },
    {
        "id": "8689648e-82f7-41f5-8600-9b0ab6172d60",
        "uuid": "8689648e-82f7-41f5-8600-9b0ab6172d60",
        "type": "DEBIT",
        "kind": "EXPENSE",
        "createdAt": "2024-11-26T16:23:20.537Z",
        "updatedAt": "2024-11-26T16:23:20.537Z",
        "amount": {
            "value": -1000,
            "currency": "USD",
            "valueInCents": -100000
        }
    },
    {
        "id": "e76c60bb-380a-4605-ab08-f29f8281cace",
        "uuid": "e76c60bb-380a-4605-ab08-f29f8281cace",
        "type": "CREDIT",
        "kind": "CONTRIBUTION",
        "createdAt": "2024-11-22T20:27:48.276Z",
        "updatedAt": "2024-11-22T20:27:48.276Z",
        "amount": {
            "value": 10000,
            "currency": "USD",
            "valueInCents": 1000000
        }
    }
]