[
    {
        "id": "e190bcc9-1812-4bf2-8ab8-0f9a6d5f36a2",
        "uuid": "e190bcc9-1812-4bf2-8ab8-0f9a6d5f36a2",
        "type": "CREDIT",
        "kind": "BALANCE_TRANSFER",
        "createdAt": "2024-08-04T15:26:19.297Z",
        "updatedAt": "2024-08-04T15:26:19.297Z",
        "amount": {
            "value": 145,
            "currency": "USD",
            "valueInCents": 14500
        }
    },
    {
        "id": "3846b507-5788-49f2-a471-2ab2d90f6f02",
        "uuid": "3846b507-5788-49f2-a471-2ab2d90f6f02",
        "type": "DEBIT",
        "kind": "ADDED_FUNDS",
        "createdAt": "2024-08-04T14:51:30.231Z",
        "updatedAt": "2024-08-04T14:51:30.231Z",
        "amount": {
            "value": -150,
            "currency": "USD",
            "valueInCents": -15000
        }
    }
]