[
    {
        "id": "70c0b2f9-4a4c-4dbd-8015-28d5c63318fd",
        "uuid": "70c0b2f9-4a4c-4dbd-8015-28d5c63318fd",
        "type": "CREDIT",
        "kind": "CONTRIBUTION",
        "createdAt": "2021-12-21T00:03:47.869Z",
        "updatedAt": "2021-12-21T00:03:47.869Z",
        "amount": {
            "value": 8,
            "currency": "SGD",
            "valueInCents": 800
        }
    },
    {
        "id": "b089dd17-aaf3-4834-b5d8-13ae034bacb7",
        "uuid": "b089dd17-aaf3-4834-b5d8-13ae034bacb7",
        "type": "CREDIT",
        "kind": "CONTRIBUTION",
        "createdAt": "2021-11-02T00:12:59.824Z",
        "updatedAt": "2021-11-02T00:12:59.824Z",
        "amount": {
            "value": 8,
            "currency": "SGD",
            "valueInCents": 800
        }
    },
    {
        "id": "1bff90d2-bbf7-44b6-a367-abe6ea9a9005",
        "uuid": "1bff90d2-bbf7-44b6-a367-abe6ea9a9005",
        "type": "CREDIT",
        "kind": "CONTRIBUTION",
        "createdAt": "2021-10-11T00:05:08.508Z",
        "updatedAt": "2021-10-11T00:05:08.508Z",
        "amount": {
            "value": 8,
            "currency": "SGD",
            "valueInCents": 800
        }
    },
    {
        "id": "1f7305c2-be0f-4c1c-ad8e-f15f7a0ae112",
        "uuid": "1f7305c2-be0f-4c1c-ad8e-f15f7a0ae112",
        "type": "CREDIT",
        "kind": "CONTRIBUTION",
        "createdAt": "2021-09-02T02:10:39.145Z",
        "updatedAt": "2021-09-02T02:10:39.145Z",
        "amount": {
            "value": 8,
            "currency": "SGD",
            "valueInCents": 800
        }
    },
    {
        "id": "6ab2f132-0769-4526-99fc-94075edd2f29",
        "uuid": "6ab2f132-0769-4526-99fc-94075edd2f29",
        "type": "CREDIT",
        "kind": "CONTRIBUTION",
        "createdAt": "2021-08-30T13:51:00.881Z",
        "updatedAt": "2021-08-30T13:51:00.881Z",
        "amount": {
            "value": 5,
            "currency": "SGD",
            "valueInCents": 500
        }
    },
    {
        "id": "fea36c40-6ade-40a9-9d0a-865a2ce42f15",
        "uuid": "fea36c40-6ade-40a9-9d0a-865a2ce42f15",
        "type": "CREDIT",
        "kind": "CONTRIBUTION",
        "createdAt": "2021-08-30T13:49:41.132Z",
        "updatedAt": "2021-08-30T13:49:41.132Z",
        "amount": {
            "value": 20,
            "currency": "SGD",
            "valueInCents": 2000
        }
    },
    {
        "id": "f262c316-7821-407d-912f-7febaf206148",
        "uuid": "f262c316-7821-407d-912f-7febaf206148",
        "type": "CREDIT",
        "kind": "CONTRIBUTION",
        "createdAt": "2021-08-27T07:25:24.574Z",
        "updatedAt": "2021-08-27T07:25:24.574Z",
        "amount": {
            "value": 5,
            "currency": "SGD",
            "valueInCents": 500
        }
    },
    {
        "id": "583a6830-da09-4794-ac13-04aa0c52f64f",
        "uuid": "583a6830-da09-4794-ac13-04aa0c52f64f",
        "type": "CREDIT",
        "kind": "CONTRIBUTION",
        "createdAt": "2021-08-27T02:48:46.099Z",
        "updatedAt": "2021-08-27T02:48:46.099Z",
        "amount": {
            "value": 20,
            "currency": "SGD",
            "valueInCents": 2000
        }
    },
    {
        "id": "06d94853-1975-4210-a889-a8ac9964aa66",
        "uuid": "06d94853-1975-4210-a889-a8ac9964aa66",
        "type": "CREDIT",
        "kind": "CONTRIBUTION",
        "createdAt": "2021-08-10T05:03:05.875Z",
        "updatedAt": "2021-08-10T05:03:05.875Z",
        "amount": {
            "value": 30,
            "currency": "SGD",
            "valueInCents": 3000
        }
    },
    {
        "id": "59f7981f-2e2c-44f5-bc33-8044af8f9e64",
        "uuid": "59f7981f-2e2c-44f5-bc33-8044af8f9e64",
        "type": "CREDIT",
        "kind": "CONTRIBUTION",
        "createdAt": "2021-08-05T09:28:55.482Z",
        "updatedAt": "2021-08-05T09:28:55.482Z",
        "amount": {
            "value": 50,
            "currency": "SGD",
            "valueInCents": 5000
        }
    },
    {
        "id": "572dc08d-8deb-45b0-b8f5-f428915ac17a",
        "uuid": "572dc08d-8deb-45b0-b8f5-f428915ac17a",
        "type": "CREDIT",
        "kind": "CONTRIBUTION",
        "createdAt": "2021-07-27T02:34:30.356Z",
        "updatedAt": "2021-07-27T02:34:30.356Z",
        "amount": {
            "value": 10,
            "currency": "SGD",
            "valueInCents": 1000
        }
    },
    {
        "id": "31027b9d-628c-47b2-bb25-3739e3010336",
        "uuid": "31027b9d-628c-47b2-bb25-3739e3010336",
        "type": "CREDIT",
        "kind": "CONTRIBUTION",
        "createdAt": "2021-07-27T00:44:26.682Z",
        "updatedAt": "2021-07-27T00:44:26.682Z",
        "amount": {
            "value": 5,
            "currency": "SGD",
            "valueInCents": 500
        }
    },
    {
        "id": "1860c3e7-a1cf-42dd-8504-0db82a32b387",
        "uuid": "1860c3e7-a1cf-42dd-8504-0db82a32b387",
        "type": "CREDIT",
        "kind": "CONTRIBUTION",
        "createdAt": "2021-07-26T12:45:02.307Z",
        "updatedAt": "2021-07-26T12:45:02.307Z",
        "amount": {
            "value": 10,
            "currency": "SGD",
            "valueInCents": 1000
        }
    },
    {
        "id": "3e628f46-e667-4354-9e20-789e4fc8bf64",
        "uuid": "3e628f46-e667-4354-9e20-789e4fc8bf64",
        "type": "CREDIT",
        "kind": "CONTRIBUTION",
        "createdAt": "2021-07-25T10:55:37.991Z",
        "updatedAt": "2021-07-25T10:55:37.991Z",
        "amount": {
            "value": 5,
            "currency": "SGD",
            "valueInCents": 500
        }
    },
    {
        "id": "22ff210c-f7ef-492e-90a1-c0de101d292c",
        "uuid": "22ff210c-f7ef-492e-90a1-c0de101d292c",
        "type": "CREDIT",
        "kind": "CONTRIBUTION",
        "createdAt": "2021-07-21T09:43:11.216Z",
        "updatedAt": "2021-07-21T09:43:11.216Z",
        "amount": {
            "value": 5,
            "currency": "SGD",
            "valueInCents": 500
        }
    },
    {
        "id": "1770adaf-c1cf-4338-9ebf-4644f6993758",
        "uuid": "1770adaf-c1cf-4338-9ebf-4644f6993758",
        "type": "CREDIT",
        "kind": "CONTRIBUTION",
        "createdAt": "2021-07-21T06:09:20.920Z",
        "updatedAt": "2021-07-21T06:09:20.920Z",
        "amount": {
            "value": 5,
            "currency": "SGD",
            "valueInCents": 500
        }
    },
    {
        "id": "1b81e60c-8413-4f64-9201-22c81632885d",
        "uuid": "1b81e60c-8413-4f64-9201-22c81632885d",
        "type": "CREDIT",
        "kind": "CONTRIBUTION",
        "createdAt": "2021-07-19T13:06:11.922Z",
        "updatedAt": "2021-07-19T13:06:11.922Z",
        "amount": {
            "value": 8,
            "currency": "SGD",
            "valueInCents": 800
        }
    }
]