[
    {
        "id": "bf2ced4f-52f3-4692-8d9b-a2441c281c5b",
        "uuid": "bf2ced4f-52f3-4692-8d9b-a2441c281c5b",
        "type": "DEBIT",
        "kind": "PAYMENT_PROCESSOR_FEE",
        "createdAt": "2024-01-22T08:58:57.022Z",
        "updatedAt": "2024-01-22T08:58:57.022Z",
        "amount": {
            "value": -1.53,
            "currency": "EUR",
            "valueInCents": -153
        }
    },
    {
        "id": "32f86c47-32c4-4c96-ada1-a6c1df5b265a",
        "uuid": "32f86c47-32c4-4c96-ada1-a6c1df5b265a",
        "type": "DEBIT",
        "kind": "EXPENSE",
        "createdAt": "2024-01-22T08:58:57.022Z",
        "updatedAt": "2024-01-22T08:58:57.022Z",
        "amount": {
            "value": -34.66,
            "currency": "EUR",
            "valueInCents": -3466
        }
    },
    {
        "id": "a4439bad-6dff-4a04-992d-0672a7ddf112",
        "uuid": "a4439bad-6dff-4a04-992d-0672a7ddf112",
        "type": "DEBIT",
        "kind": "EXPENSE",
        "createdAt": "2023-10-30T09:10:58.169Z",
        "updatedAt": "2023-10-30T09:10:58.169Z",
        "amount": {
            "value": -120,
            "currency": "EUR",
            "valueInCents": -12000
        }
    },
    {
        "id": "1eecce6f-4456-4a28-af28-9d9a8504e18b",
        "uuid": "1eecce6f-4456-4a28-af28-9d9a8504e18b",
        "type": "DEBIT",
        "kind": "EXPENSE",
        "createdAt": "2023-10-25T09:57:50.407Z",
        "updatedAt": "2023-10-25T09:57:50.407Z",
        "amount": {
            "value": -130.78,
            "currency": "EUR",
            "valueInCents": -13078
        }
    },
    {
        "id": "efea6f86-2cb7-413f-a732-5324e3d2a921",
        "uuid": "efea6f86-2cb7-413f-a732-5324e3d2a921",
        "type": "DEBIT",
        "kind": "HOST_FEE",
        "createdAt": "2023-08-29T12:26:12.075Z",
        "updatedAt": "2023-08-29T12:26:12.075Z",
        "amount": {
            "value": -30,
            "currency": "EUR",
            "valueInCents": -3000
        }
    },
    {
        "id": "ca3fada7-21ca-4aec-b100-e91879ee4335",
        "uuid": "ca3fada7-21ca-4aec-b100-e91879ee4335",
        "type": "CREDIT",
        "kind": "CONTRIBUTION",
        "createdAt": "2023-08-29T12:26:12.102Z",
        "updatedAt": "2023-08-29T12:26:12.102Z",
        "amount": {
            "value": 500,
            "currency": "EUR",
            "valueInCents": 50000
        }
    }
]