[
    {
        "id": "4fd04917-1079-4b4c-ad49-b3c88b7d547d",
        "uuid": "4fd04917-1079-4b4c-ad49-b3c88b7d547d",
        "type": "CREDIT",
        "kind": "BALANCE_TRANSFER",
        "createdAt": "2024-01-26T05:45:05.625Z",
        "updatedAt": "2024-01-26T05:45:05.625Z",
        "amount": {
            "value": 400,
            "currency": "USD",
            "valueInCents": 40000
        }
    },
    {
        "id": "b741d13c-70ab-4aba-88d8-dda26bfbdba9",
        "uuid": "b741d13c-70ab-4aba-88d8-dda26bfbdba9",
        "type": "DEBIT",
        "kind": "ADDED_FUNDS",
        "createdAt": "2024-01-24T01:49:19.063Z",
        "updatedAt": "2024-01-24T01:49:19.063Z",
        "amount": {
            "value": -200,
            "currency": "USD",
            "valueInCents": -20000
        }
    },
    {
        "id": "993d95b1-4c58-487a-b46f-c463e31ecb2a",
        "uuid": "993d95b1-4c58-487a-b46f-c463e31ecb2a",
        "type": "DEBIT",
        "kind": "ADDED_FUNDS",
        "createdAt": "2024-01-24T01:49:18.964Z",
        "updatedAt": "2024-01-24T01:49:18.964Z",
        "amount": {
            "value": -200,
            "currency": "USD",
            "valueInCents": -20000
        }
    },
    {
        "id": "fff99a24-fabc-4b49-8393-213ec7713a05",
        "uuid": "fff99a24-fabc-4b49-8393-213ec7713a05",
        "type": "CREDIT",
        "kind": "ADDED_FUNDS",
        "createdAt": "2024-01-10T22:43:26.211Z",
        "updatedAt": "2024-01-10T22:43:26.211Z",
        "amount": {
            "value": 200,
            "currency": "USD",
            "valueInCents": 20000
        }
    },
    {
        "id": "9ae3c7d3-e915-470e-9a36-08ecc05d3c11",
        "uuid": "9ae3c7d3-e915-470e-9a36-08ecc05d3c11",
        "type": "CREDIT",
        "kind": "ADDED_FUNDS",
        "createdAt": "2023-11-28T15:51:21.272Z",
        "updatedAt": "2023-11-28T15:51:21.272Z",
        "amount": {
            "value": 100,
            "currency": "USD",
            "valueInCents": 10000
        }
    },
    {
        "id": "6136671e-2840-4b4c-80f0-3c227c5b781b",
        "uuid": "6136671e-2840-4b4c-80f0-3c227c5b781b",
        "type": "CREDIT",
        "kind": "ADDED_FUNDS",
        "createdAt": "2023-01-29T14:50:58.621Z",
        "updatedAt": "2023-01-29T14:50:58.621Z",
        "amount": {
            "value": 1,
            "currency": "USD",
            "valueInCents": 100
        }
    }
]