[
    {
        "id": "46f1ae6c-4024-45f2-94de-4c74fb20ebc4",
        "uuid": "46f1ae6c-4024-45f2-94de-4c74fb20ebc4",
        "type": "CREDIT",
        "kind": "ADDED_FUNDS",
        "createdAt": "2021-05-01T04:14:02.521Z",
        "updatedAt": "2021-05-01T04:14:02.521Z",
        "amount": {
            "value": 50000,
            "currency": "USD",
            "valueInCents": 5000000
        }
    },
    {
        "id": "b509f93b-e41f-4234-85f8-2771ed8f03a6",
        "uuid": "b509f93b-e41f-4234-85f8-2771ed8f03a6",
        "type": "DEBIT",
        "kind": "ADDED_FUNDS",
        "createdAt": "2021-05-01T04:14:02.506Z",
        "updatedAt": "2021-05-01T04:14:02.506Z",
        "amount": {
            "value": -50000,
            "currency": "USD",
            "valueInCents": -5000000
        }
    },
    {
        "id": "77a6f8b4-98d1-4b21-858f-ffb1ac86cbe6",
        "uuid": "77a6f8b4-98d1-4b21-858f-ffb1ac86cbe6",
        "type": "CREDIT",
        "kind": "ADDED_FUNDS",
        "createdAt": "2021-03-23T10:10:24.125Z",
        "updatedAt": "2021-03-23T10:10:24.125Z",
        "amount": {
            "value": 150000,
            "currency": "USD",
            "valueInCents": 15000000
        }
    }
]