[
    {
        "id": "004d45d4-8878-407a-852d-5f2b1114ba4f",
        "uuid": "004d45d4-8878-407a-852d-5f2b1114ba4f",
        "type": "DEBIT",
        "kind": "HOST_FEE",
        "createdAt": "2022-05-27T05:30:15.135Z",
        "updatedAt": "2022-05-27T05:30:15.135Z",
        "amount": {
            "value": -0.25,
            "currency": "NZD",
            "valueInCents": -25
        }
    },
    {
        "id": "907f4af7-14d9-4f37-9d6c-da7663f60003",
        "uuid": "907f4af7-14d9-4f37-9d6c-da7663f60003",
        "type": "CREDIT",
        "kind": "CONTRIBUTION",
        "createdAt": "2022-05-27T05:30:15.184Z",
        "updatedAt": "2022-05-27T05:30:15.184Z",
        "amount": {
            "value": 5,
            "currency": "NZD",
            "valueInCents": 500
        }
    },
    {
        "id": "7ba24334-eb37-442a-9117-ac63637262e0",
        "uuid": "7ba24334-eb37-442a-9117-ac63637262e0",
        "type": "CREDIT",
        "kind": "CONTRIBUTION",
        "createdAt": "2019-08-20T04:08:29.189Z",
        "updatedAt": "2019-08-20T04:08:29.189Z",
        "amount": {
            "value": 5,
            "currency": "NZD",
            "valueInCents": 500
        }
    }
]