[
    {
        "id": "c7799729-26b4-45fe-bba4-4cc902d5bd24",
        "uuid": "c7799729-26b4-45fe-bba4-4cc902d5bd24",
        "type": "DEBIT",
        "kind": "EXPENSE",
        "createdAt": "2023-04-11T12:31:29.504Z",
        "updatedAt": "2023-04-11T12:31:29.504Z",
        "amount": {
            "value": -285.91,
            "currency": "GBP",
            "valueInCents": -28591
        }
    },
    {
        "id": "55c650e9-0eac-4b04-a848-25c4e0464d75",
        "uuid": "55c650e9-0eac-4b04-a848-25c4e0464d75",
        "type": "DEBIT",
        "kind": "EXPENSE",
        "createdAt": "2023-04-03T13:43:36.770Z",
        "updatedAt": "2023-04-03T13:43:36.770Z",
        "amount": {
            "value": -300,
            "currency": "GBP",
            "valueInCents": -30000
        }
    },
    {
        "id": "0e38f7ef-7094-4fe4-aba5-9356e03695b7",
        "uuid": "0e38f7ef-7094-4fe4-aba5-9356e03695b7",
        "type": "DEBIT",
        "kind": "EXPENSE",
        "createdAt": "2023-03-22T14:04:25.597Z",
        "updatedAt": "2023-03-22T14:04:25.597Z",
        "amount": {
            "value": -300,
            "currency": "GBP",
            "valueInCents": -30000
        }
    },
    {
        "id": "1285a38b-3658-41a0-9fb8-caff2d3c7bf5",
        "uuid": "1285a38b-3658-41a0-9fb8-caff2d3c7bf5",
        "type": "DEBIT",
        "kind": "EXPENSE",
        "createdAt": "2023-01-30T12:56:04.322Z",
        "updatedAt": "2023-01-30T12:56:04.322Z",
        "amount": {
            "value": -300,
            "currency": "GBP",
            "valueInCents": -30000
        }
    },
    {
        "id": "b800e5d0-018e-42a8-a6ff-ec348ec03f86",
        "uuid": "b800e5d0-018e-42a8-a6ff-ec348ec03f86",
        "type": "DEBIT",
        "kind": "EXPENSE",
        "createdAt": "2023-01-16T12:10:45.071Z",
        "updatedAt": "2023-01-16T12:10:45.071Z",
        "amount": {
            "value": -145,
            "currency": "GBP",
            "valueInCents": -14500
        }
    },
    {
        "id": "dacd0fe5-f713-4b58-9af6-dc380e73ee4e",
        "uuid": "dacd0fe5-f713-4b58-9af6-dc380e73ee4e",
        "type": "DEBIT",
        "kind": "EXPENSE",
        "createdAt": "2022-09-07T11:44:28.806Z",
        "updatedAt": "2022-09-07T11:44:28.806Z",
        "amount": {
            "value": -1500,
            "currency": "GBP",
            "valueInCents": -150000
        }
    },
    {
        "id": "b6971189-2bdb-4254-a71a-81e73bb183a8",
        "uuid": "b6971189-2bdb-4254-a71a-81e73bb183a8",
        "type": "DEBIT",
        "kind": "EXPENSE",
        "createdAt": "2022-09-07T11:44:28.668Z",
        "updatedAt": "2022-09-07T11:44:28.668Z",
        "amount": {
            "value": -300,
            "currency": "GBP",
            "valueInCents": -30000
        }
    },
    {
        "id": "240c0341-8c87-42ab-8a66-8298ad069a5d",
        "uuid": "240c0341-8c87-42ab-8a66-8298ad069a5d",
        "type": "DEBIT",
        "kind": "EXPENSE",
        "createdAt": "2022-09-07T11:30:33.661Z",
        "updatedAt": "2022-09-07T11:30:33.661Z",
        "amount": {
            "value": -270,
            "currency": "GBP",
            "valueInCents": -27000
        }
    },
    {
        "id": "8e738aec-e09c-461e-85da-1ad07ca5f546",
        "uuid": "8e738aec-e09c-461e-85da-1ad07ca5f546",
        "type": "DEBIT",
        "kind": "EXPENSE",
        "createdAt": "2022-05-27T12:10:51.907Z",
        "updatedAt": "2022-05-27T12:10:51.907Z",
        "amount": {
            "value": -200,
            "currency": "GBP",
            "valueInCents": -20000
        }
    },
    {
        "id": "a423741f-6aca-4b21-af4a-e9155a3c2be6",
        "uuid": "a423741f-6aca-4b21-af4a-e9155a3c2be6",
        "type": "DEBIT",
        "kind": "EXPENSE",
        "createdAt": "2022-04-13T09:58:48.753Z",
        "updatedAt": "2022-04-13T09:58:48.753Z",
        "amount": {
            "value": -200,
            "currency": "GBP",
            "valueInCents": -20000
        }
    },
    {
        "id": "7a55eacb-e58a-4fdd-9d28-2775ed86477c",
        "uuid": "7a55eacb-e58a-4fdd-9d28-2775ed86477c",
        "type": "DEBIT",
        "kind": "EXPENSE",
        "createdAt": "2022-03-23T12:09:33.805Z",
        "updatedAt": "2022-03-23T12:09:33.805Z",
        "amount": {
            "value": -70,
            "currency": "GBP",
            "valueInCents": -7000
        }
    },
    {
        "id": "d07d9953-7d89-4713-a53e-7d18d4223765",
        "uuid": "d07d9953-7d89-4713-a53e-7d18d4223765",
        "type": "DEBIT",
        "kind": "EXPENSE",
        "createdAt": "2022-02-23T12:52:06.945Z",
        "updatedAt": "2022-02-23T12:52:06.945Z",
        "amount": {
            "value": -350,
            "currency": "GBP",
            "valueInCents": -35000
        }
    },
    {
        "id": "e0165b4d-a27f-42aa-97aa-011653213fb1",
        "uuid": "e0165b4d-a27f-42aa-97aa-011653213fb1",
        "type": "DEBIT",
        "kind": "EXPENSE",
        "createdAt": "2022-02-21T16:51:56.330Z",
        "updatedAt": "2022-02-21T16:51:56.330Z",
        "amount": {
            "value": -70,
            "currency": "GBP",
            "valueInCents": -7000
        }
    },
    {
        "id": "273ea8aa-00b9-4ff2-9926-2104fef9785f",
        "uuid": "273ea8aa-00b9-4ff2-9926-2104fef9785f",
        "type": "DEBIT",
        "kind": "EXPENSE",
        "createdAt": "2021-09-29T11:48:40.399Z",
        "updatedAt": "2021-09-29T11:48:40.399Z",
        "amount": {
            "value": -150,
            "currency": "GBP",
            "valueInCents": -15000
        }
    },
    {
        "id": "b62ee232-8536-4416-af0b-f26af7370f7c",
        "uuid": "b62ee232-8536-4416-af0b-f26af7370f7c",
        "type": "DEBIT",
        "kind": "EXPENSE",
        "createdAt": "2021-05-19T13:54:18.074Z",
        "updatedAt": "2021-05-19T13:54:18.074Z",
        "amount": {
            "value": -339.09,
            "currency": "GBP",
            "valueInCents": -33909
        }
    },
    {
        "id": "16aec9c6-014d-4b1d-8ee4-5dc50c91c370",
        "uuid": "16aec9c6-014d-4b1d-8ee4-5dc50c91c370",
        "type": "DEBIT",
        "kind": "EXPENSE",
        "createdAt": "2021-04-30T15:45:58.750Z",
        "updatedAt": "2021-04-30T15:45:58.750Z",
        "amount": {
            "value": -150,
            "currency": "GBP",
            "valueInCents": -15000
        }
    },
    {
        "id": "7cfd5862-ee95-40db-b822-baaddb825ff4",
        "uuid": "7cfd5862-ee95-40db-b822-baaddb825ff4",
        "type": "DEBIT",
        "kind": "EXPENSE",
        "createdAt": "2021-04-09T16:03:12.683Z",
        "updatedAt": "2021-04-09T16:03:12.683Z",
        "amount": {
            "value": -70,
            "currency": "GBP",
            "valueInCents": -7000
        }
    },
    {
        "id": "73a49cb8-9a88-44f1-b302-2dafeafa273b",
        "uuid": "73a49cb8-9a88-44f1-b302-2dafeafa273b",
        "type": "CREDIT",
        "kind": "ADDED_FUNDS",
        "createdAt": "2021-03-01T10:21:19.589Z",
        "updatedAt": "2021-03-01T10:21:19.589Z",
        "amount": {
            "value": 5000,
            "currency": "GBP",
            "valueInCents": 500000
        }
    }
]