[
    {
        "id": "6988b155-a964-41f8-9c9f-2b4c5892f21e",
        "uuid": "6988b155-a964-41f8-9c9f-2b4c5892f21e",
        "type": "CREDIT",
        "kind": "CONTRIBUTION",
        "createdAt": "2023-07-03T22:12:30.520Z",
        "updatedAt": "2023-07-03T22:12:30.520Z",
        "amount": {
            "value": 10,
            "currency": "EUR",
            "valueInCents": 1000
        }
    },
    {
        "id": "274fdb78-0f43-4a9e-8449-8998ff95d017",
        "uuid": "274fdb78-0f43-4a9e-8449-8998ff95d017",
        "type": "CREDIT",
        "kind": "CONTRIBUTION",
        "createdAt": "2023-07-03T22:12:13.663Z",
        "updatedAt": "2023-07-03T22:12:13.663Z",
        "amount": {
            "value": 10,
            "currency": "EUR",
            "valueInCents": 1000
        }
    },
    {
        "id": "87519bd9-e72d-4c65-8d3d-eea3dd2cef73",
        "uuid": "87519bd9-e72d-4c65-8d3d-eea3dd2cef73",
        "type": "CREDIT",
        "kind": "CONTRIBUTION",
        "createdAt": "2023-07-01T07:15:34.861Z",
        "updatedAt": "2023-07-01T07:15:34.861Z",
        "amount": {
            "value": 10,
            "currency": "EUR",
            "valueInCents": 1000
        }
    },
    {
        "id": "1d2abee0-9303-4c88-88a6-6406f8de7aff",
        "uuid": "1d2abee0-9303-4c88-88a6-6406f8de7aff",
        "type": "CREDIT",
        "kind": "CONTRIBUTION",
        "createdAt": "2023-07-01T07:14:28.186Z",
        "updatedAt": "2023-07-01T07:14:28.186Z",
        "amount": {
            "value": 10,
            "currency": "EUR",
            "valueInCents": 1000
        }
    },
    {
        "id": "3723f841-49aa-4506-bbc8-fbf569df1d9c",
        "uuid": "3723f841-49aa-4506-bbc8-fbf569df1d9c",
        "type": "CREDIT",
        "kind": "CONTRIBUTION",
        "createdAt": "2023-07-01T07:14:15.722Z",
        "updatedAt": "2023-07-01T07:14:15.722Z",
        "amount": {
            "value": 10,
            "currency": "EUR",
            "valueInCents": 1000
        }
    },
    {
        "id": "9fc56bd6-f1a7-4e78-bef8-9913e7241ee2",
        "uuid": "9fc56bd6-f1a7-4e78-bef8-9913e7241ee2",
        "type": "CREDIT",
        "kind": "CONTRIBUTION",
        "createdAt": "2023-07-01T07:14:05.013Z",
        "updatedAt": "2023-07-01T07:14:05.013Z",
        "amount": {
            "value": 10,
            "currency": "EUR",
            "valueInCents": 1000
        }
    },
    {
        "id": "5e00fc17-0f29-4a99-bf34-e11dae54afb3",
        "uuid": "5e00fc17-0f29-4a99-bf34-e11dae54afb3",
        "type": "CREDIT",
        "kind": "CONTRIBUTION",
        "createdAt": "2023-07-01T07:13:47.232Z",
        "updatedAt": "2023-07-01T07:13:47.232Z",
        "amount": {
            "value": 10,
            "currency": "EUR",
            "valueInCents": 1000
        }
    },
    {
        "id": "586ee953-b4dc-4fe5-a76c-6bd9d54e8426",
        "uuid": "586ee953-b4dc-4fe5-a76c-6bd9d54e8426",
        "type": "CREDIT",
        "kind": "CONTRIBUTION",
        "createdAt": "2023-06-16T07:34:56.271Z",
        "updatedAt": "2023-06-16T07:34:56.271Z",
        "amount": {
            "value": 10,
            "currency": "EUR",
            "valueInCents": 1000
        }
    },
    {
        "id": "c6528b45-5ee6-45cb-a15d-e6d4d08ebc78",
        "uuid": "c6528b45-5ee6-45cb-a15d-e6d4d08ebc78",
        "type": "CREDIT",
        "kind": "CONTRIBUTION",
        "createdAt": "2023-06-16T07:30:15.996Z",
        "updatedAt": "2023-06-16T07:30:15.996Z",
        "amount": {
            "value": 10,
            "currency": "EUR",
            "valueInCents": 1000
        }
    },
    {
        "id": "6c3aa953-37dc-4a58-ae98-3e31cef3b524",
        "uuid": "6c3aa953-37dc-4a58-ae98-3e31cef3b524",
        "type": "CREDIT",
        "kind": "CONTRIBUTION",
        "createdAt": "2023-06-15T09:18:49.144Z",
        "updatedAt": "2023-06-15T09:18:49.144Z",
        "amount": {
            "value": 10,
            "currency": "EUR",
            "valueInCents": 1000
        }
    },
    {
        "id": "fbd3c416-155c-4d5b-9eb2-bd264e21bcf7",
        "uuid": "fbd3c416-155c-4d5b-9eb2-bd264e21bcf7",
        "type": "CREDIT",
        "kind": "CONTRIBUTION",
        "createdAt": "2023-06-15T09:18:14.112Z",
        "updatedAt": "2023-06-15T09:18:14.112Z",
        "amount": {
            "value": 10,
            "currency": "EUR",
            "valueInCents": 1000
        }
    },
    {
        "id": "f277e82f-5ee6-4b07-8fac-24d1965115ba",
        "uuid": "f277e82f-5ee6-4b07-8fac-24d1965115ba",
        "type": "CREDIT",
        "kind": "CONTRIBUTION",
        "createdAt": "2023-06-15T09:18:04.333Z",
        "updatedAt": "2023-06-15T09:18:04.333Z",
        "amount": {
            "value": 10,
            "currency": "EUR",
            "valueInCents": 1000
        }
    },
    {
        "id": "e313fb7b-63d6-4a8f-8e10-eef1d765c363",
        "uuid": "e313fb7b-63d6-4a8f-8e10-eef1d765c363",
        "type": "CREDIT",
        "kind": "CONTRIBUTION",
        "createdAt": "2023-06-15T09:17:57.410Z",
        "updatedAt": "2023-06-15T09:17:57.410Z",
        "amount": {
            "value": 10,
            "currency": "EUR",
            "valueInCents": 1000
        }
    },
    {
        "id": "37921f10-3df7-4478-b96b-bcd307a1eb9b",
        "uuid": "37921f10-3df7-4478-b96b-bcd307a1eb9b",
        "type": "CREDIT",
        "kind": "CONTRIBUTION",
        "createdAt": "2023-06-14T21:30:31.705Z",
        "updatedAt": "2023-06-14T21:30:31.705Z",
        "amount": {
            "value": 10,
            "currency": "EUR",
            "valueInCents": 1000
        }
    },
    {
        "id": "a5a43003-9b63-4d9d-b25d-97a0bb86ee60",
        "uuid": "a5a43003-9b63-4d9d-b25d-97a0bb86ee60",
        "type": "CREDIT",
        "kind": "CONTRIBUTION",
        "createdAt": "2023-06-14T14:04:23.999Z",
        "updatedAt": "2023-06-14T14:04:23.999Z",
        "amount": {
            "value": 10,
            "currency": "EUR",
            "valueInCents": 1000
        }
    },
    {
        "id": "a877670b-0dea-492d-a65e-864cbd6b151d",
        "uuid": "a877670b-0dea-492d-a65e-864cbd6b151d",
        "type": "CREDIT",
        "kind": "CONTRIBUTION",
        "createdAt": "2023-06-14T12:33:04.734Z",
        "updatedAt": "2023-06-14T12:33:04.734Z",
        "amount": {
            "value": 10,
            "currency": "EUR",
            "valueInCents": 1000
        }
    },
    {
        "id": "e0a72400-e939-4db6-9911-8382a15ff27a",
        "uuid": "e0a72400-e939-4db6-9911-8382a15ff27a",
        "type": "CREDIT",
        "kind": "CONTRIBUTION",
        "createdAt": "2023-06-14T12:32:43.761Z",
        "updatedAt": "2023-06-14T12:32:43.761Z",
        "amount": {
            "value": 10,
            "currency": "EUR",
            "valueInCents": 1000
        }
    },
    {
        "id": "0f108ee1-5a3c-4f01-b87d-1161310fd8bf",
        "uuid": "0f108ee1-5a3c-4f01-b87d-1161310fd8bf",
        "type": "CREDIT",
        "kind": "CONTRIBUTION",
        "createdAt": "2023-06-14T11:38:52.655Z",
        "updatedAt": "2023-06-14T11:38:52.655Z",
        "amount": {
            "value": 10,
            "currency": "EUR",
            "valueInCents": 1000
        }
    },
    {
        "id": "7f30bb5a-a631-4551-9e54-5d97ef538a6f",
        "uuid": "7f30bb5a-a631-4551-9e54-5d97ef538a6f",
        "type": "CREDIT",
        "kind": "CONTRIBUTION",
        "createdAt": "2023-06-14T11:31:57.186Z",
        "updatedAt": "2023-06-14T11:31:57.186Z",
        "amount": {
            "value": 10,
            "currency": "EUR",
            "valueInCents": 1000
        }
    },
    {
        "id": "d560f024-0731-4c11-a4f8-d5c846f6cd43",
        "uuid": "d560f024-0731-4c11-a4f8-d5c846f6cd43",
        "type": "CREDIT",
        "kind": "CONTRIBUTION",
        "createdAt": "2023-06-14T11:31:48.581Z",
        "updatedAt": "2023-06-14T11:31:48.581Z",
        "amount": {
            "value": 10,
            "currency": "EUR",
            "valueInCents": 1000
        }
    },
    {
        "id": "47db5a8a-57d7-42cb-b895-87db23903e95",
        "uuid": "47db5a8a-57d7-42cb-b895-87db23903e95",
        "type": "CREDIT",
        "kind": "CONTRIBUTION",
        "createdAt": "2023-06-14T11:27:01.146Z",
        "updatedAt": "2023-06-14T11:27:01.146Z",
        "amount": {
            "value": 10,
            "currency": "EUR",
            "valueInCents": 1000
        }
    },
    {
        "id": "ae255da1-bc34-4fcd-bf60-28a54f6137b0",
        "uuid": "ae255da1-bc34-4fcd-bf60-28a54f6137b0",
        "type": "CREDIT",
        "kind": "CONTRIBUTION",
        "createdAt": "2023-06-14T11:26:50.100Z",
        "updatedAt": "2023-06-14T11:26:50.100Z",
        "amount": {
            "value": 10,
            "currency": "EUR",
            "valueInCents": 1000
        }
    },
    {
        "id": "87c3506a-baa9-43c7-9c02-7e34776db388",
        "uuid": "87c3506a-baa9-43c7-9c02-7e34776db388",
        "type": "CREDIT",
        "kind": "CONTRIBUTION",
        "createdAt": "2023-06-14T11:20:30.437Z",
        "updatedAt": "2023-06-14T11:20:30.437Z",
        "amount": {
            "value": 10,
            "currency": "EUR",
            "valueInCents": 1000
        }
    },
    {
        "id": "3c6a9306-475f-4dff-aed0-4f584a9565df",
        "uuid": "3c6a9306-475f-4dff-aed0-4f584a9565df",
        "type": "CREDIT",
        "kind": "CONTRIBUTION",
        "createdAt": "2023-06-14T11:20:18.675Z",
        "updatedAt": "2023-06-14T11:20:18.675Z",
        "amount": {
            "value": 10,
            "currency": "EUR",
            "valueInCents": 1000
        }
    },
    {
        "id": "a9cac25e-1264-4951-873e-4d87578ee9c9",
        "uuid": "a9cac25e-1264-4951-873e-4d87578ee9c9",
        "type": "CREDIT",
        "kind": "CONTRIBUTION",
        "createdAt": "2023-06-14T11:14:12.303Z",
        "updatedAt": "2023-06-14T11:14:12.303Z",
        "amount": {
            "value": 10,
            "currency": "EUR",
            "valueInCents": 1000
        }
    },
    {
        "id": "deea64c4-6a69-4636-b59a-84261c7cc490",
        "uuid": "deea64c4-6a69-4636-b59a-84261c7cc490",
        "type": "CREDIT",
        "kind": "CONTRIBUTION",
        "createdAt": "2023-06-14T11:12:44.394Z",
        "updatedAt": "2023-06-14T11:12:44.394Z",
        "amount": {
            "value": 10,
            "currency": "EUR",
            "valueInCents": 1000
        }
    },
    {
        "id": "6c8cf23e-a797-4941-9b67-356e4faff8fd",
        "uuid": "6c8cf23e-a797-4941-9b67-356e4faff8fd",
        "type": "CREDIT",
        "kind": "CONTRIBUTION",
        "createdAt": "2023-06-14T11:11:24.451Z",
        "updatedAt": "2023-06-14T11:11:24.451Z",
        "amount": {
            "value": 10,
            "currency": "EUR",
            "valueInCents": 1000
        }
    }
]