[
    {
        "id": "c946a65a-d08f-4b9c-a645-d6b12909a989",
        "uuid": "c946a65a-d08f-4b9c-a645-d6b12909a989",
        "type": "DEBIT",
        "kind": "ADDED_FUNDS",
        "createdAt": "2022-08-02T03:00:14.076Z",
        "updatedAt": "2022-08-02T03:00:14.076Z",
        "amount": {
            "value": -289,
            "currency": "EUR",
            "valueInCents": -28900
        }
    },
    {
        "id": "bfc5f85d-8f31-428a-ae48-ca69d257fc52",
        "uuid": "bfc5f85d-8f31-428a-ae48-ca69d257fc52",
        "type": "CREDIT",
        "kind": "ADDED_FUNDS",
        "createdAt": "2022-08-02T02:54:29.054Z",
        "updatedAt": "2022-08-02T02:54:29.054Z",
        "amount": {
            "value": 289,
            "currency": "EUR",
            "valueInCents": 28900
        }
    },
    {
        "id": "d791f9f3-ea64-47f3-93a4-ce3d8991defe",
        "uuid": "d791f9f3-ea64-47f3-93a4-ce3d8991defe",
        "type": "CREDIT",
        "kind": "CONTRIBUTION",
        "createdAt": "2022-08-02T02:23:10.997Z",
        "updatedAt": "2022-08-02T02:23:10.997Z",
        "amount": {
            "value": 5,
            "currency": "EUR",
            "valueInCents": 500
        }
    }
]