[
    {
        "id": "9d71a57d-55db-459b-8306-a3da39313ec1",
        "uuid": "9d71a57d-55db-459b-8306-a3da39313ec1",
        "type": "CREDIT",
        "kind": "HOST_FEE",
        "createdAt": "2021-07-22T13:24:32.484Z",
        "updatedAt": "2021-07-22T13:24:32.484Z",
        "amount": {
            "value": 0.05,
            "currency": "USD",
            "valueInCents": 5
        }
    },
    {
        "id": "551790cd-b3b3-444e-b972-a17c36ca7d89",
        "uuid": "551790cd-b3b3-444e-b972-a17c36ca7d89",
        "type": "CREDIT",
        "kind": "PAYMENT_PROCESSOR_COVER",
        "createdAt": "2021-07-22T13:24:32.364Z",
        "updatedAt": "2021-07-22T13:24:32.364Z",
        "amount": {
            "value": 0.31,
            "currency": "USD",
            "valueInCents": 31
        }
    },
    {
        "id": "f752b4f2-4a8f-41c3-9f14-2ad07a82ea03",
        "uuid": "f752b4f2-4a8f-41c3-9f14-2ad07a82ea03",
        "type": "DEBIT",
        "kind": "CONTRIBUTION",
        "createdAt": "2021-07-22T13:24:32.732Z",
        "updatedAt": "2021-07-22T13:24:32.732Z",
        "amount": {
            "value": -0.5,
            "currency": "USD",
            "valueInCents": -50
        }
    },
    {
        "id": "e0ea9fdd-c1e0-4018-908f-1f6b1e5a0251",
        "uuid": "e0ea9fdd-c1e0-4018-908f-1f6b1e5a0251",
        "type": "DEBIT",
        "kind": "HOST_FEE",
        "createdAt": "2021-07-21T23:28:42.126Z",
        "updatedAt": "2021-07-21T23:28:42.126Z",
        "amount": {
            "value": -0.05,
            "currency": "USD",
            "valueInCents": -5
        }
    },
    {
        "id": "09fac358-3a41-4d42-82f3-4fc3c82bf89c",
        "uuid": "09fac358-3a41-4d42-82f3-4fc3c82bf89c",
        "type": "CREDIT",
        "kind": "CONTRIBUTION",
        "createdAt": "2021-07-21T23:28:42.189Z",
        "updatedAt": "2021-07-21T23:28:42.189Z",
        "amount": {
            "value": 0.5,
            "currency": "USD",
            "valueInCents": 50
        }
    }
]