[
    {
        "id": "daf330e6-2673-4d3c-bab6-68490b087725",
        "uuid": "daf330e6-2673-4d3c-bab6-68490b087725",
        "type": "CREDIT",
        "kind": "CONTRIBUTION",
        "createdAt": "2022-12-28T11:51:50.309Z",
        "updatedAt": "2022-12-28T11:51:50.309Z",
        "amount": {
            "value": 5,
            "currency": "RON",
            "valueInCents": 500
        }
    },
    {
        "id": "fd374ae4-f306-48f0-bac4-4cf2f8cac38e",
        "uuid": "fd374ae4-f306-48f0-bac4-4cf2f8cac38e",
        "type": "CREDIT",
        "kind": "CONTRIBUTION",
        "createdAt": "2022-12-27T17:55:28.246Z",
        "updatedAt": "2022-12-27T17:55:28.246Z",
        "amount": {
            "value": 200,
            "currency": "RON",
            "valueInCents": 20000
        }
    }
]