[
    {
        "id": "d358731d-3054-483e-804c-310b414c3e24",
        "uuid": "d358731d-3054-483e-804c-310b414c3e24",
        "type": "DEBIT",
        "kind": "BALANCE_TRANSFER",
        "createdAt": "2024-06-06T13:41:33.802Z",
        "updatedAt": "2024-06-06T13:41:33.802Z",
        "amount": {
            "value": -1.15,
            "currency": "USD",
            "valueInCents": -115
        }
    },
    {
        "id": "f0f0e58e-f6a4-4b52-b233-61c424afb22f",
        "uuid": "f0f0e58e-f6a4-4b52-b233-61c424afb22f",
        "type": "DEBIT",
        "kind": "PAYMENT_PROCESSOR_FEE",
        "createdAt": "2024-03-01T12:26:53.027Z",
        "updatedAt": "2024-03-01T12:26:53.027Z",
        "amount": {
            "value": -0.39,
            "currency": "USD",
            "valueInCents": -39
        }
    },
    {
        "id": "f189f60a-ceed-4651-8baf-13ac8023c8bf",
        "uuid": "f189f60a-ceed-4651-8baf-13ac8023c8bf",
        "type": "DEBIT",
        "kind": "EXPENSE",
        "createdAt": "2024-03-01T12:26:53.041Z",
        "updatedAt": "2024-03-01T12:26:53.041Z",
        "amount": {
            "value": -4.8,
            "currency": "USD",
            "valueInCents": -480
        }
    },
    {
        "id": "644b3477-7bab-4edb-8a28-dc8570d7f7e4",
        "uuid": "644b3477-7bab-4edb-8a28-dc8570d7f7e4",
        "type": "DEBIT",
        "kind": "HOST_FEE",
        "createdAt": "2024-02-29T10:01:09.087Z",
        "updatedAt": "2024-02-29T10:01:09.087Z",
        "amount": {
            "value": -0.25,
            "currency": "USD",
            "valueInCents": -25
        }
    },
    {
        "id": "7674ffe0-a4bf-4997-878a-a2a867980c37",
        "uuid": "7674ffe0-a4bf-4997-878a-a2a867980c37",
        "type": "DEBIT",
        "kind": "PAYMENT_PROCESSOR_FEE",
        "createdAt": "2024-02-29T10:01:09.105Z",
        "updatedAt": "2024-02-29T10:01:09.105Z",
        "amount": {
            "value": -0.6,
            "currency": "USD",
            "valueInCents": -60
        }
    },
    {
        "id": "2023ccd2-234c-42aa-a123-6b534d8ff225",
        "uuid": "2023ccd2-234c-42aa-a123-6b534d8ff225",
        "type": "CREDIT",
        "kind": "CONTRIBUTION",
        "createdAt": "2024-02-29T10:01:09.123Z",
        "updatedAt": "2024-02-29T10:01:09.123Z",
        "amount": {
            "value": 5,
            "currency": "USD",
            "valueInCents": 500
        }
    },
    {
        "id": "685b27a4-c909-440f-844b-4743b65e1639",
        "uuid": "685b27a4-c909-440f-844b-4743b65e1639",
        "type": "DEBIT",
        "kind": "PAYMENT_PROCESSOR_FEE",
        "createdAt": "2024-01-31T17:10:40.530Z",
        "updatedAt": "2024-01-31T17:10:40.530Z",
        "amount": {
            "value": -0.39,
            "currency": "USD",
            "valueInCents": -39
        }
    },
    {
        "id": "41770449-5300-462e-aa67-d3a949737bdc",
        "uuid": "41770449-5300-462e-aa67-d3a949737bdc",
        "type": "DEBIT",
        "kind": "EXPENSE",
        "createdAt": "2024-01-31T17:10:40.543Z",
        "updatedAt": "2024-01-31T17:10:40.543Z",
        "amount": {
            "value": -4.8,
            "currency": "USD",
            "valueInCents": -480
        }
    },
    {
        "id": "42a47978-a20a-4f33-8c5f-cdf2cbc7c993",
        "uuid": "42a47978-a20a-4f33-8c5f-cdf2cbc7c993",
        "type": "DEBIT",
        "kind": "HOST_FEE",
        "createdAt": "2024-01-31T10:53:21.819Z",
        "updatedAt": "2024-01-31T10:53:21.819Z",
        "amount": {
            "value": -0.25,
            "currency": "USD",
            "valueInCents": -25
        }
    },
    {
        "id": "37832d58-770c-4889-b3f5-9b9ff6050237",
        "uuid": "37832d58-770c-4889-b3f5-9b9ff6050237",
        "type": "DEBIT",
        "kind": "PAYMENT_PROCESSOR_FEE",
        "createdAt": "2024-01-31T10:53:21.842Z",
        "updatedAt": "2024-01-31T10:53:21.842Z",
        "amount": {
            "value": -0.6,
            "currency": "USD",
            "valueInCents": -60
        }
    },
    {
        "id": "31cd8036-ab07-4abb-99ad-de0067cc9c72",
        "uuid": "31cd8036-ab07-4abb-99ad-de0067cc9c72",
        "type": "CREDIT",
        "kind": "CONTRIBUTION",
        "createdAt": "2024-01-31T10:53:21.862Z",
        "updatedAt": "2024-01-31T10:53:21.862Z",
        "amount": {
            "value": 5,
            "currency": "USD",
            "valueInCents": 500
        }
    },
    {
        "id": "1db8f19e-46fd-4831-8e44-3de1a860ac5a",
        "uuid": "1db8f19e-46fd-4831-8e44-3de1a860ac5a",
        "type": "DEBIT",
        "kind": "PAYMENT_PROCESSOR_FEE",
        "createdAt": "2024-01-02T12:29:50.855Z",
        "updatedAt": "2024-01-02T12:29:50.855Z",
        "amount": {
            "value": -0.39,
            "currency": "USD",
            "valueInCents": -39
        }
    },
    {
        "id": "34866606-d4df-4cd4-9aee-6f270c48457f",
        "uuid": "34866606-d4df-4cd4-9aee-6f270c48457f",
        "type": "DEBIT",
        "kind": "EXPENSE",
        "createdAt": "2024-01-02T12:29:50.855Z",
        "updatedAt": "2024-01-02T12:29:50.855Z",
        "amount": {
            "value": -4.8,
            "currency": "USD",
            "valueInCents": -480
        }
    },
    {
        "id": "ed2792b2-d33e-4fca-a662-2a8228c38a98",
        "uuid": "ed2792b2-d33e-4fca-a662-2a8228c38a98",
        "type": "DEBIT",
        "kind": "HOST_FEE",
        "createdAt": "2023-12-31T10:46:18.296Z",
        "updatedAt": "2023-12-31T10:46:18.296Z",
        "amount": {
            "value": -0.25,
            "currency": "USD",
            "valueInCents": -25
        }
    },
    {
        "id": "73212f8e-ef8b-45fe-a239-142ce95a9a0c",
        "uuid": "73212f8e-ef8b-45fe-a239-142ce95a9a0c",
        "type": "CREDIT",
        "kind": "CONTRIBUTION",
        "createdAt": "2023-12-31T10:46:18.321Z",
        "updatedAt": "2023-12-31T10:46:18.321Z",
        "amount": {
            "value": 5,
            "currency": "USD",
            "valueInCents": 500
        }
    },
    {
        "id": "6baf0b2e-cebd-473d-9e27-7a6eaa371777",
        "uuid": "6baf0b2e-cebd-473d-9e27-7a6eaa371777",
        "type": "DEBIT",
        "kind": "HOST_FEE",
        "createdAt": "2023-11-30T10:08:54.178Z",
        "updatedAt": "2023-11-30T10:08:54.178Z",
        "amount": {
            "value": -0.25,
            "currency": "USD",
            "valueInCents": -25
        }
    },
    {
        "id": "ced05545-b402-49e6-8e94-69a60bc66ad7",
        "uuid": "ced05545-b402-49e6-8e94-69a60bc66ad7",
        "type": "CREDIT",
        "kind": "CONTRIBUTION",
        "createdAt": "2023-11-30T10:08:54.207Z",
        "updatedAt": "2023-11-30T10:08:54.207Z",
        "amount": {
            "value": 5,
            "currency": "USD",
            "valueInCents": 500
        }
    },
    {
        "id": "8a10c6e1-d2b9-49a2-9ae5-bb141730f0ea",
        "uuid": "8a10c6e1-d2b9-49a2-9ae5-bb141730f0ea",
        "type": "DEBIT",
        "kind": "EXPENSE",
        "createdAt": "2023-11-01T11:22:21.388Z",
        "updatedAt": "2023-11-01T11:22:21.388Z",
        "amount": {
            "value": -4.8,
            "currency": "USD",
            "valueInCents": -480
        }
    },
    {
        "id": "e59c18e1-3cb6-4fe7-b032-9e236a5a247c",
        "uuid": "e59c18e1-3cb6-4fe7-b032-9e236a5a247c",
        "type": "DEBIT",
        "kind": "HOST_FEE",
        "createdAt": "2023-10-31T10:29:13.837Z",
        "updatedAt": "2023-10-31T10:29:13.837Z",
        "amount": {
            "value": -0.25,
            "currency": "USD",
            "valueInCents": -25
        }
    },
    {
        "id": "639c0184-5d06-4c82-9e73-0afa8a8f61a5",
        "uuid": "639c0184-5d06-4c82-9e73-0afa8a8f61a5",
        "type": "CREDIT",
        "kind": "CONTRIBUTION",
        "createdAt": "2023-10-31T10:29:13.858Z",
        "updatedAt": "2023-10-31T10:29:13.858Z",
        "amount": {
            "value": 5,
            "currency": "USD",
            "valueInCents": 500
        }
    },
    {
        "id": "1f67d236-4c89-4fbd-85f9-cf882724d77f",
        "uuid": "1f67d236-4c89-4fbd-85f9-cf882724d77f",
        "type": "DEBIT",
        "kind": "EXPENSE",
        "createdAt": "2023-10-02T18:04:03.477Z",
        "updatedAt": "2023-10-02T18:04:03.477Z",
        "amount": {
            "value": -4.8,
            "currency": "USD",
            "valueInCents": -480
        }
    },
    {
        "id": "804fb614-95b6-44e1-9f19-fd8ec5bf8884",
        "uuid": "804fb614-95b6-44e1-9f19-fd8ec5bf8884",
        "type": "DEBIT",
        "kind": "HOST_FEE",
        "createdAt": "2023-09-30T10:38:10.044Z",
        "updatedAt": "2023-09-30T10:38:10.044Z",
        "amount": {
            "value": -0.25,
            "currency": "USD",
            "valueInCents": -25
        }
    },
    {
        "id": "7b24cec9-b8a2-44fe-9fc8-870b2c2f2982",
        "uuid": "7b24cec9-b8a2-44fe-9fc8-870b2c2f2982",
        "type": "CREDIT",
        "kind": "CONTRIBUTION",
        "createdAt": "2023-09-30T10:38:10.068Z",
        "updatedAt": "2023-09-30T10:38:10.068Z",
        "amount": {
            "value": 5,
            "currency": "USD",
            "valueInCents": 500
        }
    },
    {
        "id": "8fb6045d-08c3-46f4-848c-6b3c621e89da",
        "uuid": "8fb6045d-08c3-46f4-848c-6b3c621e89da",
        "type": "DEBIT",
        "kind": "EXPENSE",
        "createdAt": "2023-09-01T11:23:08.403Z",
        "updatedAt": "2023-09-01T11:23:08.403Z",
        "amount": {
            "value": -4.8,
            "currency": "USD",
            "valueInCents": -480
        }
    },
    {
        "id": "98a44a71-c20f-4e96-9f38-4901da69ed54",
        "uuid": "98a44a71-c20f-4e96-9f38-4901da69ed54",
        "type": "DEBIT",
        "kind": "HOST_FEE",
        "createdAt": "2023-08-31T10:23:09.609Z",
        "updatedAt": "2023-08-31T10:23:09.609Z",
        "amount": {
            "value": -0.25,
            "currency": "USD",
            "valueInCents": -25
        }
    },
    {
        "id": "f99f2ceb-efbd-4daa-8c05-297993d863d9",
        "uuid": "f99f2ceb-efbd-4daa-8c05-297993d863d9",
        "type": "CREDIT",
        "kind": "CONTRIBUTION",
        "createdAt": "2023-08-31T10:23:09.634Z",
        "updatedAt": "2023-08-31T10:23:09.634Z",
        "amount": {
            "value": 5,
            "currency": "USD",
            "valueInCents": 500
        }
    },
    {
        "id": "99c257d4-e897-4098-9584-d77a3bb7f785",
        "uuid": "99c257d4-e897-4098-9584-d77a3bb7f785",
        "type": "DEBIT",
        "kind": "EXPENSE",
        "createdAt": "2023-08-01T11:21:24.355Z",
        "updatedAt": "2023-08-01T11:21:24.355Z",
        "amount": {
            "value": -4.8,
            "currency": "USD",
            "valueInCents": -480
        }
    },
    {
        "id": "09647c01-b06f-45ad-b72e-df7fa8b364f0",
        "uuid": "09647c01-b06f-45ad-b72e-df7fa8b364f0",
        "type": "DEBIT",
        "kind": "HOST_FEE",
        "createdAt": "2023-07-31T10:01:42.495Z",
        "updatedAt": "2023-07-31T10:01:42.495Z",
        "amount": {
            "value": -0.25,
            "currency": "USD",
            "valueInCents": -25
        }
    },
    {
        "id": "4dc44b79-2965-4421-9bf9-a76bb209f8f5",
        "uuid": "4dc44b79-2965-4421-9bf9-a76bb209f8f5",
        "type": "CREDIT",
        "kind": "CONTRIBUTION",
        "createdAt": "2023-07-31T10:01:42.521Z",
        "updatedAt": "2023-07-31T10:01:42.521Z",
        "amount": {
            "value": 5,
            "currency": "USD",
            "valueInCents": 500
        }
    },
    {
        "id": "cfed3c41-fb92-428e-9ea2-7012615528b8",
        "uuid": "cfed3c41-fb92-428e-9ea2-7012615528b8",
        "type": "DEBIT",
        "kind": "HOST_FEE",
        "createdAt": "2023-07-07T01:24:05.495Z",
        "updatedAt": "2023-07-07T01:24:05.495Z",
        "amount": {
            "value": -0.25,
            "currency": "USD",
            "valueInCents": -25
        }
    },
    {
        "id": "bf85964b-fd54-4928-91ac-b3bca1ae8ca8",
        "uuid": "bf85964b-fd54-4928-91ac-b3bca1ae8ca8",
        "type": "CREDIT",
        "kind": "CONTRIBUTION",
        "createdAt": "2023-07-07T01:24:05.520Z",
        "updatedAt": "2023-07-07T01:24:05.520Z",
        "amount": {
            "value": 5,
            "currency": "USD",
            "valueInCents": 500
        }
    },
    {
        "id": "e092b44f-2d24-4100-9cbe-37b10178492f",
        "uuid": "e092b44f-2d24-4100-9cbe-37b10178492f",
        "type": "DEBIT",
        "kind": "EXPENSE",
        "createdAt": "2023-03-10T12:48:10.481Z",
        "updatedAt": "2023-03-10T12:48:10.481Z",
        "amount": {
            "value": -57.6,
            "currency": "USD",
            "valueInCents": -5760
        }
    },
    {
        "id": "4374216e-8b76-41ef-8441-41466476beef",
        "uuid": "4374216e-8b76-41ef-8441-41466476beef",
        "type": "CREDIT",
        "kind": "CONTRIBUTION",
        "createdAt": "2023-03-10T12:47:10.832Z",
        "updatedAt": "2023-03-10T12:47:10.832Z",
        "amount": {
            "value": 49.81,
            "currency": "USD",
            "valueInCents": 4981
        }
    },
    {
        "id": "33f4e091-c37e-481e-b940-43e20b4fc24d",
        "uuid": "33f4e091-c37e-481e-b940-43e20b4fc24d",
        "type": "DEBIT",
        "kind": "EXPENSE",
        "createdAt": "2023-03-10T12:37:28.179Z",
        "updatedAt": "2023-03-10T12:37:28.179Z",
        "amount": {
            "value": -24,
            "currency": "USD",
            "valueInCents": -2400
        }
    },
    {
        "id": "4fe2ce87-52d5-4bf6-8c3e-7e1d41bb692a",
        "uuid": "4fe2ce87-52d5-4bf6-8c3e-7e1d41bb692a",
        "type": "CREDIT",
        "kind": "CONTRIBUTION",
        "createdAt": "2023-03-04T01:54:16.991Z",
        "updatedAt": "2023-03-04T01:54:16.991Z",
        "amount": {
            "value": 5,
            "currency": "USD",
            "valueInCents": 500
        }
    },
    {
        "id": "9e1f10a2-9781-4452-8d47-01c17269a48d",
        "uuid": "9e1f10a2-9781-4452-8d47-01c17269a48d",
        "type": "CREDIT",
        "kind": "CONTRIBUTION",
        "createdAt": "2023-03-02T07:07:35.225Z",
        "updatedAt": "2023-03-02T07:07:35.225Z",
        "amount": {
            "value": 5,
            "currency": "USD",
            "valueInCents": 500
        }
    },
    {
        "id": "00c3c843-6c38-41aa-861a-af653fe21c51",
        "uuid": "00c3c843-6c38-41aa-861a-af653fe21c51",
        "type": "CREDIT",
        "kind": "CONTRIBUTION",
        "createdAt": "2023-02-02T12:03:49.851Z",
        "updatedAt": "2023-02-02T12:03:49.851Z",
        "amount": {
            "value": 5,
            "currency": "USD",
            "valueInCents": 500
        }
    },
    {
        "id": "2252bf75-cdc1-4bd7-b8ac-28623a8d0d06",
        "uuid": "2252bf75-cdc1-4bd7-b8ac-28623a8d0d06",
        "type": "CREDIT",
        "kind": "CONTRIBUTION",
        "createdAt": "2023-02-02T08:08:29.875Z",
        "updatedAt": "2023-02-02T08:08:29.875Z",
        "amount": {
            "value": 5,
            "currency": "USD",
            "valueInCents": 500
        }
    },
    {
        "id": "f87270ea-21c2-4a96-bf2f-ce6b340aa33f",
        "uuid": "f87270ea-21c2-4a96-bf2f-ce6b340aa33f",
        "type": "CREDIT",
        "kind": "CONTRIBUTION",
        "createdAt": "2023-01-02T10:03:19.881Z",
        "updatedAt": "2023-01-02T10:03:19.881Z",
        "amount": {
            "value": 5,
            "currency": "USD",
            "valueInCents": 500
        }
    },
    {
        "id": "8ed590c9-aea9-45d3-b702-35a533355820",
        "uuid": "8ed590c9-aea9-45d3-b702-35a533355820",
        "type": "CREDIT",
        "kind": "CONTRIBUTION",
        "createdAt": "2022-12-26T21:53:15.611Z",
        "updatedAt": "2022-12-26T21:53:15.611Z",
        "amount": {
            "value": 5,
            "currency": "USD",
            "valueInCents": 500
        }
    },
    {
        "id": "04e5ad7a-0156-4769-bc6b-5a582f3ff42b",
        "uuid": "04e5ad7a-0156-4769-bc6b-5a582f3ff42b",
        "type": "CREDIT",
        "kind": "CONTRIBUTION",
        "createdAt": "2022-11-22T01:53:36.224Z",
        "updatedAt": "2022-11-22T01:53:36.224Z",
        "amount": {
            "value": 5,
            "currency": "USD",
            "valueInCents": 500
        }
    }
]