[
    {
        "id": "3ecd2149-bac7-4878-b146-b046edb2de92",
        "uuid": "3ecd2149-bac7-4878-b146-b046edb2de92",
        "type": "DEBIT",
        "kind": "BALANCE_TRANSFER",
        "createdAt": "2024-12-03T14:34:48.346Z",
        "updatedAt": "2024-12-03T14:34:48.346Z",
        "amount": {
            "value": -5000,
            "currency": "USD",
            "valueInCents": -500000
        }
    },
    {
        "id": "d90ddc39-87ed-4f94-afe2-005ef0b6c98d",
        "uuid": "d90ddc39-87ed-4f94-afe2-005ef0b6c98d",
        "type": "DEBIT",
        "kind": "BALANCE_TRANSFER",
        "createdAt": "2024-12-03T14:32:48.193Z",
        "updatedAt": "2024-12-03T14:32:48.193Z",
        "amount": {
            "value": -5000,
            "currency": "USD",
            "valueInCents": -500000
        }
    },
    {
        "id": "e0a320c7-8196-4743-a9e1-478c5d5a1efa",
        "uuid": "e0a320c7-8196-4743-a9e1-478c5d5a1efa",
        "type": "DEBIT",
        "kind": "EXPENSE",
        "createdAt": "2024-12-03T13:44:08.949Z",
        "updatedAt": "2024-12-03T13:44:08.949Z",
        "amount": {
            "value": -5000,
            "currency": "USD",
            "valueInCents": -500000
        }
    },
    {
        "id": "11406d9a-c144-4481-aca5-68f6fd4ed3bf",
        "uuid": "11406d9a-c144-4481-aca5-68f6fd4ed3bf",
        "type": "CREDIT",
        "kind": "ADDED_FUNDS",
        "createdAt": "2024-12-03T11:14:35.452Z",
        "updatedAt": "2024-12-03T11:14:35.452Z",
        "amount": {
            "value": 40000,
            "currency": "USD",
            "valueInCents": 4000000
        }
    }
]