[
    {
        "id": "2efc0afd-ef36-4d3f-8ba3-6162664619b8",
        "uuid": "2efc0afd-ef36-4d3f-8ba3-6162664619b8",
        "type": "DEBIT",
        "kind": "PAYMENT_PROCESSOR_FEE",
        "createdAt": "2025-01-03T07:07:41.357Z",
        "updatedAt": "2025-01-03T07:07:41.357Z",
        "amount": {
            "value": -0.52,
            "currency": "USD",
            "valueInCents": -52
        }
    },
    {
        "id": "1a8f948d-20bd-41e2-9462-76b1f8f413f5",
        "uuid": "1a8f948d-20bd-41e2-9462-76b1f8f413f5",
        "type": "CREDIT",
        "kind": "CONTRIBUTION",
        "createdAt": "2025-01-03T07:07:41.409Z",
        "updatedAt": "2025-01-03T07:07:41.409Z",
        "amount": {
            "value": 5,
            "currency": "USD",
            "valueInCents": 500
        }
    },
    {
        "id": "8d2e36f0-91b3-4b9b-8f54-f6e978092b27",
        "uuid": "8d2e36f0-91b3-4b9b-8f54-f6e978092b27",
        "type": "DEBIT",
        "kind": "PAYMENT_PROCESSOR_FEE",
        "createdAt": "2025-01-03T06:04:49.645Z",
        "updatedAt": "2025-01-03T06:04:49.645Z",
        "amount": {
            "value": -0.52,
            "currency": "USD",
            "valueInCents": -52
        }
    },
    {
        "id": "3d446505-63ff-4558-97f3-776fca287333",
        "uuid": "3d446505-63ff-4558-97f3-776fca287333",
        "type": "CREDIT",
        "kind": "CONTRIBUTION",
        "createdAt": "2025-01-03T06:04:49.762Z",
        "updatedAt": "2025-01-03T06:04:49.762Z",
        "amount": {
            "value": 5,
            "currency": "USD",
            "valueInCents": 500
        }
    },
    {
        "id": "041fc114-eae7-404d-9b24-b5738a1ffbf1",
        "uuid": "041fc114-eae7-404d-9b24-b5738a1ffbf1",
        "type": "DEBIT",
        "kind": "PAYMENT_PROCESSOR_FEE",
        "createdAt": "2024-12-15T03:45:23.408Z",
        "updatedAt": "2024-12-15T03:45:23.408Z",
        "amount": {
            "value": -0.52,
            "currency": "USD",
            "valueInCents": -52
        }
    },
    {
        "id": "462037a3-feca-45f4-be8b-55cb10b6b2a2",
        "uuid": "462037a3-feca-45f4-be8b-55cb10b6b2a2",
        "type": "CREDIT",
        "kind": "CONTRIBUTION",
        "createdAt": "2024-12-15T03:45:23.432Z",
        "updatedAt": "2024-12-15T03:45:23.432Z",
        "amount": {
            "value": 5,
            "currency": "USD",
            "valueInCents": 500
        }
    },
    {
        "id": "eda5d8c7-4a82-4e54-8dbe-edec291de246",
        "uuid": "eda5d8c7-4a82-4e54-8dbe-edec291de246",
        "type": "DEBIT",
        "kind": "PAYMENT_PROCESSOR_FEE",
        "createdAt": "2024-12-15T03:10:47.427Z",
        "updatedAt": "2024-12-15T03:10:47.427Z",
        "amount": {
            "value": -2.46,
            "currency": "USD",
            "valueInCents": -246
        }
    },
    {
        "id": "804115cc-ebf9-4465-89ed-01bfdd905ba7",
        "uuid": "804115cc-ebf9-4465-89ed-01bfdd905ba7",
        "type": "CREDIT",
        "kind": "CONTRIBUTION",
        "createdAt": "2024-12-15T03:10:47.460Z",
        "updatedAt": "2024-12-15T03:10:47.460Z",
        "amount": {
            "value": 49,
            "currency": "USD",
            "valueInCents": 4900
        }
    },
    {
        "id": "6ff50c23-fd0f-41d3-90d0-18a23508020c",
        "uuid": "6ff50c23-fd0f-41d3-90d0-18a23508020c",
        "type": "DEBIT",
        "kind": "PAYMENT_PROCESSOR_FEE",
        "createdAt": "2024-11-27T10:07:40.943Z",
        "updatedAt": "2024-11-27T10:07:40.943Z",
        "amount": {
            "value": -0.52,
            "currency": "USD",
            "valueInCents": -52
        }
    },
    {
        "id": "e70523c6-9a57-4095-97fa-77dbb71eeb67",
        "uuid": "e70523c6-9a57-4095-97fa-77dbb71eeb67",
        "type": "CREDIT",
        "kind": "CONTRIBUTION",
        "createdAt": "2024-11-27T10:07:41.139Z",
        "updatedAt": "2024-11-27T10:07:41.139Z",
        "amount": {
            "value": 5,
            "currency": "USD",
            "valueInCents": 500
        }
    }
]