[
    {
        "id": "0b676bd3-a102-4264-93f6-5e50209fd3df",
        "uuid": "0b676bd3-a102-4264-93f6-5e50209fd3df",
        "type": "DEBIT",
        "kind": "EXPENSE",
        "createdAt": "2023-10-15T19:26:10.515Z",
        "updatedAt": "2023-10-15T19:26:10.515Z",
        "amount": {
            "value": -5,
            "currency": "EUR",
            "valueInCents": -500
        }
    },
    {
        "id": "bb538c68-77bf-4489-89e6-fa51abfb4169",
        "uuid": "bb538c68-77bf-4489-89e6-fa51abfb4169",
        "type": "CREDIT",
        "kind": "CONTRIBUTION",
        "createdAt": "2023-10-14T19:02:15.015Z",
        "updatedAt": "2023-10-14T19:02:15.015Z",
        "amount": {
            "value": 10,
            "currency": "EUR",
            "valueInCents": 1000
        }
    }
]