[
    {
        "id": "6f3b0452-9ecd-49f1-af7b-0a2569fb25e9",
        "uuid": "6f3b0452-9ecd-49f1-af7b-0a2569fb25e9",
        "type": "DEBIT",
        "kind": "EXPENSE",
        "createdAt": "2024-04-19T08:52:52.278Z",
        "updatedAt": "2024-04-19T08:52:52.278Z",
        "amount": {
            "value": -14.3,
            "currency": "EUR",
            "valueInCents": -1430
        }
    },
    {
        "id": "e890f372-fac3-497c-9941-3e75d62f1259",
        "uuid": "e890f372-fac3-497c-9941-3e75d62f1259",
        "type": "DEBIT",
        "kind": "EXPENSE",
        "createdAt": "2024-02-29T12:07:08.027Z",
        "updatedAt": "2024-02-29T12:07:08.027Z",
        "amount": {
            "value": -1300,
            "currency": "EUR",
            "valueInCents": -130000
        }
    },
    {
        "id": "29e4705e-6130-4553-aedf-299c09a65043",
        "uuid": "29e4705e-6130-4553-aedf-299c09a65043",
        "type": "DEBIT",
        "kind": "HOST_FEE",
        "createdAt": "2022-12-02T14:05:28.805Z",
        "updatedAt": "2022-12-02T14:05:28.805Z",
        "amount": {
            "value": -40,
            "currency": "EUR",
            "valueInCents": -4000
        }
    },
    {
        "id": "7173a9f5-1989-44f5-92f4-18a816936849",
        "uuid": "7173a9f5-1989-44f5-92f4-18a816936849",
        "type": "CREDIT",
        "kind": "ADDED_FUNDS",
        "createdAt": "2022-12-02T14:05:29.139Z",
        "updatedAt": "2022-12-02T14:05:29.139Z",
        "amount": {
            "value": 500,
            "currency": "EUR",
            "valueInCents": 50000
        }
    },
    {
        "id": "7fbb9e1d-1024-4fd8-aff5-0514bf9f8ee3",
        "uuid": "7fbb9e1d-1024-4fd8-aff5-0514bf9f8ee3",
        "type": "CREDIT",
        "kind": "ADDED_FUNDS",
        "createdAt": "2022-11-03T15:32:36.127Z",
        "updatedAt": "2022-11-03T15:32:36.127Z",
        "amount": {
            "value": 291.63,
            "currency": "EUR",
            "valueInCents": 29163
        }
    },
    {
        "id": "15bc7e80-cc8b-4650-ada5-bb7337c88452",
        "uuid": "15bc7e80-cc8b-4650-ada5-bb7337c88452",
        "type": "DEBIT",
        "kind": "EXPENSE",
        "createdAt": "2022-11-03T14:55:25.666Z",
        "updatedAt": "2022-11-03T14:55:25.666Z",
        "amount": {
            "value": -250,
            "currency": "EUR",
            "valueInCents": -25000
        }
    },
    {
        "id": "b05cfafa-6fef-4e27-bc39-6aa17c7e17ea",
        "uuid": "b05cfafa-6fef-4e27-bc39-6aa17c7e17ea",
        "type": "DEBIT",
        "kind": "EXPENSE",
        "createdAt": "2022-10-24T09:24:25.346Z",
        "updatedAt": "2022-10-24T09:24:25.346Z",
        "amount": {
            "value": -250,
            "currency": "EUR",
            "valueInCents": -25000
        }
    },
    {
        "id": "fedcae3e-8482-45ed-9d1a-46aa004895f9",
        "uuid": "fedcae3e-8482-45ed-9d1a-46aa004895f9",
        "type": "DEBIT",
        "kind": "EXPENSE",
        "createdAt": "2022-10-20T07:27:41.508Z",
        "updatedAt": "2022-10-20T07:27:41.508Z",
        "amount": {
            "value": -54.17,
            "currency": "EUR",
            "valueInCents": -5417
        }
    },
    {
        "id": "4766f58e-0e8d-4865-800b-a19b862d678e",
        "uuid": "4766f58e-0e8d-4865-800b-a19b862d678e",
        "type": "DEBIT",
        "kind": "EXPENSE",
        "createdAt": "2022-10-20T07:27:40.930Z",
        "updatedAt": "2022-10-20T07:27:40.930Z",
        "amount": {
            "value": -83.99,
            "currency": "EUR",
            "valueInCents": -8399
        }
    },
    {
        "id": "19855f1c-772f-4bc8-9243-3d58c14750c2",
        "uuid": "19855f1c-772f-4bc8-9243-3d58c14750c2",
        "type": "DEBIT",
        "kind": "EXPENSE",
        "createdAt": "2022-10-20T07:27:38.709Z",
        "updatedAt": "2022-10-20T07:27:38.709Z",
        "amount": {
            "value": -19.95,
            "currency": "EUR",
            "valueInCents": -1995
        }
    },
    {
        "id": "e68c525a-d45f-46f9-8bc3-59c50af2c25f",
        "uuid": "e68c525a-d45f-46f9-8bc3-59c50af2c25f",
        "type": "DEBIT",
        "kind": "EXPENSE",
        "createdAt": "2022-10-19T12:14:27.025Z",
        "updatedAt": "2022-10-19T12:14:27.025Z",
        "amount": {
            "value": -729.09,
            "currency": "EUR",
            "valueInCents": -72909
        }
    },
    {
        "id": "4dde5068-1d91-4ec7-ae00-5b090c0a41bd",
        "uuid": "4dde5068-1d91-4ec7-ae00-5b090c0a41bd",
        "type": "DEBIT",
        "kind": "EXPENSE",
        "createdAt": "2022-10-10T16:23:30.272Z",
        "updatedAt": "2022-10-10T16:23:30.272Z",
        "amount": {
            "value": -640,
            "currency": "EUR",
            "valueInCents": -64000
        }
    },
    {
        "id": "65bd5b80-c840-405e-bac6-49a0cf1b4993",
        "uuid": "65bd5b80-c840-405e-bac6-49a0cf1b4993",
        "type": "DEBIT",
        "kind": "HOST_FEE",
        "createdAt": "2022-10-05T13:21:31.814Z",
        "updatedAt": "2022-10-05T13:21:31.814Z",
        "amount": {
            "value": -155.68,
            "currency": "EUR",
            "valueInCents": -15568
        }
    },
    {
        "id": "c753ac8f-a450-480b-9791-d077f49698e5",
        "uuid": "c753ac8f-a450-480b-9791-d077f49698e5",
        "type": "CREDIT",
        "kind": "ADDED_FUNDS",
        "createdAt": "2022-10-05T13:21:31.904Z",
        "updatedAt": "2022-10-05T13:21:31.904Z",
        "amount": {
            "value": 1946,
            "currency": "EUR",
            "valueInCents": 194600
        }
    },
    {
        "id": "63037e51-c949-4d92-b9a5-90af14c0a7a9",
        "uuid": "63037e51-c949-4d92-b9a5-90af14c0a7a9",
        "type": "DEBIT",
        "kind": "EXPENSE",
        "createdAt": "2022-09-29T09:51:34.942Z",
        "updatedAt": "2022-09-29T09:51:34.942Z",
        "amount": {
            "value": -250,
            "currency": "EUR",
            "valueInCents": -25000
        }
    },
    {
        "id": "4563a94c-c4cd-472f-ab49-8b50873436fa",
        "uuid": "4563a94c-c4cd-472f-ab49-8b50873436fa",
        "type": "DEBIT",
        "kind": "EXPENSE",
        "createdAt": "2022-09-26T15:05:57.504Z",
        "updatedAt": "2022-09-26T15:05:57.504Z",
        "amount": {
            "value": -271.05,
            "currency": "EUR",
            "valueInCents": -27105
        }
    },
    {
        "id": "fc692dd1-c2f1-4ce6-afc7-b6f10dd85d93",
        "uuid": "fc692dd1-c2f1-4ce6-afc7-b6f10dd85d93",
        "type": "DEBIT",
        "kind": "EXPENSE",
        "createdAt": "2022-09-26T15:06:00.656Z",
        "updatedAt": "2022-09-26T15:06:00.656Z",
        "amount": {
            "value": -700,
            "currency": "EUR",
            "valueInCents": -70000
        }
    },
    {
        "id": "fd7e2750-5193-45f7-89ae-0a83bfa9afc7",
        "uuid": "fd7e2750-5193-45f7-89ae-0a83bfa9afc7",
        "type": "DEBIT",
        "kind": "HOST_FEE",
        "createdAt": "2022-09-26T10:19:48.954Z",
        "updatedAt": "2022-09-26T10:19:48.954Z",
        "amount": {
            "value": -91.2,
            "currency": "EUR",
            "valueInCents": -9120
        }
    },
    {
        "id": "d6a24248-405c-4f61-8580-bc57cae24165",
        "uuid": "d6a24248-405c-4f61-8580-bc57cae24165",
        "type": "CREDIT",
        "kind": "ADDED_FUNDS",
        "createdAt": "2022-09-26T10:19:49.039Z",
        "updatedAt": "2022-09-26T10:19:49.039Z",
        "amount": {
            "value": 1140,
            "currency": "EUR",
            "valueInCents": 114000
        }
    },
    {
        "id": "e4c6a0f5-56f1-45cd-aecf-38738bf68797",
        "uuid": "e4c6a0f5-56f1-45cd-aecf-38738bf68797",
        "type": "DEBIT",
        "kind": "HOST_FEE",
        "createdAt": "2022-09-15T07:19:26.864Z",
        "updatedAt": "2022-09-15T07:19:26.864Z",
        "amount": {
            "value": -43.36,
            "currency": "EUR",
            "valueInCents": -4336
        }
    },
    {
        "id": "80c8d744-24c3-417f-aac5-8cbb05930042",
        "uuid": "80c8d744-24c3-417f-aac5-8cbb05930042",
        "type": "CREDIT",
        "kind": "ADDED_FUNDS",
        "createdAt": "2022-09-15T07:19:26.971Z",
        "updatedAt": "2022-09-15T07:19:26.971Z",
        "amount": {
            "value": 542,
            "currency": "EUR",
            "valueInCents": 54200
        }
    },
    {
        "id": "60ecbd7e-e1e8-4b62-ab1c-27574e0bd261",
        "uuid": "60ecbd7e-e1e8-4b62-ab1c-27574e0bd261",
        "type": "DEBIT",
        "kind": "HOST_FEE",
        "createdAt": "2022-06-20T15:28:05.401Z",
        "updatedAt": "2022-06-20T15:28:05.401Z",
        "amount": {
            "value": -60,
            "currency": "EUR",
            "valueInCents": -6000
        }
    },
    {
        "id": "eee90634-2898-4f9e-95fd-a707b3abe4ce",
        "uuid": "eee90634-2898-4f9e-95fd-a707b3abe4ce",
        "type": "CREDIT",
        "kind": "CONTRIBUTION",
        "createdAt": "2022-06-20T15:28:05.843Z",
        "updatedAt": "2022-06-20T15:28:05.843Z",
        "amount": {
            "value": 1000,
            "currency": "EUR",
            "valueInCents": 100000
        }
    }
]