[
    {
        "id": "774e17b4-f080-4d53-8262-cef7e58329b3",
        "uuid": "774e17b4-f080-4d53-8262-cef7e58329b3",
        "type": "DEBIT",
        "kind": "PAYMENT_PROCESSOR_FEE",
        "createdAt": "2024-01-16T18:01:53.904Z",
        "updatedAt": "2024-01-16T18:01:53.904Z",
        "amount": {
            "value": -0.14,
            "currency": "USD",
            "valueInCents": -14
        }
    },
    {
        "id": "d2b47ff2-1fb5-4e04-b858-2bc629c42c88",
        "uuid": "d2b47ff2-1fb5-4e04-b858-2bc629c42c88",
        "type": "DEBIT",
        "kind": "EXPENSE",
        "createdAt": "2024-01-16T18:01:53.904Z",
        "updatedAt": "2024-01-16T18:01:53.904Z",
        "amount": {
            "value": -7,
            "currency": "USD",
            "valueInCents": -700
        }
    },
    {
        "id": "22e08481-fc3b-478a-828e-57b22142ad6d",
        "uuid": "22e08481-fc3b-478a-828e-57b22142ad6d",
        "type": "DEBIT",
        "kind": "HOST_FEE",
        "createdAt": "2024-01-13T10:42:17.707Z",
        "updatedAt": "2024-01-13T10:42:17.707Z",
        "amount": {
            "value": -0.5,
            "currency": "USD",
            "valueInCents": -50
        }
    },
    {
        "id": "03e4c7ba-9428-44d7-aab1-c0f3ebe7d6fe",
        "uuid": "03e4c7ba-9428-44d7-aab1-c0f3ebe7d6fe",
        "type": "DEBIT",
        "kind": "PAYMENT_PROCESSOR_FEE",
        "createdAt": "2024-01-13T10:42:17.789Z",
        "updatedAt": "2024-01-13T10:42:17.789Z",
        "amount": {
            "value": -0.66,
            "currency": "USD",
            "valueInCents": -66
        }
    },
    {
        "id": "56e48ca8-ee7b-4af2-8eb4-6e9d0bee6445",
        "uuid": "56e48ca8-ee7b-4af2-8eb4-6e9d0bee6445",
        "type": "CREDIT",
        "kind": "CONTRIBUTION",
        "createdAt": "2024-01-13T10:42:17.789Z",
        "updatedAt": "2024-01-13T10:42:17.789Z",
        "amount": {
            "value": 5,
            "currency": "USD",
            "valueInCents": 500
        }
    },
    {
        "id": "79c474e7-78b2-4016-a911-23579584427c",
        "uuid": "79c474e7-78b2-4016-a911-23579584427c",
        "type": "DEBIT",
        "kind": "HOST_FEE",
        "createdAt": "2023-12-13T10:33:16.572Z",
        "updatedAt": "2023-12-13T10:33:16.572Z",
        "amount": {
            "value": -0.5,
            "currency": "USD",
            "valueInCents": -50
        }
    },
    {
        "id": "7017a0a3-6668-4c24-b9df-f8eb98857a64",
        "uuid": "7017a0a3-6668-4c24-b9df-f8eb98857a64",
        "type": "CREDIT",
        "kind": "CONTRIBUTION",
        "createdAt": "2023-12-13T10:33:16.664Z",
        "updatedAt": "2023-12-13T10:33:16.664Z",
        "amount": {
            "value": 5,
            "currency": "USD",
            "valueInCents": 500
        }
    },
    {
        "id": "0d8f1e6b-83a3-436d-afbe-42867618653b",
        "uuid": "0d8f1e6b-83a3-436d-afbe-42867618653b",
        "type": "DEBIT",
        "kind": "EXPENSE",
        "createdAt": "2023-11-14T19:01:55.061Z",
        "updatedAt": "2023-11-14T19:01:55.061Z",
        "amount": {
            "value": -7,
            "currency": "USD",
            "valueInCents": -700
        }
    },
    {
        "id": "096de87e-077a-4138-a898-4dc176130f5c",
        "uuid": "096de87e-077a-4138-a898-4dc176130f5c",
        "type": "DEBIT",
        "kind": "HOST_FEE",
        "createdAt": "2023-11-13T11:27:59.244Z",
        "updatedAt": "2023-11-13T11:27:59.244Z",
        "amount": {
            "value": -0.5,
            "currency": "USD",
            "valueInCents": -50
        }
    },
    {
        "id": "953e71c2-1f4d-4097-b7d8-2406ee85e0c6",
        "uuid": "953e71c2-1f4d-4097-b7d8-2406ee85e0c6",
        "type": "CREDIT",
        "kind": "CONTRIBUTION",
        "createdAt": "2023-11-13T11:27:59.370Z",
        "updatedAt": "2023-11-13T11:27:59.370Z",
        "amount": {
            "value": 5,
            "currency": "USD",
            "valueInCents": 500
        }
    },
    {
        "id": "b0579b21-da4d-4d18-b7b4-9a7906af00b0",
        "uuid": "b0579b21-da4d-4d18-b7b4-9a7906af00b0",
        "type": "DEBIT",
        "kind": "HOST_FEE",
        "createdAt": "2023-10-13T10:17:20.302Z",
        "updatedAt": "2023-10-13T10:17:20.302Z",
        "amount": {
            "value": -0.5,
            "currency": "USD",
            "valueInCents": -50
        }
    },
    {
        "id": "02e1b53f-230f-400c-aa91-63436e356073",
        "uuid": "02e1b53f-230f-400c-aa91-63436e356073",
        "type": "CREDIT",
        "kind": "CONTRIBUTION",
        "createdAt": "2023-10-13T10:17:20.359Z",
        "updatedAt": "2023-10-13T10:17:20.359Z",
        "amount": {
            "value": 5,
            "currency": "USD",
            "valueInCents": 500
        }
    },
    {
        "id": "9bab33a3-fec6-4c88-b9fe-2143444630e5",
        "uuid": "9bab33a3-fec6-4c88-b9fe-2143444630e5",
        "type": "DEBIT",
        "kind": "EXPENSE",
        "createdAt": "2023-09-14T17:01:26.091Z",
        "updatedAt": "2023-09-14T17:01:26.091Z",
        "amount": {
            "value": -7,
            "currency": "USD",
            "valueInCents": -700
        }
    },
    {
        "id": "213b8110-a496-4de7-a880-3a5445e671c6",
        "uuid": "213b8110-a496-4de7-a880-3a5445e671c6",
        "type": "DEBIT",
        "kind": "HOST_FEE",
        "createdAt": "2023-09-13T10:45:38.497Z",
        "updatedAt": "2023-09-13T10:45:38.497Z",
        "amount": {
            "value": -0.5,
            "currency": "USD",
            "valueInCents": -50
        }
    },
    {
        "id": "2174c05c-1b86-4e3d-9985-7228d35e3e11",
        "uuid": "2174c05c-1b86-4e3d-9985-7228d35e3e11",
        "type": "CREDIT",
        "kind": "CONTRIBUTION",
        "createdAt": "2023-09-13T10:45:38.574Z",
        "updatedAt": "2023-09-13T10:45:38.574Z",
        "amount": {
            "value": 5,
            "currency": "USD",
            "valueInCents": 500
        }
    },
    {
        "id": "25853b83-14b3-4972-88d3-70e8de7db397",
        "uuid": "25853b83-14b3-4972-88d3-70e8de7db397",
        "type": "DEBIT",
        "kind": "HOST_FEE",
        "createdAt": "2023-08-13T10:40:50.569Z",
        "updatedAt": "2023-08-13T10:40:50.569Z",
        "amount": {
            "value": -0.5,
            "currency": "USD",
            "valueInCents": -50
        }
    },
    {
        "id": "5f9254d1-91b0-4410-843d-5575c2c2e249",
        "uuid": "5f9254d1-91b0-4410-843d-5575c2c2e249",
        "type": "CREDIT",
        "kind": "CONTRIBUTION",
        "createdAt": "2023-08-13T10:40:50.631Z",
        "updatedAt": "2023-08-13T10:40:50.631Z",
        "amount": {
            "value": 5,
            "currency": "USD",
            "valueInCents": 500
        }
    },
    {
        "id": "c75afa43-11d5-45e8-8be5-81fa966e91a2",
        "uuid": "c75afa43-11d5-45e8-8be5-81fa966e91a2",
        "type": "DEBIT",
        "kind": "EXPENSE",
        "createdAt": "2023-07-18T17:01:19.806Z",
        "updatedAt": "2023-07-18T17:01:19.806Z",
        "amount": {
            "value": -6.75,
            "currency": "USD",
            "valueInCents": -675
        }
    },
    {
        "id": "35fe0d1b-fc40-4058-8a7f-51fc64f68156",
        "uuid": "35fe0d1b-fc40-4058-8a7f-51fc64f68156",
        "type": "DEBIT",
        "kind": "HOST_FEE",
        "createdAt": "2023-07-13T10:17:19.251Z",
        "updatedAt": "2023-07-13T10:17:19.251Z",
        "amount": {
            "value": -0.5,
            "currency": "USD",
            "valueInCents": -50
        }
    },
    {
        "id": "547aaa9c-ee15-405b-8623-bae293d32ad6",
        "uuid": "547aaa9c-ee15-405b-8623-bae293d32ad6",
        "type": "CREDIT",
        "kind": "CONTRIBUTION",
        "createdAt": "2023-07-13T10:17:19.380Z",
        "updatedAt": "2023-07-13T10:17:19.380Z",
        "amount": {
            "value": 5,
            "currency": "USD",
            "valueInCents": 500
        }
    },
    {
        "id": "5953fb4d-3a9d-4cab-a3c7-f3451a632db2",
        "uuid": "5953fb4d-3a9d-4cab-a3c7-f3451a632db2",
        "type": "DEBIT",
        "kind": "HOST_FEE",
        "createdAt": "2023-06-13T10:14:21.972Z",
        "updatedAt": "2023-06-13T10:14:21.972Z",
        "amount": {
            "value": -0.5,
            "currency": "USD",
            "valueInCents": -50
        }
    },
    {
        "id": "55f39357-95aa-4368-b6de-dc06e3b5a05f",
        "uuid": "55f39357-95aa-4368-b6de-dc06e3b5a05f",
        "type": "CREDIT",
        "kind": "CONTRIBUTION",
        "createdAt": "2023-06-13T10:14:22.035Z",
        "updatedAt": "2023-06-13T10:14:22.035Z",
        "amount": {
            "value": 5,
            "currency": "USD",
            "valueInCents": 500
        }
    },
    {
        "id": "941ed6d6-94f5-46ce-aa6d-c998069c4534",
        "uuid": "941ed6d6-94f5-46ce-aa6d-c998069c4534",
        "type": "DEBIT",
        "kind": "EXPENSE",
        "createdAt": "2023-05-30T18:00:55.708Z",
        "updatedAt": "2023-05-30T18:00:55.708Z",
        "amount": {
            "value": -5.05,
            "currency": "USD",
            "valueInCents": -505
        }
    },
    {
        "id": "1110d919-17bb-4323-8934-543a8b53c095",
        "uuid": "1110d919-17bb-4323-8934-543a8b53c095",
        "type": "DEBIT",
        "kind": "HOST_FEE",
        "createdAt": "2023-05-13T10:55:23.793Z",
        "updatedAt": "2023-05-13T10:55:23.793Z",
        "amount": {
            "value": -0.5,
            "currency": "USD",
            "valueInCents": -50
        }
    },
    {
        "id": "3a62bc00-9935-42b3-bbd6-1a24d8b0840c",
        "uuid": "3a62bc00-9935-42b3-bbd6-1a24d8b0840c",
        "type": "CREDIT",
        "kind": "CONTRIBUTION",
        "createdAt": "2023-05-13T10:55:23.908Z",
        "updatedAt": "2023-05-13T10:55:23.908Z",
        "amount": {
            "value": 5,
            "currency": "USD",
            "valueInCents": 500
        }
    },
    {
        "id": "123cb0f7-e847-42f5-985b-c872a59b38d6",
        "uuid": "123cb0f7-e847-42f5-985b-c872a59b38d6",
        "type": "DEBIT",
        "kind": "EXPENSE",
        "createdAt": "2023-04-13T15:01:36.046Z",
        "updatedAt": "2023-04-13T15:01:36.046Z",
        "amount": {
            "value": -7,
            "currency": "USD",
            "valueInCents": -700
        }
    },
    {
        "id": "3df94250-5f9c-4a5c-922a-318a16515400",
        "uuid": "3df94250-5f9c-4a5c-922a-318a16515400",
        "type": "DEBIT",
        "kind": "HOST_FEE",
        "createdAt": "2023-04-13T10:22:10.927Z",
        "updatedAt": "2023-04-13T10:22:10.927Z",
        "amount": {
            "value": -0.5,
            "currency": "USD",
            "valueInCents": -50
        }
    },
    {
        "id": "00e861c9-ac96-4a70-8288-2afb247ed7f6",
        "uuid": "00e861c9-ac96-4a70-8288-2afb247ed7f6",
        "type": "CREDIT",
        "kind": "CONTRIBUTION",
        "createdAt": "2023-04-13T10:22:11.043Z",
        "updatedAt": "2023-04-13T10:22:11.043Z",
        "amount": {
            "value": 5,
            "currency": "USD",
            "valueInCents": 500
        }
    },
    {
        "id": "4e67370e-7163-4d3a-8781-ce41af07ff53",
        "uuid": "4e67370e-7163-4d3a-8781-ce41af07ff53",
        "type": "DEBIT",
        "kind": "HOST_FEE",
        "createdAt": "2023-03-13T10:12:35.518Z",
        "updatedAt": "2023-03-13T10:12:35.518Z",
        "amount": {
            "value": -0.5,
            "currency": "USD",
            "valueInCents": -50
        }
    },
    {
        "id": "8bd03cb4-079f-4cb5-9f43-f71726edf004",
        "uuid": "8bd03cb4-079f-4cb5-9f43-f71726edf004",
        "type": "CREDIT",
        "kind": "CONTRIBUTION",
        "createdAt": "2023-03-13T10:12:35.590Z",
        "updatedAt": "2023-03-13T10:12:35.590Z",
        "amount": {
            "value": 5,
            "currency": "USD",
            "valueInCents": 500
        }
    },
    {
        "id": "d007234e-e110-4679-9e9c-d692517f5af7",
        "uuid": "d007234e-e110-4679-9e9c-d692517f5af7",
        "type": "DEBIT",
        "kind": "EXPENSE",
        "createdAt": "2023-02-14T18:01:32.761Z",
        "updatedAt": "2023-02-14T18:01:32.761Z",
        "amount": {
            "value": -5.53,
            "currency": "USD",
            "valueInCents": -553
        }
    },
    {
        "id": "e7cc2b05-da1c-4b6b-a35d-c963efd1c90c",
        "uuid": "e7cc2b05-da1c-4b6b-a35d-c963efd1c90c",
        "type": "DEBIT",
        "kind": "HOST_FEE",
        "createdAt": "2023-02-13T10:43:10.333Z",
        "updatedAt": "2023-02-13T10:43:10.333Z",
        "amount": {
            "value": -0.5,
            "currency": "USD",
            "valueInCents": -50
        }
    },
    {
        "id": "4a7b838e-c8ac-4370-abf9-f2452c051847",
        "uuid": "4a7b838e-c8ac-4370-abf9-f2452c051847",
        "type": "CREDIT",
        "kind": "CONTRIBUTION",
        "createdAt": "2023-02-13T10:43:11.250Z",
        "updatedAt": "2023-02-13T10:43:11.250Z",
        "amount": {
            "value": 5,
            "currency": "USD",
            "valueInCents": 500
        }
    },
    {
        "id": "87b42177-811a-4b18-82d9-b1284b72d2ab",
        "uuid": "87b42177-811a-4b18-82d9-b1284b72d2ab",
        "type": "DEBIT",
        "kind": "EXPENSE",
        "createdAt": "2023-01-16T22:01:01.380Z",
        "updatedAt": "2023-01-16T22:01:01.380Z",
        "amount": {
            "value": -2.66,
            "currency": "USD",
            "valueInCents": -266
        }
    },
    {
        "id": "75b86377-44ec-431e-896d-1c448ee98b44",
        "uuid": "75b86377-44ec-431e-896d-1c448ee98b44",
        "type": "DEBIT",
        "kind": "HOST_FEE",
        "createdAt": "2023-01-13T10:07:17.466Z",
        "updatedAt": "2023-01-13T10:07:17.466Z",
        "amount": {
            "value": -0.5,
            "currency": "USD",
            "valueInCents": -50
        }
    },
    {
        "id": "a8cfd4a8-5da2-43c9-89e2-46f5108e9370",
        "uuid": "a8cfd4a8-5da2-43c9-89e2-46f5108e9370",
        "type": "CREDIT",
        "kind": "CONTRIBUTION",
        "createdAt": "2023-01-13T10:07:17.543Z",
        "updatedAt": "2023-01-13T10:07:17.543Z",
        "amount": {
            "value": 5,
            "currency": "USD",
            "valueInCents": 500
        }
    },
    {
        "id": "f00aa495-03b0-4614-9e4b-89d4449c1565",
        "uuid": "f00aa495-03b0-4614-9e4b-89d4449c1565",
        "type": "DEBIT",
        "kind": "EXPENSE",
        "createdAt": "2022-12-15T23:01:25.806Z",
        "updatedAt": "2022-12-15T23:01:25.806Z",
        "amount": {
            "value": -2.66,
            "currency": "USD",
            "valueInCents": -266
        }
    },
    {
        "id": "b1b4e5b3-44cb-4976-8a4c-99ca32b03986",
        "uuid": "b1b4e5b3-44cb-4976-8a4c-99ca32b03986",
        "type": "DEBIT",
        "kind": "HOST_FEE",
        "createdAt": "2022-12-13T10:38:05.765Z",
        "updatedAt": "2022-12-13T10:38:05.765Z",
        "amount": {
            "value": -0.5,
            "currency": "USD",
            "valueInCents": -50
        }
    },
    {
        "id": "0ebeb7b6-3582-4f0b-b793-7d45e3b79958",
        "uuid": "0ebeb7b6-3582-4f0b-b793-7d45e3b79958",
        "type": "CREDIT",
        "kind": "CONTRIBUTION",
        "createdAt": "2022-12-13T10:38:05.846Z",
        "updatedAt": "2022-12-13T10:38:05.846Z",
        "amount": {
            "value": 5,
            "currency": "USD",
            "valueInCents": 500
        }
    },
    {
        "id": "57c81fe1-5936-4717-afee-1ce8d7a721e7",
        "uuid": "57c81fe1-5936-4717-afee-1ce8d7a721e7",
        "type": "DEBIT",
        "kind": "EXPENSE",
        "createdAt": "2022-11-17T22:02:20.154Z",
        "updatedAt": "2022-11-17T22:02:20.154Z",
        "amount": {
            "value": -2.67,
            "currency": "USD",
            "valueInCents": -267
        }
    },
    {
        "id": "d3ee6076-2c13-4eca-8579-93f8868d4dbd",
        "uuid": "d3ee6076-2c13-4eca-8579-93f8868d4dbd",
        "type": "DEBIT",
        "kind": "EXPENSE",
        "createdAt": "2022-11-17T22:02:20.015Z",
        "updatedAt": "2022-11-17T22:02:20.015Z",
        "amount": {
            "value": -2.66,
            "currency": "USD",
            "valueInCents": -266
        }
    },
    {
        "id": "04f41e22-7985-4e96-a114-845671843a6a",
        "uuid": "04f41e22-7985-4e96-a114-845671843a6a",
        "type": "DEBIT",
        "kind": "EXPENSE",
        "createdAt": "2022-11-17T22:02:19.686Z",
        "updatedAt": "2022-11-17T22:02:19.686Z",
        "amount": {
            "value": -2.66,
            "currency": "USD",
            "valueInCents": -266
        }
    },
    {
        "id": "d1bcb634-bd81-4e7d-9afc-15ad43f31c08",
        "uuid": "d1bcb634-bd81-4e7d-9afc-15ad43f31c08",
        "type": "DEBIT",
        "kind": "HOST_FEE",
        "createdAt": "2022-11-13T11:28:42.331Z",
        "updatedAt": "2022-11-13T11:28:42.331Z",
        "amount": {
            "value": -0.5,
            "currency": "USD",
            "valueInCents": -50
        }
    },
    {
        "id": "28240edb-8bab-4f52-9404-fb38ec8356be",
        "uuid": "28240edb-8bab-4f52-9404-fb38ec8356be",
        "type": "CREDIT",
        "kind": "CONTRIBUTION",
        "createdAt": "2022-11-13T11:28:42.418Z",
        "updatedAt": "2022-11-13T11:28:42.418Z",
        "amount": {
            "value": 5,
            "currency": "USD",
            "valueInCents": 500
        }
    },
    {
        "id": "6b8b980c-cfcd-4660-8199-a642afa2b623",
        "uuid": "6b8b980c-cfcd-4660-8199-a642afa2b623",
        "type": "DEBIT",
        "kind": "HOST_FEE",
        "createdAt": "2022-10-13T11:03:40.319Z",
        "updatedAt": "2022-10-13T11:03:40.319Z",
        "amount": {
            "value": -0.5,
            "currency": "USD",
            "valueInCents": -50
        }
    },
    {
        "id": "7bbb8a5b-5275-4fde-933a-d298ae009e1d",
        "uuid": "7bbb8a5b-5275-4fde-933a-d298ae009e1d",
        "type": "CREDIT",
        "kind": "CONTRIBUTION",
        "createdAt": "2022-10-13T11:03:40.398Z",
        "updatedAt": "2022-10-13T11:03:40.398Z",
        "amount": {
            "value": 5,
            "currency": "USD",
            "valueInCents": 500
        }
    },
    {
        "id": "f0ffaeca-1a20-46ee-bbd8-d253a5b90eb0",
        "uuid": "f0ffaeca-1a20-46ee-bbd8-d253a5b90eb0",
        "type": "DEBIT",
        "kind": "EXPENSE",
        "createdAt": "2022-09-19T16:44:07.292Z",
        "updatedAt": "2022-09-19T16:44:07.292Z",
        "amount": {
            "value": -2.66,
            "currency": "USD",
            "valueInCents": -266
        }
    },
    {
        "id": "66a02245-b977-469a-a816-18210bc5f0e3",
        "uuid": "66a02245-b977-469a-a816-18210bc5f0e3",
        "type": "DEBIT",
        "kind": "HOST_FEE",
        "createdAt": "2022-09-13T23:52:11.413Z",
        "updatedAt": "2022-09-13T23:52:11.413Z",
        "amount": {
            "value": -0.5,
            "currency": "USD",
            "valueInCents": -50
        }
    },
    {
        "id": "bee1d473-b1a8-4b69-8e10-5f106eb295d0",
        "uuid": "bee1d473-b1a8-4b69-8e10-5f106eb295d0",
        "type": "CREDIT",
        "kind": "CONTRIBUTION",
        "createdAt": "2022-09-13T23:52:11.480Z",
        "updatedAt": "2022-09-13T23:52:11.480Z",
        "amount": {
            "value": 5,
            "currency": "USD",
            "valueInCents": 500
        }
    }
]