[
    {
        "id": "e305674e-93f3-4aa5-80b7-d513f48831fb",
        "uuid": "e305674e-93f3-4aa5-80b7-d513f48831fb",
        "type": "CREDIT",
        "kind": "ADDED_FUNDS",
        "createdAt": "2022-10-28T09:05:48.313Z",
        "updatedAt": "2022-10-28T09:05:48.313Z",
        "amount": {
            "value": 15,
            "currency": "EUR",
            "valueInCents": 1500
        }
    },
    {
        "id": "c78248a2-b308-49dd-b2fc-136a70d7db00",
        "uuid": "c78248a2-b308-49dd-b2fc-136a70d7db00",
        "type": "CREDIT",
        "kind": "ADDED_FUNDS",
        "createdAt": "2022-10-28T07:58:34.239Z",
        "updatedAt": "2022-10-28T07:58:34.239Z",
        "amount": {
            "value": 250,
            "currency": "EUR",
            "valueInCents": 25000
        }
    },
    {
        "id": "1c88f573-8e42-40d7-bb0a-d0479983ca1b",
        "uuid": "1c88f573-8e42-40d7-bb0a-d0479983ca1b",
        "type": "CREDIT",
        "kind": "ADDED_FUNDS",
        "createdAt": "2022-10-28T01:25:20.726Z",
        "updatedAt": "2022-10-28T01:25:20.726Z",
        "amount": {
            "value": 80,
            "currency": "EUR",
            "valueInCents": 8000
        }
    },
    {
        "id": "b6198aeb-0dc9-4452-8c44-caefeb7ee8fb",
        "uuid": "b6198aeb-0dc9-4452-8c44-caefeb7ee8fb",
        "type": "CREDIT",
        "kind": "ADDED_FUNDS",
        "createdAt": "2022-08-26T03:34:53.177Z",
        "updatedAt": "2022-08-26T03:34:53.177Z",
        "amount": {
            "value": 1000,
            "currency": "EUR",
            "valueInCents": 100000
        }
    },
    {
        "id": "a77b8f56-0fd4-442a-91c9-69336bd0a770",
        "uuid": "a77b8f56-0fd4-442a-91c9-69336bd0a770",
        "type": "CREDIT",
        "kind": "ADDED_FUNDS",
        "createdAt": "2022-08-26T03:33:44.185Z",
        "updatedAt": "2022-08-26T03:33:44.185Z",
        "amount": {
            "value": 50,
            "currency": "EUR",
            "valueInCents": 5000
        }
    },
    {
        "id": "681a4ea3-4ac1-4ccb-b9a3-66c109872c86",
        "uuid": "681a4ea3-4ac1-4ccb-b9a3-66c109872c86",
        "type": "CREDIT",
        "kind": "CONTRIBUTION",
        "createdAt": "2022-08-26T02:53:12.990Z",
        "updatedAt": "2022-08-26T02:53:12.990Z",
        "amount": {
            "value": 5,
            "currency": "EUR",
            "valueInCents": 500
        }
    },
    {
        "id": "bfbd99a7-ada2-4f49-95fe-5c259cf3146a",
        "uuid": "bfbd99a7-ada2-4f49-95fe-5c259cf3146a",
        "type": "CREDIT",
        "kind": "CONTRIBUTION",
        "createdAt": "2022-08-26T01:22:46.918Z",
        "updatedAt": "2022-08-26T01:22:46.918Z",
        "amount": {
            "value": 5,
            "currency": "EUR",
            "valueInCents": 500
        }
    },
    {
        "id": "485d1598-4b6d-41e5-8e1e-5da166bf6348",
        "uuid": "485d1598-4b6d-41e5-8e1e-5da166bf6348",
        "type": "CREDIT",
        "kind": "CONTRIBUTION",
        "createdAt": "2022-08-26T00:33:46.370Z",
        "updatedAt": "2022-08-26T00:33:46.370Z",
        "amount": {
            "value": 5,
            "currency": "EUR",
            "valueInCents": 500
        }
    },
    {
        "id": "14070511-a8f0-4643-bada-d1ad978bf549",
        "uuid": "14070511-a8f0-4643-bada-d1ad978bf549",
        "type": "CREDIT",
        "kind": "CONTRIBUTION",
        "createdAt": "2022-08-21T03:33:12.688Z",
        "updatedAt": "2022-08-21T03:33:12.688Z",
        "amount": {
            "value": 5,
            "currency": "EUR",
            "valueInCents": 500
        }
    },
    {
        "id": "0d816828-8606-4a41-9da4-bc0ea8b76511",
        "uuid": "0d816828-8606-4a41-9da4-bc0ea8b76511",
        "type": "CREDIT",
        "kind": "CONTRIBUTION",
        "createdAt": "2022-08-20T23:08:34.316Z",
        "updatedAt": "2022-08-20T23:08:34.316Z",
        "amount": {
            "value": 5,
            "currency": "EUR",
            "valueInCents": 500
        }
    },
    {
        "id": "14046bb1-b4de-4331-8988-e65fefa21b40",
        "uuid": "14046bb1-b4de-4331-8988-e65fefa21b40",
        "type": "CREDIT",
        "kind": "CONTRIBUTION",
        "createdAt": "2022-08-20T23:06:09.213Z",
        "updatedAt": "2022-08-20T23:06:09.213Z",
        "amount": {
            "value": 5,
            "currency": "EUR",
            "valueInCents": 500
        }
    },
    {
        "id": "29ffaa1e-bb83-4618-8132-6f85f46cb5b3",
        "uuid": "29ffaa1e-bb83-4618-8132-6f85f46cb5b3",
        "type": "CREDIT",
        "kind": "CONTRIBUTION",
        "createdAt": "2022-06-13T11:50:09.275Z",
        "updatedAt": "2022-06-13T11:50:09.275Z",
        "amount": {
            "value": 100,
            "currency": "EUR",
            "valueInCents": 10000
        }
    },
    {
        "id": "5c5ca2ff-f082-4187-af5e-0c3676f6d731",
        "uuid": "5c5ca2ff-f082-4187-af5e-0c3676f6d731",
        "type": "CREDIT",
        "kind": "CONTRIBUTION",
        "createdAt": "2022-06-13T11:48:01.211Z",
        "updatedAt": "2022-06-13T11:48:01.211Z",
        "amount": {
            "value": 5,
            "currency": "EUR",
            "valueInCents": 500
        }
    },
    {
        "id": "6959ff36-c395-458b-bc46-d2617bd5f101",
        "uuid": "6959ff36-c395-458b-bc46-d2617bd5f101",
        "type": "DEBIT",
        "kind": "ADDED_FUNDS",
        "createdAt": "2022-06-07T20:31:25.061Z",
        "updatedAt": "2022-06-07T20:31:25.061Z",
        "amount": {
            "value": -10000,
            "currency": "EUR",
            "valueInCents": -1000000
        }
    },
    {
        "id": "86da7400-533e-47da-86bd-074398f781f4",
        "uuid": "86da7400-533e-47da-86bd-074398f781f4",
        "type": "CREDIT",
        "kind": "ADDED_FUNDS",
        "createdAt": "2022-01-14T02:17:03.679Z",
        "updatedAt": "2022-01-14T02:17:03.679Z",
        "amount": {
            "value": 10000,
            "currency": "EUR",
            "valueInCents": 1000000
        }
    }
]