[
    {
        "id": "ccb786fa-aaf8-4b98-989a-1210c0d27822",
        "uuid": "ccb786fa-aaf8-4b98-989a-1210c0d27822",
        "type": "CREDIT",
        "kind": "CONTRIBUTION",
        "createdAt": "2019-10-27T05:01:27.723Z",
        "updatedAt": "2019-10-27T05:01:27.723Z",
        "amount": {
            "value": 1,
            "currency": "USD",
            "valueInCents": 100
        }
    },
    {
        "id": "39e597a8-67b6-4817-b8e1-b69b6f7e1292",
        "uuid": "39e597a8-67b6-4817-b8e1-b69b6f7e1292",
        "type": "CREDIT",
        "kind": "CONTRIBUTION",
        "createdAt": "2019-09-27T05:01:14.347Z",
        "updatedAt": "2019-09-27T05:01:14.347Z",
        "amount": {
            "value": 1,
            "currency": "USD",
            "valueInCents": 100
        }
    },
    {
        "id": "95c5c60d-e16c-4403-828c-f06401fac649",
        "uuid": "95c5c60d-e16c-4403-828c-f06401fac649",
        "type": "CREDIT",
        "kind": "CONTRIBUTION",
        "createdAt": "2019-08-27T05:01:37.484Z",
        "updatedAt": "2019-08-27T05:01:37.484Z",
        "amount": {
            "value": 1,
            "currency": "USD",
            "valueInCents": 100
        }
    },
    {
        "id": "0d48ce12-c83f-4833-bbe3-eba5729f86f0",
        "uuid": "0d48ce12-c83f-4833-bbe3-eba5729f86f0",
        "type": "CREDIT",
        "kind": "CONTRIBUTION",
        "createdAt": "2019-07-27T05:01:06.448Z",
        "updatedAt": "2019-07-27T05:01:06.448Z",
        "amount": {
            "value": 1,
            "currency": "USD",
            "valueInCents": 100
        }
    },
    {
        "id": "ada6c6de-d54b-473e-b44e-26c6f135d89c",
        "uuid": "ada6c6de-d54b-473e-b44e-26c6f135d89c",
        "type": "CREDIT",
        "kind": "CONTRIBUTION",
        "createdAt": "2019-06-27T05:00:25.094Z",
        "updatedAt": "2019-06-27T05:00:25.094Z",
        "amount": {
            "value": 1,
            "currency": "USD",
            "valueInCents": 100
        }
    },
    {
        "id": "471fd27c-166a-4701-abb4-4cd6ece03652",
        "uuid": "471fd27c-166a-4701-abb4-4cd6ece03652",
        "type": "CREDIT",
        "kind": "CONTRIBUTION",
        "createdAt": "2019-05-27T05:00:52.154Z",
        "updatedAt": "2019-05-27T05:00:52.154Z",
        "amount": {
            "value": 1,
            "currency": "USD",
            "valueInCents": 100
        }
    },
    {
        "id": "3c00e271-1b2b-44f7-9f8c-8b5e0ce1952f",
        "uuid": "3c00e271-1b2b-44f7-9f8c-8b5e0ce1952f",
        "type": "CREDIT",
        "kind": "CONTRIBUTION",
        "createdAt": "2019-04-27T05:00:59.462Z",
        "updatedAt": "2019-04-27T05:00:59.462Z",
        "amount": {
            "value": 1,
            "currency": "USD",
            "valueInCents": 100
        }
    },
    {
        "id": "991f69ba-3a46-4d02-874c-3b8e3325e9b1",
        "uuid": "991f69ba-3a46-4d02-874c-3b8e3325e9b1",
        "type": "CREDIT",
        "kind": "CONTRIBUTION",
        "createdAt": "2019-03-27T05:01:39.287Z",
        "updatedAt": "2019-03-27T05:01:39.287Z",
        "amount": {
            "value": 1,
            "currency": "USD",
            "valueInCents": 100
        }
    },
    {
        "id": "e0b59fe1-17e1-4594-8a63-ec7b7da9d694",
        "uuid": "e0b59fe1-17e1-4594-8a63-ec7b7da9d694",
        "type": "CREDIT",
        "kind": "CONTRIBUTION",
        "createdAt": "2019-02-27T05:01:24.858Z",
        "updatedAt": "2019-02-27T05:01:24.858Z",
        "amount": {
            "value": 1,
            "currency": "USD",
            "valueInCents": 100
        }
    },
    {
        "id": "5019a7c8-fa8b-401e-b8af-838efd5bec6b",
        "uuid": "5019a7c8-fa8b-401e-b8af-838efd5bec6b",
        "type": "CREDIT",
        "kind": "CONTRIBUTION",
        "createdAt": "2019-01-27T05:01:38.152Z",
        "updatedAt": "2019-01-27T05:01:38.152Z",
        "amount": {
            "value": 1,
            "currency": "USD",
            "valueInCents": 100
        }
    },
    {
        "id": "6a08df5f-2574-4914-9693-8f2b61cecb3e",
        "uuid": "6a08df5f-2574-4914-9693-8f2b61cecb3e",
        "type": "CREDIT",
        "kind": "CONTRIBUTION",
        "createdAt": "2018-12-27T05:01:45.643Z",
        "updatedAt": "2018-12-27T05:01:45.643Z",
        "amount": {
            "value": 1,
            "currency": "USD",
            "valueInCents": 100
        }
    },
    {
        "id": "2fa9a6f4-4aa0-42b2-b038-cddc9f7a41f9",
        "uuid": "2fa9a6f4-4aa0-42b2-b038-cddc9f7a41f9",
        "type": "CREDIT",
        "kind": "CONTRIBUTION",
        "createdAt": "2018-11-27T05:00:58.061Z",
        "updatedAt": "2018-11-27T05:00:58.061Z",
        "amount": {
            "value": 1,
            "currency": "USD",
            "valueInCents": 100
        }
    },
    {
        "id": "952e4201-e687-4964-bcdc-23fd4af9ee4e",
        "uuid": "952e4201-e687-4964-bcdc-23fd4af9ee4e",
        "type": "CREDIT",
        "kind": "CONTRIBUTION",
        "createdAt": "2018-10-27T05:01:09.546Z",
        "updatedAt": "2018-10-27T05:01:09.546Z",
        "amount": {
            "value": 1,
            "currency": "USD",
            "valueInCents": 100
        }
    },
    {
        "id": "a6aece78-bf14-4154-aaa2-cd7cea3ea50f",
        "uuid": "a6aece78-bf14-4154-aaa2-cd7cea3ea50f",
        "type": "CREDIT",
        "kind": "CONTRIBUTION",
        "createdAt": "2018-09-27T05:00:28.415Z",
        "updatedAt": "2018-09-27T05:00:28.415Z",
        "amount": {
            "value": 1,
            "currency": "USD",
            "valueInCents": 100
        }
    },
    {
        "id": "7bd4ff12-f284-4704-baea-9a56367ada1e",
        "uuid": "7bd4ff12-f284-4704-baea-9a56367ada1e",
        "type": "CREDIT",
        "kind": "CONTRIBUTION",
        "createdAt": "2018-08-27T05:01:36.169Z",
        "updatedAt": "2018-08-27T05:01:36.169Z",
        "amount": {
            "value": 1,
            "currency": "USD",
            "valueInCents": 100
        }
    },
    {
        "id": "fa1724c3-7585-4134-9de1-52705d1f5a2b",
        "uuid": "fa1724c3-7585-4134-9de1-52705d1f5a2b",
        "type": "DEBIT",
        "kind": "EXPENSE",
        "createdAt": "2018-08-12T23:21:21.932Z",
        "updatedAt": "2018-08-12T23:21:21.932Z",
        "amount": {
            "value": -30,
            "currency": "USD",
            "valueInCents": -3000
        }
    },
    {
        "id": "bd2fbfae-083c-4a76-8c4f-049189e6cd1c",
        "uuid": "bd2fbfae-083c-4a76-8c4f-049189e6cd1c",
        "type": "CREDIT",
        "kind": "CONTRIBUTION",
        "createdAt": "2018-07-27T05:01:06.538Z",
        "updatedAt": "2018-07-27T05:01:06.538Z",
        "amount": {
            "value": 1,
            "currency": "USD",
            "valueInCents": 100
        }
    },
    {
        "id": "ead4c68a-ad68-4c57-8232-d7cf4ccc548b",
        "uuid": "ead4c68a-ad68-4c57-8232-d7cf4ccc548b",
        "type": "CREDIT",
        "kind": "CONTRIBUTION",
        "createdAt": "2018-06-27T05:01:19.969Z",
        "updatedAt": "2018-06-27T05:01:19.969Z",
        "amount": {
            "value": 1,
            "currency": "USD",
            "valueInCents": 100
        }
    },
    {
        "id": "4bc03228-6bb2-4bf5-b3a9-f4adb2aab247",
        "uuid": "4bc03228-6bb2-4bf5-b3a9-f4adb2aab247",
        "type": "CREDIT",
        "kind": "CONTRIBUTION",
        "createdAt": "2018-05-27T05:00:39.217Z",
        "updatedAt": "2018-05-27T05:00:39.217Z",
        "amount": {
            "value": 1,
            "currency": "USD",
            "valueInCents": 100
        }
    },
    {
        "id": "deebf335-da42-4cc9-b5d8-7bfb0c5eaf7e",
        "uuid": "deebf335-da42-4cc9-b5d8-7bfb0c5eaf7e",
        "type": "CREDIT",
        "kind": "CONTRIBUTION",
        "createdAt": "2018-04-27T05:01:55.314Z",
        "updatedAt": "2018-04-27T05:01:55.314Z",
        "amount": {
            "value": 1,
            "currency": "USD",
            "valueInCents": 100
        }
    },
    {
        "id": "fce34fb9-e915-4fe3-a5db-39dbe72d71f5",
        "uuid": "fce34fb9-e915-4fe3-a5db-39dbe72d71f5",
        "type": "CREDIT",
        "kind": "CONTRIBUTION",
        "createdAt": "2018-03-26T15:44:56.952Z",
        "updatedAt": "2018-03-26T15:44:56.952Z",
        "amount": {
            "value": 1,
            "currency": "USD",
            "valueInCents": 100
        }
    },
    {
        "id": "e541da30-7b0a-4cec-b6b4-5d5428930c1a",
        "uuid": "e541da30-7b0a-4cec-b6b4-5d5428930c1a",
        "type": "CREDIT",
        "kind": "CONTRIBUTION",
        "createdAt": "2018-02-27T19:56:29.244Z",
        "updatedAt": "2018-02-27T19:56:29.244Z",
        "amount": {
            "value": 1,
            "currency": "USD",
            "valueInCents": 100
        }
    },
    {
        "id": "a3618946-1603-477c-a1c2-78bb5430c857",
        "uuid": "a3618946-1603-477c-a1c2-78bb5430c857",
        "type": "CREDIT",
        "kind": "CONTRIBUTION",
        "createdAt": "2018-01-26T16:23:43.537Z",
        "updatedAt": "2018-01-26T16:23:43.537Z",
        "amount": {
            "value": 1,
            "currency": "USD",
            "valueInCents": 100
        }
    },
    {
        "id": "5030a215-e050-4541-8a14-e40507f16953",
        "uuid": "5030a215-e050-4541-8a14-e40507f16953",
        "type": "CREDIT",
        "kind": "CONTRIBUTION",
        "createdAt": "2017-12-29T16:24:44.770Z",
        "updatedAt": "2017-12-29T16:24:44.770Z",
        "amount": {
            "value": 1,
            "currency": "USD",
            "valueInCents": 100
        }
    },
    {
        "id": "1e78f228-ece4-48e9-a53f-6d5d8fb9f2f2",
        "uuid": "1e78f228-ece4-48e9-a53f-6d5d8fb9f2f2",
        "type": "CREDIT",
        "kind": "CONTRIBUTION",
        "createdAt": "2017-11-26T16:23:54.219Z",
        "updatedAt": "2017-11-26T16:23:54.219Z",
        "amount": {
            "value": 1,
            "currency": "USD",
            "valueInCents": 100
        }
    },
    {
        "id": "3b45974a-087b-41e1-95aa-a4a616216a37",
        "uuid": "3b45974a-087b-41e1-95aa-a4a616216a37",
        "type": "CREDIT",
        "kind": "CONTRIBUTION",
        "createdAt": "2017-10-26T16:25:22.930Z",
        "updatedAt": "2017-10-26T16:25:22.930Z",
        "amount": {
            "value": 1,
            "currency": "USD",
            "valueInCents": 100
        }
    },
    {
        "id": "ff7d2c00-3b29-4bed-af0e-768be2f78af2",
        "uuid": "ff7d2c00-3b29-4bed-af0e-768be2f78af2",
        "type": "CREDIT",
        "kind": "CONTRIBUTION",
        "createdAt": "2017-09-26T16:22:50.086Z",
        "updatedAt": "2017-09-26T16:22:50.086Z",
        "amount": {
            "value": 1,
            "currency": "USD",
            "valueInCents": 100
        }
    },
    {
        "id": "7259c0fd-5015-4a4e-bed8-646df7183757",
        "uuid": "7259c0fd-5015-4a4e-bed8-646df7183757",
        "type": "CREDIT",
        "kind": "CONTRIBUTION",
        "createdAt": "2017-08-29T16:26:58.946Z",
        "updatedAt": "2017-08-29T16:26:58.946Z",
        "amount": {
            "value": 1,
            "currency": "USD",
            "valueInCents": 100
        }
    },
    {
        "id": "b227b87d-9508-4f94-a85d-9565b2d67e85",
        "uuid": "b227b87d-9508-4f94-a85d-9565b2d67e85",
        "type": "CREDIT",
        "kind": "CONTRIBUTION",
        "createdAt": "2017-07-26T16:23:34.115Z",
        "updatedAt": "2017-07-26T16:23:34.115Z",
        "amount": {
            "value": 1,
            "currency": "USD",
            "valueInCents": 100
        }
    },
    {
        "id": "ab6bd6a9-d8d0-41d8-a18b-99831990dff2",
        "uuid": "ab6bd6a9-d8d0-41d8-a18b-99831990dff2",
        "type": "CREDIT",
        "kind": "CONTRIBUTION",
        "createdAt": "2017-07-17T18:15:25.743Z",
        "updatedAt": "2017-07-17T18:15:25.743Z",
        "amount": {
            "value": 5,
            "currency": "USD",
            "valueInCents": 500
        }
    },
    {
        "id": "fbe2f4c0-0a6a-40d5-ab05-13030b64cb4d",
        "uuid": "fbe2f4c0-0a6a-40d5-ab05-13030b64cb4d",
        "type": "CREDIT",
        "kind": "CONTRIBUTION",
        "createdAt": "2017-06-26T16:23:13.601Z",
        "updatedAt": "2017-06-26T16:23:13.601Z",
        "amount": {
            "value": 1,
            "currency": "USD",
            "valueInCents": 100
        }
    },
    {
        "id": "d66d4981-4a6d-484a-997f-c8e27d56ffc7",
        "uuid": "d66d4981-4a6d-484a-997f-c8e27d56ffc7",
        "type": "CREDIT",
        "kind": "CONTRIBUTION",
        "createdAt": "2017-05-26T16:22:29.256Z",
        "updatedAt": "2017-05-26T16:22:29.256Z",
        "amount": {
            "value": 1,
            "currency": "USD",
            "valueInCents": 100
        }
    },
    {
        "id": "41c5f57c-e548-489b-a33b-26cafb089abc",
        "uuid": "41c5f57c-e548-489b-a33b-26cafb089abc",
        "type": "CREDIT",
        "kind": "CONTRIBUTION",
        "createdAt": "2017-04-26T16:23:26.827Z",
        "updatedAt": "2017-04-26T16:23:26.827Z",
        "amount": {
            "value": 1,
            "currency": "USD",
            "valueInCents": 100
        }
    },
    {
        "id": "48f0d204-b408-4f54-8030-6f35150ef228",
        "uuid": "48f0d204-b408-4f54-8030-6f35150ef228",
        "type": "CREDIT",
        "kind": "CONTRIBUTION",
        "createdAt": "2017-03-26T16:23:00.460Z",
        "updatedAt": "2017-03-26T16:23:00.460Z",
        "amount": {
            "value": 1,
            "currency": "USD",
            "valueInCents": 100
        }
    },
    {
        "id": "f3de9374-bc85-4341-92ba-4a2aa8b29eca",
        "uuid": "f3de9374-bc85-4341-92ba-4a2aa8b29eca",
        "type": "CREDIT",
        "kind": "CONTRIBUTION",
        "createdAt": "2017-02-26T16:23:12.396Z",
        "updatedAt": "2017-02-26T16:23:12.396Z",
        "amount": {
            "value": 1,
            "currency": "USD",
            "valueInCents": 100
        }
    },
    {
        "id": "dc67f442-fb77-4c64-9a67-c0be58316cf6",
        "uuid": "dc67f442-fb77-4c64-9a67-c0be58316cf6",
        "type": "CREDIT",
        "kind": "CONTRIBUTION",
        "createdAt": "2017-01-26T16:23:20.438Z",
        "updatedAt": "2017-01-26T16:23:20.438Z",
        "amount": {
            "value": 1,
            "currency": "USD",
            "valueInCents": 100
        }
    },
    {
        "id": "c6791f5d-9888-406d-9e2f-b5abbecbd7fc",
        "uuid": "c6791f5d-9888-406d-9e2f-b5abbecbd7fc",
        "type": "CREDIT",
        "kind": "CONTRIBUTION",
        "createdAt": "2016-12-26T16:22:35.132Z",
        "updatedAt": "2016-12-26T16:22:35.132Z",
        "amount": {
            "value": 1,
            "currency": "USD",
            "valueInCents": 100
        }
    },
    {
        "id": "de4909a4-67af-4d93-99a1-812208602225",
        "uuid": "de4909a4-67af-4d93-99a1-812208602225",
        "type": "CREDIT",
        "kind": "CONTRIBUTION",
        "createdAt": "2016-11-26T16:22:46.673Z",
        "updatedAt": "2016-11-26T16:22:46.673Z",
        "amount": {
            "value": 1,
            "currency": "USD",
            "valueInCents": 100
        }
    },
    {
        "id": "400ecdf7-e0f0-4a2c-b514-0e8f6136b23e",
        "uuid": "400ecdf7-e0f0-4a2c-b514-0e8f6136b23e",
        "type": "CREDIT",
        "kind": "CONTRIBUTION",
        "createdAt": "2016-11-03T02:40:12.993Z",
        "updatedAt": "2016-11-03T02:40:12.993Z",
        "amount": {
            "value": 1,
            "currency": "USD",
            "valueInCents": 100
        }
    },
    {
        "id": "3d2fc80d-f6c3-4321-9bde-6559517435de",
        "uuid": "3d2fc80d-f6c3-4321-9bde-6559517435de",
        "type": "CREDIT",
        "kind": "CONTRIBUTION",
        "createdAt": "2016-10-26T16:23:18.682Z",
        "updatedAt": "2016-10-26T16:23:18.682Z",
        "amount": {
            "value": 1,
            "currency": "USD",
            "valueInCents": 100
        }
    },
    {
        "id": "5e0df2f9-62ad-4085-bddc-1c18444643dd",
        "uuid": "5e0df2f9-62ad-4085-bddc-1c18444643dd",
        "type": "CREDIT",
        "kind": "CONTRIBUTION",
        "createdAt": "2016-10-10T05:59:55.749Z",
        "updatedAt": "2016-10-10T05:59:55.749Z",
        "amount": {
            "value": 1,
            "currency": "USD",
            "valueInCents": 100
        }
    },
    {
        "id": "94b2f914-fcd8-4da2-8083-b23f1810f27e",
        "uuid": "94b2f914-fcd8-4da2-8083-b23f1810f27e",
        "type": "CREDIT",
        "kind": "CONTRIBUTION",
        "createdAt": "2016-10-03T02:43:30.367Z",
        "updatedAt": "2016-10-03T02:43:30.367Z",
        "amount": {
            "value": 1,
            "currency": "USD",
            "valueInCents": 100
        }
    },
    {
        "id": "9d22c417-9765-4133-a7f7-ff89f59ccd47",
        "uuid": "9d22c417-9765-4133-a7f7-ff89f59ccd47",
        "type": "CREDIT",
        "kind": "CONTRIBUTION",
        "createdAt": "2016-09-26T16:23:15.250Z",
        "updatedAt": "2016-09-26T16:23:15.250Z",
        "amount": {
            "value": 1,
            "currency": "USD",
            "valueInCents": 100
        }
    },
    {
        "id": "8aeb1189-47d1-433b-915f-9bf292b4a8dd",
        "uuid": "8aeb1189-47d1-433b-915f-9bf292b4a8dd",
        "type": "CREDIT",
        "kind": "CONTRIBUTION",
        "createdAt": "2016-09-10T06:00:43.539Z",
        "updatedAt": "2016-09-10T06:00:43.539Z",
        "amount": {
            "value": 1,
            "currency": "USD",
            "valueInCents": 100
        }
    },
    {
        "id": "01ca593d-5559-4ad2-8c31-256b991dc2c7",
        "uuid": "01ca593d-5559-4ad2-8c31-256b991dc2c7",
        "type": "CREDIT",
        "kind": "CONTRIBUTION",
        "createdAt": "2016-09-03T02:44:16.345Z",
        "updatedAt": "2016-09-03T02:44:16.345Z",
        "amount": {
            "value": 1,
            "currency": "USD",
            "valueInCents": 100
        }
    },
    {
        "id": "532ad29f-9bd5-4fbc-962b-9f2c7860b3db",
        "uuid": "532ad29f-9bd5-4fbc-962b-9f2c7860b3db",
        "type": "CREDIT",
        "kind": "CONTRIBUTION",
        "createdAt": "2016-08-26T16:23:09.440Z",
        "updatedAt": "2016-08-26T16:23:09.440Z",
        "amount": {
            "value": 1,
            "currency": "USD",
            "valueInCents": 100
        }
    },
    {
        "id": "2e6d5a96-8e6a-4fb2-ad21-402aeb42e975",
        "uuid": "2e6d5a96-8e6a-4fb2-ad21-402aeb42e975",
        "type": "CREDIT",
        "kind": "CONTRIBUTION",
        "createdAt": "2016-08-13T17:41:34.804Z",
        "updatedAt": "2016-08-13T17:41:34.804Z",
        "amount": {
            "value": 2,
            "currency": "USD",
            "valueInCents": 200
        }
    },
    {
        "id": "948f46da-c986-40bb-8446-61ffb4bc79e0",
        "uuid": "948f46da-c986-40bb-8446-61ffb4bc79e0",
        "type": "CREDIT",
        "kind": "CONTRIBUTION",
        "createdAt": "2016-08-10T05:55:40.620Z",
        "updatedAt": "2016-08-10T05:55:40.620Z",
        "amount": {
            "value": 1,
            "currency": "USD",
            "valueInCents": 100
        }
    },
    {
        "id": "bc92b4af-7345-44f5-ac57-88bc704391ca",
        "uuid": "bc92b4af-7345-44f5-ac57-88bc704391ca",
        "type": "CREDIT",
        "kind": "CONTRIBUTION",
        "createdAt": "2016-08-10T03:10:17.067Z",
        "updatedAt": "2016-08-10T03:10:17.067Z",
        "amount": {
            "value": 1,
            "currency": "USD",
            "valueInCents": 100
        }
    },
    {
        "id": "1725e5ba-273b-4d9f-b502-df05afe03582",
        "uuid": "1725e5ba-273b-4d9f-b502-df05afe03582",
        "type": "CREDIT",
        "kind": "CONTRIBUTION",
        "createdAt": "2016-08-03T02:42:11.983Z",
        "updatedAt": "2016-08-03T02:42:11.983Z",
        "amount": {
            "value": 1,
            "currency": "USD",
            "valueInCents": 100
        }
    },
    {
        "id": "e8c253d3-07c7-48b3-b405-eeaa7ebbadc3",
        "uuid": "e8c253d3-07c7-48b3-b405-eeaa7ebbadc3",
        "type": "CREDIT",
        "kind": "CONTRIBUTION",
        "createdAt": "2016-07-26T16:24:01.317Z",
        "updatedAt": "2016-07-26T16:24:01.317Z",
        "amount": {
            "value": 1,
            "currency": "USD",
            "valueInCents": 100
        }
    },
    {
        "id": "bf4c3269-4c7b-4684-b7c6-76dab8491a3a",
        "uuid": "bf4c3269-4c7b-4684-b7c6-76dab8491a3a",
        "type": "CREDIT",
        "kind": "CONTRIBUTION",
        "createdAt": "2016-07-10T05:56:06.881Z",
        "updatedAt": "2016-07-10T05:56:06.881Z",
        "amount": {
            "value": 1,
            "currency": "USD",
            "valueInCents": 100
        }
    },
    {
        "id": "ad512617-12cd-4fd2-8e83-a711460621e7",
        "uuid": "ad512617-12cd-4fd2-8e83-a711460621e7",
        "type": "CREDIT",
        "kind": "CONTRIBUTION",
        "createdAt": "2016-07-04T03:07:29.559Z",
        "updatedAt": "2016-07-04T03:07:29.559Z",
        "amount": {
            "value": 1,
            "currency": "USD",
            "valueInCents": 100
        }
    },
    {
        "id": "0ab4161e-88b5-4dae-b2eb-82a290c5ae94",
        "uuid": "0ab4161e-88b5-4dae-b2eb-82a290c5ae94",
        "type": "CREDIT",
        "kind": "CONTRIBUTION",
        "createdAt": "2016-07-03T02:41:29.687Z",
        "updatedAt": "2016-07-03T02:41:29.687Z",
        "amount": {
            "value": 1,
            "currency": "USD",
            "valueInCents": 100
        }
    },
    {
        "id": "ebd77982-5e3d-4495-ac88-4353758c5065",
        "uuid": "ebd77982-5e3d-4495-ac88-4353758c5065",
        "type": "CREDIT",
        "kind": "CONTRIBUTION",
        "createdAt": "2016-06-26T15:22:24.068Z",
        "updatedAt": "2016-06-26T15:22:24.068Z",
        "amount": {
            "value": 1,
            "currency": "USD",
            "valueInCents": 100
        }
    },
    {
        "id": "2264ba38-cb7b-4111-9877-1b17cd7c4f66",
        "uuid": "2264ba38-cb7b-4111-9877-1b17cd7c4f66",
        "type": "CREDIT",
        "kind": "CONTRIBUTION",
        "createdAt": "2016-06-25T21:20:09.308Z",
        "updatedAt": "2016-06-25T21:20:09.308Z",
        "amount": {
            "value": 5,
            "currency": "USD",
            "valueInCents": 500
        }
    },
    {
        "id": "013861c7-2a69-4f25-a05b-629fd20de740",
        "uuid": "013861c7-2a69-4f25-a05b-629fd20de740",
        "type": "CREDIT",
        "kind": "CONTRIBUTION",
        "createdAt": "2016-06-10T04:55:11.635Z",
        "updatedAt": "2016-06-10T04:55:11.635Z",
        "amount": {
            "value": 1,
            "currency": "USD",
            "valueInCents": 100
        }
    },
    {
        "id": "6e06c37f-1b28-46e5-8651-7c70d5405704",
        "uuid": "6e06c37f-1b28-46e5-8651-7c70d5405704",
        "type": "CREDIT",
        "kind": "CONTRIBUTION",
        "createdAt": "2016-06-03T01:40:04.959Z",
        "updatedAt": "2016-06-03T01:40:04.959Z",
        "amount": {
            "value": 1,
            "currency": "USD",
            "valueInCents": 100
        }
    },
    {
        "id": "99b54097-d7b5-4fc1-a304-10125b95514e",
        "uuid": "99b54097-d7b5-4fc1-a304-10125b95514e",
        "type": "CREDIT",
        "kind": "CONTRIBUTION",
        "createdAt": "2016-06-03T01:01:25.311Z",
        "updatedAt": "2016-06-03T01:01:25.311Z",
        "amount": {
            "value": 1,
            "currency": "USD",
            "valueInCents": 100
        }
    },
    {
        "id": "cb930d87-4f66-4588-86c1-13585f46109e",
        "uuid": "cb930d87-4f66-4588-86c1-13585f46109e",
        "type": "CREDIT",
        "kind": "CONTRIBUTION",
        "createdAt": "2016-05-26T02:06:39.017Z",
        "updatedAt": "2016-05-26T02:06:39.017Z",
        "amount": {
            "value": 1,
            "currency": "USD",
            "valueInCents": 100
        }
    }
]