[
    {
        "id": "cd6058af-bac4-43a2-842b-d6bca5530dad",
        "uuid": "cd6058af-bac4-43a2-842b-d6bca5530dad",
        "type": "DEBIT",
        "kind": "EXPENSE",
        "createdAt": "2022-07-21T22:15:01.859Z",
        "updatedAt": "2022-07-21T22:15:01.859Z",
        "amount": {
            "value": -40.06,
            "currency": "USD",
            "valueInCents": -4006
        }
    },
    {
        "id": "207cc68e-6c16-4168-9455-a0f28ef336eb",
        "uuid": "207cc68e-6c16-4168-9455-a0f28ef336eb",
        "type": "CREDIT",
        "kind": "HOST_FEE",
        "createdAt": "2021-07-20T08:01:53.641Z",
        "updatedAt": "2021-07-20T08:01:53.641Z",
        "amount": {
            "value": 0.03,
            "currency": "USD",
            "valueInCents": 3
        }
    },
    {
        "id": "2dde901f-3355-4656-9add-13724dd5f600",
        "uuid": "2dde901f-3355-4656-9add-13724dd5f600",
        "type": "CREDIT",
        "kind": "PAYMENT_PROCESSOR_COVER",
        "createdAt": "2021-07-20T08:01:53.603Z",
        "updatedAt": "2021-07-20T08:01:53.603Z",
        "amount": {
            "value": 0.32,
            "currency": "USD",
            "valueInCents": 32
        }
    },
    {
        "id": "7088547b-9957-41ab-b728-93b55313179f",
        "uuid": "7088547b-9957-41ab-b728-93b55313179f",
        "type": "DEBIT",
        "kind": "CONTRIBUTION",
        "createdAt": "2021-07-20T08:01:53.758Z",
        "updatedAt": "2021-07-20T08:01:53.758Z",
        "amount": {
            "value": -0.5,
            "currency": "USD",
            "valueInCents": -50
        }
    },
    {
        "id": "2e2a57e3-4199-46e0-9d67-a678b944af08",
        "uuid": "2e2a57e3-4199-46e0-9d67-a678b944af08",
        "type": "DEBIT",
        "kind": "HOST_FEE",
        "createdAt": "2021-07-19T13:05:55.921Z",
        "updatedAt": "2021-07-19T13:05:55.921Z",
        "amount": {
            "value": -0.03,
            "currency": "USD",
            "valueInCents": -3
        }
    },
    {
        "id": "79c07343-0999-4881-896b-a26bffe6f86b",
        "uuid": "79c07343-0999-4881-896b-a26bffe6f86b",
        "type": "CREDIT",
        "kind": "CONTRIBUTION",
        "createdAt": "2021-07-19T13:05:55.981Z",
        "updatedAt": "2021-07-19T13:05:55.981Z",
        "amount": {
            "value": 0.5,
            "currency": "USD",
            "valueInCents": 50
        }
    },
    {
        "id": "2aaa399d-63bc-4be3-b52d-cae9227562a3",
        "uuid": "2aaa399d-63bc-4be3-b52d-cae9227562a3",
        "type": "DEBIT",
        "kind": "HOST_FEE",
        "createdAt": "2021-07-01T09:11:32.092Z",
        "updatedAt": "2021-07-01T09:11:32.092Z",
        "amount": {
            "value": -0.25,
            "currency": "USD",
            "valueInCents": -25
        }
    },
    {
        "id": "2d24034b-42e2-48f2-84d8-ace5009d40e9",
        "uuid": "2d24034b-42e2-48f2-84d8-ace5009d40e9",
        "type": "CREDIT",
        "kind": "CONTRIBUTION",
        "createdAt": "2021-07-01T09:11:32.315Z",
        "updatedAt": "2021-07-01T09:11:32.315Z",
        "amount": {
            "value": 5,
            "currency": "USD",
            "valueInCents": 500
        }
    },
    {
        "id": "bb24235e-9c0e-4aa8-9b1b-befdc833aaff",
        "uuid": "bb24235e-9c0e-4aa8-9b1b-befdc833aaff",
        "type": "DEBIT",
        "kind": "HOST_FEE",
        "createdAt": "2021-06-01T03:15:53.414Z",
        "updatedAt": "2021-06-01T03:15:53.414Z",
        "amount": {
            "value": -0.25,
            "currency": "USD",
            "valueInCents": -25
        }
    },
    {
        "id": "ccf86a3d-f7cf-4cef-9f20-c0083c240e68",
        "uuid": "ccf86a3d-f7cf-4cef-9f20-c0083c240e68",
        "type": "CREDIT",
        "kind": "CONTRIBUTION",
        "createdAt": "2021-06-01T03:15:53.414Z",
        "updatedAt": "2021-06-01T03:15:53.414Z",
        "amount": {
            "value": 5,
            "currency": "USD",
            "valueInCents": 500
        }
    },
    {
        "id": "85187b60-c330-458f-b1ae-89fad63ada95",
        "uuid": "85187b60-c330-458f-b1ae-89fad63ada95",
        "type": "CREDIT",
        "kind": "CONTRIBUTION",
        "createdAt": "2021-05-01T03:03:05.167Z",
        "updatedAt": "2021-05-01T03:03:05.167Z",
        "amount": {
            "value": 5,
            "currency": "USD",
            "valueInCents": 500
        }
    },
    {
        "id": "082e4c08-f742-4b3a-8c6a-dd98641e05a0",
        "uuid": "082e4c08-f742-4b3a-8c6a-dd98641e05a0",
        "type": "CREDIT",
        "kind": "CONTRIBUTION",
        "createdAt": "2021-04-01T03:08:23.126Z",
        "updatedAt": "2021-04-01T03:08:23.126Z",
        "amount": {
            "value": 5,
            "currency": "USD",
            "valueInCents": 500
        }
    },
    {
        "id": "64313718-a4e0-4cd3-8e3b-a7743d8a764a",
        "uuid": "64313718-a4e0-4cd3-8e3b-a7743d8a764a",
        "type": "CREDIT",
        "kind": "CONTRIBUTION",
        "createdAt": "2021-03-01T04:07:38.699Z",
        "updatedAt": "2021-03-01T04:07:38.699Z",
        "amount": {
            "value": 5,
            "currency": "USD",
            "valueInCents": 500
        }
    },
    {
        "id": "18d59e66-6713-449b-bb00-dd80a7971474",
        "uuid": "18d59e66-6713-449b-bb00-dd80a7971474",
        "type": "CREDIT",
        "kind": "CONTRIBUTION",
        "createdAt": "2021-02-01T19:06:48.189Z",
        "updatedAt": "2021-02-01T19:06:48.189Z",
        "amount": {
            "value": 5,
            "currency": "USD",
            "valueInCents": 500
        }
    },
    {
        "id": "7b2a9d9a-cf0a-4d2a-aab1-79e20f7d0c8b",
        "uuid": "7b2a9d9a-cf0a-4d2a-aab1-79e20f7d0c8b",
        "type": "CREDIT",
        "kind": "CONTRIBUTION",
        "createdAt": "2021-01-05T01:11:53.774Z",
        "updatedAt": "2021-01-05T01:11:53.774Z",
        "amount": {
            "value": 5,
            "currency": "USD",
            "valueInCents": 500
        }
    },
    {
        "id": "c2e8c470-903c-4712-8bb5-8bc4451e3531",
        "uuid": "c2e8c470-903c-4712-8bb5-8bc4451e3531",
        "type": "CREDIT",
        "kind": "CONTRIBUTION",
        "createdAt": "2020-12-01T19:16:21.528Z",
        "updatedAt": "2020-12-01T19:16:21.528Z",
        "amount": {
            "value": 5,
            "currency": "USD",
            "valueInCents": 500
        }
    },
    {
        "id": "04929cf0-ef98-4546-be72-512a60794608",
        "uuid": "04929cf0-ef98-4546-be72-512a60794608",
        "type": "CREDIT",
        "kind": "CONTRIBUTION",
        "createdAt": "2020-11-01T12:12:52.652Z",
        "updatedAt": "2020-11-01T12:12:52.652Z",
        "amount": {
            "value": 5,
            "currency": "USD",
            "valueInCents": 500
        }
    },
    {
        "id": "be0107e9-68ac-4bd7-8a0f-fef9b2cd04e0",
        "uuid": "be0107e9-68ac-4bd7-8a0f-fef9b2cd04e0",
        "type": "DEBIT",
        "kind": "EXPENSE",
        "createdAt": "2020-10-01T22:02:26.216Z",
        "updatedAt": "2020-10-01T22:02:26.216Z",
        "amount": {
            "value": -16,
            "currency": "USD",
            "valueInCents": -1600
        }
    },
    {
        "id": "fbdf5e82-6730-47d5-a009-4c53a7747c40",
        "uuid": "fbdf5e82-6730-47d5-a009-4c53a7747c40",
        "type": "CREDIT",
        "kind": "CONTRIBUTION",
        "createdAt": "2020-10-01T04:15:59.803Z",
        "updatedAt": "2020-10-01T04:15:59.803Z",
        "amount": {
            "value": 5,
            "currency": "USD",
            "valueInCents": 500
        }
    },
    {
        "id": "d73c1454-2e99-4d66-b3a1-70a42d7bdeef",
        "uuid": "d73c1454-2e99-4d66-b3a1-70a42d7bdeef",
        "type": "CREDIT",
        "kind": "CONTRIBUTION",
        "createdAt": "2020-09-01T09:21:56.639Z",
        "updatedAt": "2020-09-01T09:21:56.639Z",
        "amount": {
            "value": 5,
            "currency": "USD",
            "valueInCents": 500
        }
    },
    {
        "id": "485c5b57-770b-43a6-bc4f-8d2cc488bcde",
        "uuid": "485c5b57-770b-43a6-bc4f-8d2cc488bcde",
        "type": "CREDIT",
        "kind": "CONTRIBUTION",
        "createdAt": "2020-08-03T05:13:15.773Z",
        "updatedAt": "2020-08-03T05:13:15.773Z",
        "amount": {
            "value": 5,
            "currency": "USD",
            "valueInCents": 500
        }
    },
    {
        "id": "4ac8e0a9-6c3d-4e04-a450-3ecfcee10d17",
        "uuid": "4ac8e0a9-6c3d-4e04-a450-3ecfcee10d17",
        "type": "CREDIT",
        "kind": "CONTRIBUTION",
        "createdAt": "2020-06-18T23:37:31.669Z",
        "updatedAt": "2020-06-18T23:37:31.669Z",
        "amount": {
            "value": 5,
            "currency": "USD",
            "valueInCents": 500
        }
    }
]