[
    {
        "id": "4e9e843c-0e29-48aa-b000-af9935cfc4bd",
        "uuid": "4e9e843c-0e29-48aa-b000-af9935cfc4bd",
        "type": "DEBIT",
        "kind": "CONTRIBUTION",
        "createdAt": "2021-07-19T09:53:18.968Z",
        "updatedAt": "2021-07-19T09:53:18.968Z",
        "amount": {
            "value": -0.5,
            "currency": "USD",
            "valueInCents": -50
        }
    },
    {
        "id": "c37c6210-fcab-4c39-8803-9831b4a6caa9",
        "uuid": "c37c6210-fcab-4c39-8803-9831b4a6caa9",
        "type": "CREDIT",
        "kind": "CONTRIBUTION",
        "createdAt": "2021-07-18T02:04:10.074Z",
        "updatedAt": "2021-07-18T02:04:10.074Z",
        "amount": {
            "value": 0.5,
            "currency": "USD",
            "valueInCents": 50
        }
    },
    {
        "id": "aec3b5ab-d7a7-47d4-b521-d05516df0446",
        "uuid": "aec3b5ab-d7a7-47d4-b521-d05516df0446",
        "type": "CREDIT",
        "kind": "ADDED_FUNDS",
        "createdAt": "2021-02-17T01:08:38.957Z",
        "updatedAt": "2021-02-17T01:08:38.957Z",
        "amount": {
            "value": 100,
            "currency": "USD",
            "valueInCents": 10000
        }
    }
]