[
    {
        "id": "5b91dac8-b03c-4e59-93e0-a2eec6a20fc3",
        "uuid": "5b91dac8-b03c-4e59-93e0-a2eec6a20fc3",
        "type": "DEBIT",
        "kind": "HOST_FEE",
        "createdAt": "2024-02-02T15:02:46.971Z",
        "updatedAt": "2024-02-02T15:02:46.971Z",
        "amount": {
            "value": -0.5,
            "currency": "USD",
            "valueInCents": -50
        }
    },
    {
        "id": "5ec5ddfb-1db3-445a-9461-416b350eb443",
        "uuid": "5ec5ddfb-1db3-445a-9461-416b350eb443",
        "type": "DEBIT",
        "kind": "PAYMENT_PROCESSOR_FEE",
        "createdAt": "2024-02-02T15:02:47.024Z",
        "updatedAt": "2024-02-02T15:02:47.024Z",
        "amount": {
            "value": -0.52,
            "currency": "USD",
            "valueInCents": -52
        }
    },
    {
        "id": "4edf491d-c4e5-4e53-8ff7-0875d9742a4c",
        "uuid": "4edf491d-c4e5-4e53-8ff7-0875d9742a4c",
        "type": "CREDIT",
        "kind": "CONTRIBUTION",
        "createdAt": "2024-02-02T15:02:47.036Z",
        "updatedAt": "2024-02-02T15:02:47.036Z",
        "amount": {
            "value": 5,
            "currency": "USD",
            "valueInCents": 500
        }
    },
    {
        "id": "aeff2297-cd94-4884-a981-6e099103a828",
        "uuid": "aeff2297-cd94-4884-a981-6e099103a828",
        "type": "DEBIT",
        "kind": "HOST_FEE",
        "createdAt": "2024-01-02T16:10:37.542Z",
        "updatedAt": "2024-01-02T16:10:37.542Z",
        "amount": {
            "value": -0.5,
            "currency": "USD",
            "valueInCents": -50
        }
    },
    {
        "id": "2c2f54d5-7979-4ebc-a87f-06b19ede11e1",
        "uuid": "2c2f54d5-7979-4ebc-a87f-06b19ede11e1",
        "type": "DEBIT",
        "kind": "PAYMENT_PROCESSOR_FEE",
        "createdAt": "2024-01-02T16:10:37.597Z",
        "updatedAt": "2024-01-02T16:10:37.597Z",
        "amount": {
            "value": -0.52,
            "currency": "USD",
            "valueInCents": -52
        }
    },
    {
        "id": "41f51f36-0455-4e12-9d05-15ff5107bc61",
        "uuid": "41f51f36-0455-4e12-9d05-15ff5107bc61",
        "type": "CREDIT",
        "kind": "CONTRIBUTION",
        "createdAt": "2024-01-02T16:10:37.597Z",
        "updatedAt": "2024-01-02T16:10:37.597Z",
        "amount": {
            "value": 5,
            "currency": "USD",
            "valueInCents": 500
        }
    },
    {
        "id": "27e1c206-4171-417f-9953-0e06700f281a",
        "uuid": "27e1c206-4171-417f-9953-0e06700f281a",
        "type": "DEBIT",
        "kind": "HOST_FEE",
        "createdAt": "2023-12-12T05:02:38.902Z",
        "updatedAt": "2023-12-12T05:02:38.902Z",
        "amount": {
            "value": -0.5,
            "currency": "USD",
            "valueInCents": -50
        }
    },
    {
        "id": "dc4f6310-8083-462a-ab5d-d0f95d109220",
        "uuid": "dc4f6310-8083-462a-ab5d-d0f95d109220",
        "type": "CREDIT",
        "kind": "CONTRIBUTION",
        "createdAt": "2023-12-12T05:02:38.976Z",
        "updatedAt": "2023-12-12T05:02:38.976Z",
        "amount": {
            "value": 5,
            "currency": "USD",
            "valueInCents": 500
        }
    },
    {
        "id": "c738483b-d320-44d9-b15b-5884db7bbf9f",
        "uuid": "c738483b-d320-44d9-b15b-5884db7bbf9f",
        "type": "DEBIT",
        "kind": "HOST_FEE",
        "createdAt": "2023-01-14T19:56:18.676Z",
        "updatedAt": "2023-01-14T19:56:18.676Z",
        "amount": {
            "value": -0.5,
            "currency": "USD",
            "valueInCents": -50
        }
    },
    {
        "id": "71e191da-de5e-413b-a55a-f16de61863e1",
        "uuid": "71e191da-de5e-413b-a55a-f16de61863e1",
        "type": "CREDIT",
        "kind": "CONTRIBUTION",
        "createdAt": "2023-01-14T19:56:18.740Z",
        "updatedAt": "2023-01-14T19:56:18.740Z",
        "amount": {
            "value": 5,
            "currency": "USD",
            "valueInCents": 500
        }
    }
]