[
    {
        "id": "88530849-97c3-4e21-af1f-aab89a0a6d10",
        "uuid": "88530849-97c3-4e21-af1f-aab89a0a6d10",
        "type": "DEBIT",
        "kind": "HOST_FEE",
        "createdAt": "2024-09-04T02:09:34.757Z",
        "updatedAt": "2024-09-04T02:09:34.757Z",
        "amount": {
            "value": -4.9,
            "currency": "USD",
            "valueInCents": -490
        }
    },
    {
        "id": "3142f521-6e8f-4272-8787-9998186c998f",
        "uuid": "3142f521-6e8f-4272-8787-9998186c998f",
        "type": "DEBIT",
        "kind": "PAYMENT_PROCESSOR_FEE",
        "createdAt": "2024-09-04T02:09:34.812Z",
        "updatedAt": "2024-09-04T02:09:34.812Z",
        "amount": {
            "value": -2.46,
            "currency": "USD",
            "valueInCents": -246
        }
    },
    {
        "id": "8cf7de58-4303-4792-9970-45cd570902e3",
        "uuid": "8cf7de58-4303-4792-9970-45cd570902e3",
        "type": "CREDIT",
        "kind": "CONTRIBUTION",
        "createdAt": "2024-09-04T02:09:34.884Z",
        "updatedAt": "2024-09-04T02:09:34.884Z",
        "amount": {
            "value": 49,
            "currency": "USD",
            "valueInCents": 4900
        }
    }
]