[
    {
        "id": "5b44a49b-f132-41a6-988c-f701cd1f8446",
        "uuid": "5b44a49b-f132-41a6-988c-f701cd1f8446",
        "type": "CREDIT",
        "kind": "HOST_FEE",
        "createdAt": "2021-07-21T15:17:40.722Z",
        "updatedAt": "2021-07-21T15:17:40.722Z",
        "amount": {
            "value": 0.05,
            "currency": "USD",
            "valueInCents": 5
        }
    },
    {
        "id": "0e341cc3-6e48-45e5-bd45-2e0f111ec195",
        "uuid": "0e341cc3-6e48-45e5-bd45-2e0f111ec195",
        "type": "CREDIT",
        "kind": "PAYMENT_PROCESSOR_COVER",
        "createdAt": "2021-07-21T15:17:40.665Z",
        "updatedAt": "2021-07-21T15:17:40.665Z",
        "amount": {
            "value": 0.31,
            "currency": "USD",
            "valueInCents": 31
        }
    },
    {
        "id": "107c51b3-3c1f-439c-9183-170b41995b38",
        "uuid": "107c51b3-3c1f-439c-9183-170b41995b38",
        "type": "DEBIT",
        "kind": "CONTRIBUTION",
        "createdAt": "2021-07-21T15:17:40.931Z",
        "updatedAt": "2021-07-21T15:17:40.931Z",
        "amount": {
            "value": -0.5,
            "currency": "USD",
            "valueInCents": -50
        }
    },
    {
        "id": "a9c8506d-daec-4f04-aec5-8bf64f1fb1d1",
        "uuid": "a9c8506d-daec-4f04-aec5-8bf64f1fb1d1",
        "type": "DEBIT",
        "kind": "HOST_FEE",
        "createdAt": "2021-07-21T13:01:22.071Z",
        "updatedAt": "2021-07-21T13:01:22.071Z",
        "amount": {
            "value": -0.05,
            "currency": "USD",
            "valueInCents": -5
        }
    },
    {
        "id": "b04bbd3e-4192-4ef8-bbfa-d9bd50395d27",
        "uuid": "b04bbd3e-4192-4ef8-bbfa-d9bd50395d27",
        "type": "CREDIT",
        "kind": "CONTRIBUTION",
        "createdAt": "2021-07-21T13:01:22.138Z",
        "updatedAt": "2021-07-21T13:01:22.138Z",
        "amount": {
            "value": 0.5,
            "currency": "USD",
            "valueInCents": 50
        }
    },
    {
        "id": "afb515fe-8889-4a88-b5a2-7edf60a8d148",
        "uuid": "afb515fe-8889-4a88-b5a2-7edf60a8d148",
        "type": "CREDIT",
        "kind": "HOST_FEE",
        "createdAt": "2021-07-19T09:51:33.544Z",
        "updatedAt": "2021-07-19T09:51:33.544Z",
        "amount": {
            "value": 0.05,
            "currency": "USD",
            "valueInCents": 5
        }
    },
    {
        "id": "1dbfe670-295e-4961-b226-de3728c4af19",
        "uuid": "1dbfe670-295e-4961-b226-de3728c4af19",
        "type": "CREDIT",
        "kind": "PAYMENT_PROCESSOR_COVER",
        "createdAt": "2021-07-19T09:51:33.491Z",
        "updatedAt": "2021-07-19T09:51:33.491Z",
        "amount": {
            "value": 0.32,
            "currency": "USD",
            "valueInCents": 32
        }
    },
    {
        "id": "80c3cbc6-7cbd-4c99-a5ff-fcf1e8170cd2",
        "uuid": "80c3cbc6-7cbd-4c99-a5ff-fcf1e8170cd2",
        "type": "DEBIT",
        "kind": "CONTRIBUTION",
        "createdAt": "2021-07-19T09:51:33.785Z",
        "updatedAt": "2021-07-19T09:51:33.785Z",
        "amount": {
            "value": -0.5,
            "currency": "USD",
            "valueInCents": -50
        }
    },
    {
        "id": "0e562910-ec0b-4c6e-ac7a-f1b8776bb269",
        "uuid": "0e562910-ec0b-4c6e-ac7a-f1b8776bb269",
        "type": "DEBIT",
        "kind": "HOST_FEE",
        "createdAt": "2021-07-17T06:09:49.879Z",
        "updatedAt": "2021-07-17T06:09:49.879Z",
        "amount": {
            "value": -0.05,
            "currency": "USD",
            "valueInCents": -5
        }
    },
    {
        "id": "7d1b17d0-a33e-4999-bca1-274823aa4f8f",
        "uuid": "7d1b17d0-a33e-4999-bca1-274823aa4f8f",
        "type": "CREDIT",
        "kind": "CONTRIBUTION",
        "createdAt": "2021-07-17T06:09:49.961Z",
        "updatedAt": "2021-07-17T06:09:49.961Z",
        "amount": {
            "value": 0.5,
            "currency": "USD",
            "valueInCents": 50
        }
    },
    {
        "id": "bbd3a358-6d83-433d-8966-6f3765a60e9e",
        "uuid": "bbd3a358-6d83-433d-8966-6f3765a60e9e",
        "type": "CREDIT",
        "kind": "CONTRIBUTION",
        "createdAt": "2019-12-17T07:29:20.687Z",
        "updatedAt": "2019-12-17T07:29:20.687Z",
        "amount": {
            "value": 5,
            "currency": "USD",
            "valueInCents": 500
        }
    }
]