[
    {
        "id": "2a96f43c-5837-4a87-9a92-2b95a1a6d8fa",
        "uuid": "2a96f43c-5837-4a87-9a92-2b95a1a6d8fa",
        "type": "CREDIT",
        "kind": "CONTRIBUTION",
        "createdAt": "2023-08-31T13:48:26.771Z",
        "updatedAt": "2023-08-31T13:48:26.771Z",
        "amount": {
            "value": 5,
            "currency": "USD",
            "valueInCents": 500
        }
    },
    {
        "id": "4c16893b-d7c3-44bf-982d-c59d09cdc1bb",
        "uuid": "4c16893b-d7c3-44bf-982d-c59d09cdc1bb",
        "type": "CREDIT",
        "kind": "CONTRIBUTION",
        "createdAt": "2023-08-30T19:49:06.261Z",
        "updatedAt": "2023-08-30T19:49:06.261Z",
        "amount": {
            "value": 5,
            "currency": "USD",
            "valueInCents": 500
        }
    },
    {
        "id": "8585ac96-1efa-411a-84e4-41f9c7c08553",
        "uuid": "8585ac96-1efa-411a-84e4-41f9c7c08553",
        "type": "CREDIT",
        "kind": "CONTRIBUTION",
        "createdAt": "2023-08-30T19:47:56.683Z",
        "updatedAt": "2023-08-30T19:47:56.683Z",
        "amount": {
            "value": 5,
            "currency": "USD",
            "valueInCents": 500
        }
    }
]