[
    {
        "id": "80c5c7b6-ab1f-4b92-89bc-d5a4289d5d80",
        "uuid": "80c5c7b6-ab1f-4b92-89bc-d5a4289d5d80",
        "type": "DEBIT",
        "kind": "PAYMENT_PROCESSOR_FEE",
        "createdAt": "2024-04-15T17:58:26.691Z",
        "updatedAt": "2024-04-15T17:58:26.691Z",
        "amount": {
            "value": -0.39,
            "currency": "USD",
            "valueInCents": -39
        }
    },
    {
        "id": "a41203ab-905b-4a01-9a15-17b2c3ba08a7",
        "uuid": "a41203ab-905b-4a01-9a15-17b2c3ba08a7",
        "type": "DEBIT",
        "kind": "EXPENSE",
        "createdAt": "2024-04-15T17:58:26.701Z",
        "updatedAt": "2024-04-15T17:58:26.701Z",
        "amount": {
            "value": -153.36,
            "currency": "USD",
            "valueInCents": -15336
        }
    },
    {
        "id": "be12fbce-7061-4246-9f18-c43da12785c8",
        "uuid": "be12fbce-7061-4246-9f18-c43da12785c8",
        "type": "DEBIT",
        "kind": "HOST_FEE",
        "createdAt": "2024-03-06T00:05:09.046Z",
        "updatedAt": "2024-03-06T00:05:09.046Z",
        "amount": {
            "value": -1,
            "currency": "USD",
            "valueInCents": -100
        }
    },
    {
        "id": "7c68b9b2-3e69-48a2-8fdf-95e33e78f4ee",
        "uuid": "7c68b9b2-3e69-48a2-8fdf-95e33e78f4ee",
        "type": "DEBIT",
        "kind": "PAYMENT_PROCESSOR_FEE",
        "createdAt": "2024-03-06T00:05:09.072Z",
        "updatedAt": "2024-03-06T00:05:09.072Z",
        "amount": {
            "value": -0.91,
            "currency": "USD",
            "valueInCents": -91
        }
    },
    {
        "id": "6a88573a-ce51-40ba-8caa-3a2415224966",
        "uuid": "6a88573a-ce51-40ba-8caa-3a2415224966",
        "type": "CREDIT",
        "kind": "CONTRIBUTION",
        "createdAt": "2024-03-06T00:05:09.086Z",
        "updatedAt": "2024-03-06T00:05:09.086Z",
        "amount": {
            "value": 20,
            "currency": "USD",
            "valueInCents": 2000
        }
    },
    {
        "id": "0d6debdc-d92b-4657-83cd-e9229784b997",
        "uuid": "0d6debdc-d92b-4657-83cd-e9229784b997",
        "type": "DEBIT",
        "kind": "HOST_FEE",
        "createdAt": "2024-03-02T13:02:37.575Z",
        "updatedAt": "2024-03-02T13:02:37.575Z",
        "amount": {
            "value": -1,
            "currency": "USD",
            "valueInCents": -100
        }
    },
    {
        "id": "76b01178-8985-4b0d-bd1a-714fd4dcfa38",
        "uuid": "76b01178-8985-4b0d-bd1a-714fd4dcfa38",
        "type": "DEBIT",
        "kind": "PAYMENT_PROCESSOR_FEE",
        "createdAt": "2024-03-02T13:02:37.600Z",
        "updatedAt": "2024-03-02T13:02:37.600Z",
        "amount": {
            "value": -0.88,
            "currency": "USD",
            "valueInCents": -88
        }
    },
    {
        "id": "622bf0a0-cf01-4f82-8fc7-dd4e50d281e3",
        "uuid": "622bf0a0-cf01-4f82-8fc7-dd4e50d281e3",
        "type": "CREDIT",
        "kind": "CONTRIBUTION",
        "createdAt": "2024-03-02T13:02:37.620Z",
        "updatedAt": "2024-03-02T13:02:37.620Z",
        "amount": {
            "value": 20,
            "currency": "USD",
            "valueInCents": 2000
        }
    },
    {
        "id": "421756ad-511a-4e57-82b8-9fa411802869",
        "uuid": "421756ad-511a-4e57-82b8-9fa411802869",
        "type": "DEBIT",
        "kind": "HOST_FEE",
        "createdAt": "2024-02-02T14:09:47.012Z",
        "updatedAt": "2024-02-02T14:09:47.012Z",
        "amount": {
            "value": -1,
            "currency": "USD",
            "valueInCents": -100
        }
    },
    {
        "id": "b9960c69-4836-41ab-8d65-f7f5bc70de78",
        "uuid": "b9960c69-4836-41ab-8d65-f7f5bc70de78",
        "type": "DEBIT",
        "kind": "PAYMENT_PROCESSOR_FEE",
        "createdAt": "2024-02-02T14:09:47.054Z",
        "updatedAt": "2024-02-02T14:09:47.054Z",
        "amount": {
            "value": -0.91,
            "currency": "USD",
            "valueInCents": -91
        }
    },
    {
        "id": "8cb84095-e1e8-499a-8bda-5160d73fd859",
        "uuid": "8cb84095-e1e8-499a-8bda-5160d73fd859",
        "type": "CREDIT",
        "kind": "CONTRIBUTION",
        "createdAt": "2024-02-02T14:09:47.084Z",
        "updatedAt": "2024-02-02T14:09:47.084Z",
        "amount": {
            "value": 20,
            "currency": "USD",
            "valueInCents": 2000
        }
    },
    {
        "id": "3832becd-4af4-4b1e-bbbd-523e90e4fc77",
        "uuid": "3832becd-4af4-4b1e-bbbd-523e90e4fc77",
        "type": "DEBIT",
        "kind": "HOST_FEE",
        "createdAt": "2024-02-02T14:09:44.318Z",
        "updatedAt": "2024-02-02T14:09:44.318Z",
        "amount": {
            "value": -1,
            "currency": "USD",
            "valueInCents": -100
        }
    },
    {
        "id": "e0df22e8-f87e-41b5-8846-0dfd57ff88a1",
        "uuid": "e0df22e8-f87e-41b5-8846-0dfd57ff88a1",
        "type": "DEBIT",
        "kind": "PAYMENT_PROCESSOR_FEE",
        "createdAt": "2024-02-02T14:09:44.356Z",
        "updatedAt": "2024-02-02T14:09:44.356Z",
        "amount": {
            "value": -0.88,
            "currency": "USD",
            "valueInCents": -88
        }
    },
    {
        "id": "465520a7-445a-4b36-8d6f-f2b618727c1a",
        "uuid": "465520a7-445a-4b36-8d6f-f2b618727c1a",
        "type": "CREDIT",
        "kind": "CONTRIBUTION",
        "createdAt": "2024-02-02T14:09:44.398Z",
        "updatedAt": "2024-02-02T14:09:44.398Z",
        "amount": {
            "value": 20,
            "currency": "USD",
            "valueInCents": 2000
        }
    },
    {
        "id": "9d75499e-cb5c-4592-b0d6-d86953743865",
        "uuid": "9d75499e-cb5c-4592-b0d6-d86953743865",
        "type": "DEBIT",
        "kind": "HOST_FEE",
        "createdAt": "2024-01-02T16:07:16.859Z",
        "updatedAt": "2024-01-02T16:07:16.859Z",
        "amount": {
            "value": -1,
            "currency": "USD",
            "valueInCents": -100
        }
    },
    {
        "id": "0dd0f117-6cba-44c6-a837-bf88a0752d85",
        "uuid": "0dd0f117-6cba-44c6-a837-bf88a0752d85",
        "type": "DEBIT",
        "kind": "PAYMENT_PROCESSOR_FEE",
        "createdAt": "2024-01-02T16:07:16.885Z",
        "updatedAt": "2024-01-02T16:07:16.885Z",
        "amount": {
            "value": -0.91,
            "currency": "USD",
            "valueInCents": -91
        }
    },
    {
        "id": "8c942b60-c49d-421f-a9e2-8c78739e470e",
        "uuid": "8c942b60-c49d-421f-a9e2-8c78739e470e",
        "type": "CREDIT",
        "kind": "CONTRIBUTION",
        "createdAt": "2024-01-02T16:07:16.885Z",
        "updatedAt": "2024-01-02T16:07:16.885Z",
        "amount": {
            "value": 20,
            "currency": "USD",
            "valueInCents": 2000
        }
    },
    {
        "id": "3f92645c-c9cb-4466-b1af-a8e3ff523ae8",
        "uuid": "3f92645c-c9cb-4466-b1af-a8e3ff523ae8",
        "type": "DEBIT",
        "kind": "HOST_FEE",
        "createdAt": "2024-01-02T16:07:13.624Z",
        "updatedAt": "2024-01-02T16:07:13.624Z",
        "amount": {
            "value": -1,
            "currency": "USD",
            "valueInCents": -100
        }
    },
    {
        "id": "aa2da7c3-3a1a-45ea-a1f5-53d8b2fdbebd",
        "uuid": "aa2da7c3-3a1a-45ea-a1f5-53d8b2fdbebd",
        "type": "DEBIT",
        "kind": "PAYMENT_PROCESSOR_FEE",
        "createdAt": "2024-01-02T16:07:13.666Z",
        "updatedAt": "2024-01-02T16:07:13.666Z",
        "amount": {
            "value": -0.88,
            "currency": "USD",
            "valueInCents": -88
        }
    },
    {
        "id": "88d13069-0fab-40eb-ad9f-918fc3ae5d13",
        "uuid": "88d13069-0fab-40eb-ad9f-918fc3ae5d13",
        "type": "CREDIT",
        "kind": "CONTRIBUTION",
        "createdAt": "2024-01-02T16:07:13.666Z",
        "updatedAt": "2024-01-02T16:07:13.666Z",
        "amount": {
            "value": 20,
            "currency": "USD",
            "valueInCents": 2000
        }
    },
    {
        "id": "fee982b1-9d5b-4421-9fec-76939e803aaa",
        "uuid": "fee982b1-9d5b-4421-9fec-76939e803aaa",
        "type": "DEBIT",
        "kind": "HOST_FEE",
        "createdAt": "2023-12-07T02:39:29.679Z",
        "updatedAt": "2023-12-07T02:39:29.679Z",
        "amount": {
            "value": -0.5,
            "currency": "USD",
            "valueInCents": -50
        }
    },
    {
        "id": "e1511802-aab8-4259-bfe1-be541876c23e",
        "uuid": "e1511802-aab8-4259-bfe1-be541876c23e",
        "type": "CREDIT",
        "kind": "CONTRIBUTION",
        "createdAt": "2023-12-07T02:39:29.709Z",
        "updatedAt": "2023-12-07T02:39:29.709Z",
        "amount": {
            "value": 10,
            "currency": "USD",
            "valueInCents": 1000
        }
    },
    {
        "id": "5f01a535-60e5-4917-98da-5208c77b6538",
        "uuid": "5f01a535-60e5-4917-98da-5208c77b6538",
        "type": "DEBIT",
        "kind": "HOST_FEE",
        "createdAt": "2023-12-07T02:37:19.375Z",
        "updatedAt": "2023-12-07T02:37:19.375Z",
        "amount": {
            "value": -1,
            "currency": "USD",
            "valueInCents": -100
        }
    },
    {
        "id": "75bda789-a3e9-47ca-951e-435df8d90514",
        "uuid": "75bda789-a3e9-47ca-951e-435df8d90514",
        "type": "CREDIT",
        "kind": "CONTRIBUTION",
        "createdAt": "2023-12-07T02:37:19.411Z",
        "updatedAt": "2023-12-07T02:37:19.411Z",
        "amount": {
            "value": 20,
            "currency": "USD",
            "valueInCents": 2000
        }
    },
    {
        "id": "7c995722-5306-4d16-8877-46be1838ff15",
        "uuid": "7c995722-5306-4d16-8877-46be1838ff15",
        "type": "DEBIT",
        "kind": "HOST_FEE",
        "createdAt": "2023-12-07T02:07:16.136Z",
        "updatedAt": "2023-12-07T02:07:16.136Z",
        "amount": {
            "value": -1,
            "currency": "USD",
            "valueInCents": -100
        }
    },
    {
        "id": "5a3767fb-9c21-469e-bf25-687db4f331ff",
        "uuid": "5a3767fb-9c21-469e-bf25-687db4f331ff",
        "type": "CREDIT",
        "kind": "CONTRIBUTION",
        "createdAt": "2023-12-07T02:07:16.165Z",
        "updatedAt": "2023-12-07T02:07:16.165Z",
        "amount": {
            "value": 20,
            "currency": "USD",
            "valueInCents": 2000
        }
    }
]