[
    {
        "id": "b82c750c-375e-4f6f-9e0a-abde27b1fe7c",
        "uuid": "b82c750c-375e-4f6f-9e0a-abde27b1fe7c",
        "type": "DEBIT",
        "kind": "HOST_FEE",
        "createdAt": "2022-10-11T13:25:08.280Z",
        "updatedAt": "2022-10-11T13:25:08.280Z",
        "amount": {
            "value": -2.5,
            "currency": "USD",
            "valueInCents": -250
        }
    },
    {
        "id": "5b062bb8-aad0-4381-b594-092f90a9249b",
        "uuid": "5b062bb8-aad0-4381-b594-092f90a9249b",
        "type": "CREDIT",
        "kind": "CONTRIBUTION",
        "createdAt": "2022-10-11T13:25:08.346Z",
        "updatedAt": "2022-10-11T13:25:08.346Z",
        "amount": {
            "value": 50,
            "currency": "USD",
            "valueInCents": 5000
        }
    },
    {
        "id": "e837db32-04d0-43e7-be39-48f51b73646a",
        "uuid": "e837db32-04d0-43e7-be39-48f51b73646a",
        "type": "DEBIT",
        "kind": "HOST_FEE",
        "createdAt": "2022-10-11T00:06:40.847Z",
        "updatedAt": "2022-10-11T00:06:40.847Z",
        "amount": {
            "value": -2.5,
            "currency": "USD",
            "valueInCents": -250
        }
    },
    {
        "id": "48920142-04a5-4bfc-80c2-adb7a7503660",
        "uuid": "48920142-04a5-4bfc-80c2-adb7a7503660",
        "type": "CREDIT",
        "kind": "CONTRIBUTION",
        "createdAt": "2022-10-11T00:06:40.881Z",
        "updatedAt": "2022-10-11T00:06:40.881Z",
        "amount": {
            "value": 50,
            "currency": "USD",
            "valueInCents": 5000
        }
    }
]