[
    {
        "id": "3697de63-8adc-4194-b2de-150f88dd85bc",
        "uuid": "3697de63-8adc-4194-b2de-150f88dd85bc",
        "type": "DEBIT",
        "kind": "CONTRIBUTION",
        "createdAt": "2024-09-19T10:50:01.863Z",
        "updatedAt": "2024-09-19T10:50:01.863Z",
        "amount": {
            "value": -9527,
            "currency": "GBP",
            "valueInCents": -952700
        }
    },
    {
        "id": "892653d2-e287-4a48-9dcc-147b02634dc2",
        "uuid": "892653d2-e287-4a48-9dcc-147b02634dc2",
        "type": "DEBIT",
        "kind": "CONTRIBUTION",
        "createdAt": "2024-09-19T10:46:56.410Z",
        "updatedAt": "2024-09-19T10:46:56.410Z",
        "amount": {
            "value": -10000,
            "currency": "GBP",
            "valueInCents": -1000000
        }
    },
    {
        "id": "7a7f3c63-865c-40cf-b474-206d7e76f4f0",
        "uuid": "7a7f3c63-865c-40cf-b474-206d7e76f4f0",
        "type": "DEBIT",
        "kind": "CONTRIBUTION",
        "createdAt": "2024-09-16T13:34:20.872Z",
        "updatedAt": "2024-09-16T13:34:20.872Z",
        "amount": {
            "value": -10000,
            "currency": "GBP",
            "valueInCents": -1000000
        }
    },
    {
        "id": "8b2218b8-b6d9-4859-8265-153507d2f898",
        "uuid": "8b2218b8-b6d9-4859-8265-153507d2f898",
        "type": "CREDIT",
        "kind": "ADDED_FUNDS",
        "createdAt": "2024-07-24T10:00:57.543Z",
        "updatedAt": "2024-07-24T10:00:57.543Z",
        "amount": {
            "value": 29527,
            "currency": "GBP",
            "valueInCents": 2952700
        }
    }
]