[
    {
        "id": "be133ee2-6126-49d3-af51-743660a83e4c",
        "uuid": "be133ee2-6126-49d3-af51-743660a83e4c",
        "type": "DEBIT",
        "kind": "PAYMENT_PROCESSOR_FEE",
        "createdAt": "2024-01-02T03:02:11.680Z",
        "updatedAt": "2024-01-02T03:02:11.680Z",
        "amount": {
            "value": -0.45,
            "currency": "USD",
            "valueInCents": -45
        }
    },
    {
        "id": "4bd74b2f-0100-4bfd-9579-42fd922f6faa",
        "uuid": "4bd74b2f-0100-4bfd-9579-42fd922f6faa",
        "type": "CREDIT",
        "kind": "CONTRIBUTION",
        "createdAt": "2024-01-02T03:02:11.680Z",
        "updatedAt": "2024-01-02T03:02:11.680Z",
        "amount": {
            "value": 5,
            "currency": "USD",
            "valueInCents": 500
        }
    },
    {
        "id": "ad7cae2d-1087-4435-a1da-59f560553155",
        "uuid": "ad7cae2d-1087-4435-a1da-59f560553155",
        "type": "CREDIT",
        "kind": "CONTRIBUTION",
        "createdAt": "2023-12-02T04:05:44.051Z",
        "updatedAt": "2023-12-02T04:05:44.051Z",
        "amount": {
            "value": 5,
            "currency": "USD",
            "valueInCents": 500
        }
    },
    {
        "id": "f4293c67-40ea-4e1c-b761-5660c1be0718",
        "uuid": "f4293c67-40ea-4e1c-b761-5660c1be0718",
        "type": "CREDIT",
        "kind": "CONTRIBUTION",
        "createdAt": "2023-11-02T05:07:00.343Z",
        "updatedAt": "2023-11-02T05:07:00.343Z",
        "amount": {
            "value": 5,
            "currency": "USD",
            "valueInCents": 500
        }
    },
    {
        "id": "04d4c83a-3729-4d64-bdf6-56f4abbe983b",
        "uuid": "04d4c83a-3729-4d64-bdf6-56f4abbe983b",
        "type": "CREDIT",
        "kind": "CONTRIBUTION",
        "createdAt": "2023-10-02T05:08:40.337Z",
        "updatedAt": "2023-10-02T05:08:40.337Z",
        "amount": {
            "value": 5,
            "currency": "USD",
            "valueInCents": 500
        }
    },
    {
        "id": "4cddfcd9-0a54-4a1c-a90d-3cff9205fd38",
        "uuid": "4cddfcd9-0a54-4a1c-a90d-3cff9205fd38",
        "type": "CREDIT",
        "kind": "CONTRIBUTION",
        "createdAt": "2023-09-02T07:02:35.286Z",
        "updatedAt": "2023-09-02T07:02:35.286Z",
        "amount": {
            "value": 5,
            "currency": "USD",
            "valueInCents": 500
        }
    },
    {
        "id": "1da697e0-218e-41ea-8041-d8b75a0d4f23",
        "uuid": "1da697e0-218e-41ea-8041-d8b75a0d4f23",
        "type": "CREDIT",
        "kind": "CONTRIBUTION",
        "createdAt": "2023-08-02T08:05:56.021Z",
        "updatedAt": "2023-08-02T08:05:56.021Z",
        "amount": {
            "value": 5,
            "currency": "USD",
            "valueInCents": 500
        }
    },
    {
        "id": "6c6b2f67-06fb-49dc-b0ad-6798a03a93e9",
        "uuid": "6c6b2f67-06fb-49dc-b0ad-6798a03a93e9",
        "type": "CREDIT",
        "kind": "CONTRIBUTION",
        "createdAt": "2023-07-02T06:05:31.288Z",
        "updatedAt": "2023-07-02T06:05:31.288Z",
        "amount": {
            "value": 5,
            "currency": "USD",
            "valueInCents": 500
        }
    },
    {
        "id": "f50985a5-a163-401f-89b4-a074f5468183",
        "uuid": "f50985a5-a163-401f-89b4-a074f5468183",
        "type": "CREDIT",
        "kind": "CONTRIBUTION",
        "createdAt": "2023-06-02T11:05:44.149Z",
        "updatedAt": "2023-06-02T11:05:44.149Z",
        "amount": {
            "value": 5,
            "currency": "USD",
            "valueInCents": 500
        }
    },
    {
        "id": "ca7139cb-2258-4a53-9996-87d5caaf9919",
        "uuid": "ca7139cb-2258-4a53-9996-87d5caaf9919",
        "type": "CREDIT",
        "kind": "CONTRIBUTION",
        "createdAt": "2023-05-02T14:01:45.637Z",
        "updatedAt": "2023-05-02T14:01:45.637Z",
        "amount": {
            "value": 5,
            "currency": "USD",
            "valueInCents": 500
        }
    },
    {
        "id": "a0baea07-1bc9-4155-880e-6d0de6104471",
        "uuid": "a0baea07-1bc9-4155-880e-6d0de6104471",
        "type": "CREDIT",
        "kind": "CONTRIBUTION",
        "createdAt": "2023-03-23T13:57:14.447Z",
        "updatedAt": "2023-03-23T13:57:14.447Z",
        "amount": {
            "value": 5,
            "currency": "USD",
            "valueInCents": 500
        }
    },
    {
        "id": "d9493956-9339-4460-9928-e7907392c406",
        "uuid": "d9493956-9339-4460-9928-e7907392c406",
        "type": "CREDIT",
        "kind": "CONTRIBUTION",
        "createdAt": "2023-03-19T21:41:19.001Z",
        "updatedAt": "2023-03-19T21:41:19.001Z",
        "amount": {
            "value": 5,
            "currency": "USD",
            "valueInCents": 500
        }
    },
    {
        "id": "51846678-be07-4030-8863-6bed32dc27d8",
        "uuid": "51846678-be07-4030-8863-6bed32dc27d8",
        "type": "CREDIT",
        "kind": "CONTRIBUTION",
        "createdAt": "2023-03-19T18:32:12.977Z",
        "updatedAt": "2023-03-19T18:32:12.977Z",
        "amount": {
            "value": 5,
            "currency": "USD",
            "valueInCents": 500
        }
    },
    {
        "id": "40e49686-2449-473c-a1a8-35b60fdea16a",
        "uuid": "40e49686-2449-473c-a1a8-35b60fdea16a",
        "type": "CREDIT",
        "kind": "CONTRIBUTION",
        "createdAt": "2023-03-19T16:12:00.154Z",
        "updatedAt": "2023-03-19T16:12:00.154Z",
        "amount": {
            "value": 10,
            "currency": "USD",
            "valueInCents": 1000
        }
    },
    {
        "id": "1a01f84e-9511-49f7-a109-92418bf86ba1",
        "uuid": "1a01f84e-9511-49f7-a109-92418bf86ba1",
        "type": "CREDIT",
        "kind": "CONTRIBUTION",
        "createdAt": "2023-03-19T13:46:44.913Z",
        "updatedAt": "2023-03-19T13:46:44.913Z",
        "amount": {
            "value": 5,
            "currency": "USD",
            "valueInCents": 500
        }
    }
]