[
    {
        "id": "80b92cf8-9a30-49c0-a02b-a8439f0ff7f4",
        "uuid": "80b92cf8-9a30-49c0-a02b-a8439f0ff7f4",
        "type": "DEBIT",
        "kind": "EXPENSE",
        "createdAt": "2022-10-28T09:20:44.340Z",
        "updatedAt": "2022-10-28T09:20:44.340Z",
        "amount": {
            "value": -21.35,
            "currency": "EUR",
            "valueInCents": -2135
        }
    },
    {
        "id": "c3de8573-6c49-4a52-bc12-241ee4a3972c",
        "uuid": "c3de8573-6c49-4a52-bc12-241ee4a3972c",
        "type": "CREDIT",
        "kind": "ADDED_FUNDS",
        "createdAt": "2022-10-28T09:18:31.642Z",
        "updatedAt": "2022-10-28T09:18:31.642Z",
        "amount": {
            "value": 21.35,
            "currency": "EUR",
            "valueInCents": 2135
        }
    },
    {
        "id": "0191e648-592f-4c48-9e1c-681a0e07a2e4",
        "uuid": "0191e648-592f-4c48-9e1c-681a0e07a2e4",
        "type": "CREDIT",
        "kind": "CONTRIBUTION",
        "createdAt": "2022-06-01T15:11:46.118Z",
        "updatedAt": "2022-06-01T15:11:46.118Z",
        "amount": {
            "value": 5,
            "currency": "EUR",
            "valueInCents": 500
        }
    },
    {
        "id": "35abe6d7-284a-401a-9877-9b9e529f1488",
        "uuid": "35abe6d7-284a-401a-9877-9b9e529f1488",
        "type": "CREDIT",
        "kind": "CONTRIBUTION",
        "createdAt": "2021-06-07T14:13:57.767Z",
        "updatedAt": "2021-06-07T14:13:57.767Z",
        "amount": {
            "value": 5,
            "currency": "EUR",
            "valueInCents": 500
        }
    }
]