[
    {
        "id": "e0b4bd30-920d-420f-8569-d433f200370c",
        "uuid": "e0b4bd30-920d-420f-8569-d433f200370c",
        "type": "DEBIT",
        "kind": "EXPENSE",
        "createdAt": "2024-02-03T04:38:25.546Z",
        "updatedAt": "2024-02-03T04:38:25.546Z",
        "amount": {
            "value": -16,
            "currency": "USD",
            "valueInCents": -1600
        }
    },
    {
        "id": "ed2f0da4-3478-4a55-87b2-f68f24ab861c",
        "uuid": "ed2f0da4-3478-4a55-87b2-f68f24ab861c",
        "type": "CREDIT",
        "kind": "ADDED_FUNDS",
        "createdAt": "2024-02-03T04:31:56.826Z",
        "updatedAt": "2024-02-03T04:31:56.826Z",
        "amount": {
            "value": 1,
            "currency": "USD",
            "valueInCents": 100
        }
    },
    {
        "id": "f349ca22-eef1-402c-af14-f4ecd9efd649",
        "uuid": "f349ca22-eef1-402c-af14-f4ecd9efd649",
        "type": "CREDIT",
        "kind": "EXPENSE",
        "createdAt": "2024-02-03T04:20:58.921Z",
        "updatedAt": "2024-02-03T04:20:58.921Z",
        "amount": {
            "value": 15,
            "currency": "USD",
            "valueInCents": 1500
        }
    },
    {
        "id": "c52f0cc6-3eca-4fea-978e-2fad8dda22ad",
        "uuid": "c52f0cc6-3eca-4fea-978e-2fad8dda22ad",
        "type": "DEBIT",
        "kind": "EXPENSE",
        "createdAt": "2024-02-03T04:10:41.264Z",
        "updatedAt": "2024-02-03T04:10:41.264Z",
        "amount": {
            "value": -15,
            "currency": "USD",
            "valueInCents": -1500
        }
    },
    {
        "id": "0faaeb6d-e41c-45ce-918b-36aec44d1830",
        "uuid": "0faaeb6d-e41c-45ce-918b-36aec44d1830",
        "type": "CREDIT",
        "kind": "ADDED_FUNDS",
        "createdAt": "2024-02-03T03:32:38.456Z",
        "updatedAt": "2024-02-03T03:32:38.456Z",
        "amount": {
            "value": 15,
            "currency": "USD",
            "valueInCents": 1500
        }
    },
    {
        "id": "17863384-5296-4ba6-8644-3e207b56f26e",
        "uuid": "17863384-5296-4ba6-8644-3e207b56f26e",
        "type": "DEBIT",
        "kind": "ADDED_FUNDS",
        "createdAt": "2024-01-24T17:55:51.051Z",
        "updatedAt": "2024-01-24T17:55:51.051Z",
        "amount": {
            "value": -1,
            "currency": "USD",
            "valueInCents": -100
        }
    },
    {
        "id": "c7c2076f-eb7a-444b-b303-2b705e968239",
        "uuid": "c7c2076f-eb7a-444b-b303-2b705e968239",
        "type": "CREDIT",
        "kind": "ADDED_FUNDS",
        "createdAt": "2024-01-24T17:49:00.993Z",
        "updatedAt": "2024-01-24T17:49:00.993Z",
        "amount": {
            "value": 1,
            "currency": "USD",
            "valueInCents": 100
        }
    }
]