[
    {
        "id": "f778cc24-55a9-4947-af73-c1dfba14fd17",
        "uuid": "f778cc24-55a9-4947-af73-c1dfba14fd17",
        "type": "CREDIT",
        "kind": "ADDED_FUNDS",
        "createdAt": "2024-09-27T12:39:08.336Z",
        "updatedAt": "2024-09-27T12:39:08.336Z",
        "amount": {
            "value": 0.56,
            "currency": "USD",
            "valueInCents": 56
        }
    },
    {
        "id": "ef3af5af-978e-4076-97d8-d14f666c30d1",
        "uuid": "ef3af5af-978e-4076-97d8-d14f666c30d1",
        "type": "DEBIT",
        "kind": "PAYMENT_PROCESSOR_FEE",
        "createdAt": "2024-05-07T16:00:39.451Z",
        "updatedAt": "2024-05-07T16:00:39.451Z",
        "amount": {
            "value": -1.14,
            "currency": "USD",
            "valueInCents": -114
        }
    },
    {
        "id": "9bfca317-f485-4061-b0d3-48749c7f8d11",
        "uuid": "9bfca317-f485-4061-b0d3-48749c7f8d11",
        "type": "DEBIT",
        "kind": "EXPENSE",
        "createdAt": "2024-05-07T16:00:39.451Z",
        "updatedAt": "2024-05-07T16:00:39.451Z",
        "amount": {
            "value": -21.93,
            "currency": "USD",
            "valueInCents": -2193
        }
    },
    {
        "id": "658435f9-bada-42e4-b803-cef222a36cfe",
        "uuid": "658435f9-bada-42e4-b803-cef222a36cfe",
        "type": "DEBIT",
        "kind": "HOST_FEE",
        "createdAt": "2023-06-15T15:50:25.575Z",
        "updatedAt": "2023-06-15T15:50:25.575Z",
        "amount": {
            "value": -0.1,
            "currency": "USD",
            "valueInCents": -10
        }
    },
    {
        "id": "36ad5ce5-960f-4815-bf76-ebea4597a88e",
        "uuid": "36ad5ce5-960f-4815-bf76-ebea4597a88e",
        "type": "CREDIT",
        "kind": "CONTRIBUTION",
        "createdAt": "2023-06-15T15:50:25.626Z",
        "updatedAt": "2023-06-15T15:50:25.626Z",
        "amount": {
            "value": 1,
            "currency": "USD",
            "valueInCents": 100
        }
    },
    {
        "id": "a044f3ce-9fa6-40ff-a2d2-3850b4867f26",
        "uuid": "a044f3ce-9fa6-40ff-a2d2-3850b4867f26",
        "type": "DEBIT",
        "kind": "HOST_FEE",
        "createdAt": "2022-05-28T01:50:42.447Z",
        "updatedAt": "2022-05-28T01:50:42.447Z",
        "amount": {
            "value": -0.1,
            "currency": "USD",
            "valueInCents": -10
        }
    },
    {
        "id": "c6c08a04-86d3-42aa-a0c0-4df30be7b9b4",
        "uuid": "c6c08a04-86d3-42aa-a0c0-4df30be7b9b4",
        "type": "CREDIT",
        "kind": "CONTRIBUTION",
        "createdAt": "2022-05-28T01:50:42.512Z",
        "updatedAt": "2022-05-28T01:50:42.512Z",
        "amount": {
            "value": 1,
            "currency": "USD",
            "valueInCents": 100
        }
    },
    {
        "id": "89b74fb9-2970-4581-8cf3-23e2d8a79ad0",
        "uuid": "89b74fb9-2970-4581-8cf3-23e2d8a79ad0",
        "type": "DEBIT",
        "kind": "HOST_FEE",
        "createdAt": "2022-01-25T21:33:30.703Z",
        "updatedAt": "2022-01-25T21:33:30.703Z",
        "amount": {
            "value": -0.1,
            "currency": "USD",
            "valueInCents": -10
        }
    },
    {
        "id": "8d29ad55-291f-4e32-9304-8558e94ab054",
        "uuid": "8d29ad55-291f-4e32-9304-8558e94ab054",
        "type": "CREDIT",
        "kind": "CONTRIBUTION",
        "createdAt": "2022-01-25T21:33:30.768Z",
        "updatedAt": "2022-01-25T21:33:30.768Z",
        "amount": {
            "value": 1,
            "currency": "USD",
            "valueInCents": 100
        }
    },
    {
        "id": "5ec2b270-de67-49dc-a6e6-754912935aee",
        "uuid": "5ec2b270-de67-49dc-a6e6-754912935aee",
        "type": "DEBIT",
        "kind": "HOST_FEE",
        "createdAt": "2022-01-21T19:12:30.357Z",
        "updatedAt": "2022-01-21T19:12:30.357Z",
        "amount": {
            "value": -0.75,
            "currency": "USD",
            "valueInCents": -75
        }
    },
    {
        "id": "90710a13-99e0-4d62-96cc-017af471e936",
        "uuid": "90710a13-99e0-4d62-96cc-017af471e936",
        "type": "CREDIT",
        "kind": "CONTRIBUTION",
        "createdAt": "2022-01-21T19:12:30.732Z",
        "updatedAt": "2022-01-21T19:12:30.732Z",
        "amount": {
            "value": 7.49,
            "currency": "USD",
            "valueInCents": 749
        }
    },
    {
        "id": "6191469c-6028-48a7-ae06-8d667da43a4d",
        "uuid": "6191469c-6028-48a7-ae06-8d667da43a4d",
        "type": "DEBIT",
        "kind": "HOST_FEE",
        "createdAt": "2022-01-06T22:26:06.921Z",
        "updatedAt": "2022-01-06T22:26:06.921Z",
        "amount": {
            "value": -1.08,
            "currency": "USD",
            "valueInCents": -108
        }
    },
    {
        "id": "ef7a91ee-065e-4dc3-b94b-6dbc88163708",
        "uuid": "ef7a91ee-065e-4dc3-b94b-6dbc88163708",
        "type": "CREDIT",
        "kind": "CONTRIBUTION",
        "createdAt": "2022-01-06T22:26:07.082Z",
        "updatedAt": "2022-01-06T22:26:07.082Z",
        "amount": {
            "value": 10.8,
            "currency": "USD",
            "valueInCents": 1080
        }
    },
    {
        "id": "8464a7b1-21be-4fbe-b63b-1dd5b4ae5b45",
        "uuid": "8464a7b1-21be-4fbe-b63b-1dd5b4ae5b45",
        "type": "DEBIT",
        "kind": "HOST_FEE",
        "createdAt": "2022-01-06T22:18:43.707Z",
        "updatedAt": "2022-01-06T22:18:43.707Z",
        "amount": {
            "value": -0.87,
            "currency": "USD",
            "valueInCents": -87
        }
    },
    {
        "id": "ef8da914-1733-47a7-a1aa-595af0f60434",
        "uuid": "ef8da914-1733-47a7-a1aa-595af0f60434",
        "type": "CREDIT",
        "kind": "CONTRIBUTION",
        "createdAt": "2022-01-06T22:18:43.804Z",
        "updatedAt": "2022-01-06T22:18:43.804Z",
        "amount": {
            "value": 8.68,
            "currency": "USD",
            "valueInCents": 868
        }
    },
    {
        "id": "7ab7ad94-d9b5-48e4-a2ab-a35ceebc36ad",
        "uuid": "7ab7ad94-d9b5-48e4-a2ab-a35ceebc36ad",
        "type": "DEBIT",
        "kind": "HOST_FEE",
        "createdAt": "2022-01-06T03:10:52.570Z",
        "updatedAt": "2022-01-06T03:10:52.570Z",
        "amount": {
            "value": -0.1,
            "currency": "USD",
            "valueInCents": -10
        }
    },
    {
        "id": "ba9ac007-e805-4562-b169-1d1b70b32936",
        "uuid": "ba9ac007-e805-4562-b169-1d1b70b32936",
        "type": "CREDIT",
        "kind": "CONTRIBUTION",
        "createdAt": "2022-01-06T03:10:52.653Z",
        "updatedAt": "2022-01-06T03:10:52.653Z",
        "amount": {
            "value": 1,
            "currency": "USD",
            "valueInCents": 100
        }
    },
    {
        "id": "0299eba1-24fd-4b4a-ba26-613a08a101a0",
        "uuid": "0299eba1-24fd-4b4a-ba26-613a08a101a0",
        "type": "DEBIT",
        "kind": "BALANCE_TRANSFER",
        "createdAt": "2021-12-24T04:06:47.993Z",
        "updatedAt": "2021-12-24T04:06:47.993Z",
        "amount": {
            "value": -0.49,
            "currency": "USD",
            "valueInCents": -49
        }
    },
    {
        "id": "00eeedf7-ceb8-4c8f-865a-d43725daf144",
        "uuid": "00eeedf7-ceb8-4c8f-865a-d43725daf144",
        "type": "DEBIT",
        "kind": "EXPENSE",
        "createdAt": "2021-12-24T03:02:58.219Z",
        "updatedAt": "2021-12-24T03:02:58.219Z",
        "amount": {
            "value": -8.68,
            "currency": "USD",
            "valueInCents": -868
        }
    },
    {
        "id": "10a1a701-6452-40a4-9ee0-516c586439b5",
        "uuid": "10a1a701-6452-40a4-9ee0-516c586439b5",
        "type": "DEBIT",
        "kind": "HOST_FEE",
        "createdAt": "2021-12-20T00:51:08.515Z",
        "updatedAt": "2021-12-20T00:51:08.515Z",
        "amount": {
            "value": -0.46,
            "currency": "USD",
            "valueInCents": -46
        }
    },
    {
        "id": "267e8420-df33-47ee-bf53-222f39e10f8e",
        "uuid": "267e8420-df33-47ee-bf53-222f39e10f8e",
        "type": "CREDIT",
        "kind": "CONTRIBUTION",
        "createdAt": "2021-12-20T00:51:08.584Z",
        "updatedAt": "2021-12-20T00:51:08.584Z",
        "amount": {
            "value": 4.61,
            "currency": "USD",
            "valueInCents": 461
        }
    },
    {
        "id": "e0838e09-301d-4ca6-83bc-ada17d34091d",
        "uuid": "e0838e09-301d-4ca6-83bc-ada17d34091d",
        "type": "DEBIT",
        "kind": "HOST_FEE",
        "createdAt": "2021-12-19T23:15:10.327Z",
        "updatedAt": "2021-12-19T23:15:10.327Z",
        "amount": {
            "value": -0.5,
            "currency": "USD",
            "valueInCents": -50
        }
    },
    {
        "id": "5dce3c63-5c39-44dd-9313-66731857f7fd",
        "uuid": "5dce3c63-5c39-44dd-9313-66731857f7fd",
        "type": "CREDIT",
        "kind": "CONTRIBUTION",
        "createdAt": "2021-12-19T23:15:10.401Z",
        "updatedAt": "2021-12-19T23:15:10.401Z",
        "amount": {
            "value": 5,
            "currency": "USD",
            "valueInCents": 500
        }
    },
    {
        "id": "59ac8166-07be-4343-9f91-a8cf37814dc5",
        "uuid": "59ac8166-07be-4343-9f91-a8cf37814dc5",
        "type": "DEBIT",
        "kind": "HOST_FEE",
        "createdAt": "2021-12-01T19:07:16.341Z",
        "updatedAt": "2021-12-01T19:07:16.341Z",
        "amount": {
            "value": -0.17,
            "currency": "USD",
            "valueInCents": -17
        }
    },
    {
        "id": "34a23e93-7167-4a71-8d77-47cc612fba7d",
        "uuid": "34a23e93-7167-4a71-8d77-47cc612fba7d",
        "type": "CREDIT",
        "kind": "CONTRIBUTION",
        "createdAt": "2021-12-01T19:07:16.408Z",
        "updatedAt": "2021-12-01T19:07:16.408Z",
        "amount": {
            "value": 1.69,
            "currency": "USD",
            "valueInCents": 169
        }
    },
    {
        "id": "37cb18c8-c9cb-4cd7-89d6-7d095c3cd30c",
        "uuid": "37cb18c8-c9cb-4cd7-89d6-7d095c3cd30c",
        "type": "DEBIT",
        "kind": "HOST_FEE",
        "createdAt": "2021-10-28T13:45:19.072Z",
        "updatedAt": "2021-10-28T13:45:19.072Z",
        "amount": {
            "value": -0.1,
            "currency": "USD",
            "valueInCents": -10
        }
    },
    {
        "id": "18d74dfe-55be-47b2-b8b4-e7c8290efe4f",
        "uuid": "18d74dfe-55be-47b2-b8b4-e7c8290efe4f",
        "type": "CREDIT",
        "kind": "CONTRIBUTION",
        "createdAt": "2021-10-28T13:45:19.137Z",
        "updatedAt": "2021-10-28T13:45:19.137Z",
        "amount": {
            "value": 1,
            "currency": "USD",
            "valueInCents": 100
        }
    },
    {
        "id": "ae15574b-99ff-4a30-ab59-b68520f78d0e",
        "uuid": "ae15574b-99ff-4a30-ab59-b68520f78d0e",
        "type": "DEBIT",
        "kind": "HOST_FEE",
        "createdAt": "2021-10-18T03:11:38.765Z",
        "updatedAt": "2021-10-18T03:11:38.765Z",
        "amount": {
            "value": -0.02,
            "currency": "USD",
            "valueInCents": -2
        }
    },
    {
        "id": "698dd4f8-a388-42d9-a066-a8251b6edb07",
        "uuid": "698dd4f8-a388-42d9-a066-a8251b6edb07",
        "type": "CREDIT",
        "kind": "CONTRIBUTION",
        "createdAt": "2021-10-18T03:11:38.837Z",
        "updatedAt": "2021-10-18T03:11:38.837Z",
        "amount": {
            "value": 0.24,
            "currency": "USD",
            "valueInCents": 24
        }
    },
    {
        "id": "eb9b84be-c57d-4507-88c3-512d1c44d628",
        "uuid": "eb9b84be-c57d-4507-88c3-512d1c44d628",
        "type": "DEBIT",
        "kind": "EXPENSE",
        "createdAt": "2021-09-30T22:06:17.886Z",
        "updatedAt": "2021-09-30T22:06:17.886Z",
        "amount": {
            "value": -5.26,
            "currency": "USD",
            "valueInCents": -526
        }
    },
    {
        "id": "d6fa6350-3b07-45cc-b7a3-7fb88bdd7655",
        "uuid": "d6fa6350-3b07-45cc-b7a3-7fb88bdd7655",
        "type": "DEBIT",
        "kind": "HOST_FEE",
        "createdAt": "2021-09-29T14:03:27.951Z",
        "updatedAt": "2021-09-29T14:03:27.951Z",
        "amount": {
            "value": -0.2,
            "currency": "USD",
            "valueInCents": -20
        }
    },
    {
        "id": "ccf54df2-9b7f-4666-a20c-cd0263cecf20",
        "uuid": "ccf54df2-9b7f-4666-a20c-cd0263cecf20",
        "type": "CREDIT",
        "kind": "CONTRIBUTION",
        "createdAt": "2021-09-29T14:03:28.004Z",
        "updatedAt": "2021-09-29T14:03:28.004Z",
        "amount": {
            "value": 2,
            "currency": "USD",
            "valueInCents": 200
        }
    },
    {
        "id": "ac400f67-5720-4061-af37-97396b71397a",
        "uuid": "ac400f67-5720-4061-af37-97396b71397a",
        "type": "DEBIT",
        "kind": "HOST_FEE",
        "createdAt": "2021-08-12T20:08:35.063Z",
        "updatedAt": "2021-08-12T20:08:35.063Z",
        "amount": {
            "value": -0.5,
            "currency": "USD",
            "valueInCents": -50
        }
    },
    {
        "id": "fc526cdd-27cf-4341-a39a-a133da5833cb",
        "uuid": "fc526cdd-27cf-4341-a39a-a133da5833cb",
        "type": "CREDIT",
        "kind": "CONTRIBUTION",
        "createdAt": "2021-08-12T20:08:35.183Z",
        "updatedAt": "2021-08-12T20:08:35.183Z",
        "amount": {
            "value": 5,
            "currency": "USD",
            "valueInCents": 500
        }
    }
]