[
    {
        "id": "cbcaf181-e751-4e30-84ba-15c79bb7bc43",
        "uuid": "cbcaf181-e751-4e30-84ba-15c79bb7bc43",
        "type": "DEBIT",
        "kind": "HOST_FEE",
        "createdAt": "2023-11-02T18:01:36.317Z",
        "updatedAt": "2023-11-02T18:01:36.317Z",
        "amount": {
            "value": -0.6,
            "currency": "EUR",
            "valueInCents": -60
        }
    },
    {
        "id": "71e833c5-212f-4966-b459-272f96bef2bc",
        "uuid": "71e833c5-212f-4966-b459-272f96bef2bc",
        "type": "CREDIT",
        "kind": "CONTRIBUTION",
        "createdAt": "2023-11-02T18:01:36.358Z",
        "updatedAt": "2023-11-02T18:01:36.358Z",
        "amount": {
            "value": 20,
            "currency": "EUR",
            "valueInCents": 2000
        }
    }
]