[
    {
        "id": "a5db81b6-72cc-4d13-beec-8c2737d81ebe",
        "uuid": "a5db81b6-72cc-4d13-beec-8c2737d81ebe",
        "type": "DEBIT",
        "kind": "EXPENSE",
        "createdAt": "2024-01-04T15:15:09.851Z",
        "updatedAt": "2024-01-04T15:15:09.851Z",
        "amount": {
            "value": -14.27,
            "currency": "EUR",
            "valueInCents": -1427
        }
    },
    {
        "id": "8a484aaf-04ab-42fa-96be-cce7c5c68f64",
        "uuid": "8a484aaf-04ab-42fa-96be-cce7c5c68f64",
        "type": "DEBIT",
        "kind": "EXPENSE",
        "createdAt": "2024-01-04T15:12:51.288Z",
        "updatedAt": "2024-01-04T15:12:51.288Z",
        "amount": {
            "value": -14.34,
            "currency": "EUR",
            "valueInCents": -1434
        }
    },
    {
        "id": "8d739b0d-9f21-4482-bf52-9f7cac91e200",
        "uuid": "8d739b0d-9f21-4482-bf52-9f7cac91e200",
        "type": "DEBIT",
        "kind": "EXPENSE",
        "createdAt": "2024-01-04T15:12:46.626Z",
        "updatedAt": "2024-01-04T15:12:46.626Z",
        "amount": {
            "value": -14.35,
            "currency": "EUR",
            "valueInCents": -1435
        }
    },
    {
        "id": "f5851c0a-9466-4aa9-8ee2-3d3b6e5b2bc3",
        "uuid": "f5851c0a-9466-4aa9-8ee2-3d3b6e5b2bc3",
        "type": "DEBIT",
        "kind": "HOST_FEE",
        "createdAt": "2023-11-24T11:38:05.512Z",
        "updatedAt": "2023-11-24T11:38:05.512Z",
        "amount": {
            "value": -0.4,
            "currency": "EUR",
            "valueInCents": -40
        }
    },
    {
        "id": "521da768-968b-406c-8969-84f6491d7624",
        "uuid": "521da768-968b-406c-8969-84f6491d7624",
        "type": "CREDIT",
        "kind": "CONTRIBUTION",
        "createdAt": "2023-11-24T11:38:05.554Z",
        "updatedAt": "2023-11-24T11:38:05.554Z",
        "amount": {
            "value": 5,
            "currency": "EUR",
            "valueInCents": 500
        }
    },
    {
        "id": "71c93d95-e5a3-45dc-850b-a39f2c36f893",
        "uuid": "71c93d95-e5a3-45dc-850b-a39f2c36f893",
        "type": "DEBIT",
        "kind": "EXPENSE",
        "createdAt": "2023-11-06T08:53:02.727Z",
        "updatedAt": "2023-11-06T08:53:02.727Z",
        "amount": {
            "value": -14.32,
            "currency": "EUR",
            "valueInCents": -1432
        }
    },
    {
        "id": "c8694234-d111-4dab-8c77-3c5fd120b421",
        "uuid": "c8694234-d111-4dab-8c77-3c5fd120b421",
        "type": "DEBIT",
        "kind": "EXPENSE",
        "createdAt": "2023-11-06T08:53:04.017Z",
        "updatedAt": "2023-11-06T08:53:04.017Z",
        "amount": {
            "value": -14.09,
            "currency": "EUR",
            "valueInCents": -1409
        }
    },
    {
        "id": "82a07eb4-ca6c-4d3b-bd92-6909221c9fd6",
        "uuid": "82a07eb4-ca6c-4d3b-bd92-6909221c9fd6",
        "type": "DEBIT",
        "kind": "EXPENSE",
        "createdAt": "2023-11-06T08:53:03.683Z",
        "updatedAt": "2023-11-06T08:53:03.683Z",
        "amount": {
            "value": -8.73,
            "currency": "EUR",
            "valueInCents": -873
        }
    },
    {
        "id": "05027c58-0fb0-4d7c-9f9f-70e1ccc34c8d",
        "uuid": "05027c58-0fb0-4d7c-9f9f-70e1ccc34c8d",
        "type": "DEBIT",
        "kind": "EXPENSE",
        "createdAt": "2023-11-06T08:53:02.813Z",
        "updatedAt": "2023-11-06T08:53:02.813Z",
        "amount": {
            "value": -13.95,
            "currency": "EUR",
            "valueInCents": -1395
        }
    },
    {
        "id": "ed58a1b1-0186-4ccc-abb6-4f58b7bf3665",
        "uuid": "ed58a1b1-0186-4ccc-abb6-4f58b7bf3665",
        "type": "DEBIT",
        "kind": "HOST_FEE",
        "createdAt": "2023-10-29T17:05:56.546Z",
        "updatedAt": "2023-10-29T17:05:56.546Z",
        "amount": {
            "value": -8,
            "currency": "EUR",
            "valueInCents": -800
        }
    },
    {
        "id": "ec581b81-3440-4f06-ab6c-08f63494d2a5",
        "uuid": "ec581b81-3440-4f06-ab6c-08f63494d2a5",
        "type": "CREDIT",
        "kind": "CONTRIBUTION",
        "createdAt": "2023-10-29T17:05:56.568Z",
        "updatedAt": "2023-10-29T17:05:56.568Z",
        "amount": {
            "value": 100,
            "currency": "EUR",
            "valueInCents": 10000
        }
    },
    {
        "id": "c93a013b-a5b4-4f1b-89c6-f2fb50cabbd9",
        "uuid": "c93a013b-a5b4-4f1b-89c6-f2fb50cabbd9",
        "type": "DEBIT",
        "kind": "HOST_FEE",
        "createdAt": "2023-10-24T10:16:51.971Z",
        "updatedAt": "2023-10-24T10:16:51.971Z",
        "amount": {
            "value": -0.4,
            "currency": "EUR",
            "valueInCents": -40
        }
    },
    {
        "id": "c0cb2742-c880-443e-810e-07e9f7c1e6cc",
        "uuid": "c0cb2742-c880-443e-810e-07e9f7c1e6cc",
        "type": "CREDIT",
        "kind": "CONTRIBUTION",
        "createdAt": "2023-10-24T10:16:51.996Z",
        "updatedAt": "2023-10-24T10:16:51.996Z",
        "amount": {
            "value": 5,
            "currency": "EUR",
            "valueInCents": 500
        }
    },
    {
        "id": "9575f6fa-b13d-49e1-b1cb-e81646e4b66c",
        "uuid": "9575f6fa-b13d-49e1-b1cb-e81646e4b66c",
        "type": "DEBIT",
        "kind": "EXPENSE",
        "createdAt": "2023-09-25T10:37:26.040Z",
        "updatedAt": "2023-09-25T10:37:26.040Z",
        "amount": {
            "value": -13.95,
            "currency": "EUR",
            "valueInCents": -1395
        }
    },
    {
        "id": "938201cd-9209-4665-852b-8eee2f75603e",
        "uuid": "938201cd-9209-4665-852b-8eee2f75603e",
        "type": "DEBIT",
        "kind": "HOST_FEE",
        "createdAt": "2023-09-24T11:03:12.737Z",
        "updatedAt": "2023-09-24T11:03:12.737Z",
        "amount": {
            "value": -0.3,
            "currency": "EUR",
            "valueInCents": -30
        }
    },
    {
        "id": "6a41cd98-3828-4b5c-a1ab-a1c3dbf5311a",
        "uuid": "6a41cd98-3828-4b5c-a1ab-a1c3dbf5311a",
        "type": "CREDIT",
        "kind": "CONTRIBUTION",
        "createdAt": "2023-09-24T11:03:12.795Z",
        "updatedAt": "2023-09-24T11:03:12.795Z",
        "amount": {
            "value": 5,
            "currency": "EUR",
            "valueInCents": 500
        }
    },
    {
        "id": "34e0aaf4-2e9b-420f-8e07-ada405140a18",
        "uuid": "34e0aaf4-2e9b-420f-8e07-ada405140a18",
        "type": "DEBIT",
        "kind": "HOST_FEE",
        "createdAt": "2023-08-23T23:37:10.790Z",
        "updatedAt": "2023-08-23T23:37:10.790Z",
        "amount": {
            "value": -0.3,
            "currency": "EUR",
            "valueInCents": -30
        }
    },
    {
        "id": "73d0108a-ccf6-4d6f-94b0-2335c9224de1",
        "uuid": "73d0108a-ccf6-4d6f-94b0-2335c9224de1",
        "type": "CREDIT",
        "kind": "CONTRIBUTION",
        "createdAt": "2023-08-23T23:37:10.817Z",
        "updatedAt": "2023-08-23T23:37:10.817Z",
        "amount": {
            "value": 5,
            "currency": "EUR",
            "valueInCents": 500
        }
    },
    {
        "id": "524f3fc1-be93-40c3-87df-00f84403f1e7",
        "uuid": "524f3fc1-be93-40c3-87df-00f84403f1e7",
        "type": "DEBIT",
        "kind": "EXPENSE",
        "createdAt": "2023-08-17T09:27:04.923Z",
        "updatedAt": "2023-08-17T09:27:04.923Z",
        "amount": {
            "value": -14.07,
            "currency": "EUR",
            "valueInCents": -1407
        }
    },
    {
        "id": "aca5d44e-2f43-4ec7-b40c-8c1961002794",
        "uuid": "aca5d44e-2f43-4ec7-b40c-8c1961002794",
        "type": "DEBIT",
        "kind": "HOST_FEE",
        "createdAt": "2023-08-17T02:47:24.529Z",
        "updatedAt": "2023-08-17T02:47:24.529Z",
        "amount": {
            "value": -0.6,
            "currency": "EUR",
            "valueInCents": -60
        }
    },
    {
        "id": "ccf3f966-f899-4cad-a382-236dd81b62d8",
        "uuid": "ccf3f966-f899-4cad-a382-236dd81b62d8",
        "type": "CREDIT",
        "kind": "CONTRIBUTION",
        "createdAt": "2023-08-17T02:47:24.553Z",
        "updatedAt": "2023-08-17T02:47:24.553Z",
        "amount": {
            "value": 10,
            "currency": "EUR",
            "valueInCents": 1000
        }
    },
    {
        "id": "27145f3a-476d-4cee-a495-cfee7ce888b9",
        "uuid": "27145f3a-476d-4cee-a495-cfee7ce888b9",
        "type": "DEBIT",
        "kind": "EXPENSE",
        "createdAt": "2023-05-22T11:30:54.512Z",
        "updatedAt": "2023-05-22T11:30:54.512Z",
        "amount": {
            "value": -14.51,
            "currency": "EUR",
            "valueInCents": -1451
        }
    },
    {
        "id": "de288dbd-b61f-4e44-8c26-95ace4b02acf",
        "uuid": "de288dbd-b61f-4e44-8c26-95ace4b02acf",
        "type": "DEBIT",
        "kind": "EXPENSE",
        "createdAt": "2023-05-18T08:54:41.661Z",
        "updatedAt": "2023-05-18T08:54:41.661Z",
        "amount": {
            "value": -14.29,
            "currency": "EUR",
            "valueInCents": -1429
        }
    },
    {
        "id": "5784eebc-7551-422b-998e-f58d27dc6200",
        "uuid": "5784eebc-7551-422b-998e-f58d27dc6200",
        "type": "DEBIT",
        "kind": "HOST_FEE",
        "createdAt": "2023-05-16T14:00:31.573Z",
        "updatedAt": "2023-05-16T14:00:31.573Z",
        "amount": {
            "value": -2.67,
            "currency": "EUR",
            "valueInCents": -267
        }
    },
    {
        "id": "1dc499eb-55c3-4753-b3bb-29cf03e5d6a4",
        "uuid": "1dc499eb-55c3-4753-b3bb-29cf03e5d6a4",
        "type": "CREDIT",
        "kind": "CONTRIBUTION",
        "createdAt": "2023-05-16T14:00:31.618Z",
        "updatedAt": "2023-05-16T14:00:31.618Z",
        "amount": {
            "value": 44.53,
            "currency": "EUR",
            "valueInCents": 4453
        }
    }
]