[
    {
        "id": "1fe3a873-a9d0-4199-84e2-4da3ead79611",
        "uuid": "1fe3a873-a9d0-4199-84e2-4da3ead79611",
        "type": "CREDIT",
        "kind": "PAYMENT_PROCESSOR_COVER",
        "createdAt": "2021-07-14T01:20:04.482Z",
        "updatedAt": "2021-07-14T01:20:04.482Z",
        "amount": {
            "value": 0.31,
            "currency": "USD",
            "valueInCents": 31
        }
    },
    {
        "id": "0fa04ad3-165b-4617-9c3b-99eec3498e93",
        "uuid": "0fa04ad3-165b-4617-9c3b-99eec3498e93",
        "type": "DEBIT",
        "kind": "CONTRIBUTION",
        "createdAt": "2021-07-14T01:20:04.653Z",
        "updatedAt": "2021-07-14T01:20:04.653Z",
        "amount": {
            "value": -0.5,
            "currency": "USD",
            "valueInCents": -50
        }
    },
    {
        "id": "75cd870f-f158-4f11-83ef-9bde0fe6ac45",
        "uuid": "75cd870f-f158-4f11-83ef-9bde0fe6ac45",
        "type": "CREDIT",
        "kind": "CONTRIBUTION",
        "createdAt": "2021-07-08T01:39:52.395Z",
        "updatedAt": "2021-07-08T01:39:52.395Z",
        "amount": {
            "value": 0.5,
            "currency": "USD",
            "valueInCents": 50
        }
    }
]