[
    {
        "id": "c89c8331-a636-48c6-b0a3-8b2d62d6122b",
        "uuid": "c89c8331-a636-48c6-b0a3-8b2d62d6122b",
        "type": "DEBIT",
        "kind": "ADDED_FUNDS",
        "createdAt": "2021-10-31T07:56:43.629Z",
        "updatedAt": "2021-10-31T07:56:43.629Z",
        "amount": {
            "value": -5,
            "currency": "INR",
            "valueInCents": -500
        }
    },
    {
        "id": "a0f540a6-0552-49ac-b7e7-500c532967ef",
        "uuid": "a0f540a6-0552-49ac-b7e7-500c532967ef",
        "type": "DEBIT",
        "kind": "EXPENSE",
        "createdAt": "2021-10-31T04:51:03.376Z",
        "updatedAt": "2021-10-31T04:51:03.376Z",
        "amount": {
            "value": -5,
            "currency": "INR",
            "valueInCents": -500
        }
    },
    {
        "id": "a32b7b5d-f534-4215-98cf-bfe3336c0353",
        "uuid": "a32b7b5d-f534-4215-98cf-bfe3336c0353",
        "type": "CREDIT",
        "kind": "CONTRIBUTION",
        "createdAt": "2021-10-31T04:41:32.100Z",
        "updatedAt": "2021-10-31T04:41:32.100Z",
        "amount": {
            "value": 20,
            "currency": "INR",
            "valueInCents": 2000
        }
    }
]