[
    {
        "id": "3250fae3-cd08-4735-b073-a0003293fb72",
        "uuid": "3250fae3-cd08-4735-b073-a0003293fb72",
        "type": "CREDIT",
        "kind": "CONTRIBUTION",
        "createdAt": "2020-05-07T19:21:55.485Z",
        "updatedAt": "2020-05-07T19:21:55.485Z",
        "amount": {
            "value": 3,
            "currency": "USD",
            "valueInCents": 300
        }
    },
    {
        "id": "b825003c-a217-4072-8d8d-878ba36f7f15",
        "uuid": "b825003c-a217-4072-8d8d-878ba36f7f15",
        "type": "DEBIT",
        "kind": "EXPENSE",
        "createdAt": "2020-04-16T23:17:31.785Z",
        "updatedAt": "2020-04-16T23:17:31.785Z",
        "amount": {
            "value": -14.04,
            "currency": "USD",
            "valueInCents": -1404
        }
    },
    {
        "id": "799ef5ea-8de8-41a3-9c1f-8b1e8f165293",
        "uuid": "799ef5ea-8de8-41a3-9c1f-8b1e8f165293",
        "type": "DEBIT",
        "kind": "EXPENSE",
        "createdAt": "2020-04-16T23:17:11.285Z",
        "updatedAt": "2020-04-16T23:17:11.285Z",
        "amount": {
            "value": -26.12,
            "currency": "USD",
            "valueInCents": -2612
        }
    },
    {
        "id": "d52d2390-e609-42b3-8f98-3f617e9995c5",
        "uuid": "d52d2390-e609-42b3-8f98-3f617e9995c5",
        "type": "CREDIT",
        "kind": "CONTRIBUTION",
        "createdAt": "2019-09-15T22:35:30.297Z",
        "updatedAt": "2019-09-15T22:35:30.297Z",
        "amount": {
            "value": 20,
            "currency": "USD",
            "valueInCents": 2000
        }
    },
    {
        "id": "1d8fafc2-7483-4b0d-89eb-79aa359565ed",
        "uuid": "1d8fafc2-7483-4b0d-89eb-79aa359565ed",
        "type": "CREDIT",
        "kind": "CONTRIBUTION",
        "createdAt": "2019-04-05T08:48:50.432Z",
        "updatedAt": "2019-04-05T08:48:50.432Z",
        "amount": {
            "value": 1,
            "currency": "USD",
            "valueInCents": 100
        }
    },
    {
        "id": "a886101b-1b8c-42e6-b339-35ff34b88742",
        "uuid": "a886101b-1b8c-42e6-b339-35ff34b88742",
        "type": "CREDIT",
        "kind": "CONTRIBUTION",
        "createdAt": "2018-11-06T23:23:00.135Z",
        "updatedAt": "2018-11-06T23:23:00.135Z",
        "amount": {
            "value": 50,
            "currency": "USD",
            "valueInCents": 5000
        }
    },
    {
        "id": "9857fa43-24dc-407f-8e21-239270beed3b",
        "uuid": "9857fa43-24dc-407f-8e21-239270beed3b",
        "type": "CREDIT",
        "kind": "CONTRIBUTION",
        "createdAt": "2018-03-08T10:15:18.286Z",
        "updatedAt": "2018-03-08T10:15:18.286Z",
        "amount": {
            "value": 5,
            "currency": "USD",
            "valueInCents": 500
        }
    }
]