[
    {
        "id": "5eaabe1d-4fad-437c-8477-a4d5603dbda9",
        "uuid": "5eaabe1d-4fad-437c-8477-a4d5603dbda9",
        "type": "DEBIT",
        "kind": "PAYMENT_PROCESSOR_FEE",
        "createdAt": "2024-11-07T17:01:13.871Z",
        "updatedAt": "2024-11-07T17:01:13.871Z",
        "amount": {
            "value": -1.03,
            "currency": "USD",
            "valueInCents": -103
        }
    },
    {
        "id": "75e4c23d-d1e0-47cf-8b88-3728ce97d687",
        "uuid": "75e4c23d-d1e0-47cf-8b88-3728ce97d687",
        "type": "DEBIT",
        "kind": "EXPENSE",
        "createdAt": "2024-11-07T17:01:13.883Z",
        "updatedAt": "2024-11-07T17:01:13.883Z",
        "amount": {
            "value": -51.49,
            "currency": "USD",
            "valueInCents": -5149
        }
    },
    {
        "id": "ea7190ca-a5f0-41bb-9147-9633b2fbd6f2",
        "uuid": "ea7190ca-a5f0-41bb-9147-9633b2fbd6f2",
        "type": "DEBIT",
        "kind": "HOST_FEE",
        "createdAt": "2023-10-18T08:19:57.977Z",
        "updatedAt": "2023-10-18T08:19:57.977Z",
        "amount": {
            "value": -5,
            "currency": "USD",
            "valueInCents": -500
        }
    },
    {
        "id": "4583e1af-7fae-4175-b464-f51cb3fdffd2",
        "uuid": "4583e1af-7fae-4175-b464-f51cb3fdffd2",
        "type": "CREDIT",
        "kind": "CONTRIBUTION",
        "createdAt": "2023-10-18T08:19:58.171Z",
        "updatedAt": "2023-10-18T08:19:58.171Z",
        "amount": {
            "value": 50,
            "currency": "USD",
            "valueInCents": 5000
        }
    },
    {
        "id": "6719b2f6-2b29-49ed-b571-ff230e37de6f",
        "uuid": "6719b2f6-2b29-49ed-b571-ff230e37de6f",
        "type": "DEBIT",
        "kind": "HOST_FEE",
        "createdAt": "2023-02-28T16:09:27.641Z",
        "updatedAt": "2023-02-28T16:09:27.641Z",
        "amount": {
            "value": -1,
            "currency": "USD",
            "valueInCents": -100
        }
    },
    {
        "id": "afd78cad-e8dd-447f-a250-4bee30e89fec",
        "uuid": "afd78cad-e8dd-447f-a250-4bee30e89fec",
        "type": "CREDIT",
        "kind": "CONTRIBUTION",
        "createdAt": "2023-02-28T16:09:27.805Z",
        "updatedAt": "2023-02-28T16:09:27.805Z",
        "amount": {
            "value": 10,
            "currency": "USD",
            "valueInCents": 1000
        }
    },
    {
        "id": "95b2e945-967c-4ceb-a75a-135cb14f3a32",
        "uuid": "95b2e945-967c-4ceb-a75a-135cb14f3a32",
        "type": "DEBIT",
        "kind": "HOST_FEE",
        "createdAt": "2022-09-30T10:18:17.904Z",
        "updatedAt": "2022-09-30T10:18:17.904Z",
        "amount": {
            "value": -0.5,
            "currency": "USD",
            "valueInCents": -50
        }
    },
    {
        "id": "12b4decd-98b8-4471-b557-855c2091e643",
        "uuid": "12b4decd-98b8-4471-b557-855c2091e643",
        "type": "CREDIT",
        "kind": "CONTRIBUTION",
        "createdAt": "2022-09-30T10:18:17.992Z",
        "updatedAt": "2022-09-30T10:18:17.992Z",
        "amount": {
            "value": 5,
            "currency": "USD",
            "valueInCents": 500
        }
    }
]