[
    {
        "id": "5a08b8e7-8f11-4b3c-a3d6-374a84f95ba4",
        "uuid": "5a08b8e7-8f11-4b3c-a3d6-374a84f95ba4",
        "type": "CREDIT",
        "kind": "HOST_FEE",
        "createdAt": "2021-07-26T11:54:35.640Z",
        "updatedAt": "2021-07-26T11:54:35.640Z",
        "amount": {
            "value": 0.05,
            "currency": "USD",
            "valueInCents": 5
        }
    },
    {
        "id": "27433935-dd40-41f2-b4b0-28b74b3c7fa8",
        "uuid": "27433935-dd40-41f2-b4b0-28b74b3c7fa8",
        "type": "CREDIT",
        "kind": "PAYMENT_PROCESSOR_COVER",
        "createdAt": "2021-07-26T11:54:35.444Z",
        "updatedAt": "2021-07-26T11:54:35.444Z",
        "amount": {
            "value": 0.32,
            "currency": "USD",
            "valueInCents": 32
        }
    },
    {
        "id": "f14c0741-23e0-48b3-aecd-667fd23b3f6b",
        "uuid": "f14c0741-23e0-48b3-aecd-667fd23b3f6b",
        "type": "DEBIT",
        "kind": "CONTRIBUTION",
        "createdAt": "2021-07-26T11:54:35.841Z",
        "updatedAt": "2021-07-26T11:54:35.841Z",
        "amount": {
            "value": -0.5,
            "currency": "USD",
            "valueInCents": -50
        }
    },
    {
        "id": "b33f5ced-bb9c-4439-8c4f-3eb7e4a006f3",
        "uuid": "b33f5ced-bb9c-4439-8c4f-3eb7e4a006f3",
        "type": "DEBIT",
        "kind": "HOST_FEE",
        "createdAt": "2021-07-24T23:44:47.313Z",
        "updatedAt": "2021-07-24T23:44:47.313Z",
        "amount": {
            "value": -0.05,
            "currency": "USD",
            "valueInCents": -5
        }
    },
    {
        "id": "9bded4a9-086f-4da8-a885-deb0ce03f148",
        "uuid": "9bded4a9-086f-4da8-a885-deb0ce03f148",
        "type": "CREDIT",
        "kind": "CONTRIBUTION",
        "createdAt": "2021-07-24T23:44:47.372Z",
        "updatedAt": "2021-07-24T23:44:47.372Z",
        "amount": {
            "value": 0.5,
            "currency": "USD",
            "valueInCents": 50
        }
    }
]