{
    "slug": "11ty",
    "name": "eleventy-activity-feed",
    "owner": "11ty",
    "description": "Create one centralized RSS feed for all of the content you create across the web (aggregates from Twitter, RSS, Atom, Mastodon, YouTube)",
    "stargazerCount": 104,
    "forkCount": 4,
    "watchersCount": 4,
    "openIssuesCount": 0,
    "openPullRequestsCount": 0,
    "releasesCount": 1,
    "primaryLanguage": "JavaScript",
    "createdAt": "2022-11-14T04:32:13Z",
    "updatedAt": "2025-01-07T20:35:28Z"
}