{
    "slug": "11ty",
    "name": "eleventy-dependency-tree",
    "owner": "11ty",
    "description": "Returns an unordered array of local paths to dependencies of a node JavaScript file (everything it or any of its dependencies require()s)",
    "stargazerCount": 7,
    "forkCount": 6,
    "watchersCount": 4,
    "openIssuesCount": 0,
    "openPullRequestsCount": 0,
    "releasesCount": 0,
    "primaryLanguage": "JavaScript",
    "createdAt": "2019-09-20T13:17:35Z",
    "updatedAt": "2024-07-03T00:39:21Z"
}