{
    "slug": "314-education",
    "name": "ai-resources",
    "owner": "314-education",
    "description": "Selection of resources to learn Artificial Intelligence / Machine Learning / Statistical Inference / Deep Learning / Reinforcement Learning",
    "stargazerCount": 0,
    "forkCount": 0,
    "watchersCount": 0,
    "openIssuesCount": 0,
    "openPullRequestsCount": 0,
    "releasesCount": 0,
    "primaryLanguage": "N/A",
    "createdAt": "2023-05-18T15:08:54Z",
    "updatedAt": "2024-06-20T21:46:08Z"
}