{
    "slug": "314-education",
    "name": "bela-online-course",
    "owner": "314-education",
    "description": "Assets and slides for the free YouTube course, C++ Real-time Audio Programming with Bela, released in Spring 2020.",
    "stargazerCount": 0,
    "forkCount": 0,
    "watchersCount": 0,
    "openIssuesCount": 0,
    "openPullRequestsCount": 0,
    "releasesCount": 0,
    "primaryLanguage": "C++",
    "createdAt": "2023-05-22T05:19:14Z",
    "updatedAt": "2024-06-20T21:46:09Z"
}