{
    "slug": "314-education",
    "name": "awesome-cpp",
    "owner": "314-education",
    "description": "A curated list of awesome C++ (or C) frameworks, libraries, resources, and shiny things. Inspired by awesome-... stuff.",
    "stargazerCount": 0,
    "forkCount": 0,
    "watchersCount": 0,
    "openIssuesCount": 0,
    "openPullRequestsCount": 0,
    "releasesCount": 0,
    "primaryLanguage": "N/A",
    "createdAt": "2023-05-13T14:25:49Z",
    "updatedAt": "2024-06-20T21:46:09Z"
}