{
    "slug": "314-education",
    "name": "LaTeX_Course",
    "owner": "314-education",
    "description": "Todos los contenidos del curso de introducción a LaTeX, plantillas, ejemplos, ejercicios, lecturas recomendadas, presentaciones, etc.",
    "stargazerCount": 0,
    "forkCount": 0,
    "watchersCount": 0,
    "openIssuesCount": 0,
    "openPullRequestsCount": 0,
    "releasesCount": 0,
    "primaryLanguage": "TeX",
    "createdAt": "2023-05-22T05:10:03Z",
    "updatedAt": "2024-06-20T21:46:09Z"
}