{
    "slug": "4awpawz",
    "name": "fotw-starter-project",
    "owner": "4awpawz",
    "description": "A starter project for the flags-of-the-world hands on tutorial. Preserves the required Trio file structure and also contains the required root/source/data/world.json file, all the root/source/media/flags/128x128f/* .png flag image files, all the root/source/sass/*.scss files and the one root/source/scripts/main.js runtime javascript file.",
    "stargazerCount": 0,
    "forkCount": 0,
    "watchersCount": 2,
    "openIssuesCount": 0,
    "openPullRequestsCount": 0,
    "releasesCount": 0,
    "primaryLanguage": "SCSS",
    "createdAt": "2020-12-13T19:09:51Z",
    "updatedAt": "2020-12-19T16:46:50Z"
}