{
    "slug": "4awpawz",
    "name": "bundlewithparcel",
    "owner": "4awpawz",
    "description": "This project demonstrates how to incorporate JavaScript bundling into your Trio projects using Parcel and NPM scripts. Using the same steps you can easily use your task runner and JavaScript bundler of choice.",
    "stargazerCount": 0,
    "forkCount": 0,
    "watchersCount": 2,
    "openIssuesCount": 0,
    "openPullRequestsCount": 0,
    "releasesCount": 0,
    "primaryLanguage": "HTML",
    "createdAt": "2021-05-01T14:41:12Z",
    "updatedAt": "2021-05-31T15:58:04Z"
}