{
    "slug": "4awpawz",
    "name": "gettriossg",
    "owner": "4awpawz",
    "description": "This repo hosts the official website for the static website generator Trio (https://github.com/4awpawz/trio) which includes comprehensive technical documentation and a full featured blog.",
    "stargazerCount": 0,
    "forkCount": 0,
    "watchersCount": 2,
    "openIssuesCount": 0,
    "openPullRequestsCount": 0,
    "releasesCount": 0,
    "primaryLanguage": "HTML",
    "createdAt": "2019-05-22T03:06:24Z",
    "updatedAt": "2022-03-07T21:28:11Z"
}