{
    "slug": "4awpawz",
    "name": "jsonparser",
    "owner": "4awpawz",
    "description": "jsonparser is a dual-use, Unix-like utility that converts JSON to JavaScript. It supports both command line and piped input.",
    "stargazerCount": 0,
    "forkCount": 0,
    "watchersCount": 1,
    "openIssuesCount": 0,
    "openPullRequestsCount": 0,
    "releasesCount": 0,
    "primaryLanguage": "JavaScript",
    "createdAt": "2022-04-29T23:30:14Z",
    "updatedAt": "2022-04-29T23:33:04Z"
}