{
    "slug": "abap-observability-tools",
    "name": "abap-metrics-provider",
    "owner": "abap-observability-tools",
    "description": "Let's you use predefined or custom metrics to monitor your abap stack with a monitoring tool of your choice.",
    "stargazerCount": 24,
    "forkCount": 7,
    "watchersCount": 7,
    "openIssuesCount": 34,
    "openPullRequestsCount": 8,
    "releasesCount": 4,
    "primaryLanguage": "ABAP",
    "createdAt": "2020-02-29T19:14:24Z",
    "updatedAt": "2024-02-27T03:38:49Z"
}