{
    "slug": "abelljs",
    "name": "abell",
    "owner": "abelljs",
    "description": "A Low-Level, Framework Agnostic, Highly Flexible Static-Site-Generator to help you build Static Sites on a smaller learning curve 🌀",
    "stargazerCount": 428,
    "forkCount": 37,
    "watchersCount": 6,
    "openIssuesCount": 13,
    "openPullRequestsCount": 3,
    "releasesCount": 67,
    "primaryLanguage": "TypeScript",
    "createdAt": "2020-04-15T04:19:58Z",
    "updatedAt": "2025-01-24T14:38:51Z"
}