{
    "slug": "abelljs",
    "name": "abell-starter-portfolio",
    "owner": "abelljs",
    "description": "[Old] portfolio starter of Abell. Template is not updated for abell v1. Its recommended to not use this right now.",
    "stargazerCount": 5,
    "forkCount": 0,
    "watchersCount": 2,
    "openIssuesCount": 0,
    "openPullRequestsCount": 0,
    "releasesCount": 0,
    "primaryLanguage": "CSS",
    "createdAt": "2020-08-09T11:01:48Z",
    "updatedAt": "2023-10-04T17:57:17Z"
}