{
    "slug": "accel-ai",
    "name": "Artificial-Intelligence-Deep-Learning-Machine-Learning-Tutorials",
    "owner": "AccelAI",
    "description": "A comprehensive list of Deep Learning / Artificial Intelligence and Machine Learning tutorials - rapidly expanding into areas of AI/Deep Learning / Machine Vision / NLP and industry specific areas such as Automotives, Retail, Pharma, Medicine, Healthcare by Tarry Singh until at-least 2020 until he finishes his Ph.D. (which might end up being inter-stellar cosmic networks! Who knows! 😀)",
    "stargazerCount": 4,
    "forkCount": 4,
    "watchersCount": 4,
    "openIssuesCount": 0,
    "openPullRequestsCount": 0,
    "releasesCount": 0,
    "primaryLanguage": "Python",
    "createdAt": "2017-11-15T18:36:44Z",
    "updatedAt": "2019-07-23T20:07:03Z"
}