{
    "slug": "accel-ai",
    "name": "building-spark-applications-live-lessons",
    "owner": "AccelAI",
    "description": "Supporting content (slides and exercises) for the Addison-Wesley (Pearson) video series covering best practices for developing scalable Spark applications for predictive analytics in the context of a data scientist's standard workflow.",
    "stargazerCount": 0,
    "forkCount": 1,
    "watchersCount": 3,
    "openIssuesCount": 0,
    "openPullRequestsCount": 0,
    "releasesCount": 0,
    "primaryLanguage": "Jupyter Notebook",
    "createdAt": "2018-03-28T20:35:10Z",
    "updatedAt": "2018-03-28T20:35:17Z"
}