{
    "slug": "accel-ai",
    "name": "data-science-primer",
    "owner": "AccelAI",
    "description": "A set of self paced resources for anyone looking to get into data science.  The materials assume an absolute beginner and are intended to prepare students for the Galvanize Data Science interview process: http://www.galvanize.com/courses/data-science/",
    "stargazerCount": 1,
    "forkCount": 1,
    "watchersCount": 4,
    "openIssuesCount": 0,
    "openPullRequestsCount": 0,
    "releasesCount": 0,
    "primaryLanguage": "N/A",
    "createdAt": "2018-03-28T20:30:58Z",
    "updatedAt": "2020-10-02T19:47:26Z"
}