{
    "slug": "accel-ai",
    "name": "Reinforcement_learning_tutorial_with_demo",
    "owner": "AccelAI",
    "description": "Reinforcement Learning Tutorial with Demo: DP (Policy and Value Iteration), Monte Carlo, TD Learning (SARSA, QLearning), Function Approximation, Policy Gradient, DQN, Imitation, Meta Learning, Papers, Courses, etc..",
    "stargazerCount": 3,
    "forkCount": 2,
    "watchersCount": 5,
    "openIssuesCount": 0,
    "openPullRequestsCount": 0,
    "releasesCount": 0,
    "primaryLanguage": "Jupyter Notebook",
    "createdAt": "2018-12-27T17:48:59Z",
    "updatedAt": "2022-02-20T10:26:19Z"
}