{
    "slug": "accel-ai",
    "name": "homemade-machine-learning",
    "owner": "AccelAI",
    "description": "🤖 Python examples of popular machine learning algorithms with interactive Jupyter demos and math being explained",
    "stargazerCount": 5,
    "forkCount": 1,
    "watchersCount": 4,
    "openIssuesCount": 0,
    "openPullRequestsCount": 0,
    "releasesCount": 0,
    "primaryLanguage": "Jupyter Notebook",
    "createdAt": "2018-12-27T17:48:28Z",
    "updatedAt": "2020-07-23T05:50:39Z"
}