{
    "slug": "accel-ai",
    "name": "AI-Workshop-Installation-Guides",
    "owner": "AccelAI",
    "description": "Guides for getting your machine set up with necessary software, programming languages, and scientific packages.",
    "stargazerCount": 6,
    "forkCount": 5,
    "watchersCount": 6,
    "openIssuesCount": 0,
    "openPullRequestsCount": 0,
    "releasesCount": 0,
    "primaryLanguage": "N/A",
    "createdAt": "2018-01-05T23:00:42Z",
    "updatedAt": "2023-09-07T22:04:37Z"
}