{
    "slug": "accel-ai",
    "name": "data-scientists-guide-apache-spark",
    "owner": "AccelAI",
    "description": "Best practices of using Spark for practicing data scientists in the context of a data scientist’s standard workflow.",
    "stargazerCount": 0,
    "forkCount": 1,
    "watchersCount": 4,
    "openIssuesCount": 0,
    "openPullRequestsCount": 0,
    "releasesCount": 0,
    "primaryLanguage": "Jupyter Notebook",
    "createdAt": "2018-03-28T20:35:49Z",
    "updatedAt": "2018-03-28T20:35:52Z"
}