{
    "slug": "accel-ai",
    "name": "MentorMatchingApp",
    "owner": "AccelAI",
    "description": "Adaptation of LXAI Forum App to include Mentor Matching; Tim McMacken, Gunter Peterson, and Jill Rogers, as well as a v1.0 for the Accel AI/LXAI mentor matching application.",
    "stargazerCount": 0,
    "forkCount": 0,
    "watchersCount": 1,
    "openIssuesCount": 0,
    "openPullRequestsCount": 0,
    "releasesCount": 0,
    "primaryLanguage": "JavaScript",
    "createdAt": "2022-04-12T02:38:57Z",
    "updatedAt": "2022-01-16T21:45:45Z"
}