{
    "slug": "acheronproject",
    "name": "electrical_template",
    "owner": "AcheronProject",
    "description": "Electrical Templates is a symbol library used to make good-looking and uniformized electrical circuit schematics in a vectorized software.",
    "stargazerCount": 4,
    "forkCount": 0,
    "watchersCount": 0,
    "openIssuesCount": 0,
    "openPullRequestsCount": 0,
    "releasesCount": 0,
    "primaryLanguage": "N/A",
    "createdAt": "2018-11-20T13:07:29Z",
    "updatedAt": "2024-10-18T01:49:29Z"
}