{
    "slug": "acheronproject",
    "name": "Raphael",
    "owner": "AcheronProject",
    "description": "Raphael is a gummy-mount 60% layout PCB supporting both an on-board USB connector and a JST for USB daughterboard connection.",
    "stargazerCount": 1,
    "forkCount": 2,
    "watchersCount": 1,
    "openIssuesCount": 0,
    "openPullRequestsCount": 0,
    "releasesCount": 1,
    "primaryLanguage": "N/A",
    "createdAt": "2022-04-10T03:41:47Z",
    "updatedAt": "2023-11-15T05:16:56Z"
}