{
    "slug": "acheronproject",
    "name": "acheron_Components.pretty",
    "owner": "AcheronProject",
    "description": "AcheronProject's KiCad footprint library for general components like resistors, capacitors, ICs and LEDs.",
    "stargazerCount": 4,
    "forkCount": 0,
    "watchersCount": 1,
    "openIssuesCount": 0,
    "openPullRequestsCount": 0,
    "releasesCount": 0,
    "primaryLanguage": "N/A",
    "createdAt": "2021-03-25T18:37:21Z",
    "updatedAt": "2024-10-22T16:39:56Z"
}