{
    "slug": "acheronproject",
    "name": "acheron_MXH_metalrings.pretty",
    "owner": "AcheronProject",
    "description": "AcheronProject's KiCad footprint library for hotswap MX sockets using metallized rings around the holes.",
    "stargazerCount": 0,
    "forkCount": 0,
    "watchersCount": 1,
    "openIssuesCount": 0,
    "openPullRequestsCount": 0,
    "releasesCount": 0,
    "primaryLanguage": "N/A",
    "createdAt": "2021-03-25T18:09:56Z",
    "updatedAt": "2021-06-27T01:54:02Z"
}