{
    "slug": "acheronproject",
    "name": "AcheronRuler",
    "owner": "AcheronProject",
    "description": "A ruler featuring both inches and milimeter measurements. Contains footprints for the most famous components used in keyboards",
    "stargazerCount": 4,
    "forkCount": 1,
    "watchersCount": 2,
    "openIssuesCount": 0,
    "openPullRequestsCount": 0,
    "releasesCount": 0,
    "primaryLanguage": "N/A",
    "createdAt": "2019-10-10T05:33:20Z",
    "updatedAt": "2024-01-24T09:26:27Z"
}