{
    "slug": "activitywatch",
    "name": "activitywatch",
    "owner": "ActivityWatch",
    "description": "The best free and open-source automated time tracker. Cross-platform, extensible, privacy-focused.",
    "stargazerCount": 13263,
    "forkCount": 594,
    "watchersCount": 120,
    "openIssuesCount": 147,
    "openPullRequestsCount": 21,
    "releasesCount": 62,
    "primaryLanguage": "Python",
    "createdAt": "2016-04-27T15:26:09Z",
    "updatedAt": "2025-01-31T21:37:41Z"
}