{
    "slug": "advancedfx",
    "name": "openexr",
    "owner": "advancedfx",
    "description": "The OpenEXR project provides the specification and reference implementation of the EXR file format, the professional-grade image storage format of the motion picture industry.",
    "stargazerCount": 0,
    "forkCount": 0,
    "watchersCount": 1,
    "openIssuesCount": 0,
    "openPullRequestsCount": 0,
    "releasesCount": 0,
    "primaryLanguage": "C",
    "createdAt": "2019-12-30T13:30:49Z",
    "updatedAt": "2019-12-30T13:31:54Z"
}