{
    "slug": "advancedfx",
    "name": "Detours",
    "owner": "advancedfx",
    "description": "Detours is a software package for monitoring and instrumenting API calls on Windows.  It is distributed in source code form.",
    "stargazerCount": 1,
    "forkCount": 0,
    "watchersCount": 3,
    "openIssuesCount": 0,
    "openPullRequestsCount": 0,
    "releasesCount": 0,
    "primaryLanguage": "C++",
    "createdAt": "2018-06-17T14:14:04Z",
    "updatedAt": "2023-11-24T12:29:44Z"
}