{
    "slug": "advancedfx",
    "name": "afx-unity-interop",
    "owner": "advancedfx",
    "description": "(Test) Sample for Unity for HLAE afx_interop (augmented CS:GO). Please note the license does not apply to sub-modules.",
    "stargazerCount": 6,
    "forkCount": 1,
    "watchersCount": 5,
    "openIssuesCount": 6,
    "openPullRequestsCount": 0,
    "releasesCount": 0,
    "primaryLanguage": "C#",
    "createdAt": "2018-06-18T10:49:25Z",
    "updatedAt": "2024-05-25T14:23:47Z"
}