{
    "slug": "advancedfx",
    "name": "advancedfx-prop",
    "owner": "advancedfx",
    "description": "This sub-module of the advancedfx repository contains proprietary code that can not be moved or hasn't been moved yet under MIT license in the main repro.",
    "stargazerCount": 58,
    "forkCount": 16,
    "watchersCount": 14,
    "openIssuesCount": 0,
    "openPullRequestsCount": 0,
    "releasesCount": 123,
    "primaryLanguage": "C++",
    "createdAt": "2015-05-29T20:19:03Z",
    "updatedAt": "2025-01-20T11:42:29Z"
}