{
    "slug": "advancedfx",
    "name": "cef",
    "owner": "advancedfx",
    "description": "Chromium Embedded Framework (CEF) official mirror. A simple framework for embedding Chromium-based browsers in other applications.",
    "stargazerCount": 0,
    "forkCount": 0,
    "watchersCount": 1,
    "openIssuesCount": 0,
    "openPullRequestsCount": 0,
    "releasesCount": 0,
    "primaryLanguage": "C++",
    "createdAt": "2020-03-08T06:54:41Z",
    "updatedAt": "2020-11-28T06:41:42Z"
}