{
    "slug": "advanced-nuxt-web-development",
    "name": "Full-Stack-Nuxt.js-Web-Development",
    "owner": "lautiamkok",
    "description": "Build full-stack server-side rendering (SSR) and static-generated (SSG) Vue.js applications using Nuxt.js (a.k.a. Nuxt), Node.js, and Composition API",
    "stargazerCount": 12,
    "forkCount": 6,
    "watchersCount": 1,
    "openIssuesCount": 0,
    "openPullRequestsCount": 0,
    "releasesCount": 4,
    "primaryLanguage": "TypeScript",
    "createdAt": "2023-03-14T10:08:15Z",
    "updatedAt": "2025-01-13T19:17:05Z"
}