{
    "slug": "aflpluspluseu",
    "name": "LibAFL",
    "owner": "AFLplusplus",
    "description": "Advanced Fuzzing Library - Slot your Fuzzer together in Rust! Scales across cores and machines. For Windows, Android, MacOS, Linux, no_std, ...",
    "stargazerCount": 2119,
    "forkCount": 334,
    "watchersCount": 27,
    "openIssuesCount": 117,
    "openPullRequestsCount": 19,
    "releasesCount": 24,
    "primaryLanguage": "Rust",
    "createdAt": "2020-10-22T23:53:37Z",
    "updatedAt": "2025-01-31T18:26:37Z"
}