{
    "slug": "aflpluspluseu",
    "name": "AFLplusplus",
    "owner": "AFLplusplus",
    "description": "The fuzzer afl++ is afl with community patches, qemu 5.1 upgrade, collision-free coverage, enhanced laf-intel & redqueen, AFLfast++ power schedules, MOpt mutators, unicorn_mode, and a lot more!",
    "stargazerCount": 5438,
    "forkCount": 1070,
    "watchersCount": 83,
    "openIssuesCount": 25,
    "openPullRequestsCount": 1,
    "releasesCount": 35,
    "primaryLanguage": "C",
    "createdAt": "2019-05-28T14:29:06Z",
    "updatedAt": "2025-01-31T08:48:12Z"
}