{
    "slug": "africarxiv",
    "name": "kafka-streams-machine-learning-examples",
    "owner": "AfricArxiv",
    "description": "This project contains examples which demonstrate how to deploy analytic models to mission-critical, scalable production environments leveraging Apache Kafka and its Streams API. Models are built with Python, H2O, TensorFlow, Keras, DeepLearning4 and other technologies.",
    "stargazerCount": 0,
    "forkCount": 0,
    "watchersCount": 1,
    "openIssuesCount": 0,
    "openPullRequestsCount": 0,
    "releasesCount": 0,
    "primaryLanguage": "Java",
    "createdAt": "2022-06-25T13:36:23Z",
    "updatedAt": "2022-06-22T01:43:54Z"
}