{
    "slug": "africarxiv",
    "name": "sample-spring-kafka-microservices",
    "owner": "AfricArxiv",
    "description": "Example microservices showing how to use Kafka and Kafka Streams with Spring Boot on the example of distributed transactions implementations with the SAGA pattern ",
    "stargazerCount": 0,
    "forkCount": 0,
    "watchersCount": 1,
    "openIssuesCount": 0,
    "openPullRequestsCount": 0,
    "releasesCount": 0,
    "primaryLanguage": "Java",
    "createdAt": "2022-06-16T20:31:51Z",
    "updatedAt": "2022-06-11T15:23:57Z"
}