{
    "slug": "africarxiv",
    "name": "cwa-app-ios",
    "owner": "AfricArxiv",
    "description": "Native iOS app using the exposure notification framework from Apple. The CWA development ends on May 31, 2023. You still can warn other users until April 30, 2023. More information:",
    "stargazerCount": 0,
    "forkCount": 0,
    "watchersCount": 0,
    "openIssuesCount": 0,
    "openPullRequestsCount": 0,
    "releasesCount": 0,
    "primaryLanguage": "Swift",
    "createdAt": "2023-06-14T08:16:50Z",
    "updatedAt": "2023-06-14T08:16:50Z"
}