{
    "slug": "africarxiv",
    "name": "decolonise-science",
    "owner": "AfricArxiv",
    "description": "Together with Masakhane, we are building a multilingual parallel corpus of African research from translations of research manuscripts submitted to AfricArXiv.",
    "stargazerCount": 3,
    "forkCount": 0,
    "watchersCount": 3,
    "openIssuesCount": 1,
    "openPullRequestsCount": 0,
    "releasesCount": 1,
    "primaryLanguage": "Jupyter Notebook",
    "createdAt": "2020-01-26T08:00:13Z",
    "updatedAt": "2023-12-16T12:56:12Z"
}