{
    "slug": "africarxiv",
    "name": "LowCostOpenAccess",
    "owner": "AfricArxiv",
    "description": "This is a resource where people can get information on journals where they can publish at waived  or subsidised APC.",
    "stargazerCount": 0,
    "forkCount": 0,
    "watchersCount": 1,
    "openIssuesCount": 0,
    "openPullRequestsCount": 0,
    "releasesCount": 0,
    "primaryLanguage": "N/A",
    "createdAt": "2021-10-11T10:34:09Z",
    "updatedAt": "2021-10-11T10:34:10Z"
}