{
    "slug": "africarxiv",
    "name": "cpp-project",
    "owner": "AfricArxiv",
    "description": "Boiler plate template for C++ projects, with CMake, Doctest, Travis CI, Appveyor, Github Actions and coverage reports.",
    "stargazerCount": 0,
    "forkCount": 0,
    "watchersCount": 1,
    "openIssuesCount": 0,
    "openPullRequestsCount": 0,
    "releasesCount": 0,
    "primaryLanguage": "CMake",
    "createdAt": "2022-08-04T16:30:43Z",
    "updatedAt": "2023-01-27T22:32:24Z"
}