{
    "slug": "aivscovid19",
    "name": "DeepSpeed",
    "owner": "aivscovid19",
    "description": "DeepSpeed is a deep learning optimization library that makes distributed training and inference easy, efficient, and effective.",
    "stargazerCount": 0,
    "forkCount": 0,
    "watchersCount": 0,
    "openIssuesCount": 0,
    "openPullRequestsCount": 0,
    "releasesCount": 0,
    "primaryLanguage": "Python",
    "createdAt": "2022-12-30T07:03:50Z",
    "updatedAt": "2022-12-30T07:03:46Z"
}