{
    "slug": "ajv",
    "name": "ajv",
    "owner": "ajv-validator",
    "description": "The fastest JSON schema Validator. Supports JSON Schema draft-04/06/07/2019-09/2020-12 and JSON Type Definition (RFC8927)",
    "stargazerCount": 14029,
    "forkCount": 887,
    "watchersCount": 112,
    "openIssuesCount": 241,
    "openPullRequestsCount": 43,
    "releasesCount": 163,
    "primaryLanguage": "TypeScript",
    "createdAt": "2015-05-19T23:23:32Z",
    "updatedAt": "2025-01-31T20:00:13Z"
}