{
    "slug": "alauda",
    "name": "alauda-pipeline-plugin",
    "owner": "alauda",
    "description": "Jenkins plugin which aims to provide a readable, concise, comprehensive, and fluent syntax for rich interactions with an Alauda API Server",
    "stargazerCount": 5,
    "forkCount": 9,
    "watchersCount": 13,
    "openIssuesCount": 1,
    "openPullRequestsCount": 6,
    "releasesCount": 0,
    "primaryLanguage": "Java",
    "createdAt": "2018-01-26T08:07:35Z",
    "updatedAt": "2021-05-21T07:45:18Z"
}